track_id,track_name,popularity,explicit,track_number,disc_number,artist_id,artist_name,album_id,album_name,release_date,album_type,danceability,energy,key,loudness,mode,speechiness,acousticness,instrumentalness,liveness,valence,tempo,time_signature,duration_ms
1yQ6kLfYdZtPsRw4OXeMUj,Cast No Shadow (Unplugged),0,False,1,2,2DaxqgrOhkeH0fpeiQq2f4,Oasis,4EYiaCimOb1Li1bnb7ppi6,(What's The Story) Morning Glory? (30th Anniversary Deluxe Edition),2025-10-03,album,0.475,0.68,7,-4.953,1,0.0263,0.0735,0.0,0.173,0.459,80.993,4,300453
5RFnvv9ux0w9R3QCyPobQT,Morning Glory (Unplugged),0,False,2,2,2DaxqgrOhkeH0fpeiQq2f4,Oasis,4EYiaCimOb1Li1bnb7ppi6,(What's The Story) Morning Glory? (30th Anniversary Deluxe Edition),2025-10-03,album,0.539,0.938,0,-3.114,1,0.035,0.0906,0.0,0.173,0.707,134.031,4,274857
2kyngSsWvKzqIWRsOoL9qA,Wonderwall (Unplugged),0,False,3,2,2DaxqgrOhkeH0fpeiQq2f4,Oasis,4EYiaCimOb1Li1bnb7ppi6,(What's The Story) Morning Glory? (30th Anniversary Deluxe Edition),2025-10-03,album,0.464,0.884,2,-4.651,1,0.0333,0.0428,0.00252,0.355,0.441,87.022,4,251024
1jkStZGw1LG2bSfxHZG481,Acquiesce (Unplugged),0,False,4,2,2DaxqgrOhkeH0fpeiQq2f4,Oasis,4EYiaCimOb1Li1bnb7ppi6,(What's The Story) Morning Glory? (30th Anniversary Deluxe Edition),2025-10-03,album,0.566,0.928,0,-3.695,1,0.042,0.00713,0.0,0.118,0.642,118.036,4,241335
7kxjbBKobXtatnMURDnjm9,Champagne Supernova (Unplugged),0,False,5,2,2DaxqgrOhkeH0fpeiQq2f4,Oasis,4EYiaCimOb1Li1bnb7ppi6,(What's The Story) Morning Glory? (30th Anniversary Deluxe Edition),2025-10-03,album,0.399,0.838,2,-4.169,1,0.032,0.187,0.0,0.309,0.314,79.94,4,388892
2GlQDfEgRhR2JNudMaG1XH,Cast No Shadow - Unplugged,0,False,1,2,2DaxqgrOhkeH0fpeiQq2f4,Oasis,2QYS9wqvT9ZYLcphzyuFS6,(What's The Story) Morning Glory? : 30th Anniversary Deluxe Edition,2025-10-03,album,0.475,0.68,7,-4.953,1,0.0263,0.0747,0.0,0.173,0.459,80.991,4,300453
6XMafAoltpqu492mBYxAaz,Morning Glory - Unplugged,0,False,2,2,2DaxqgrOhkeH0fpeiQq2f4,Oasis,2QYS9wqvT9ZYLcphzyuFS6,(What's The Story) Morning Glory? : 30th Anniversary Deluxe Edition,2025-10-03,album,0.54,0.939,0,-3.114,1,0.0351,0.09,0.0,0.172,0.71,134.038,4,274857
6IM9QnkXT02dtv4HjgbwkO,Wonderwall - Unplugged,0,False,3,2,2DaxqgrOhkeH0fpeiQq2f4,Oasis,2QYS9wqvT9ZYLcphzyuFS6,(What's The Story) Morning Glory? : 30th Anniversary Deluxe Edition,2025-10-03,album,0.469,0.884,6,-4.651,0,0.0328,0.0432,0.00228,0.354,0.441,87.022,4,251024
12lNhbilqEJWH92OfQGj8B,Acquiesce - Unplugged,0,False,4,2,2DaxqgrOhkeH0fpeiQq2f4,Oasis,2QYS9wqvT9ZYLcphzyuFS6,(What's The Story) Morning Glory? : 30th Anniversary Deluxe Edition,2025-10-03,album,0.566,0.928,0,-3.711,1,0.0425,0.00706,0.0,0.118,0.639,118.039,4,241335
2j7UaReR02rwgp7JXz2zzR,Champagne Supernova - Unplugged,0,False,5,2,2DaxqgrOhkeH0fpeiQq2f4,Oasis,2QYS9wqvT9ZYLcphzyuFS6,(What's The Story) Morning Glory? : 30th Anniversary Deluxe Edition,2025-10-03,album,0.442,0.837,2,-4.164,1,0.0307,0.188,0.0,0.309,0.317,79.958,4,388892
6et5q39u8ZvCAe5ve6dE1r,アクイース - Live,14,False,2,1,2DaxqgrOhkeH0fpeiQq2f4,Oasis,6PqASahY2CDtc7crP23UTp,ライヴ・イン・ボストン１９９５ (Live),2024-04-24,album,0.281,0.829,9,-8.028,0,0.0588,5.31e-05,0.84,0.967,0.192,122.668,4,236893
36oc2NpumVUatkKRMX67eA,スーパーソニック - Live,14,False,3,1,2DaxqgrOhkeH0fpeiQq2f4,Oasis,6PqASahY2CDtc7crP23UTp,ライヴ・イン・ボストン１９９５ (Live),2024-04-24,album,0.221,0.839,2,-7.408,1,0.0747,0.00036,0.213,0.952,0.399,122.588,4,295667
3yVuO6A9xsTBrF4o6Y08Ss,ロール・ウィズ・イット - Live,12,False,5,1,2DaxqgrOhkeH0fpeiQq2f4,Oasis,6PqASahY2CDtc7crP23UTp,ライヴ・イン・ボストン１９９５ (Live),2024-04-24,album,0.2,0.88,9,-7.919,0,0.0629,0.00211,0.012,0.967,0.316,131.645,4,283693
0C9BBTPUmbY5J2p3i13uKj,シャンペン・スーパーノヴァ - Live,11,False,10,1,2DaxqgrOhkeH0fpeiQq2f4,Oasis,6PqASahY2CDtc7crP23UTp,ライヴ・イン・ボストン１９９５ (Live),2024-04-24,album,0.0732,0.727,2,-7.358,1,0.0666,0.000195,0.818,0.885,0.17,176.238,4,583493
6vNL6cG3vr4oTHyZE1dUbn,ドント・ルック・バック・イン・アンガー - Live,12,False,14,1,2DaxqgrOhkeH0fpeiQq2f4,Oasis,6PqASahY2CDtc7crP23UTp,ライヴ・イン・ボストン１９９５ (Live),2024-04-24,album,0.0904,0.81,0,-6.834,1,0.0572,0.000629,0.0216,0.952,0.271,178.013,4,318920
4wy7U2ZEyal0JN1LrstIi5,リヴ・フォーエヴァー - Live,10,False,15,1,2DaxqgrOhkeH0fpeiQq2f4,Oasis,6PqASahY2CDtc7crP23UTp,ライヴ・イン・ボストン１９９５ (Live),2024-04-24,album,0.167,0.848,9,-7.223,0,0.0693,9.9e-05,0.126,0.502,0.221,126.434,5,268440
4GCJnyQmXZG9nBxxTuQ9E4,"Columbia - Live at Knebworth, 10 August '96",23,False,1,1,2DaxqgrOhkeH0fpeiQq2f4,Oasis,2jAVKPE49R8HwPPbY1vdSs,Knebworth 1996 (Live),2021-11-19,album,0.281,0.8,2,-4.93,1,0.0449,1.97e-05,0.869,0.984,0.176,99.624,4,287722
0VAZaVLciiPPfS0onyzRwD,"Acquiesce - Live at Knebworth, 10 August '96",24,False,2,1,2DaxqgrOhkeH0fpeiQq2f4,Oasis,2jAVKPE49R8HwPPbY1vdSs,Knebworth 1996 (Live),2021-11-19,album,0.258,0.921,0,-4.646,1,0.0647,8.47e-06,0.914,0.982,0.23,124.792,4,236778
1gzwbFfjM0VR6q9g230SBW,"Supersonic - Live at Knebworth, 10 August '96",25,False,3,1,2DaxqgrOhkeH0fpeiQq2f4,Oasis,2jAVKPE49R8HwPPbY1vdSs,Knebworth 1996 (Live),2021-11-19,album,0.268,0.932,9,-4.932,1,0.0931,5.06e-05,0.444,0.986,0.4,122.324,4,309880
0mpH8yWOUFc6HaucHdBffI,"Hello - Live at Knebworth, 11 August '96",23,False,4,1,2DaxqgrOhkeH0fpeiQq2f4,Oasis,2jAVKPE49R8HwPPbY1vdSs,Knebworth 1996 (Live),2021-11-19,album,0.12,0.956,5,-4.132,1,0.083,2.65e-05,0.241,0.857,0.152,148.87,4,175536
2jdUm82MOuoA0VajeYDDGz,"Some Might Say - Live at Knebworth, 11 August '96",23,False,5,1,2DaxqgrOhkeH0fpeiQq2f4,Oasis,2jAVKPE49R8HwPPbY1vdSs,Knebworth 1996 (Live),2021-11-19,album,0.168,0.871,2,-4.095,1,0.0735,8.66e-06,0.537,0.93,0.174,123.507,4,304629
1IMD3VTio7k0xtjKED4QX7,"Roll with It - Live at Knebworth, 11 August '96",22,False,6,1,2DaxqgrOhkeH0fpeiQq2f4,Oasis,2jAVKPE49R8HwPPbY1vdSs,Knebworth 1996 (Live),2021-11-19,album,0.217,0.956,0,-4.126,1,0.0965,9e-06,0.899,0.978,0.119,129.24,4,245377
5uHWaR4NL9CX0WLdRsOQEe,"Slide Away - Live at Knebworth, 11 August '96",23,False,7,1,2DaxqgrOhkeH0fpeiQq2f4,Oasis,2jAVKPE49R8HwPPbY1vdSs,Knebworth 1996 (Live),2021-11-19,album,0.128,0.897,9,-4.043,0,0.0695,3.79e-06,0.901,0.961,0.404,99.673,4,347653
5yTRgA4j5dpajn5xXvku2Z,"Morning Glory - Live at Knebworth, 11 August '96",23,False,8,1,2DaxqgrOhkeH0fpeiQq2f4,Oasis,2jAVKPE49R8HwPPbY1vdSs,Knebworth 1996 (Live),2021-11-19,album,0.202,0.911,4,-4.168,0,0.111,2.55e-05,0.471,0.957,0.215,140.604,4,252877
2epNcwVDmfvXgi4ADAzjsa,"Round Are Way - Live at Knebworth, 10 August '96",20,False,9,1,2DaxqgrOhkeH0fpeiQq2f4,Oasis,2jAVKPE49R8HwPPbY1vdSs,Knebworth 1996 (Live),2021-11-19,album,0.15,0.939,7,-3.603,1,0.0792,0.000843,0.781,0.958,0.127,147.902,4,287879
05snTcWZRPM5XNd9ucYA6P,"Cigarettes & Alcohol - Live at Knebworth, 10 August '96",20,False,10,1,2DaxqgrOhkeH0fpeiQq2f4,Oasis,2jAVKPE49R8HwPPbY1vdSs,Knebworth 1996 (Live),2021-11-19,album,0.203,0.976,9,-5.203,1,0.0846,3.62e-05,0.00783,0.821,0.23,130.524,4,282917
1vF4Nlh7PHsAtKGlK6wzLV,"Whatever - Live at Knebworth, 10 August '96",25,False,1,2,2DaxqgrOhkeH0fpeiQq2f4,Oasis,2jAVKPE49R8HwPPbY1vdSs,Knebworth 1996 (Live),2021-11-19,album,0.371,0.733,7,-5.758,1,0.0294,0.0869,0.0228,0.933,0.441,94.628,4,359312
36guROGaDTR6ZhOV0qvInA,"Cast No Shadow - Live at Knebworth, 10 August '96",20,False,2,2,2DaxqgrOhkeH0fpeiQq2f4,Oasis,2jAVKPE49R8HwPPbY1vdSs,Knebworth 1996 (Live),2021-11-19,album,0.184,0.806,7,-5.441,1,0.0449,0.0012,0.000851,0.758,0.326,93.063,4,286463
6UDDR2zvSmbUtusCylIrbC,"Wonderwall - Live at Knebworth, 10 August '96",23,False,3,2,2DaxqgrOhkeH0fpeiQq2f4,Oasis,2jAVKPE49R8HwPPbY1vdSs,Knebworth 1996 (Live),2021-11-19,album,0.181,0.846,2,-5.55,1,0.0447,0.00072,0.000385,0.774,0.522,93.111,4,244507
7heusvucu4EarilVA1Q66e,"The Masterplan - Live at Knebworth, 10 August '96",20,False,4,2,2DaxqgrOhkeH0fpeiQq2f4,Oasis,2jAVKPE49R8HwPPbY1vdSs,Knebworth 1996 (Live),2021-11-19,album,0.183,0.636,9,-5.817,0,0.0347,0.128,0.014,0.962,0.185,79.649,4,280120
4cxAb0FXHphGfDawkQdvlQ,"Don't Look Back in Anger - Live at Knebworth, 11 August '96",24,False,5,2,2DaxqgrOhkeH0fpeiQq2f4,Oasis,2jAVKPE49R8HwPPbY1vdSs,Knebworth 1996 (Live),2021-11-19,album,0.185,0.928,0,-4.828,1,0.0641,0.000187,0.754,0.977,0.238,84.74,4,294940
1mF2G0iVklFQ1iIOLY0l4H,"My Big Mouth - Live at Knebworth, 10 August '96",27,False,6,2,2DaxqgrOhkeH0fpeiQq2f4,Oasis,2jAVKPE49R8HwPPbY1vdSs,Knebworth 1996 (Live),2021-11-19,album,0.166,0.953,0,-4.85,1,0.0875,3.96e-05,0.383,0.971,0.318,141.471,4,310252
2eEhE7rYUDj0AwgDMxZhEZ,"It's Gettin' Better (Man!!) - Live at Knebworth, 11 August '96",18,False,7,2,2DaxqgrOhkeH0fpeiQq2f4,Oasis,2jAVKPE49R8HwPPbY1vdSs,Knebworth 1996 (Live),2021-11-19,album,0.204,0.949,2,-5.028,1,0.0684,6.98e-06,0.0164,0.616,0.197,129.558,4,356542
1Afu7yxPYrnB5nN9Pfs3x0,"Live Forever - Live at Knebworth, 10 August '96",22,False,8,2,2DaxqgrOhkeH0fpeiQq2f4,Oasis,2jAVKPE49R8HwPPbY1vdSs,Knebworth 1996 (Live),2021-11-19,album,0.199,0.943,9,-5.348,0,0.111,0.000751,0.792,0.839,0.201,97.325,4,296380
5edVPd0QiQh5c8cV6kX3mX,"Champagne Supernova - Live at Knebworth, 11 August '96",21,False,9,2,2DaxqgrOhkeH0fpeiQq2f4,Oasis,2jAVKPE49R8HwPPbY1vdSs,Knebworth 1996 (Live),2021-11-19,album,0.169,0.859,2,-5.142,1,0.0875,0.000107,0.194,0.868,0.204,122.332,5,446247
55LwFE8pehmaSxPZiXoyz4,"Columbia - Live at Knebworth, 10 August '96",38,False,1,1,2DaxqgrOhkeH0fpeiQq2f4,Oasis,2VWgKzOzehWHP3jIwcwtYq,Oasis Knebworth 1996,2021-11-19,album,0.291,0.806,2,-4.954,1,0.0435,1.72e-05,0.791,0.979,0.186,98.649,4,287722
1nsdOS0xBB6d7WBxvg7Sl1,"Acquiesce - Live at Knebworth, 10 August '96",36,False,2,1,2DaxqgrOhkeH0fpeiQq2f4,Oasis,2VWgKzOzehWHP3jIwcwtYq,Oasis Knebworth 1996,2021-11-19,album,0.248,0.928,7,-4.674,1,0.0637,9.01e-06,0.875,0.976,0.239,125.124,4,236778
7j89VKI5DEshhu6eVxNJMu,"Supersonic - Live at Knebworth, 10 August '96",37,False,3,1,2DaxqgrOhkeH0fpeiQq2f4,Oasis,2VWgKzOzehWHP3jIwcwtYq,Oasis Knebworth 1996,2021-11-19,album,0.255,0.926,9,-4.909,1,0.0956,4.74e-05,0.525,0.986,0.421,122.825,4,309880
37qTDOp7dvIYp6MBbABofC,"Hello - Live at Knebworth, 11 August '96",34,False,4,1,2DaxqgrOhkeH0fpeiQq2f4,Oasis,2VWgKzOzehWHP3jIwcwtYq,Oasis Knebworth 1996,2021-11-19,album,0.121,0.96,5,-4.118,1,0.0852,1.72e-05,0.462,0.856,0.138,148.689,4,175536
7lx3aYyDWBaOujNhm7XhGM,"Some Might Say - Live at Knebworth, 11 August '96",38,False,5,1,2DaxqgrOhkeH0fpeiQq2f4,Oasis,2VWgKzOzehWHP3jIwcwtYq,Oasis Knebworth 1996,2021-11-19,album,0.168,0.87,2,-4.119,1,0.0735,9.09e-06,0.5,0.921,0.163,123.028,4,304629
4EZg3XIoQLLMeO8gK5rDzi,"Roll with It - Live at Knebworth, 11 August '96",35,False,6,1,2DaxqgrOhkeH0fpeiQq2f4,Oasis,2VWgKzOzehWHP3jIwcwtYq,Oasis Knebworth 1996,2021-11-19,album,0.203,0.946,0,-4.109,1,0.0996,9.57e-06,0.93,0.979,0.114,128.728,4,245377
7fUSME2N2Aiz7tH5Oog0Gj,"Slide Away - Live at Knebworth, 11 August '96",39,False,7,1,2DaxqgrOhkeH0fpeiQq2f4,Oasis,2VWgKzOzehWHP3jIwcwtYq,Oasis Knebworth 1996,2021-11-19,album,0.117,0.902,9,-4.025,0,0.0673,3.46e-06,0.91,0.962,0.391,96.312,4,347653
3b4GmwgSyVVClc48cUFhOp,"Morning Glory - Live at Knebworth, 11 August '96",35,False,8,1,2DaxqgrOhkeH0fpeiQq2f4,Oasis,2VWgKzOzehWHP3jIwcwtYq,Oasis Knebworth 1996,2021-11-19,album,0.139,0.911,4,-4.166,0,0.108,2.54e-05,0.452,0.962,0.201,140.506,4,252877
7dV5XTJNiOmZl2Dl1zodi9,"Round Are Way - Live at Knebworth, 10 August '96",34,False,9,1,2DaxqgrOhkeH0fpeiQq2f4,Oasis,2VWgKzOzehWHP3jIwcwtYq,Oasis Knebworth 1996,2021-11-19,album,0.127,0.934,7,-3.599,1,0.0795,0.000696,0.661,0.956,0.136,147.925,4,287879
27ChiGRrlRpy7TxbdspIsF,"Cigarettes & Alcohol - Live at Knebworth, 10 August '96",32,False,10,1,2DaxqgrOhkeH0fpeiQq2f4,Oasis,2VWgKzOzehWHP3jIwcwtYq,Oasis Knebworth 1996,2021-11-19,album,0.197,0.977,9,-5.185,1,0.0869,3.28e-05,0.0113,0.821,0.225,130.386,4,282917
3sQMpyGLnVU8VW9nxnEyw3,"Whatever - Live at Knebworth, 10 August '96",35,False,1,2,2DaxqgrOhkeH0fpeiQq2f4,Oasis,2VWgKzOzehWHP3jIwcwtYq,Oasis Knebworth 1996,2021-11-19,album,0.371,0.736,7,-5.744,1,0.0296,0.0888,0.0203,0.93,0.449,94.647,4,359312
4xLfzJywChjbzSk8kXUTuG,"Cast No Shadow - Live at Knebworth, 10 August '96",34,False,2,2,2DaxqgrOhkeH0fpeiQq2f4,Oasis,2VWgKzOzehWHP3jIwcwtYq,Oasis Knebworth 1996,2021-11-19,album,0.227,0.811,7,-5.44,1,0.0411,0.00129,0.000626,0.758,0.333,92.81,4,286463
6WZGkZoRhVJpwVGXiash2b,"Wonderwall - Live at Knebworth, 10 August '96",36,False,3,2,2DaxqgrOhkeH0fpeiQq2f4,Oasis,2VWgKzOzehWHP3jIwcwtYq,Oasis Knebworth 1996,2021-11-19,album,0.366,0.852,2,-5.524,1,0.0376,0.000807,0.000312,0.77,0.513,95.494,4,244507
1BaoPBo6zT6sOAc0pHIIj1,"The Masterplan - Live at Knebworth, 10 August '96",34,False,4,2,2DaxqgrOhkeH0fpeiQq2f4,Oasis,2VWgKzOzehWHP3jIwcwtYq,Oasis Knebworth 1996,2021-11-19,album,0.183,0.639,9,-5.826,0,0.0338,0.0998,0.0214,0.957,0.187,81.114,4,280120
7sjqLCDW9TUfAKZmORgfb3,"Don't Look Back in Anger - Live at Knebworth, 11 August '96",35,False,5,2,2DaxqgrOhkeH0fpeiQq2f4,Oasis,2VWgKzOzehWHP3jIwcwtYq,Oasis Knebworth 1996,2021-11-19,album,0.212,0.925,0,-4.838,1,0.0606,0.000196,0.87,0.977,0.254,89.253,4,294940
6CMBAYqqVtquT42D8MaBVH,"My Big Mouth - Live at Knebworth, 10 August '96",40,False,6,2,2DaxqgrOhkeH0fpeiQq2f4,Oasis,2VWgKzOzehWHP3jIwcwtYq,Oasis Knebworth 1996,2021-11-19,album,0.167,0.955,0,-4.84,1,0.0721,3.42e-05,0.259,0.976,0.351,141.466,4,310252
2unqfNWhRtEZNpGUCwzYsW,"It's Gettin' Better (Man!!) - Live at Knebworth, 11 August '96",29,False,7,2,2DaxqgrOhkeH0fpeiQq2f4,Oasis,2VWgKzOzehWHP3jIwcwtYq,Oasis Knebworth 1996,2021-11-19,album,0.201,0.948,2,-5.035,1,0.0705,6.73e-06,0.00739,0.632,0.186,129.518,4,356542
6wIbilcEpwjuDE8n9JMhSl,"Live Forever - Live at Knebworth, 10 August '96",34,False,8,2,2DaxqgrOhkeH0fpeiQq2f4,Oasis,2VWgKzOzehWHP3jIwcwtYq,Oasis Knebworth 1996,2021-11-19,album,0.278,0.947,9,-5.332,0,0.101,0.00106,0.791,0.839,0.229,96.561,4,296380
0fBDJYZnItGNsiibO71ufC,"Champagne Supernova - Live at Knebworth, 11 August '96",32,False,9,2,2DaxqgrOhkeH0fpeiQq2f4,Oasis,2VWgKzOzehWHP3jIwcwtYq,Oasis Knebworth 1996,2021-11-19,album,0.169,0.855,2,-5.112,1,0.0945,9.82e-05,0.278,0.849,0.208,120.822,5,446247
70MD0bswOaqKgMQm9pb3mf,"I Am the Walrus - Live at Knebworth, 11 August '96",41,False,10,2,2DaxqgrOhkeH0fpeiQq2f4,Oasis,2VWgKzOzehWHP3jIwcwtYq,Oasis Knebworth 1996,2021-11-19,album,0.197,0.962,4,-5.008,0,0.138,0.000745,0.781,0.91,0.0501,102.633,4,400868
1J9BN0oWz1geMjIWLb5Egf,Acquiesce - Live at Earls Court,12,False,27,1,2DaxqgrOhkeH0fpeiQq2f4,Oasis,3UsWuvyuXkospeI9nLdVem,"(What's The Story) Morning Glory (Remastered, Deluxe)",2014-09-24,album,0.321,0.832,0,-2.354,1,0.0567,4.96e-05,0.145,0.547,0.364,121.183,4,234440
7jKMMTtAKh7VxeqIzo7XvX,Some Might Say - Demo,12,False,28,1,2DaxqgrOhkeH0fpeiQq2f4,Oasis,3UsWuvyuXkospeI9nLdVem,"(What's The Story) Morning Glory (Remastered, Deluxe)",2014-09-24,album,0.594,0.681,2,-5.441,1,0.0284,0.79,2.28e-06,0.102,0.611,108.546,4,243867
3biSIS76khgErjne2ElDrH,Some Might Say - Live at Roskilde,12,False,29,1,2DaxqgrOhkeH0fpeiQq2f4,Oasis,3UsWuvyuXkospeI9nLdVem,"(What's The Story) Morning Glory (Remastered, Deluxe)",2014-09-24,album,0.169,0.741,2,-2.652,1,0.062,0.00145,0.00291,0.38,0.374,122.687,4,306067
0DzB5z83jYwlWeymnOqhWh,She's Electric - Demo,13,False,30,1,2DaxqgrOhkeH0fpeiQq2f4,Oasis,3UsWuvyuXkospeI9nLdVem,"(What's The Story) Morning Glory (Remastered, Deluxe)",2014-09-24,album,0.5,0.55,9,-6.195,1,0.0286,0.238,6.97e-06,0.0962,0.21,146.66,4,182907
7sQJ7VCrzZDiyoIu5yMz07,Talk Tonight - Live at Bath Pavilion,10,False,31,1,2DaxqgrOhkeH0fpeiQq2f4,Oasis,3UsWuvyuXkospeI9nLdVem,"(What's The Story) Morning Glory (Remastered, Deluxe)",2014-09-24,album,0.284,0.588,0,-6.296,1,0.0282,0.227,0.0,0.136,0.428,92.74,4,222187
5SBzvkgZanQjyIXFdfspt2,Rockin' Chair - Demo,10,False,32,1,2DaxqgrOhkeH0fpeiQq2f4,Oasis,3UsWuvyuXkospeI9nLdVem,"(What's The Story) Morning Glory (Remastered, Deluxe)",2014-09-24,album,0.535,0.417,9,-6.654,0,0.026,0.11,0.00101,0.0968,0.193,129.215,4,244560
2ysA9t9HEt1aYKvsBuTMHx,Hello - Live at Roskilde,10,False,33,1,2DaxqgrOhkeH0fpeiQq2f4,Oasis,3UsWuvyuXkospeI9nLdVem,"(What's The Story) Morning Glory (Remastered, Deluxe)",2014-09-24,album,0.131,0.859,2,-3.826,1,0.0954,0.000757,0.0234,0.614,0.123,144.245,4,203867
1GZFniVW60UJ9ZXpcCotCS,Roll with It - Live at Roskilde,10,False,34,1,2DaxqgrOhkeH0fpeiQq2f4,Oasis,3UsWuvyuXkospeI9nLdVem,"(What's The Story) Morning Glory (Remastered, Deluxe)",2014-09-24,album,0.205,0.774,9,-3.728,0,0.0527,0.000115,0.667,0.378,0.376,127.703,4,247693
5BoVPR0nZC2I9sHY8MIXSO,Morning Glory - Live at Roskilde,11,False,35,1,2DaxqgrOhkeH0fpeiQq2f4,Oasis,3UsWuvyuXkospeI9nLdVem,"(What's The Story) Morning Glory (Remastered, Deluxe)",2014-09-24,album,0.183,0.812,0,-4.398,1,0.0703,0.0005,0.185,0.123,0.185,135.906,4,287253
55rLTng8KaFi2j0L717iCs,Hey Now - Demo,9,False,36,1,2DaxqgrOhkeH0fpeiQq2f4,Oasis,3UsWuvyuXkospeI9nLdVem,"(What's The Story) Morning Glory (Remastered, Deluxe)",2014-09-24,album,0.556,0.613,7,-6.291,1,0.0291,0.871,0.000122,0.157,0.359,98.765,4,187920
6ciiL1o2tiYAekT99DxtSk,Bonehead's Bank Holiday - Demo,11,False,37,1,2DaxqgrOhkeH0fpeiQq2f4,Oasis,3UsWuvyuXkospeI9nLdVem,"(What's The Story) Morning Glory (Remastered, Deluxe)",2014-09-24,album,0.52,0.672,7,-6.465,1,0.0264,0.749,0.00416,0.182,0.626,88.331,4,128707
5L9TDWqdrZmJobNSHRMGgM,Round Are Way - MTV Unplugged,10,False,38,1,2DaxqgrOhkeH0fpeiQq2f4,Oasis,3UsWuvyuXkospeI9nLdVem,"(What's The Story) Morning Glory (Remastered, Deluxe)",2014-09-24,album,0.376,0.889,7,-5.004,1,0.0899,0.0254,1.07e-05,0.732,0.369,145.986,4,291293
1hJbhcuAk5wPALTxwrh936,Cast No Shadow - Live at Maine Road,10,False,39,1,2DaxqgrOhkeH0fpeiQq2f4,Oasis,3UsWuvyuXkospeI9nLdVem,"(What's The Story) Morning Glory (Remastered, Deluxe)",2014-09-24,album,0.308,0.842,0,-4.87,1,0.0412,0.00559,0.0,0.369,0.287,96.635,4,245507
1772Bkn7w1EZTXOyQTLd9g,The Masterplan - Live at Knebworth Park,9,False,40,1,2DaxqgrOhkeH0fpeiQq2f4,Oasis,3UsWuvyuXkospeI9nLdVem,"(What's The Story) Morning Glory (Remastered, Deluxe)",2014-09-24,album,0.246,0.725,9,-4.436,0,0.0417,0.247,0.0148,0.894,0.288,82.859,4,295160
0uskhbOH6WaUxxbftkakXv,Rock 'n' Roll Star - Monnow Valley Version,12,False,1,2,2DaxqgrOhkeH0fpeiQq2f4,Oasis,03srqDInwtWuyPNNasaR8v,Definitely Maybe (30th Anniversary Deluxe Edition),2014,album,0.152,0.981,4,-2.28,1,0.0658,0.000847,0.00231,0.662,0.438,137.614,4,378707
1Hke90o3Byn1RpU4JbQarQ,Shakermaker - Monnow Valley Version,8,False,2,2,2DaxqgrOhkeH0fpeiQq2f4,Oasis,03srqDInwtWuyPNNasaR8v,Definitely Maybe (30th Anniversary Deluxe Edition),2014,album,0.369,0.901,4,-3.205,1,0.0394,0.0281,1.49e-05,0.353,0.4,101.464,4,290307
4RrbTTjXXKDv0XPbsmVSCI,Live Forever - Monnow Valley Version,12,False,3,2,2DaxqgrOhkeH0fpeiQq2f4,Oasis,03srqDInwtWuyPNNasaR8v,Definitely Maybe (30th Anniversary Deluxe Edition),2014,album,0.375,0.762,4,-3.791,0,0.0323,0.0141,1.17e-06,0.253,0.194,88.69,4,295013
2OtBVu7iYWc3EGANiKGiq0,Up In The Sky - Monnow Valley Version,11,False,4,2,2DaxqgrOhkeH0fpeiQq2f4,Oasis,03srqDInwtWuyPNNasaR8v,Definitely Maybe (30th Anniversary Deluxe Edition),2014,album,0.305,0.959,0,-3.849,1,0.0523,0.000328,7.72e-05,0.111,0.262,137.795,4,297973
5hsDrpmb80MtF9GH9JcMtj,Columbia - Monnow Valley Version,8,False,5,2,2DaxqgrOhkeH0fpeiQq2f4,Oasis,03srqDInwtWuyPNNasaR8v,Definitely Maybe (30th Anniversary Deluxe Edition),2014,album,0.247,0.788,1,-3.167,1,0.0414,1.34e-05,0.704,0.122,0.299,98.345,4,290000
0Q88cvQlZU6PH7Gi0YPzcu,Bring It On Down - Monnow Valley Version,8,False,6,2,2DaxqgrOhkeH0fpeiQq2f4,Oasis,03srqDInwtWuyPNNasaR8v,Definitely Maybe (30th Anniversary Deluxe Edition),2014,album,0.204,0.95,9,-1.684,1,0.0592,0.00151,0.14,0.104,0.36,75.542,4,240640
4fQ0JYicIxrQQeJ5Gf0Ch7,Cigarettes & Alcohol - Monnow Valley Version,8,False,7,2,2DaxqgrOhkeH0fpeiQq2f4,Oasis,03srqDInwtWuyPNNasaR8v,Definitely Maybe (30th Anniversary Deluxe Edition),2014,album,0.374,0.9,9,-2.166,1,0.0456,0.0027,3.68e-06,0.0976,0.483,117.313,4,267747
3XL3NrijT1wD2giq5qvOLi,Digsy's Dinner - Monnow Valley Version,10,False,8,2,2DaxqgrOhkeH0fpeiQq2f4,Oasis,03srqDInwtWuyPNNasaR8v,Definitely Maybe (30th Anniversary Deluxe Edition),2014,album,0.363,0.846,9,-3.577,1,0.0413,0.000133,1.34e-06,0.0621,0.666,140.032,4,160013
4b6LV52gDP4cnlh7DGc8GO,Rock 'n' Roll Star - Sawmills Outtake,8,False,9,2,2DaxqgrOhkeH0fpeiQq2f4,Oasis,03srqDInwtWuyPNNasaR8v,Definitely Maybe (30th Anniversary Deluxe Edition),2014,album,0.15,0.921,4,-3.536,1,0.0598,2.55e-05,0.241,0.285,0.383,137.282,4,392493
5RF51iFd7vsqeYkhZB4whY,Up In The Sky - Sawmills Outtake,7,False,10,2,2DaxqgrOhkeH0fpeiQq2f4,Oasis,03srqDInwtWuyPNNasaR8v,Definitely Maybe (30th Anniversary Deluxe Edition),2014,album,0.305,0.918,7,-3.159,1,0.0416,5.94e-06,0.44,0.0837,0.333,139.428,4,272387
2ceKlUVYt1cHt5KKR1vqXR,Columbia - Sawmills Outtake,12,False,11,2,2DaxqgrOhkeH0fpeiQq2f4,Oasis,03srqDInwtWuyPNNasaR8v,Definitely Maybe (30th Anniversary Deluxe Edition),2014,album,0.272,0.697,2,-3.736,1,0.0411,5.71e-06,0.743,0.313,0.28,100.138,4,437493
76GI6cbPWHTfgbhRTkraUX,Bring It On Down - Sawmills Outtake,7,False,12,2,2DaxqgrOhkeH0fpeiQq2f4,Oasis,03srqDInwtWuyPNNasaR8v,Definitely Maybe (30th Anniversary Deluxe Edition),2014,album,0.234,0.904,9,-3.18,1,0.0633,6.47e-05,0.403,0.119,0.228,76.288,4,262320
1eDvuhJnGGyP2WU4GpO409,Cigarettes & Alcohol - Sawmills Outtake,9,False,13,2,2DaxqgrOhkeH0fpeiQq2f4,Oasis,03srqDInwtWuyPNNasaR8v,Definitely Maybe (30th Anniversary Deluxe Edition),2014,album,0.335,0.863,9,-3.137,1,0.0447,8.43e-06,0.0181,0.355,0.407,111.413,4,306547
3deyipBWT3c6rXEkohv7E9,Digsy's Dinner - Sawmills Outtake,7,False,14,2,2DaxqgrOhkeH0fpeiQq2f4,Oasis,03srqDInwtWuyPNNasaR8v,Definitely Maybe (30th Anniversary Deluxe Edition),2014,album,0.321,0.933,9,-3.663,1,0.081,0.000263,0.0274,0.0351,0.324,139.071,4,183293
70EnlsCMf0Hr96MGs0rbfc,Slide Away - Sawmills Outtake,8,False,15,2,2DaxqgrOhkeH0fpeiQq2f4,Oasis,03srqDInwtWuyPNNasaR8v,Definitely Maybe (30th Anniversary Deluxe Edition),2014,album,0.145,0.854,9,-2.701,0,0.0446,6.1e-06,0.283,0.198,0.22,93.107,4,363667
1fcMKu9WzVUkkb5kTbOwMf,"Sad Song - Mauldeth Road West Demo, Nov' 92",32,False,16,2,2DaxqgrOhkeH0fpeiQq2f4,Oasis,03srqDInwtWuyPNNasaR8v,Definitely Maybe (30th Anniversary Deluxe Edition),2014,album,0.507,0.467,7,-9.078,1,0.0312,0.689,0.0,0.12,0.0661,106.165,4,276547
1tJN4pI63lPT9WYpWsS1nq,Rock 'n' Roll Star - Monnow Valley Version,29,False,1,2,2DaxqgrOhkeH0fpeiQq2f4,Oasis,4J0amttxitKO3C2qCab3YA,Definitely Maybe (30th Anniversary),2014,album,0.151,0.978,4,-2.27,1,0.0707,0.00107,0.00232,0.604,0.366,137.619,4,377660
7fLI3U4FsNUxVlcHjeCNrR,Shakermaker - Monnow Valley Version,27,False,2,2,2DaxqgrOhkeH0fpeiQq2f4,Oasis,4J0amttxitKO3C2qCab3YA,Definitely Maybe (30th Anniversary),2014,album,0.132,0.899,4,-3.206,1,0.0485,0.0258,3.78e-05,0.358,0.401,203.777,4,290309
0byWwW07LMC25fOAISLHZb,Live Forever - Monnow Valley Version,32,False,3,2,2DaxqgrOhkeH0fpeiQq2f4,Oasis,4J0amttxitKO3C2qCab3YA,Definitely Maybe (30th Anniversary),2014,album,0.224,0.757,7,-3.78,1,0.0367,0.0176,1.01e-06,0.257,0.164,178.065,4,295012
4RXZLHcmRZRbdBHxKUbPtR,Up In The Sky - Monnow Valley Version,28,False,4,2,2DaxqgrOhkeH0fpeiQq2f4,Oasis,4J0amttxitKO3C2qCab3YA,Definitely Maybe (30th Anniversary),2014,album,0.315,0.96,0,-3.844,1,0.052,0.000313,8.94e-05,0.112,0.258,137.911,4,297973
2WirKXktIzx13R6GQXLKjs,Columbia - Monnow Valley Version,26,False,5,2,2DaxqgrOhkeH0fpeiQq2f4,Oasis,4J0amttxitKO3C2qCab3YA,Definitely Maybe (30th Anniversary),2014,album,0.176,0.767,1,-3.238,1,0.0439,1.28e-05,0.7,0.131,0.256,97.01,4,290000
6leoX872Ds19F5HYdt9nOV,Bring It On Down - Monnow Valley Version,26,False,6,2,2DaxqgrOhkeH0fpeiQq2f4,Oasis,4J0amttxitKO3C2qCab3YA,Definitely Maybe (30th Anniversary),2014,album,0.166,0.945,9,-1.731,1,0.0609,0.00101,0.241,0.107,0.339,151.639,4,240645
4q8YLovDReYW52tYTYadiH,Cigarettes & Alcohol - Monnow Valley Version,26,False,7,2,2DaxqgrOhkeH0fpeiQq2f4,Oasis,4J0amttxitKO3C2qCab3YA,Definitely Maybe (30th Anniversary),2014,album,0.375,0.901,9,-2.164,1,0.0455,0.00269,1.08e-05,0.101,0.495,117.313,4,267746
5Alq5a5Ut10MuVFPJNHjJL,Digsy's Dinner - Monnow Valley Version,25,False,8,2,2DaxqgrOhkeH0fpeiQq2f4,Oasis,4J0amttxitKO3C2qCab3YA,Definitely Maybe (30th Anniversary),2014,album,0.361,0.832,9,-3.596,1,0.0432,0.000137,3.8e-06,0.0604,0.738,139.97,4,160014
7HTaHrRmSpsJfKKmsYfbmP,Rock 'n' Roll Star - Sawmills Outtake,25,False,9,2,2DaxqgrOhkeH0fpeiQq2f4,Oasis,4J0amttxitKO3C2qCab3YA,Definitely Maybe (30th Anniversary),2014,album,0.149,0.921,4,-3.519,1,0.0592,3.21e-05,0.233,0.278,0.398,137.407,4,392490
64BVn64kqCH5QvmuDry5zf,Up In The Sky - Sawmills Outtake,24,False,10,2,2DaxqgrOhkeH0fpeiQq2f4,Oasis,4J0amttxitKO3C2qCab3YA,Definitely Maybe (30th Anniversary),2014,album,0.307,0.923,7,-3.163,1,0.0419,5.71e-06,0.385,0.0851,0.335,139.425,4,272384
1oZ2r5fKZEFbtHTeebh8Dl,Columbia - Sawmills Outtake,28,False,11,2,2DaxqgrOhkeH0fpeiQq2f4,Oasis,4J0amttxitKO3C2qCab3YA,Definitely Maybe (30th Anniversary),2014,album,0.281,0.715,2,-3.729,1,0.041,5.42e-06,0.754,0.313,0.278,100.291,4,437502
5ZKfAkwrCKgc5GCPKmQ6gv,Bring It On Down - Sawmills Outtake,24,False,12,2,2DaxqgrOhkeH0fpeiQq2f4,Oasis,4J0amttxitKO3C2qCab3YA,Definitely Maybe (30th Anniversary),2014,album,0.266,0.903,9,-3.21,1,0.0616,7.16e-05,0.413,0.107,0.227,76.325,4,262309
4DKcLZMapJwbOtLLz3Obcw,Cigarettes & Alcohol - Sawmills Outtake,27,False,13,2,2DaxqgrOhkeH0fpeiQq2f4,Oasis,4J0amttxitKO3C2qCab3YA,Definitely Maybe (30th Anniversary),2014,album,0.343,0.856,9,-3.15,1,0.0442,8.74e-06,0.00961,0.352,0.432,111.506,4,306556
7AxphqT9YbnGqWVpHYV98G,Digsy's Dinner - Sawmills Outtake,23,False,14,2,2DaxqgrOhkeH0fpeiQq2f4,Oasis,4J0amttxitKO3C2qCab3YA,Definitely Maybe (30th Anniversary),2014,album,0.305,0.929,9,-3.679,1,0.0796,0.000184,0.022,0.0258,0.348,139.142,4,183282
6Iw3V3FTPnpM1GMIpxctzW,Slide Away - Sawmills Outtake,27,False,15,2,2DaxqgrOhkeH0fpeiQq2f4,Oasis,4J0amttxitKO3C2qCab3YA,Definitely Maybe (30th Anniversary),2014,album,0.142,0.863,9,-2.734,0,0.0458,5.13e-06,0.329,0.248,0.178,92.029,4,363674
4LFwqwVGdViVgDIvJNIqqV,"Sad Song - Mauldeth Road West Demo, Nov' 92",49,False,16,2,2DaxqgrOhkeH0fpeiQq2f4,Oasis,4J0amttxitKO3C2qCab3YA,Definitely Maybe (30th Anniversary),2014,album,0.512,0.464,7,-9.092,1,0.0311,0.692,0.0,0.125,0.0718,106.583,4,274534
2o50edylZ8RCaRgEhc0jck,Cast No Shadow - Unplugged,0,False,1,2,2DaxqgrOhkeH0fpeiQq2f4,Oasis,2dBP3XzjV5H7txg82iQmRD,(What's The Story) Morning Glory? [30th Anniversary],2014,album,0.475,0.68,7,-4.953,1,0.0263,0.0747,0.0,0.173,0.459,80.991,4,300453
6ux6YvNZRf75uRIuug1RTC,Morning Glory - Unplugged,0,False,2,2,2DaxqgrOhkeH0fpeiQq2f4,Oasis,2dBP3XzjV5H7txg82iQmRD,(What's The Story) Morning Glory? [30th Anniversary],2014,album,0.54,0.939,0,-3.114,1,0.0351,0.09,0.0,0.172,0.71,134.038,4,274857
6OnQRbE9cx397xbly6G1be,Wonderwall - Unplugged,0,False,3,2,2DaxqgrOhkeH0fpeiQq2f4,Oasis,2dBP3XzjV5H7txg82iQmRD,(What's The Story) Morning Glory? [30th Anniversary],2014,album,0.469,0.884,6,-4.651,0,0.0328,0.0432,0.00228,0.354,0.441,87.022,4,251024
1EtvsefXQDlSCVUQe3bOZB,Acquiesce - Unplugged,0,False,4,2,2DaxqgrOhkeH0fpeiQq2f4,Oasis,2dBP3XzjV5H7txg82iQmRD,(What's The Story) Morning Glory? [30th Anniversary],2014,album,0.566,0.928,0,-3.711,1,0.0425,0.00706,0.0,0.118,0.639,118.039,4,241335
0pVpnKPklXvq35TAo7C4Dj,Champagne Supernova - Unplugged,0,False,5,2,2DaxqgrOhkeH0fpeiQq2f4,Oasis,2dBP3XzjV5H7txg82iQmRD,(What's The Story) Morning Glory? [30th Anniversary],2014,album,0.442,0.837,2,-4.164,1,0.0307,0.188,0.0,0.309,0.317,79.958,4,388892
7qBj1iGoF3Rl3kc4lhbuPl,Supersonic,32,False,1,1,2DaxqgrOhkeH0fpeiQq2f4,Oasis,6gFIIz8WzFw1psJk42XZu1,Time Flies… (1994 - 2009),2010-06-14,album,0.39,0.877,9,-4.829,1,0.0347,4.9e-05,0.00241,0.265,0.689,103.94,4,283744
1nuiGXzRjmjQmQBh5UGD7t,Roll With It,30,False,2,1,2DaxqgrOhkeH0fpeiQq2f4,Oasis,6gFIIz8WzFw1psJk42XZu1,Time Flies… (1994 - 2009),2010-06-14,album,0.244,0.985,9,-1.816,0,0.107,0.00302,0.000204,0.318,0.228,126.734,4,239827
324LDQPUVWCkT56V8ylAaZ,Live Forever,30,False,3,1,2DaxqgrOhkeH0fpeiQq2f4,Oasis,6gFIIz8WzFw1psJk42XZu1,Time Flies… (1994 - 2009),2010-06-14,album,0.29,0.769,9,-5.578,0,0.0329,1.44e-05,8.35e-06,0.375,0.198,90.248,4,276867
3TargJICdy8TgM4phf1tw9,Wonderwall,34,False,4,1,2DaxqgrOhkeH0fpeiQq2f4,Oasis,6gFIIz8WzFw1psJk42XZu1,Time Flies… (1994 - 2009),2010-06-14,album,0.41,0.854,2,-5.609,1,0.0366,0.00236,0.0,0.133,0.456,174.584,4,258907
2skXa90ktGvUgc4afDyV6v,Stop Crying Your Heart Out,34,False,5,1,2DaxqgrOhkeH0fpeiQq2f4,Oasis,6gFIIz8WzFw1psJk42XZu1,Time Flies… (1994 - 2009),2010-06-14,album,0.331,0.558,2,-5.506,1,0.031,0.0689,1.96e-06,0.124,0.0985,150.19,4,303120
2I50yiTy1cTesMtrxx9zMN,Cigarettes & Alcohol,33,False,6,1,2DaxqgrOhkeH0fpeiQq2f4,Oasis,6gFIIz8WzFw1psJk42XZu1,Time Flies… (1994 - 2009),2010-06-14,album,0.3,0.865,2,-2.473,1,0.0497,3.26e-05,0.055,0.162,0.466,114.661,4,289373
6b4tJsqht3dZV8NOeCyo8E,Songbird,29,False,7,1,2DaxqgrOhkeH0fpeiQq2f4,Oasis,6gFIIz8WzFw1psJk42XZu1,Time Flies… (1994 - 2009),2010-06-14,album,0.491,0.561,2,-6.396,1,0.0279,0.274,2.16e-06,0.23,0.543,134.881,4,127600
3y2impD13hayUprd1obxve,Don't Look Back In Anger,33,False,8,1,2DaxqgrOhkeH0fpeiQq2f4,Oasis,6gFIIz8WzFw1psJk42XZu1,Time Flies… (1994 - 2009),2010-06-14,album,0.349,0.917,0,-3.645,1,0.071,0.026,7.25e-06,0.0968,0.206,164.036,4,287827
7JZRvzXRpZFV8OpZBwDqBL,The Hindu Times,27,False,9,1,2DaxqgrOhkeH0fpeiQq2f4,Oasis,6gFIIz8WzFw1psJk42XZu1,Time Flies… (1994 - 2009),2010-06-14,album,0.416,0.939,11,-3.247,1,0.0473,1.09e-05,1.05e-05,0.753,0.36,113.926,4,226400
5ughGREhBvrt3jr9fwvmRf,Stand By Me,33,False,10,1,2DaxqgrOhkeH0fpeiQq2f4,Oasis,6gFIIz8WzFw1psJk42XZu1,Time Flies… (1994 - 2009),2010-06-14,album,0.229,0.848,7,-2.633,1,0.039,0.0126,1.7e-06,0.146,0.362,169.878,4,356627
0QxWwHBkgnR07nVP5rvHkf,Lord Don't Slow Me Down,33,False,11,1,2DaxqgrOhkeH0fpeiQq2f4,Oasis,6gFIIz8WzFw1psJk42XZu1,Time Flies… (1994 - 2009),2010-06-14,album,0.479,0.87,6,-3.057,1,0.039,0.00423,0.000233,0.11,0.48,133.164,4,199960
4tBT19z3ykqf69HigLXD36,Shakermaker,25,False,12,1,2DaxqgrOhkeH0fpeiQq2f4,Oasis,6gFIIz8WzFw1psJk42XZu1,Time Flies… (1994 - 2009),2010-06-14,album,0.117,0.911,4,-5.951,1,0.067,0.00893,0.145,0.765,0.197,191.724,4,308453
2GRLSZ6zsRMG2gFxuTszEz,All Around the World,27,False,13,1,2DaxqgrOhkeH0fpeiQq2f4,Oasis,6gFIIz8WzFw1psJk42XZu1,Time Flies… (1994 - 2009),2010-06-14,album,0.365,0.842,6,-3.446,0,0.0425,0.0054,0.00114,0.422,0.377,82.038,4,560040
6eYu0hVcSCNJb5FHrPDLl3,Some Might Say,29,False,14,1,2DaxqgrOhkeH0fpeiQq2f4,Oasis,6gFIIz8WzFw1psJk42XZu1,Time Flies… (1994 - 2009),2010-06-14,album,0.263,0.935,0,-2.289,0,0.0933,0.181,0.013,0.331,0.0688,110.138,4,327920
3HihXZs9pwSCoe5uCkx6H5,The Importance Of Being Idle,29,False,15,1,2DaxqgrOhkeH0fpeiQq2f4,Oasis,6gFIIz8WzFw1psJk42XZu1,Time Flies… (1994 - 2009),2010-06-14,album,0.568,0.87,9,-2.258,0,0.0332,0.0459,0.0,0.12,0.585,109.819,4,219827
6VUiQh4NqLqiqtEW1ZkJgr,D'You Know What I Mean?,29,False,16,1,2DaxqgrOhkeH0fpeiQq2f4,Oasis,6gFIIz8WzFw1psJk42XZu1,Time Flies… (1994 - 2009),2010-06-14,album,0.139,0.885,11,-3.247,0,0.0473,6.98e-05,0.000109,0.0972,0.216,80.063,4,462493
4vUFX9pSdtUwXL5lz1VR9c,Lyla,27,False,17,1,2DaxqgrOhkeH0fpeiQq2f4,Oasis,6gFIIz8WzFw1psJk42XZu1,Time Flies… (1994 - 2009),2010-06-14,album,0.401,0.951,11,-2.57,1,0.0483,0.00014,0.000117,0.147,0.332,120.879,4,310440
3FjEHyEFZoffh5oiE4YN0K,Let There Be Love,25,False,18,1,2DaxqgrOhkeH0fpeiQq2f4,Oasis,6gFIIz8WzFw1psJk42XZu1,Time Flies… (1994 - 2009),2010-06-14,album,0.475,0.468,5,-4.774,1,0.0288,0.272,0.0,0.343,0.13,74.04,4,331693
6J4uoCsgwZmKMjmsA1SI77,Go Let It Out,25,False,19,1,2DaxqgrOhkeH0fpeiQq2f4,Oasis,6gFIIz8WzFw1psJk42XZu1,Time Flies… (1994 - 2009),2010-06-14,album,0.408,0.857,2,-5.71,1,0.034,0.0131,7.44e-05,0.528,0.622,84.197,4,278693
6SYoYHRouNh6nPgTt1wD9W,Who Feels Love?,24,False,20,1,2DaxqgrOhkeH0fpeiQq2f4,Oasis,6gFIIz8WzFw1psJk42XZu1,Time Flies… (1994 - 2009),2010-06-14,album,0.31,0.801,0,-5.824,1,0.038,0.176,0.0797,0.182,0.312,153.088,4,344493
5qtBvvuSmWrUcjcmgq7lYk,Little By Little,29,False,21,1,2DaxqgrOhkeH0fpeiQq2f4,Oasis,6gFIIz8WzFw1psJk42XZu1,Time Flies… (1994 - 2009),2010-06-14,album,0.405,0.632,2,-5.132,1,0.0273,0.0316,0.00251,0.112,0.141,145.936,4,292853
5GMKCI05M8KIfFoduJ3El9,The Shock Of The Lightning,25,False,22,1,2DaxqgrOhkeH0fpeiQq2f4,Oasis,6gFIIz8WzFw1psJk42XZu1,Time Flies… (1994 - 2009),2010-06-14,album,0.329,0.953,11,-2.416,0,0.0874,4.47e-05,0.558,0.302,0.0374,136.922,4,299947
5B4ZJRGmQdcgkYGSmhMkeY,She Is Love,24,False,23,1,2DaxqgrOhkeH0fpeiQq2f4,Oasis,6gFIIz8WzFw1psJk42XZu1,Time Flies… (1994 - 2009),2010-06-14,album,0.463,0.642,0,-6.39,1,0.0299,0.43,1.31e-06,0.14,0.506,90.009,4,189373
0Qfh3zCESYN7YM1T2LDIuW,Whatever,28,False,24,1,2DaxqgrOhkeH0fpeiQq2f4,Oasis,6gFIIz8WzFw1psJk42XZu1,Time Flies… (1994 - 2009),2010-06-14,album,0.268,0.887,7,-3.056,1,0.0342,0.0125,0.0378,0.591,0.344,91.191,4,381267
1nTRjSjcZQpvvetbwnzbuG,I'm Outta Time,24,False,25,1,2DaxqgrOhkeH0fpeiQq2f4,Oasis,6gFIIz8WzFw1psJk42XZu1,Time Flies… (1994 - 2009),2010-06-14,album,0.428,0.618,4,-5.471,0,0.0276,0.000944,0.0232,0.435,0.0839,77.406,4,250013
6w0k3zzrtxEfiTiYaYQZbH,Falling Down,23,False,26,1,2DaxqgrOhkeH0fpeiQq2f4,Oasis,6gFIIz8WzFw1psJk42XZu1,Time Flies… (1994 - 2009),2010-06-14,album,0.437,0.964,6,-3.031,0,0.0597,0.00103,0.0733,0.149,0.236,130.963,4,260080
6GLvbQtOeSGKJroQLbI39f,Supersonic,0,False,1,1,2DaxqgrOhkeH0fpeiQq2f4,Oasis,1WvNoW3NW3ifc09T7YlYXj,Time Flies... 1994-2009,2010-06-14,album,0.39,0.88,9,-4.65,1,0.04,0.0,0.0,0.08,0.66,104.07,4,283000
1cEAmNEKqn2kNvbH08oV7l,Roll With It,0,False,2,1,2DaxqgrOhkeH0fpeiQq2f4,Oasis,1WvNoW3NW3ifc09T7YlYXj,Time Flies... 1994-2009,2010-06-14,album,0.25,0.99,9,-3.76,0,0.13,0.0,0.0,0.31,0.19,126.56,4,239000
727207kXqC5Za2n507PZYR,Live Forever,0,False,3,1,2DaxqgrOhkeH0fpeiQq2f4,Oasis,1WvNoW3NW3ifc09T7YlYXj,Time Flies... 1994-2009,2010-06-14,album,0.29,0.77,9,-5.58,0,0.03,0.0,0.0,0.38,0.2,90.25,4,278000
3SdtuQvJKxUXlA15XVqUfD,Wonderwall,0,False,4,1,2DaxqgrOhkeH0fpeiQq2f4,Oasis,1WvNoW3NW3ifc09T7YlYXj,Time Flies... 1994-2009,2010-06-14,album,0.41,0.85,2,-5.61,1,0.04,0.0,0.0,0.13,0.46,174.58,4,259000
7GPVd21StInw7r6h6Bsya7,Stop Crying Your Heart Out,0,False,5,1,2DaxqgrOhkeH0fpeiQq2f4,Oasis,1WvNoW3NW3ifc09T7YlYXj,Time Flies... 1994-2009,2010-06-14,album,0.33,0.56,2,-5.51,1,0.03,0.07,0.0,0.12,0.1,150.19,4,303000
1ScjMmeEGtq6CeggcKPAca,Cigarettes & Alcohol,0,False,6,1,2DaxqgrOhkeH0fpeiQq2f4,Oasis,1WvNoW3NW3ifc09T7YlYXj,Time Flies... 1994-2009,2010-06-14,album,0.3,0.87,2,-2.47,1,0.05,0.0,0.06,0.16,0.47,114.66,4,289000
03YYG5x6RqNu5Ty1AjmPLr,Songbird,0,False,7,1,2DaxqgrOhkeH0fpeiQq2f4,Oasis,1WvNoW3NW3ifc09T7YlYXj,Time Flies... 1994-2009,2010-06-14,album,0.49,0.56,2,-6.4,1,0.03,0.27,0.0,0.23,0.54,134.88,4,127000
0UAIw36N5fCxP7dgEb6Sy1,Don't Look Back In Anger,0,False,8,1,2DaxqgrOhkeH0fpeiQq2f4,Oasis,1WvNoW3NW3ifc09T7YlYXj,Time Flies... 1994-2009,2010-06-14,album,0.35,0.92,0,-3.65,1,0.07,0.03,0.0,0.1,0.21,164.04,4,287000
5gpkTFQQLCfxGnuaBfmX2a,The Hindu Times,0,False,9,1,2DaxqgrOhkeH0fpeiQq2f4,Oasis,1WvNoW3NW3ifc09T7YlYXj,Time Flies... 1994-2009,2010-06-14,album,0.42,0.94,11,-3.25,1,0.05,0.0,0.0,0.75,0.36,113.93,4,231000
0XZ3NCPXBnF9EgJ9DsTwA0,Stand By Me,0,False,10,1,2DaxqgrOhkeH0fpeiQq2f4,Oasis,1WvNoW3NW3ifc09T7YlYXj,Time Flies... 1994-2009,2010-06-14,album,0.23,0.85,7,-2.63,1,0.04,0.01,0.0,0.15,0.36,169.88,4,355000
0XGrHDfxIhqhAf9cGujn8w,Lord Don't Slow Me Down,0,False,11,1,2DaxqgrOhkeH0fpeiQq2f4,Oasis,1WvNoW3NW3ifc09T7YlYXj,Time Flies... 1994-2009,2010-06-14,album,0.48,0.88,6,-3.05,1,0.04,0.01,0.0,0.12,0.48,133.16,4,197000
0XPKNYKDgK8IE9n3m8UYIQ,Shakermaker,0,False,12,1,2DaxqgrOhkeH0fpeiQq2f4,Oasis,1WvNoW3NW3ifc09T7YlYXj,Time Flies... 1994-2009,2010-06-14,album,0.12,0.91,4,-5.95,1,0.07,0.01,0.15,0.77,0.2,191.72,4,308000
1n4jU46JqRUbt0IcPAk4eF,All Around the World,0,False,13,1,2DaxqgrOhkeH0fpeiQq2f4,Oasis,1WvNoW3NW3ifc09T7YlYXj,Time Flies... 1994-2009,2010-06-14,album,0.37,0.85,2,-3.43,1,0.04,0.01,0.0,0.39,0.41,81.99,4,559000
17MoJ120NnAPbW7gjoCcu7,Some Might Say,0,False,14,1,2DaxqgrOhkeH0fpeiQq2f4,Oasis,1WvNoW3NW3ifc09T7YlYXj,Time Flies... 1994-2009,2010-06-14,album,0.27,0.9,0,-8.68,0,0.08,0.14,0.24,0.31,0.1,110.34,4,327000
7tQfY6NKwrS6HpqgSGQ4eo,The Importance of Being Idle,0,False,15,1,2DaxqgrOhkeH0fpeiQq2f4,Oasis,1WvNoW3NW3ifc09T7YlYXj,Time Flies... 1994-2009,2010-06-14,album,0.57,0.87,9,-2.26,0,0.03,0.05,0.0,0.12,0.59,109.82,4,219000
39XjXkY2RQxe1wkuAgD7JQ,D'You Know What I Mean?,0,False,16,1,2DaxqgrOhkeH0fpeiQq2f4,Oasis,1WvNoW3NW3ifc09T7YlYXj,Time Flies... 1994-2009,2010-06-14,album,0.32,0.88,4,-3.19,1,0.04,0.0,0.0,0.11,0.27,80.01,4,463000
62kK88NkNxttvRyO9TBxKf,Lyla,0,False,17,1,2DaxqgrOhkeH0fpeiQq2f4,Oasis,1WvNoW3NW3ifc09T7YlYXj,Time Flies... 1994-2009,2010-06-14,album,0.39,0.95,11,-2.32,1,0.05,0.0,0.0,0.15,0.31,120.93,4,310000
2zorQ31RabdAlmDuzazF2d,Let There Be Love,0,False,18,1,2DaxqgrOhkeH0fpeiQq2f4,Oasis,1WvNoW3NW3ifc09T7YlYXj,Time Flies... 1994-2009,2010-06-14,album,0.48,0.47,5,-4.77,1,0.03,0.27,0.0,0.34,0.13,74.04,4,331000
3NKmffRXEHINcB5XatoG7X,Go Let It Out,0,False,19,1,2DaxqgrOhkeH0fpeiQq2f4,Oasis,1WvNoW3NW3ifc09T7YlYXj,Time Flies... 1994-2009,2010-06-14,album,0.41,0.85,2,-5.63,1,0.03,0.01,0.0,0.56,0.63,84.19,4,278000
3noovaOi0l3xg7y81JAw5u,Who Feels Love?,0,False,20,1,2DaxqgrOhkeH0fpeiQq2f4,Oasis,1WvNoW3NW3ifc09T7YlYXj,Time Flies... 1994-2009,2010-06-14,album,0.366,0.795,0,-5.715,1,0.0359,0.182,0.0454,0.315,0.331,76.509,4,344627
2jnUWsG2FSOHBP0mpm4QrL,Little By Little,0,False,21,1,2DaxqgrOhkeH0fpeiQq2f4,Oasis,1WvNoW3NW3ifc09T7YlYXj,Time Flies... 1994-2009,2010-06-14,album,0.41,0.63,2,-5.13,1,0.03,0.03,0.0,0.11,0.14,145.94,4,292000
0DE23CiQEeQ3osNIECMILl,The Shock of the Lightning,0,False,22,1,2DaxqgrOhkeH0fpeiQq2f4,Oasis,1WvNoW3NW3ifc09T7YlYXj,Time Flies... 1994-2009,2010-06-14,album,0.33,0.96,11,-2.46,0,0.1,0.0,0.3,0.24,0.04,136.94,4,304000
0NBfSZ5iJacnYcl3j4AxW6,She Is Love,0,False,23,1,2DaxqgrOhkeH0fpeiQq2f4,Oasis,1WvNoW3NW3ifc09T7YlYXj,Time Flies... 1994-2009,2010-06-14,album,0.385,0.621,0,-6.544,1,0.0321,0.421,0.0,0.117,0.517,89.934,4,193547
7jr2K0ArBDR6E2tvEkFOlK,Whatever,0,False,24,1,2DaxqgrOhkeH0fpeiQq2f4,Oasis,1WvNoW3NW3ifc09T7YlYXj,Time Flies... 1994-2009,2010-06-14,album,0.27,0.89,7,-2.88,1,0.03,0.02,0.04,0.48,0.33,93.77,4,381000
0Z7b6wzQJf84KaEhTlHB7k,I'm Outta Time,0,False,25,1,2DaxqgrOhkeH0fpeiQq2f4,Oasis,1WvNoW3NW3ifc09T7YlYXj,Time Flies... 1994-2009,2010-06-14,album,0.43,0.62,4,-5.39,0,0.03,0.0,0.07,0.3,0.09,77.4,4,250000
3UFlcqnF9aCk59KBLp9CRp,Falling Down,0,False,26,1,2DaxqgrOhkeH0fpeiQq2f4,Oasis,1WvNoW3NW3ifc09T7YlYXj,Time Flies... 1994-2009,2010-06-14,album,0.44,0.96,6,-3.03,0,0.06,0.0,0.07,0.15,0.24,130.96,4,260000
03TNCkJPsw1D8ODfiz4Etu,Supersonic,26,False,1,1,2DaxqgrOhkeH0fpeiQq2f4,Oasis,6L5KBi1wt0rv1rA88kS1W4,Time Flies...1994-2009,2010,album,0.39,0.88,9,-4.662,1,0.0358,3.67e-05,0.00799,0.0788,0.658,104.065,4,284693
00aMpDyG5eMUlLQTmd9Yog,Roll with It,27,False,2,1,2DaxqgrOhkeH0fpeiQq2f4,Oasis,6L5KBi1wt0rv1rA88kS1W4,Time Flies...1994-2009,2010,album,0.248,0.984,9,-1.784,0,0.113,0.00336,0.000165,0.218,0.215,126.596,4,239747
1diJ2ANA6nLyoLr1Y9vjeg,Live Forever,25,False,3,1,2DaxqgrOhkeH0fpeiQq2f4,Oasis,6L5KBi1wt0rv1rA88kS1W4,Time Flies...1994-2009,2010,album,0.107,0.862,5,-2.706,0,0.0448,8.82e-06,4.25e-05,0.325,0.139,91.54,4,276133
1DadkoAI2gicYJfindPY20,Wonderwall,49,False,4,1,2DaxqgrOhkeH0fpeiQq2f4,Oasis,6L5KBi1wt0rv1rA88kS1W4,Time Flies...1994-2009,2010,album,0.405,0.894,2,-4.336,1,0.0343,0.000801,0.0,0.226,0.642,174.502,4,259840
2bkaWULR9noLRF6oEwUrbb,Stop Crying Your Heart Out,23,False,5,1,2DaxqgrOhkeH0fpeiQq2f4,Oasis,6L5KBi1wt0rv1rA88kS1W4,Time Flies...1994-2009,2010,album,0.38,0.589,2,-5.363,1,0.0298,0.0725,1.61e-06,0.122,0.0976,74.961,4,303027
6jUfbyAOuqPst56qCxgVmn,Cigarettes & Alcohol,22,False,6,1,2DaxqgrOhkeH0fpeiQq2f4,Oasis,6L5KBi1wt0rv1rA88kS1W4,Time Flies...1994-2009,2010,album,0.302,0.866,2,-2.332,1,0.0477,2.79e-05,0.222,0.0882,0.47,114.736,4,291893
27vxpzsiAjRqDl8gLLS13s,Songbird,21,False,7,1,2DaxqgrOhkeH0fpeiQq2f4,Oasis,6L5KBi1wt0rv1rA88kS1W4,Time Flies...1994-2009,2010,album,0.485,0.571,2,-6.219,1,0.0284,0.263,2.44e-06,0.175,0.485,134.924,4,128920
1xRRPtBWty61XDG7BvMdmL,Don't Look Back in Anger,53,False,8,1,2DaxqgrOhkeH0fpeiQq2f4,Oasis,6L5KBi1wt0rv1rA88kS1W4,Time Flies...1994-2009,2010,album,0.348,0.914,0,-3.586,1,0.0666,0.0301,7.68e-06,0.0955,0.231,163.98,4,290253
0ZABC65G4THsYlBXxKQqtR,The Hindu Times,22,False,9,1,2DaxqgrOhkeH0fpeiQq2f4,Oasis,6L5KBi1wt0rv1rA88kS1W4,Time Flies...1994-2009,2010,album,0.416,0.949,11,-3.051,1,0.0486,9.86e-06,1.94e-05,0.166,0.376,113.917,4,232787
4FgTxXY6Gf2Dfc80wEE0qR,Stand by Me,25,False,10,1,2DaxqgrOhkeH0fpeiQq2f4,Oasis,6L5KBi1wt0rv1rA88kS1W4,Time Flies...1994-2009,2010,album,0.222,0.817,7,-2.643,1,0.0368,0.0109,2.25e-06,0.143,0.436,169.84,4,359587
0wNoC9qgdPiM892BBllGc4,Shakermaker,19,False,12,1,2DaxqgrOhkeH0fpeiQq2f4,Oasis,6L5KBi1wt0rv1rA88kS1W4,Time Flies...1994-2009,2010,album,0.114,0.901,4,-5.734,1,0.0699,0.00717,0.148,0.428,0.193,191.919,4,310813
4vjQ9yCk9xTfEeZ1r7ZEqZ,All Around the World,23,False,13,1,2DaxqgrOhkeH0fpeiQq2f4,Oasis,6L5KBi1wt0rv1rA88kS1W4,Time Flies...1994-2009,2010,album,0.119,0.838,6,-3.669,0,0.0508,0.0057,0.000984,0.0959,0.346,80.836,4,581120
2kwChY5e3leawPp0AaQdS4,Some Might Say,22,False,14,1,2DaxqgrOhkeH0fpeiQq2f4,Oasis,6L5KBi1wt0rv1rA88kS1W4,Time Flies...1994-2009,2010,album,0.239,0.935,0,-2.215,0,0.0829,0.0404,0.0272,0.122,0.132,110.248,4,329133
7mxxvzfPtJJURwLDCHOKes,The Importance of Being Idle,18,False,15,1,2DaxqgrOhkeH0fpeiQq2f4,Oasis,6L5KBi1wt0rv1rA88kS1W4,Time Flies...1994-2009,2010,album,0.578,0.87,9,-2.103,0,0.0322,0.0463,0.0,0.0609,0.592,109.873,4,222360
7mVdQFAbuCNaQMoqa0POKC,D'You Know What I Mean?,19,False,16,1,2DaxqgrOhkeH0fpeiQq2f4,Oasis,6L5KBi1wt0rv1rA88kS1W4,Time Flies...1994-2009,2010,album,0.318,0.878,4,-3.24,1,0.0418,6.85e-05,6.74e-05,0.11,0.253,80.02,4,464520
4W1JZD6o5WrhLV3GUAHUb5,Lyla,21,False,17,1,2DaxqgrOhkeH0fpeiQq2f4,Oasis,6L5KBi1wt0rv1rA88kS1W4,Time Flies...1994-2009,2010,album,0.376,0.947,11,-1.649,1,0.0521,7.51e-05,0.00216,0.137,0.302,120.906,4,312027
2yj5fJgjTllOdLDFgsX5fc,Let There Be Love,21,False,18,1,2DaxqgrOhkeH0fpeiQq2f4,Oasis,6L5KBi1wt0rv1rA88kS1W4,Time Flies...1994-2009,2010,album,0.485,0.479,5,-4.593,1,0.0277,0.26,1.16e-06,0.382,0.134,74.056,4,326813
1DyD8BFoevguhKNjpOJm9I,Go Let It Out,18,False,19,1,2DaxqgrOhkeH0fpeiQq2f4,Oasis,6L5KBi1wt0rv1rA88kS1W4,Time Flies...1994-2009,2010,album,0.412,0.846,2,-5.617,1,0.0336,0.0118,3.03e-05,0.584,0.586,84.201,4,278893
2Hb6MdX5jVLiHS7uZsugt0,Who Feels Love?,16,False,20,1,2DaxqgrOhkeH0fpeiQq2f4,Oasis,6L5KBi1wt0rv1rA88kS1W4,Time Flies...1994-2009,2010,album,0.365,0.802,0,-5.698,1,0.0361,0.196,0.0466,0.25,0.351,76.532,4,344627
0P9NdGb0fcuP77h9YE2M41,Little by Little,21,False,21,1,2DaxqgrOhkeH0fpeiQq2f4,Oasis,6L5KBi1wt0rv1rA88kS1W4,Time Flies...1994-2009,2010,album,0.406,0.632,2,-4.903,1,0.027,0.0298,0.00331,0.121,0.0832,145.851,4,293747
5ow8OCAWMvzkvLJ5hsE8Rg,The Shock of the Lightning,21,False,22,1,2DaxqgrOhkeH0fpeiQq2f4,Oasis,6L5KBi1wt0rv1rA88kS1W4,Time Flies...1994-2009,2010,album,0.331,0.953,11,-2.415,0,0.0853,4.48e-05,0.583,0.253,0.0393,136.913,4,304347
1JnjVY8a7BjtyB6wIdg0me,She Is Love,17,False,23,1,2DaxqgrOhkeH0fpeiQq2f4,Oasis,6L5KBi1wt0rv1rA88kS1W4,Time Flies...1994-2009,2010,album,0.452,0.624,0,-6.529,1,0.0315,0.427,2.1e-06,0.117,0.514,89.841,4,193547
5NtuKLR7VhHSFbT1lkAtrw,Whatever,48,False,24,1,2DaxqgrOhkeH0fpeiQq2f4,Oasis,6L5KBi1wt0rv1rA88kS1W4,Time Flies...1994-2009,2010,album,0.264,0.898,7,-2.911,1,0.0362,0.0135,0.0323,0.589,0.314,90.707,4,380480
153bRxW5S9L2zI38Jp6pDl,I'm Outta Time,17,False,25,1,2DaxqgrOhkeH0fpeiQq2f4,Oasis,6L5KBi1wt0rv1rA88kS1W4,Time Flies...1994-2009,2010,album,0.429,0.624,4,-5.39,0,0.0281,0.000892,0.0396,0.219,0.0928,77.405,4,248760
2cgikR2HIFGZJz8e5a8mEa,Falling Down,20,False,26,1,2DaxqgrOhkeH0fpeiQq2f4,Oasis,6L5KBi1wt0rv1rA88kS1W4,Time Flies...1994-2009,2010,album,0.445,0.96,1,-3.27,0,0.0698,0.00118,0.138,0.336,0.182,130.968,4,267587
7zi3l9Yc02x9yDOFxnwRdU,Don't Go Away,0,False,27,1,2DaxqgrOhkeH0fpeiQq2f4,Oasis,6L5KBi1wt0rv1rA88kS1W4,Time Flies...1994-2009,2010,album,0.201,0.178,0,-5.012,1,0.0355,0.0391,0.00045,0.139,0.222,77.994,4,723373
741BEBpKeaInQNUrbl3FCx,Bag It Up,0,False,1,1,2DaxqgrOhkeH0fpeiQq2f4,Oasis,5FrfVYN3RcmHt9CqQQ1A8e,Dig Out Your Soul (Standard Version),2008-10-07,album,0.42,0.9,7,-3.02,1,0.04,0.0,0.06,0.2,0.35,90.91,4,280000
6i2XhJeisJG05rGHeLVhyq,The Turning,0,False,2,1,2DaxqgrOhkeH0fpeiQq2f4,Oasis,5FrfVYN3RcmHt9CqQQ1A8e,Dig Out Your Soul (Standard Version),2008-10-07,album,0.44,0.93,7,-3.22,1,0.07,0.01,0.0,0.31,0.22,119.82,4,304000
0GuH8HrnVmElccJdyyV4lN,Waiting For The Rapture,0,False,3,1,2DaxqgrOhkeH0fpeiQq2f4,Oasis,5FrfVYN3RcmHt9CqQQ1A8e,Dig Out Your Soul (Standard Version),2008-10-07,album,0.4,0.84,0,-3.68,1,0.05,0.01,0.0,0.17,0.32,169.79,4,182000
1NnxTh6EQLS3norlXi6NFw,The Shock Of The Lightning,0,False,4,1,2DaxqgrOhkeH0fpeiQq2f4,Oasis,5FrfVYN3RcmHt9CqQQ1A8e,Dig Out Your Soul (Standard Version),2008-10-07,album,0.33,0.96,11,-2.46,0,0.1,0.0,0.3,0.24,0.04,136.94,4,304000
3MhJhKF3rKxTblmpFHQaEu,I'm Outta Time,0,False,5,1,2DaxqgrOhkeH0fpeiQq2f4,Oasis,5FrfVYN3RcmHt9CqQQ1A8e,Dig Out Your Soul (Standard Version),2008-10-07,album,0.43,0.62,4,-5.39,0,0.03,0.0,0.07,0.3,0.09,77.4,4,250000
6goHgveCobRWukC2dM4xcE,Falling Down,0,False,7,1,2DaxqgrOhkeH0fpeiQq2f4,Oasis,5FrfVYN3RcmHt9CqQQ1A8e,Dig Out Your Soul (Standard Version),2008-10-07,album,0.44,0.96,6,-3.03,0,0.06,0.0,0.07,0.15,0.24,130.96,4,260000
3holgLVvxH1883oTPtswVP,To Be Where There's Life,0,False,8,1,2DaxqgrOhkeH0fpeiQq2f4,Oasis,5FrfVYN3RcmHt9CqQQ1A8e,Dig Out Your Soul (Standard Version),2008-10-07,album,0.48,0.85,7,-3.76,1,0.03,0.0,0.21,0.31,0.64,100.71,4,275000
1E1nK1UZTpVRusk1xOmrFZ,The Nature Of Reality,0,False,10,1,2DaxqgrOhkeH0fpeiQq2f4,Oasis,5FrfVYN3RcmHt9CqQQ1A8e,Dig Out Your Soul (Standard Version),2008-10-07,album,0.31,0.84,2,-5.22,1,0.05,0.0,0.01,0.32,0.05,104.74,4,227000
2fW9otQg9pllP38ucFGg8g,Soldier On,0,False,11,1,2DaxqgrOhkeH0fpeiQq2f4,Oasis,5FrfVYN3RcmHt9CqQQ1A8e,Dig Out Your Soul (Standard Version),2008-10-07,album,0.42,0.75,1,-4.44,0,0.03,0.0,0.73,0.13,0.63,75.92,4,290000
5oKUlKJ6ZtmTMThbbJuSIn,"Fuckin' In The Bushes [Live At Wembley Stadium, 2000]",0,True,1,1,2DaxqgrOhkeH0fpeiQq2f4,Oasis,19rUOvZluw40PCM6tYcPhY,Familiar To Millions (Live),2000-11-13,album,0.332,0.969,0,-6.461,1,0.0782,0.00129,0.0326,0.981,0.145,100.551,4,184333
4H7BsHaPmTP8dDhnTT7pRJ,"Go Let It Out [Live At Wembley Stadium, 2000]",0,False,2,1,2DaxqgrOhkeH0fpeiQq2f4,Oasis,19rUOvZluw40PCM6tYcPhY,Familiar To Millions (Live),2000-11-13,album,0.344,0.938,2,-4.352,1,0.0424,0.000155,0.0399,0.937,0.554,85.185,4,332267
0IHKAWWARbIPKgOYfFDzix,"Who Feels Love? [Live At Wembley Stadium, 2000]",0,False,3,1,2DaxqgrOhkeH0fpeiQq2f4,Oasis,19rUOvZluw40PCM6tYcPhY,Familiar To Millions (Live),2000-11-13,album,0.332,0.882,9,-5.399,0,0.0394,0.00108,0.00422,0.946,0.188,79.988,4,359760
4PUgC5YVARjVlzEsBVXly8,"Supersonic [Live At Wembley Stadium, 2000]",0,False,4,1,2DaxqgrOhkeH0fpeiQq2f4,Oasis,19rUOvZluw40PCM6tYcPhY,Familiar To Millions (Live),2000-11-13,album,0.305,0.991,6,-4.467,0,0.073,5.62e-05,0.258,0.991,0.167,119.337,4,270333
72mZ0BN7h0LrAkmkloNyF5,"Shakermaker [Live At Wembley Stadium, 2000]",0,False,5,1,2DaxqgrOhkeH0fpeiQq2f4,Oasis,19rUOvZluw40PCM6tYcPhY,Familiar To Millions (Live),2000-11-13,album,0.145,0.957,4,-4.369,1,0.0969,0.00307,0.0439,0.985,0.144,102.825,4,313000
5dkaYZTfuuRC4DACeGBnSz,"Acquiesce [Live At Wembley Stadium, 2000]",0,False,6,1,2DaxqgrOhkeH0fpeiQq2f4,Oasis,19rUOvZluw40PCM6tYcPhY,Familiar To Millions (Live),2000-11-13,album,0.257,0.991,5,-4.143,1,0.154,0.000457,0.00486,0.97,0.117,125.046,4,258440
1MW2a7nSEzyZLt9Z0xisBn,"Step Out [Live At Wembley Stadium, 2000]",0,False,7,1,2DaxqgrOhkeH0fpeiQq2f4,Oasis,19rUOvZluw40PCM6tYcPhY,Familiar To Millions (Live),2000-11-13,album,0.262,0.974,4,-3.833,0,0.073,8.92e-05,0.216,0.989,0.279,137.981,4,245493
0VhfGtGHMGzPiRt0nTPkSG,"Gas Panic! [Live At Wembley Stadium, 2000]",0,False,8,1,2DaxqgrOhkeH0fpeiQq2f4,Oasis,19rUOvZluw40PCM6tYcPhY,Familiar To Millions (Live),2000-11-13,album,0.265,0.95,5,-3.9,0,0.0609,0.000605,0.109,0.986,0.367,148.266,4,481533
7ll7c6RKCAqEpivk2bEG9U,"Roll With It [Live At Wembley Stadium, 2000]",0,False,9,1,2DaxqgrOhkeH0fpeiQq2f4,Oasis,19rUOvZluw40PCM6tYcPhY,Familiar To Millions (Live),2000-11-13,album,0.234,0.985,9,-4.462,0,0.0889,0.00123,4.54e-05,0.951,0.267,131.503,4,283707
2TkFrnq8syA6Bs8nPWSLfd,"Stand By Me [Live At Wembley Stadium, 2000]",0,False,10,1,2DaxqgrOhkeH0fpeiQq2f4,Oasis,19rUOvZluw40PCM6tYcPhY,Familiar To Millions (Live),2000-11-13,album,0.236,0.895,7,-4.78,1,0.044,0.000328,0.012,0.99,0.23,91.57,4,349000
6KkH3gz9kGVSkKKm9XNtYf,"Wonderwall [Live At Wembley Stadium, 2000]",0,False,11,1,2DaxqgrOhkeH0fpeiQq2f4,Oasis,19rUOvZluw40PCM6tYcPhY,Familiar To Millions (Live),2000-11-13,album,0.165,0.92,6,-5.013,0,0.0554,0.0248,0.0113,0.982,0.431,94.582,4,286467
7s0pYruxz2F5AmLKZJFvTH,"Cigarettes & Alcohol [Live At Wembley Stadium, 2000]",0,False,12,1,2DaxqgrOhkeH0fpeiQq2f4,Oasis,19rUOvZluw40PCM6tYcPhY,Familiar To Millions (Live),2000-11-13,album,0.165,0.95,9,-4.1,1,0.0698,0.000612,0.0245,0.978,0.173,130.237,4,412027
49kx3x88pVBEZ4aUTnh0FZ,"Don't Look Back In Anger [Live At Wembley Stadium, 2000]",0,False,13,1,2DaxqgrOhkeH0fpeiQq2f4,Oasis,19rUOvZluw40PCM6tYcPhY,Familiar To Millions (Live),2000-11-13,album,0.259,0.938,0,-5.104,1,0.0654,0.0245,0.0132,0.969,0.253,86.797,4,327600
1GcZhKBKkS1Bu1W2XXpVzb,"Live Forever [Live At Wembley Stadium, 2000]",0,False,14,1,2DaxqgrOhkeH0fpeiQq2f4,Oasis,19rUOvZluw40PCM6tYcPhY,Familiar To Millions (Live),2000-11-13,album,0.11,0.944,9,-4.063,0,0.0991,0.0104,0.135,0.98,0.178,90.423,4,309907
2VhJ5foC2BgBSlmgj0OZyi,"Champagne Supernova [Live At Wembley Stadium, 2000]",0,False,16,1,2DaxqgrOhkeH0fpeiQq2f4,Oasis,19rUOvZluw40PCM6tYcPhY,Familiar To Millions (Live),2000-11-13,album,0.135,0.888,2,-4.633,1,0.0494,0.00341,0.00759,0.978,0.125,81.982,4,392067
42Eoed5e9y191rrhitXLje,"Rock 'N' Roll Star [Live At Wembley Stadium, 2000]",0,False,17,1,2DaxqgrOhkeH0fpeiQq2f4,Oasis,19rUOvZluw40PCM6tYcPhY,Familiar To Millions (Live),2000-11-13,album,0.144,0.996,6,-3.436,0,0.256,0.00666,0.565,0.981,0.0715,139.184,4,446867
4Wiwc8fRijYeA1sbBEHBFy,Helter Skelter [Live],0,False,18,1,2DaxqgrOhkeH0fpeiQq2f4,Oasis,19rUOvZluw40PCM6tYcPhY,Familiar To Millions (Live),2000-11-13,album,0.123,0.977,9,-3.945,0,0.098,0.000121,0.225,0.978,0.168,89.366,4,392573
53NoUX8x7UHMMx7ahrYOPm,Fuckin' In The Bushes(Live),0,False,1,1,2DaxqgrOhkeH0fpeiQq2f4,Oasis,7GZUWgbQ41FPDSXmEwzzVP,Fmiliar to millions,2000-11-13,album,0.137,0.965,9,-6.536,0,0.104,0.0015,0.0315,0.982,0.115,100.58,4,184573
6kvnN4dRhnWlGar7AekAm3,Who Feels Love?(Live),0,False,3,1,2DaxqgrOhkeH0fpeiQq2f4,Oasis,7GZUWgbQ41FPDSXmEwzzVP,Fmiliar to millions,2000-11-13,album,0.332,0.883,9,-5.383,0,0.0364,0.000836,0.00639,0.961,0.207,79.989,4,360000
6EnRoMasyZqhUsEg9V7kOg,Supersonic(Live),0,False,4,1,2DaxqgrOhkeH0fpeiQq2f4,Oasis,7GZUWgbQ41FPDSXmEwzzVP,Fmiliar to millions,2000-11-13,album,0.303,0.991,6,-4.495,0,0.0733,6.89e-05,0.227,0.989,0.182,119.347,4,272107
1fPFCionG7QpEzuSdsmqRp,Shakermaker(Live),0,False,5,1,2DaxqgrOhkeH0fpeiQq2f4,Oasis,7GZUWgbQ41FPDSXmEwzzVP,Fmiliar to millions,2000-11-13,album,0.258,0.95,4,-4.374,1,0.0736,0.00334,0.0153,0.972,0.111,104.85,4,310600
1l5IzvZIGFEgNJJUOOPjpP,Acquiesce(Live),0,False,6,1,2DaxqgrOhkeH0fpeiQq2f4,Oasis,7GZUWgbQ41FPDSXmEwzzVP,Fmiliar to millions,2000-11-13,album,0.261,0.99,5,-4.124,1,0.168,0.00038,0.00737,0.969,0.125,125.137,4,259293
2bcmok2wr2TZPeYbSZd77Z,Step Out (Live),0,False,7,1,2DaxqgrOhkeH0fpeiQq2f4,Oasis,7GZUWgbQ41FPDSXmEwzzVP,Fmiliar to millions,2000-11-13,album,0.238,0.979,7,-3.802,1,0.0745,0.000105,0.258,0.987,0.309,137.661,4,244773
6vkXtNMpW4ZbyMGyRzwUrN,Gas Panic!(Live),0,False,8,1,2DaxqgrOhkeH0fpeiQq2f4,Oasis,7GZUWgbQ41FPDSXmEwzzVP,Fmiliar to millions,2000-11-13,album,0.254,0.951,5,-3.927,0,0.0623,0.000576,0.0831,0.99,0.359,148.3,4,481600
0bMevHKfRnvc6yZV3knkhQ,Roll With It(Live),0,False,9,1,2DaxqgrOhkeH0fpeiQq2f4,Oasis,7GZUWgbQ41FPDSXmEwzzVP,Fmiliar to millions,2000-11-13,album,0.256,0.983,9,-4.444,0,0.0786,0.00187,4.85e-05,0.951,0.322,131.616,4,284027
5HqrCtgt8GR4xFDif9uzAe,Stand By Me(Live),0,False,10,1,2DaxqgrOhkeH0fpeiQq2f4,Oasis,7GZUWgbQ41FPDSXmEwzzVP,Fmiliar to millions,2000-11-13,album,0.269,0.909,7,-4.804,1,0.0406,0.000293,0.0126,0.984,0.234,91.665,4,351213
60JksFO3HOSKavDuDRQyXD,Wonderwall(Live),0,False,11,1,2DaxqgrOhkeH0fpeiQq2f4,Oasis,7GZUWgbQ41FPDSXmEwzzVP,Fmiliar to millions,2000-11-13,album,0.15,0.912,6,-5.07,0,0.0501,0.0221,0.0154,0.982,0.391,94.592,4,286907
3mHmgMcDPz4f6oVtPp9U4z,Cigarettes & Alcohol(Live),0,False,12,1,2DaxqgrOhkeH0fpeiQq2f4,Oasis,7GZUWgbQ41FPDSXmEwzzVP,Fmiliar to millions,2000-11-13,album,0.164,0.955,9,-4.132,1,0.0683,0.000551,0.00999,0.986,0.163,130.306,4,413667
1Gol5RIbBYLLWLQo76Ca4x,Don't Look Back In Anger(Live),0,False,13,1,2DaxqgrOhkeH0fpeiQq2f4,Oasis,7GZUWgbQ41FPDSXmEwzzVP,Fmiliar to millions,2000-11-13,album,0.105,0.94,0,-5.12,1,0.0799,0.0212,0.015,0.985,0.222,84.125,4,327600
5ApOdLPZyFZmb8xiSsEWGq,Live Forever(Live),0,False,14,1,2DaxqgrOhkeH0fpeiQq2f4,Oasis,7GZUWgbQ41FPDSXmEwzzVP,Fmiliar to millions,2000-11-13,album,0.126,0.939,9,-3.979,0,0.0767,0.00791,0.116,0.99,0.192,89.758,4,307693
3m3FpptQEli142oEz4IFAA,Champagne Supernova(Live),0,False,16,1,2DaxqgrOhkeH0fpeiQq2f4,Oasis,7GZUWgbQ41FPDSXmEwzzVP,Fmiliar to millions,2000-11-13,album,0.122,0.892,2,-4.626,1,0.0508,0.00463,0.00584,0.987,0.137,80.594,4,391627
0gBOY5MBYSEo36WK3yEeaF,Helter Skelter(Live),0,False,18,1,2DaxqgrOhkeH0fpeiQq2f4,Oasis,7GZUWgbQ41FPDSXmEwzzVP,Fmiliar to millions,2000-11-13,album,0.115,0.977,9,-3.893,0,0.0862,0.000131,0.284,0.966,0.169,89.167,4,393507
2oYxLcpcnxTUbWsj9cCc5v,Go Let It Out,0,False,1,1,2DaxqgrOhkeH0fpeiQq2f4,Oasis,0fxOthbrUUMNB5rr94I8U9,Familiar To Millions,2000,album,0.155,0.962,0,-6.43,1,0.0963,0.00172,0.058,0.98,0.164,134.147,5,184333
0Chq6uUAG5uvEoNPuISENK,Who Feels Love?,0,False,2,1,2DaxqgrOhkeH0fpeiQq2f4,Oasis,0fxOthbrUUMNB5rr94I8U9,Familiar To Millions,2000,album,0.0923,0.938,2,-4.378,1,0.0491,0.000104,0.0575,0.931,0.519,85.209,4,332267
7lmlaEGLvu0jPDNjboBHlU,Supersonic,0,False,3,1,2DaxqgrOhkeH0fpeiQq2f4,Oasis,0fxOthbrUUMNB5rr94I8U9,Familiar To Millions,2000,album,0.332,0.883,0,-5.384,1,0.0363,0.000875,0.00564,0.945,0.197,79.992,4,359760
1OzPE1NjpUbDngCzMMgBtv,Shakermaker,0,False,4,1,2DaxqgrOhkeH0fpeiQq2f4,Oasis,0fxOthbrUUMNB5rr94I8U9,Familiar To Millions,2000,album,0.301,0.99,6,-4.472,0,0.0609,5.54e-05,0.261,0.991,0.232,119.343,4,270333
1IlyLCN86jiMbssPCzgBnG,Acquiesce,0,False,5,1,2DaxqgrOhkeH0fpeiQq2f4,Oasis,0fxOthbrUUMNB5rr94I8U9,Familiar To Millions,2000,album,0.263,0.96,4,-4.387,1,0.0898,0.00342,0.0214,0.984,0.125,105.223,4,313000
7iyyUlaLV2Y3E9JAX9TtDm,Gas Panic!,0,False,6,1,2DaxqgrOhkeH0fpeiQq2f4,Oasis,0fxOthbrUUMNB5rr94I8U9,Familiar To Millions,2000,album,0.274,0.991,5,-4.108,1,0.159,0.000419,0.0182,0.974,0.106,125.118,4,258440
0Ft92e7t1XoeQ1DnWvrhil,Roll With It,0,False,7,1,2DaxqgrOhkeH0fpeiQq2f4,Oasis,0fxOthbrUUMNB5rr94I8U9,Familiar To Millions,2000,album,0.251,0.981,4,-3.82,0,0.0753,0.000107,0.151,0.989,0.252,137.584,4,245493
0SQzbwtclfXL9vMrb8tepS,Wonderwall,0,False,8,1,2DaxqgrOhkeH0fpeiQq2f4,Oasis,0fxOthbrUUMNB5rr94I8U9,Familiar To Millions,2000,album,0.256,0.943,5,-3.893,0,0.0612,0.000613,0.103,0.988,0.343,147.837,4,481533
1ljyGnIWp1dLpzrDjCA7Qg,Cigarettes & Alcohol,0,False,9,1,2DaxqgrOhkeH0fpeiQq2f4,Oasis,0fxOthbrUUMNB5rr94I8U9,Familiar To Millions,2000,album,0.237,0.985,9,-4.46,0,0.0859,0.00137,2.88e-05,0.953,0.255,131.619,4,283707
1I8EbAQEivoxIQAJnO40g7,Don't Look Back In Anger,0,False,10,1,2DaxqgrOhkeH0fpeiQq2f4,Oasis,0fxOthbrUUMNB5rr94I8U9,Familiar To Millions,2000,album,0.291,0.897,7,-4.782,1,0.0399,0.000304,0.011,0.99,0.243,91.778,4,349000
3BvtRQCKr4uBlklrfHvgC3,Live Forever,0,False,11,1,2DaxqgrOhkeH0fpeiQq2f4,Oasis,0fxOthbrUUMNB5rr94I8U9,Familiar To Millions,2000,album,0.143,0.914,6,-5.05,0,0.0528,0.0177,0.0162,0.985,0.438,92.938,4,286467
3jkiFYZkiL8SqsUZngfy5r,Champagne Supernova,0,False,12,1,2DaxqgrOhkeH0fpeiQq2f4,Oasis,0fxOthbrUUMNB5rr94I8U9,Familiar To Millions,2000,album,0.163,0.952,9,-4.097,1,0.0692,0.000566,0.0205,0.976,0.149,130.592,4,412027
6VvKuyW60DkaDuwAHdHkl7,Stand By Me (Live At Bonehead's Outtake),0,False,7,2,2DaxqgrOhkeH0fpeiQq2f4,Oasis,5ng5dilD1OOQkeON0kpaxd,Be Here Now (Deluxe Edition) (Remastered),1997-08-21,album,0.576,0.545,9,-5.84,0,0.0257,0.23,0.0,0.113,0.629,81.068,4,362640
6wu6mW60RuNsqGwe7JiaVq,Untitled (Demo),0,False,8,2,2DaxqgrOhkeH0fpeiQq2f4,Oasis,5ng5dilD1OOQkeON0kpaxd,Be Here Now (Deluxe Edition) (Remastered),1997-08-21,album,0.514,0.366,2,-7.109,1,0.0281,0.788,0.000124,0.147,0.411,100.807,4,277840
4iLseQVTWqObiJQrLceJV0,Don't Go Away (Demo),0,False,12,2,2DaxqgrOhkeH0fpeiQq2f4,Oasis,5ng5dilD1OOQkeON0kpaxd,Be Here Now (Deluxe Edition) (Remastered),1997-08-21,album,0.488,0.529,0,-7.536,1,0.032,0.801,0.0,0.231,0.525,85.313,4,222547
0oq67zMbXl3Tz8MtyuUepj,My Big Mouth (Live At Knebworth Park),0,False,13,2,2DaxqgrOhkeH0fpeiQq2f4,Oasis,5ng5dilD1OOQkeON0kpaxd,Be Here Now (Deluxe Edition) (Remastered),1997-08-21,album,0.181,0.935,5,-5.404,1,0.0729,0.000148,0.272,0.956,0.366,141.382,4,321467
6u3iAYPSzkumfdt9fitWll,D'You Know What I Mean? (NG's 2016 Rethink),0,False,14,2,2DaxqgrOhkeH0fpeiQq2f4,Oasis,5ng5dilD1OOQkeON0kpaxd,Be Here Now (Deluxe Edition) (Remastered),1997-08-21,album,0.331,0.843,4,-3.273,1,0.0376,0.000126,0.0118,0.198,0.322,80.01,4,443496
4ykNsYMuN67OrThciIh8wR,D'You Know What I Mean? (Mustique Demo),0,False,1,3,2DaxqgrOhkeH0fpeiQq2f4,Oasis,5ng5dilD1OOQkeON0kpaxd,Be Here Now (Deluxe Edition) (Remastered),1997-08-21,album,0.447,0.633,6,-8.421,0,0.0298,0.00662,0.000893,0.127,0.155,80.013,4,435373
2Zu3xVGicYnaC5QTlZTFR0,My Big Mouth (Mustique Demo),0,False,2,3,2DaxqgrOhkeH0fpeiQq2f4,Oasis,5ng5dilD1OOQkeON0kpaxd,Be Here Now (Deluxe Edition) (Remastered),1997-08-21,album,0.466,0.866,0,-7.625,1,0.047,9.79e-06,0.000285,0.171,0.696,134.001,4,317427
5a6aybUTh6VkW1iIOsbzgU,Stand By Me (Mustique Demo),0,False,4,3,2DaxqgrOhkeH0fpeiQq2f4,Oasis,5ng5dilD1OOQkeON0kpaxd,Be Here Now (Deluxe Edition) (Remastered),1997-08-21,album,0.364,0.801,7,-7.966,1,0.0319,0.00112,0.000471,0.607,0.455,168.024,4,360920
4TMjIki3yckTl4K9qGEuaG,"I Hope, I Think, I Know (Mustique Demo)",0,False,5,3,2DaxqgrOhkeH0fpeiQq2f4,Oasis,5ng5dilD1OOQkeON0kpaxd,Be Here Now (Deluxe Edition) (Remastered),1997-08-21,album,0.406,0.922,2,-7.529,1,0.0466,5.22e-06,4.77e-05,0.72,0.55,136.984,4,250680
24YZ9DR302h4il3EA8ffiL,The Girl In The Dirty Shirt (Mustique Demo),0,False,6,3,2DaxqgrOhkeH0fpeiQq2f4,Oasis,5ng5dilD1OOQkeON0kpaxd,Be Here Now (Deluxe Edition) (Remastered),1997-08-21,album,0.35,0.781,7,-8.019,1,0.0352,0.0181,3.52e-06,0.327,0.547,165.945,4,323267
3GckVaSm7OZbEGo282Kc6Y,Don't Go Away (Mustique Demo),0,False,7,3,2DaxqgrOhkeH0fpeiQq2f4,Oasis,5ng5dilD1OOQkeON0kpaxd,Be Here Now (Deluxe Edition) (Remastered),1997-08-21,album,0.421,0.783,9,-8.846,0,0.0361,0.0207,2.48e-06,0.125,0.535,161.771,4,258293
5V4obPRZYShUGvF41KaVJu,Fade In-Out (Mustique Demo),0,False,9,3,2DaxqgrOhkeH0fpeiQq2f4,Oasis,5ng5dilD1OOQkeON0kpaxd,Be Here Now (Deluxe Edition) (Remastered),1997-08-21,album,0.468,0.566,7,-10.033,1,0.027,0.0755,0.00173,0.45,0.277,86.039,4,362880
41PphIXG1PPIsdM9GKIOQq,All Around The World (Mustique Demo),0,False,13,3,2DaxqgrOhkeH0fpeiQq2f4,Oasis,5ng5dilD1OOQkeON0kpaxd,Be Here Now (Deluxe Edition) (Remastered),1997-08-21,album,0.469,0.744,11,-7.959,1,0.0301,0.0059,0.062,0.673,0.457,81.997,4,390893
7rDoN7auBaaLSV9u0frJTP,It's Gettin' Better (Man!!) (Mustique Demo),0,False,14,3,2DaxqgrOhkeH0fpeiQq2f4,Oasis,5ng5dilD1OOQkeON0kpaxd,Be Here Now (Deluxe Edition) (Remastered),1997-08-21,album,0.438,0.926,2,-7.535,1,0.0437,9.66e-05,0.000411,0.197,0.378,125.002,4,397587
4lP3maF4uUrlWPOhGBSv9Q,Stand by Me - Live at Bonehead's Outtake,0,False,7,2,2DaxqgrOhkeH0fpeiQq2f4,Oasis,5il5wvcqfaa0zb5nhIMIQs,Be Here Now (Remastered Deluxe Version),1997-08-21,album,0.576,0.545,9,-5.84,0,0.0257,0.23,0.0,0.113,0.629,81.068,4,362640
7kibDR4RcGUpcnhY5JYkDC,Untitled - Demo,0,False,8,2,2DaxqgrOhkeH0fpeiQq2f4,Oasis,5il5wvcqfaa0zb5nhIMIQs,Be Here Now (Remastered Deluxe Version),1997-08-21,album,0.514,0.366,2,-7.109,1,0.0281,0.788,0.000124,0.147,0.411,100.807,4,277840
3PjNHRSamVFRCibFICUd0n,Help! - Live in LA,0,False,9,2,2DaxqgrOhkeH0fpeiQq2f4,Oasis,5il5wvcqfaa0zb5nhIMIQs,Be Here Now (Remastered Deluxe Version),1997-08-21,album,0.395,0.31,11,-6.871,0,0.0298,0.72,0.0,0.726,0.195,123.538,4,224867
7JqFZ8vi2ZmHCickXX3tDs,Setting Sun - Live Radio Broadcast,0,False,10,2,2DaxqgrOhkeH0fpeiQq2f4,Oasis,5il5wvcqfaa0zb5nhIMIQs,Be Here Now (Remastered Deluxe Version),1997-08-21,album,0.551,0.372,7,-5.762,1,0.025,0.414,0.0,0.0921,0.339,99.115,4,236027
7953XQwIvmMJlnSOHFqlOz,If We Shadows - Demo,0,False,11,2,2DaxqgrOhkeH0fpeiQq2f4,Oasis,5il5wvcqfaa0zb5nhIMIQs,Be Here Now (Remastered Deluxe Version),1997-08-21,album,0.366,0.263,9,-9.605,0,0.0254,0.754,0.000261,0.0735,0.242,75.093,4,293213
781YcWspHLkVkD0t33IDLv,Don't Go Away - Demo,0,False,12,2,2DaxqgrOhkeH0fpeiQq2f4,Oasis,5il5wvcqfaa0zb5nhIMIQs,Be Here Now (Remastered Deluxe Version),1997-08-21,album,0.488,0.529,0,-7.536,1,0.032,0.801,0.0,0.231,0.525,85.313,4,222547
6G28yBpkqXCCJIrGWgr0Gn,My Big Mouth - Live at Knebworth Park,0,True,13,2,2DaxqgrOhkeH0fpeiQq2f4,Oasis,5il5wvcqfaa0zb5nhIMIQs,Be Here Now (Remastered Deluxe Version),1997-08-21,album,0.181,0.935,5,-5.404,1,0.0729,0.000148,0.272,0.956,0.366,141.382,4,321467
0mOeKAaqlz7f0Tc5UPYsT8,D'you Know What I Mean? - Ng's 2016 Rethink,0,False,14,2,2DaxqgrOhkeH0fpeiQq2f4,Oasis,5il5wvcqfaa0zb5nhIMIQs,Be Here Now (Remastered Deluxe Version),1997-08-21,album,0.331,0.843,4,-3.273,1,0.0376,0.000126,0.0118,0.198,0.322,80.01,4,443496
1PtlAeisFlkNjOUSGpuLwK,D'you Know What I Mean? - Mustique Demo,0,False,1,3,2DaxqgrOhkeH0fpeiQq2f4,Oasis,5il5wvcqfaa0zb5nhIMIQs,Be Here Now (Remastered Deluxe Version),1997-08-21,album,0.447,0.633,6,-8.421,0,0.0298,0.00662,0.000893,0.127,0.155,80.013,4,435373
7fK14GSs67aMpDxnV3QUcq,My Big Mouth - Mustique Demo,0,False,2,3,2DaxqgrOhkeH0fpeiQq2f4,Oasis,5il5wvcqfaa0zb5nhIMIQs,Be Here Now (Remastered Deluxe Version),1997-08-21,album,0.466,0.866,0,-7.625,1,0.047,9.79e-06,0.000285,0.171,0.696,134.001,4,317427
2ORi1tAahFX3uic4QZwkys,My Sister Lover - Mustique Demo,0,False,3,3,2DaxqgrOhkeH0fpeiQq2f4,Oasis,5il5wvcqfaa0zb5nhIMIQs,Be Here Now (Remastered Deluxe Version),1997-08-21,album,0.445,0.888,11,-7.18,0,0.0323,4.51e-05,0.000976,0.332,0.552,134.0,4,369040
5FGylirZPVrFuluTeDi5dL,Stand by Me - Mustique Demo,0,False,4,3,2DaxqgrOhkeH0fpeiQq2f4,Oasis,5il5wvcqfaa0zb5nhIMIQs,Be Here Now (Remastered Deluxe Version),1997-08-21,album,0.364,0.801,7,-7.966,1,0.0319,0.00112,0.000471,0.607,0.455,168.024,4,360920
7ePf8HtgrZT8V8PvlGuw63,"I Hope, I Think, I Know - Mustique Demo",0,False,5,3,2DaxqgrOhkeH0fpeiQq2f4,Oasis,5il5wvcqfaa0zb5nhIMIQs,Be Here Now (Remastered Deluxe Version),1997-08-21,album,0.406,0.922,2,-7.529,1,0.0466,5.22e-06,4.77e-05,0.72,0.55,136.984,4,250680
4Og9GvLfpDXDBT8RJ6h3Qm,The Girl in the Dirty Shirt - Mustique Demo,0,False,6,3,2DaxqgrOhkeH0fpeiQq2f4,Oasis,5il5wvcqfaa0zb5nhIMIQs,Be Here Now (Remastered Deluxe Version),1997-08-21,album,0.35,0.781,7,-8.019,1,0.0352,0.0181,3.52e-06,0.327,0.547,165.945,4,323267
782gkbprc5V72v2UkOJjyP,Don't Go Away - Mustique Demo,0,False,7,3,2DaxqgrOhkeH0fpeiQq2f4,Oasis,5il5wvcqfaa0zb5nhIMIQs,Be Here Now (Remastered Deluxe Version),1997-08-21,album,0.421,0.783,9,-8.846,0,0.0361,0.0207,2.48e-06,0.125,0.535,161.771,4,258293
1wNHrYHoBDuXY6fEnVDclI,Trip Inside (Be Here Now) - Mustique Demo,0,False,8,3,2DaxqgrOhkeH0fpeiQq2f4,Oasis,5il5wvcqfaa0zb5nhIMIQs,Be Here Now (Remastered Deluxe Version),1997-08-21,album,0.178,0.272,7,-20.608,1,0.0294,0.974,0.996,0.21,0.102,164.818,4,215000
5RKrz5yMyTpPvFegLdz5Kt,Fade In-Out - Mustique Demo,0,False,9,3,2DaxqgrOhkeH0fpeiQq2f4,Oasis,5il5wvcqfaa0zb5nhIMIQs,Be Here Now (Remastered Deluxe Version),1997-08-21,album,0.468,0.566,7,-10.033,1,0.027,0.0755,0.00173,0.45,0.277,86.039,4,362880
2N3clFoGjCmZ9EXyfhnGha,Stay Young - Mustique Demo,0,False,10,3,2DaxqgrOhkeH0fpeiQq2f4,Oasis,5il5wvcqfaa0zb5nhIMIQs,Be Here Now (Remastered Deluxe Version),1997-08-21,album,0.381,0.832,2,-6.603,1,0.0423,5.64e-06,0.0114,0.575,0.383,128.959,4,296480
7MDJucE5e2xTn4ILa2UAkv,Angel Child - Mustique Demo,0,False,11,3,2DaxqgrOhkeH0fpeiQq2f4,Oasis,5il5wvcqfaa0zb5nhIMIQs,Be Here Now (Remastered Deluxe Version),1997-08-21,album,0.3,0.397,4,-12.688,0,0.0302,0.376,5.18e-06,0.171,0.182,95.689,4,268373
6F4U48qC7d1Kfr1uPZYlBW,The Fame - Mustique Demo,0,False,12,3,2DaxqgrOhkeH0fpeiQq2f4,Oasis,5il5wvcqfaa0zb5nhIMIQs,Be Here Now (Remastered Deluxe Version),1997-08-21,album,0.409,0.919,2,-6.865,1,0.0431,2.71e-05,0.000426,0.192,0.667,134.95,4,285360
3jzexc55jmUTD8QrxUEL0b,All Around the World - Mustique Demo,0,False,13,3,2DaxqgrOhkeH0fpeiQq2f4,Oasis,5il5wvcqfaa0zb5nhIMIQs,Be Here Now (Remastered Deluxe Version),1997-08-21,album,0.469,0.744,11,-7.959,1,0.0301,0.0059,0.062,0.673,0.457,81.997,4,390893
0HijRhhWI5KmdevVKJmE0Y,It's Gettin' Better (Man!!) - Mustique Demo,0,False,14,3,2DaxqgrOhkeH0fpeiQq2f4,Oasis,5il5wvcqfaa0zb5nhIMIQs,Be Here Now (Remastered Deluxe Version),1997-08-21,album,0.438,0.926,2,-7.535,1,0.0437,9.66e-05,0.000411,0.197,0.378,125.002,4,397587
6brg5ZYnQm05hiDCXuNcUJ,Stand by Me - Live at Bonehead's Outtake,13,False,19,1,2DaxqgrOhkeH0fpeiQq2f4,Oasis,0q0IOjjhk66mFdABKpTPkp,Be Here Now(Remastered)(Deluxe Edition),1997-08-21,album,0.576,0.543,9,-5.855,0,0.0259,0.229,0.0,0.114,0.644,81.074,4,362640
2tgEfnBmPIsUo5annQjX3G,Untitled - Demo,6,False,20,1,2DaxqgrOhkeH0fpeiQq2f4,Oasis,0q0IOjjhk66mFdABKpTPkp,Be Here Now(Remastered)(Deluxe Edition),1997-08-21,album,0.516,0.368,2,-7.198,1,0.028,0.781,0.000175,0.147,0.41,100.511,4,277840
4tFubCtXIBbzEnDbzVCs75,Help! - Live in LA,10,False,21,1,2DaxqgrOhkeH0fpeiQq2f4,Oasis,0q0IOjjhk66mFdABKpTPkp,Be Here Now(Remastered)(Deluxe Edition),1997-08-21,album,0.39,0.307,11,-6.889,0,0.03,0.701,0.0,0.733,0.19,123.911,4,225040
7bE0nsCrPqM8zjZGncDjrc,Setting Sun - Live Radio Broadcast,7,False,22,1,2DaxqgrOhkeH0fpeiQq2f4,Oasis,0q0IOjjhk66mFdABKpTPkp,Be Here Now(Remastered)(Deluxe Edition),1997-08-21,album,0.567,0.373,7,-5.743,1,0.0251,0.439,0.0,0.0936,0.29,99.651,4,235853
5tKPN9H9e6RYTgXLZadHlK,If We Shadows - Demo,7,False,23,1,2DaxqgrOhkeH0fpeiQq2f4,Oasis,0q0IOjjhk66mFdABKpTPkp,Be Here Now(Remastered)(Deluxe Edition),1997-08-21,album,0.422,0.258,9,-9.616,0,0.0261,0.741,0.000195,0.0737,0.269,141.461,4,293213
4FFWLOvJ08TsQcxeT6rMhm,Don't Go Away - Demo,8,False,24,1,2DaxqgrOhkeH0fpeiQq2f4,Oasis,0q0IOjjhk66mFdABKpTPkp,Be Here Now(Remastered)(Deluxe Edition),1997-08-21,album,0.482,0.526,0,-7.515,1,0.0308,0.781,0.0,0.174,0.513,84.75,4,222547
7CWV2iRlZOvSFLDelblukj,My Big Mouth - Live at Knebworth Park,6,True,25,1,2DaxqgrOhkeH0fpeiQq2f4,Oasis,0q0IOjjhk66mFdABKpTPkp,Be Here Now(Remastered)(Deluxe Edition),1997-08-21,album,0.186,0.936,5,-5.386,1,0.0747,0.000131,0.186,0.907,0.361,140.254,4,322680
1GXfQ7PGNONVxRIpd6MhP3,D'You Know What I Mean? - NG's 2016 Rethink,10,False,26,1,2DaxqgrOhkeH0fpeiQq2f4,Oasis,0q0IOjjhk66mFdABKpTPkp,Be Here Now(Remastered)(Deluxe Edition),1997-08-21,album,0.321,0.832,4,-3.872,1,0.0384,0.000134,0.024,0.196,0.311,79.991,4,445467
5XAx1LNTRMY2KIzo4LGgab,D'You Know What I Mean? - Mustique Demo,7,False,27,1,2DaxqgrOhkeH0fpeiQq2f4,Oasis,0q0IOjjhk66mFdABKpTPkp,Be Here Now(Remastered)(Deluxe Edition),1997-08-21,album,0.451,0.63,11,-8.379,0,0.0294,0.00636,0.000697,0.174,0.146,79.997,4,436373
3R6kp0vJRaqBrzxywztsXq,My Big Mouth - Mustique Demo,5,False,28,1,2DaxqgrOhkeH0fpeiQq2f4,Oasis,0q0IOjjhk66mFdABKpTPkp,Be Here Now(Remastered)(Deluxe Edition),1997-08-21,album,0.467,0.865,0,-7.625,1,0.047,9.78e-06,0.000287,0.171,0.695,134.005,4,317427
3yzbVXaGh9OtCmKtqHzxm9,My Sister Lover - Mustique Demo,5,False,29,1,2DaxqgrOhkeH0fpeiQq2f4,Oasis,0q0IOjjhk66mFdABKpTPkp,Be Here Now(Remastered)(Deluxe Edition),1997-08-21,album,0.444,0.888,11,-7.18,0,0.0323,4.47e-05,0.000974,0.332,0.552,134.003,4,369040
1FBcLkx1NAZaIuthegv50J,Stand by Me - Mustique Demo,7,False,30,1,2DaxqgrOhkeH0fpeiQq2f4,Oasis,0q0IOjjhk66mFdABKpTPkp,Be Here Now(Remastered)(Deluxe Edition),1997-08-21,album,0.364,0.801,7,-7.966,1,0.0319,0.00112,0.000471,0.607,0.454,168.017,4,360920
1Krb7tbf6J7mKwylBkCuMW,"I Hope, I Think, I Know - Mustique Demo",7,False,31,1,2DaxqgrOhkeH0fpeiQq2f4,Oasis,0q0IOjjhk66mFdABKpTPkp,Be Here Now(Remastered)(Deluxe Edition),1997-08-21,album,0.405,0.922,2,-7.529,1,0.0466,5.21e-06,4.51e-05,0.72,0.564,136.98,4,250680
1xvpkoJVP0QP8n8XFhaQzu,The Girl in the Dirty Shirt - Mustique Demo,5,False,32,1,2DaxqgrOhkeH0fpeiQq2f4,Oasis,0q0IOjjhk66mFdABKpTPkp,Be Here Now(Remastered)(Deluxe Edition),1997-08-21,album,0.35,0.781,7,-8.019,1,0.0352,0.0183,3.52e-06,0.327,0.547,165.94,4,323267
1iKpdlmfeggxmMzI3XB0AE,Don't Go Away - Mustique Demo,6,False,33,1,2DaxqgrOhkeH0fpeiQq2f4,Oasis,0q0IOjjhk66mFdABKpTPkp,Be Here Now(Remastered)(Deluxe Edition),1997-08-21,album,0.421,0.783,9,-8.846,0,0.0361,0.021,2.59e-06,0.124,0.536,161.772,4,258293
0DY7Lh8YJcpEehscwb3ocM,Trip Inside (Be Here Now) - Mustique Demo,5,False,34,1,2DaxqgrOhkeH0fpeiQq2f4,Oasis,0q0IOjjhk66mFdABKpTPkp,Be Here Now(Remastered)(Deluxe Edition),1997-08-21,album,0.178,0.272,7,-20.608,1,0.0294,0.974,0.996,0.21,0.102,164.816,4,215000
389fHiT4Zkhw1DPCapPZUb,Fade In-Out - Mustique Demo,4,False,35,1,2DaxqgrOhkeH0fpeiQq2f4,Oasis,0q0IOjjhk66mFdABKpTPkp,Be Here Now(Remastered)(Deluxe Edition),1997-08-21,album,0.467,0.566,7,-10.033,1,0.0271,0.0755,0.00169,0.45,0.279,85.948,4,362880
4hJlwc9ebUmDFDgI6cjoZS,Stay Young - Mustique Demo,6,False,36,1,2DaxqgrOhkeH0fpeiQq2f4,Oasis,0q0IOjjhk66mFdABKpTPkp,Be Here Now(Remastered)(Deluxe Edition),1997-08-21,album,0.381,0.832,2,-6.603,1,0.0423,5.56e-06,0.0118,0.574,0.383,128.956,4,296480
39ZmsI0Of6a4FWktAd2FV4,Angel Child - Mustique Demo,10,False,37,1,2DaxqgrOhkeH0fpeiQq2f4,Oasis,0q0IOjjhk66mFdABKpTPkp,Be Here Now(Remastered)(Deluxe Edition),1997-08-21,album,0.298,0.397,4,-12.687,0,0.0302,0.376,5.18e-06,0.171,0.181,96.021,4,268373
0MfuBlIYRO6os9V9gxpYyG,The Fame - Mustique Demo,4,False,38,1,2DaxqgrOhkeH0fpeiQq2f4,Oasis,0q0IOjjhk66mFdABKpTPkp,Be Here Now(Remastered)(Deluxe Edition),1997-08-21,album,0.409,0.917,2,-6.864,1,0.043,2.7e-05,0.000437,0.192,0.666,134.959,4,285360
0lK8YDFRQjgJ1JYE5sOyNB,All Around the World - Mustique Demo,6,False,39,1,2DaxqgrOhkeH0fpeiQq2f4,Oasis,0q0IOjjhk66mFdABKpTPkp,Be Here Now(Remastered)(Deluxe Edition),1997-08-21,album,0.471,0.743,11,-7.96,1,0.0301,0.00594,0.0597,0.673,0.457,82.023,4,390893
6EePwDTTzewuWURhbKZyN5,It's Gettin' Better (Man!!) - Mustique Demo,4,False,40,1,2DaxqgrOhkeH0fpeiQq2f4,Oasis,0q0IOjjhk66mFdABKpTPkp,Be Here Now(Remastered)(Deluxe Edition),1997-08-21,album,0.438,0.926,2,-7.535,1,0.0437,9.66e-05,0.000404,0.204,0.378,125.005,4,399587
5XGnHph8MX28nk8FsN1p4M,Stand by Me - Live at Bonehead's Outtake,0,False,19,1,2DaxqgrOhkeH0fpeiQq2f4,Oasis,47tufX4vZvEaKdir822Lt8,Be Here Now [Remastered] (Deluxe Version),1997-08-21,album,0.576,0.543,9,-5.853,0,0.0259,0.234,0.0,0.114,0.645,81.076,4,362640
43uQE7jETBYOPvjPxy21q1,Untitled - Demo,0,False,20,1,2DaxqgrOhkeH0fpeiQq2f4,Oasis,47tufX4vZvEaKdir822Lt8,Be Here Now [Remastered] (Deluxe Version),1997-08-21,album,0.516,0.368,2,-7.198,1,0.028,0.779,0.000175,0.147,0.41,100.515,4,277840
6NlhZ2Mbs0K5b2r1VeSHdk,Help! - Live in LA,0,False,21,1,2DaxqgrOhkeH0fpeiQq2f4,Oasis,47tufX4vZvEaKdir822Lt8,Be Here Now [Remastered] (Deluxe Version),1997-08-21,album,0.39,0.307,11,-6.889,0,0.03,0.702,0.0,0.733,0.194,123.867,4,225040
5AFME8BV8wiYoxFX88wlb8,Setting Sun - Live Radio Broadcast,0,False,22,1,2DaxqgrOhkeH0fpeiQq2f4,Oasis,47tufX4vZvEaKdir822Lt8,Be Here Now [Remastered] (Deluxe Version),1997-08-21,album,0.567,0.373,7,-5.743,1,0.0251,0.439,0.0,0.0936,0.29,99.643,4,235853
1iy0EKmFQmkpRsXMjZnBGB,If We Shadows - Demo,0,False,23,1,2DaxqgrOhkeH0fpeiQq2f4,Oasis,47tufX4vZvEaKdir822Lt8,Be Here Now [Remastered] (Deluxe Version),1997-08-21,album,0.422,0.26,9,-9.615,0,0.0263,0.736,0.000171,0.0737,0.277,140.817,4,293213
2JT70ZORVPI1BOOCNdSKv9,Don't Go Away - Demo,0,False,24,1,2DaxqgrOhkeH0fpeiQq2f4,Oasis,47tufX4vZvEaKdir822Lt8,Be Here Now [Remastered] (Deluxe Version),1997-08-21,album,0.482,0.526,0,-7.515,1,0.0308,0.781,0.0,0.174,0.513,84.793,4,222547
3Lo1jYNwFypFM1mvYASFLZ,My Big Mouth - Live at Knebworth Park,0,False,25,1,2DaxqgrOhkeH0fpeiQq2f4,Oasis,47tufX4vZvEaKdir822Lt8,Be Here Now [Remastered] (Deluxe Version),1997-08-21,album,0.181,0.935,5,-5.404,1,0.0729,0.000148,0.272,0.956,0.366,141.382,4,321467
6WIEqPxEYiti3DExXDo5nn,D'You Know What I Mean? - NG's 2016 Rethink,0,False,26,1,2DaxqgrOhkeH0fpeiQq2f4,Oasis,47tufX4vZvEaKdir822Lt8,Be Here Now [Remastered] (Deluxe Version),1997-08-21,album,0.331,0.843,4,-3.273,1,0.0376,0.000126,0.0118,0.198,0.322,80.01,4,443496
5C5nDgHsILIrMUI4n1XzTu,D'You Know What I Mean? - Mustique Demo,0,False,27,1,2DaxqgrOhkeH0fpeiQq2f4,Oasis,47tufX4vZvEaKdir822Lt8,Be Here Now [Remastered] (Deluxe Version),1997-08-21,album,0.447,0.633,6,-8.421,0,0.0298,0.00662,0.000893,0.127,0.155,80.013,4,435373
5S5v0ulLcnC7dDh3NEUHgP,My Big Mouth - Mustique Demo,0,False,28,1,2DaxqgrOhkeH0fpeiQq2f4,Oasis,47tufX4vZvEaKdir822Lt8,Be Here Now [Remastered] (Deluxe Version),1997-08-21,album,0.466,0.866,0,-7.625,1,0.047,9.79e-06,0.000285,0.171,0.696,134.002,4,317427
1WJW0FIfaVVAWV3vSE2mFR,My Sister Lover - Mustique Demo,0,False,29,1,2DaxqgrOhkeH0fpeiQq2f4,Oasis,47tufX4vZvEaKdir822Lt8,Be Here Now [Remastered] (Deluxe Version),1997-08-21,album,0.445,0.888,11,-7.18,0,0.0323,4.51e-05,0.000976,0.332,0.552,134.0,4,369040
7MsjRcixxwiIcJ6cyIAEB7,Stand by Me - Mustique Demo,0,False,30,1,2DaxqgrOhkeH0fpeiQq2f4,Oasis,47tufX4vZvEaKdir822Lt8,Be Here Now [Remastered] (Deluxe Version),1997-08-21,album,0.363,0.801,7,-7.966,1,0.0319,0.00112,0.000471,0.607,0.455,168.022,4,360920
6R1EMJ4ffyFo6vvi0uXbOC,"I Hope, I Think, I Know - Mustique Demo",0,False,31,1,2DaxqgrOhkeH0fpeiQq2f4,Oasis,47tufX4vZvEaKdir822Lt8,Be Here Now [Remastered] (Deluxe Version),1997-08-21,album,0.405,0.922,2,-7.529,1,0.0465,5.22e-06,4.77e-05,0.72,0.549,136.988,4,250680
7Lulnn8Xd6tPvbTyZQhsZ3,The Girl in the Dirty Shirt - Mustique Demo,0,False,32,1,2DaxqgrOhkeH0fpeiQq2f4,Oasis,47tufX4vZvEaKdir822Lt8,Be Here Now [Remastered] (Deluxe Version),1997-08-21,album,0.35,0.781,7,-8.019,1,0.0352,0.0181,3.52e-06,0.328,0.547,165.944,4,323267
1nrR9sw5ywVAVvhnFZU61R,Don't Go Away - Mustique Demo,0,False,33,1,2DaxqgrOhkeH0fpeiQq2f4,Oasis,47tufX4vZvEaKdir822Lt8,Be Here Now [Remastered] (Deluxe Version),1997-08-21,album,0.42,0.783,9,-8.846,0,0.036,0.0207,2.48e-06,0.125,0.535,161.776,4,258293
6EPNWEUg1CufJdwk6jaZlf,Trip Inside (Be Here Now) - Mustique Demo,0,False,34,1,2DaxqgrOhkeH0fpeiQq2f4,Oasis,47tufX4vZvEaKdir822Lt8,Be Here Now [Remastered] (Deluxe Version),1997-08-21,album,0.178,0.272,7,-20.609,1,0.0294,0.974,0.996,0.21,0.102,164.816,4,215000
3ZF5YSOe95gNHW23SU4Q6d,Fade In-Out - Mustique Demo,0,False,35,1,2DaxqgrOhkeH0fpeiQq2f4,Oasis,47tufX4vZvEaKdir822Lt8,Be Here Now [Remastered] (Deluxe Version),1997-08-21,album,0.468,0.566,7,-10.033,1,0.027,0.0755,0.00173,0.45,0.277,86.039,4,362880
3kH0fZFKTH4XVpocCTgnmT,Stay Young - Mustique Demo,0,False,36,1,2DaxqgrOhkeH0fpeiQq2f4,Oasis,47tufX4vZvEaKdir822Lt8,Be Here Now [Remastered] (Deluxe Version),1997-08-21,album,0.381,0.832,2,-6.603,1,0.0423,5.73e-06,0.0114,0.572,0.383,128.958,4,296480
28eEkyAaz1z7Ya0O9OuiUf,Angel Child - Mustique Demo,0,False,37,1,2DaxqgrOhkeH0fpeiQq2f4,Oasis,47tufX4vZvEaKdir822Lt8,Be Here Now [Remastered] (Deluxe Version),1997-08-21,album,0.3,0.397,4,-12.688,0,0.0302,0.378,5.18e-06,0.172,0.182,95.746,4,268373
4eSTupw2RdklJVPGpMKaoi,The Fame - Mustique Demo,0,False,38,1,2DaxqgrOhkeH0fpeiQq2f4,Oasis,47tufX4vZvEaKdir822Lt8,Be Here Now [Remastered] (Deluxe Version),1997-08-21,album,0.409,0.919,2,-6.865,1,0.0431,2.71e-05,0.000426,0.193,0.667,134.956,4,285360
3cOgnRN5ZCb7q57PZnw2rE,All Around the World - Mustique Demo,0,False,39,1,2DaxqgrOhkeH0fpeiQq2f4,Oasis,47tufX4vZvEaKdir822Lt8,Be Here Now [Remastered] (Deluxe Version),1997-08-21,album,0.469,0.745,11,-7.959,1,0.0301,0.0059,0.062,0.673,0.457,81.997,4,390893
5bhO0GwCVmdoCsc9BF5NYd,It's Gettin' Better (Man!!) - Mustique Demo,0,False,40,1,2DaxqgrOhkeH0fpeiQq2f4,Oasis,47tufX4vZvEaKdir822Lt8,Be Here Now [Remastered] (Deluxe Version),1997-08-21,album,0.438,0.926,2,-7.535,1,0.0437,9.66e-05,0.000411,0.196,0.378,125.002,4,397587
3Hd9vjtvgTVBfYlZrOLFmS,Stand By Me - Live at Bonehead's Outtake,40,False,7,2,2DaxqgrOhkeH0fpeiQq2f4,Oasis,4XBCWqCXqCdN72K9SklIjy,Be Here Now (Deluxe Remastered Edition),1997,album,0.576,0.543,9,-5.855,0,0.0259,0.229,0.0,0.114,0.644,81.074,4,362640
4APCIFy1AQIrgAbIv0UX3A,Untitled - Demo,28,False,8,2,2DaxqgrOhkeH0fpeiQq2f4,Oasis,4XBCWqCXqCdN72K9SklIjy,Be Here Now (Deluxe Remastered Edition),1997,album,0.516,0.368,2,-7.198,1,0.028,0.781,0.000175,0.147,0.41,100.511,4,277840
1FJWgMDPpDcvkWfkfEQrKa,Don't Go Away - Demo,31,False,12,2,2DaxqgrOhkeH0fpeiQq2f4,Oasis,4XBCWqCXqCdN72K9SklIjy,Be Here Now (Deluxe Remastered Edition),1997,album,0.482,0.526,0,-7.515,1,0.0308,0.781,0.0,0.174,0.513,84.75,4,222547
66t5L32JUM2FaoibNiM5XG,My Big Mouth - Live at Knebworth Park,26,True,13,2,2DaxqgrOhkeH0fpeiQq2f4,Oasis,4XBCWqCXqCdN72K9SklIjy,Be Here Now (Deluxe Remastered Edition),1997,album,0.186,0.936,5,-5.386,1,0.0747,0.000131,0.186,0.907,0.361,140.254,4,322680
1k8153zf1g4HwRrp2OMiAn,D'You Know What I Mean? - NG's 2016 Rethink,33,False,14,2,2DaxqgrOhkeH0fpeiQq2f4,Oasis,4XBCWqCXqCdN72K9SklIjy,Be Here Now (Deluxe Remastered Edition),1997,album,0.321,0.832,4,-3.872,1,0.0384,0.000134,0.024,0.201,0.311,79.991,4,443653
1msXbgXACjUZ1z65rbVjCY,D'You Know What I Mean? - Mustique Demo,26,False,1,3,2DaxqgrOhkeH0fpeiQq2f4,Oasis,4XBCWqCXqCdN72K9SklIjy,Be Here Now (Deluxe Remastered Edition),1997,album,0.448,0.632,6,-8.421,0,0.0293,0.00662,0.000857,0.127,0.156,79.981,4,435373
2aXKJIi8mOSksPz3MX6uGw,My Big Mouth - Mustique Demo,24,False,2,3,2DaxqgrOhkeH0fpeiQq2f4,Oasis,4XBCWqCXqCdN72K9SklIjy,Be Here Now (Deluxe Remastered Edition),1997,album,0.467,0.867,0,-7.625,1,0.0469,9.68e-06,0.000281,0.171,0.696,134.005,4,317427
2h8v7NSE7tLXBwmDKzQA33,Stand By Me - Mustique Demo,26,False,4,3,2DaxqgrOhkeH0fpeiQq2f4,Oasis,4XBCWqCXqCdN72K9SklIjy,Be Here Now (Deluxe Remastered Edition),1997,album,0.364,0.801,7,-7.966,1,0.0319,0.00112,0.000471,0.607,0.454,168.018,4,360920
1EAHnQw4d7LHL6qzossUQY,"I Hope, I Think, I Know - Mustique Demo",24,False,5,3,2DaxqgrOhkeH0fpeiQq2f4,Oasis,4XBCWqCXqCdN72K9SklIjy,Be Here Now (Deluxe Remastered Edition),1997,album,0.405,0.922,2,-7.529,1,0.0466,5.21e-06,4.51e-05,0.72,0.564,136.98,4,250680
56RYUrFvnbOpbhTx5QnqzV,The Girl In The Dirty Shirt - Mustique Demo,25,False,6,3,2DaxqgrOhkeH0fpeiQq2f4,Oasis,4XBCWqCXqCdN72K9SklIjy,Be Here Now (Deluxe Remastered Edition),1997,album,0.35,0.781,7,-8.019,1,0.0352,0.0183,3.52e-06,0.327,0.547,165.94,4,323267
3xiObYXvzJVntlumnHItwJ,Don't Go Away - Mustique Demo,28,False,7,3,2DaxqgrOhkeH0fpeiQq2f4,Oasis,4XBCWqCXqCdN72K9SklIjy,Be Here Now (Deluxe Remastered Edition),1997,album,0.421,0.783,9,-8.846,0,0.0361,0.021,2.59e-06,0.124,0.536,161.772,4,258293
5O3DQ5LgbVRNNgLSM5h8zy,Fade In-Out - Mustique Demo,23,False,9,3,2DaxqgrOhkeH0fpeiQq2f4,Oasis,4XBCWqCXqCdN72K9SklIjy,Be Here Now (Deluxe Remastered Edition),1997,album,0.467,0.566,7,-10.033,1,0.0271,0.0755,0.00169,0.45,0.279,85.948,4,362880
5Oq57ngfNzV0ymGK3SgsaH,All Around The World - Mustique Demo,25,False,13,3,2DaxqgrOhkeH0fpeiQq2f4,Oasis,4XBCWqCXqCdN72K9SklIjy,Be Here Now (Deluxe Remastered Edition),1997,album,0.471,0.743,11,-7.96,1,0.0297,0.00594,0.0597,0.673,0.46,82.023,4,390893
25mzH0yd6V16yo0sZiVqds,It's Gettin' Better (Man!!) - Mustique Demo,22,False,14,3,2DaxqgrOhkeH0fpeiQq2f4,Oasis,4XBCWqCXqCdN72K9SklIjy,Be Here Now (Deluxe Remastered Edition),1997,album,0.438,0.926,2,-7.535,1,0.0437,9.66e-05,0.000404,0.197,0.378,125.005,4,397587
0w4U955DvqHI3pYqZfztlS,All Around The World - Reprise,24,False,12,1,2DaxqgrOhkeH0fpeiQq2f4,Oasis,021D07OEcg0c4tUCilc7ah,Be Here Now,1997,album,0.07,0.84,2,-5.77,1,0.07,0.0,0.93,0.37,0.14,79.32,4,128000
4tm6BUvtUCis7QAviVdiIL,Stand by Me - Live at Bonehead's Outtake,0,False,7,2,2DaxqgrOhkeH0fpeiQq2f4,Oasis,1DaEfg5HtFctoJ00lONeXy,Be Here Now (Remastered) [Deluxe Version],1997,album,0.576,0.543,9,-5.853,0,0.0259,0.234,0.0,0.114,0.645,81.076,4,362640
7Kmu93qAqV0fXKspxqf10r,Untitled - Demo,0,False,8,2,2DaxqgrOhkeH0fpeiQq2f4,Oasis,1DaEfg5HtFctoJ00lONeXy,Be Here Now (Remastered) [Deluxe Version],1997,album,0.516,0.368,2,-7.198,1,0.028,0.779,0.000175,0.147,0.41,100.515,4,277840
5rlaTVymKLFpriy12DBHR0,Help! - Live in LA,0,False,9,2,2DaxqgrOhkeH0fpeiQq2f4,Oasis,1DaEfg5HtFctoJ00lONeXy,Be Here Now (Remastered) [Deluxe Version],1997,album,0.39,0.307,11,-6.889,0,0.03,0.702,0.0,0.733,0.194,123.867,4,225040
72dPDhRA7geJCo15jIoQx9,Setting Sun - Live Radio Broadcast,0,False,10,2,2DaxqgrOhkeH0fpeiQq2f4,Oasis,1DaEfg5HtFctoJ00lONeXy,Be Here Now (Remastered) [Deluxe Version],1997,album,0.567,0.373,7,-5.743,1,0.0251,0.439,0.0,0.0936,0.29,99.643,4,235853
53WRHNnvdazPT1wIWic5b1,If We Shadows - Demo,0,False,11,2,2DaxqgrOhkeH0fpeiQq2f4,Oasis,1DaEfg5HtFctoJ00lONeXy,Be Here Now (Remastered) [Deluxe Version],1997,album,0.422,0.26,9,-9.615,0,0.0263,0.736,0.000171,0.0737,0.277,140.817,4,293213
7E5gOe0tjHMnzPA00f7rkr,Don't Go Away - Demo,0,False,12,2,2DaxqgrOhkeH0fpeiQq2f4,Oasis,1DaEfg5HtFctoJ00lONeXy,Be Here Now (Remastered) [Deluxe Version],1997,album,0.482,0.526,0,-7.515,1,0.0308,0.781,0.0,0.174,0.513,84.793,4,222547
5Y7lyTDNkeUlrpjh41MsqY,My Big Mouth - Live at Knebworth Park,0,False,13,2,2DaxqgrOhkeH0fpeiQq2f4,Oasis,1DaEfg5HtFctoJ00lONeXy,Be Here Now (Remastered) [Deluxe Version],1997,album,0.181,0.935,5,-5.404,1,0.0729,0.000148,0.272,0.956,0.366,141.382,4,321467
06VOh9XZtamSaqSWjiCfso,D'You Know What I Mean? - NG's 2016 Rethink,0,False,14,2,2DaxqgrOhkeH0fpeiQq2f4,Oasis,1DaEfg5HtFctoJ00lONeXy,Be Here Now (Remastered) [Deluxe Version],1997,album,0.331,0.843,4,-3.273,1,0.0376,0.000126,0.0118,0.198,0.322,80.01,4,443496
5YvgpMMVmpd7AyRlOQwsWP,D'You Know What I Mean? - Mustique Demo,0,False,1,3,2DaxqgrOhkeH0fpeiQq2f4,Oasis,1DaEfg5HtFctoJ00lONeXy,Be Here Now (Remastered) [Deluxe Version],1997,album,0.447,0.633,6,-8.421,0,0.0298,0.00662,0.000893,0.127,0.155,80.013,4,435373
1rXv0gbpf8kRL04TGwdzuD,My Big Mouth - Mustique Demo,0,False,2,3,2DaxqgrOhkeH0fpeiQq2f4,Oasis,1DaEfg5HtFctoJ00lONeXy,Be Here Now (Remastered) [Deluxe Version],1997,album,0.466,0.866,0,-7.625,1,0.047,9.79e-06,0.000285,0.171,0.696,134.001,4,317427
4JoFr2JZXqpetTqxUFwGy2,My Sister Lover - Mustique Demo,0,False,3,3,2DaxqgrOhkeH0fpeiQq2f4,Oasis,1DaEfg5HtFctoJ00lONeXy,Be Here Now (Remastered) [Deluxe Version],1997,album,0.445,0.888,11,-7.18,0,0.0323,4.51e-05,0.000976,0.332,0.552,134.0,4,369040
0p14SN948BVdHkXshqj8Uh,Stand by Me - Mustique Demo,0,False,4,3,2DaxqgrOhkeH0fpeiQq2f4,Oasis,1DaEfg5HtFctoJ00lONeXy,Be Here Now (Remastered) [Deluxe Version],1997,album,0.364,0.801,7,-7.966,1,0.0319,0.00112,0.000471,0.607,0.455,168.024,4,360920
5FfivkQlmZsvpCNjd1TewY,"I Hope, I Think, I Know - Mustique Demo",0,False,5,3,2DaxqgrOhkeH0fpeiQq2f4,Oasis,1DaEfg5HtFctoJ00lONeXy,Be Here Now (Remastered) [Deluxe Version],1997,album,0.406,0.922,2,-7.529,1,0.0466,5.22e-06,4.77e-05,0.72,0.55,136.984,4,250680
1H3btmF3DAYTrl7wMU6yQz,The Girl in the Dirty Shirt - Mustique Demo,0,False,6,3,2DaxqgrOhkeH0fpeiQq2f4,Oasis,1DaEfg5HtFctoJ00lONeXy,Be Here Now (Remastered) [Deluxe Version],1997,album,0.35,0.781,7,-8.019,1,0.0352,0.0181,3.52e-06,0.327,0.547,165.945,4,323267
2G7QYntTv5jIQJgfrss7J6,Don't Go Away - Mustique Demo,0,False,7,3,2DaxqgrOhkeH0fpeiQq2f4,Oasis,1DaEfg5HtFctoJ00lONeXy,Be Here Now (Remastered) [Deluxe Version],1997,album,0.421,0.783,9,-8.846,0,0.0361,0.0207,2.48e-06,0.125,0.535,161.771,4,258293
5ARbJTzMykhL7sCLyhbu2S,Trip Inside (Be Here Now) - Mustique Demo,0,False,8,3,2DaxqgrOhkeH0fpeiQq2f4,Oasis,1DaEfg5HtFctoJ00lONeXy,Be Here Now (Remastered) [Deluxe Version],1997,album,0.178,0.272,7,-20.608,1,0.0294,0.974,0.996,0.21,0.102,164.818,4,215000
3wWcY9kuVLXMsi4DBDTI6E,Fade In-Out - Mustique Demo,0,False,9,3,2DaxqgrOhkeH0fpeiQq2f4,Oasis,1DaEfg5HtFctoJ00lONeXy,Be Here Now (Remastered) [Deluxe Version],1997,album,0.468,0.566,7,-10.033,1,0.027,0.0755,0.00173,0.45,0.277,86.039,4,362880
6q6Acxz3h5im5WSzedZaUi,Stay Young - Mustique Demo,0,False,10,3,2DaxqgrOhkeH0fpeiQq2f4,Oasis,1DaEfg5HtFctoJ00lONeXy,Be Here Now (Remastered) [Deluxe Version],1997,album,0.381,0.832,2,-6.603,1,0.0423,5.64e-06,0.0114,0.575,0.383,128.959,4,296480
4vi9xenB6IwnXB6kI4mJBE,Angel Child - Mustique Demo,0,False,11,3,2DaxqgrOhkeH0fpeiQq2f4,Oasis,1DaEfg5HtFctoJ00lONeXy,Be Here Now (Remastered) [Deluxe Version],1997,album,0.3,0.397,4,-12.688,0,0.0302,0.376,5.18e-06,0.171,0.182,95.689,4,268373
3nTInrsIkVvFFYcyuDjcf3,The Fame - Mustique Demo,0,False,12,3,2DaxqgrOhkeH0fpeiQq2f4,Oasis,1DaEfg5HtFctoJ00lONeXy,Be Here Now (Remastered) [Deluxe Version],1997,album,0.409,0.919,2,-6.865,1,0.0431,2.71e-05,0.000426,0.192,0.667,134.95,4,285360
7idG4Ci7CNSHzceqMTM5QR,All Around the World - Mustique Demo,0,False,13,3,2DaxqgrOhkeH0fpeiQq2f4,Oasis,1DaEfg5HtFctoJ00lONeXy,Be Here Now (Remastered) [Deluxe Version],1997,album,0.469,0.744,11,-7.959,1,0.0301,0.0059,0.062,0.673,0.457,81.997,4,390893
6piN36FNcF6eQXfEqkDV1S,It's Gettin' Better (Man!!) - Mustique Demo,0,False,14,3,2DaxqgrOhkeH0fpeiQq2f4,Oasis,1DaEfg5HtFctoJ00lONeXy,Be Here Now (Remastered) [Deluxe Version],1997,album,0.438,0.926,2,-7.535,1,0.0437,9.66e-05,0.000411,0.197,0.378,125.002,4,397587
01xMGp64VeC1YsHXAPhm1K,Some Might Say (Demo),0,False,2,3,2DaxqgrOhkeH0fpeiQq2f4,Oasis,6ozp33PI3p9AdddB6ZL3xQ,(What's The Story) Morning Glory? (Deluxe Edition) [Remastered],1995-10-02,album,0.6,0.69,2,-5.46,1,0.03,0.77,0.0,0.08,0.59,108.53,4,243000
26SnnjYX5b6eLoSl333keJ,Some Might Say (Live at Roskilde),0,False,3,3,2DaxqgrOhkeH0fpeiQq2f4,Oasis,6ozp33PI3p9AdddB6ZL3xQ,(What's The Story) Morning Glory? (Deluxe Edition) [Remastered],1995-10-02,album,0.17,0.74,2,-2.65,1,0.06,0.0,0.0,0.38,0.34,123.87,4,306000
2k1qZKyGZZB0vRC2MdVQsv,Hello (Live At Roskilde),0,False,7,3,2DaxqgrOhkeH0fpeiQq2f4,Oasis,6ozp33PI3p9AdddB6ZL3xQ,(What's The Story) Morning Glory? (Deluxe Edition) [Remastered],1995-10-02,album,0.13,0.9,2,-3.92,1,0.1,0.0,0.03,0.45,0.13,145.58,4,203000
4mRw5GU22uPKr0mkCPTw45,Roll With It (Live At Roskilde),0,False,8,3,2DaxqgrOhkeH0fpeiQq2f4,Oasis,6ozp33PI3p9AdddB6ZL3xQ,(What's The Story) Morning Glory? (Deluxe Edition) [Remastered],1995-10-02,album,0.21,0.78,9,-3.81,0,0.05,0.0,0.6,0.38,0.34,127.32,4,247000
4iQEjzAwrkcwrtY5lJwpCh,Morning Glory (Live At Roskilde),0,False,9,3,2DaxqgrOhkeH0fpeiQq2f4,Oasis,6ozp33PI3p9AdddB6ZL3xQ,(What's The Story) Morning Glory? (Deluxe Edition) [Remastered],1995-10-02,album,0.18,0.83,9,-4.4,0,0.07,0.0,0.24,0.11,0.22,136.04,4,287000
3WLbHBmM0sTuwrBn1JX8EM,Hey Now (Demo),0,False,10,3,2DaxqgrOhkeH0fpeiQq2f4,Oasis,6ozp33PI3p9AdddB6ZL3xQ,(What's The Story) Morning Glory? (Deluxe Edition) [Remastered],1995-10-02,album,0.56,0.61,7,-6.32,1,0.03,0.87,0.0,0.15,0.38,98.95,4,187000
1AsObKOlXkqTaE2nBXHS7O,Round Are Way (MTV Unplugged),0,False,12,3,2DaxqgrOhkeH0fpeiQq2f4,Oasis,6ozp33PI3p9AdddB6ZL3xQ,(What's The Story) Morning Glory? (Deluxe Edition) [Remastered],1995-10-02,album,0.37,0.88,7,-5.02,1,0.1,0.02,0.0,0.74,0.38,145.92,4,291000
61OmtwKId37JLGmShjRXlj,Cast No Shadow (Live At Maine Road),0,False,13,3,2DaxqgrOhkeH0fpeiQq2f4,Oasis,6ozp33PI3p9AdddB6ZL3xQ,(What's The Story) Morning Glory? (Deluxe Edition) [Remastered],1995-10-02,album,0.11,0.85,0,-4.86,1,0.06,0.0,0.0,0.37,0.31,193.99,4,245000
4gq08vt7IV7sNlgLFNQZw9,Hello,0,False,1,1,2DaxqgrOhkeH0fpeiQq2f4,Oasis,1FB977nQEiAr8jel6O2Zn3,(What's The Story) Morning Glory,1995-10-02,album,0.32,0.95,9,-3.23,0,0.09,0.01,0.02,0.17,0.05,132.19,4,203000
0iz3SjHib0OvI2e4Y4xEu0,Roll With It,0,False,2,1,2DaxqgrOhkeH0fpeiQq2f4,Oasis,1FB977nQEiAr8jel6O2Zn3,(What's The Story) Morning Glory,1995-10-02,album,0.25,0.99,9,-3.76,0,0.13,0.0,0.0,0.31,0.19,126.56,4,239000
5bj4hb0QYTs44PDiwbI5CS,Wonderwall,0,False,3,1,2DaxqgrOhkeH0fpeiQq2f4,Oasis,1FB977nQEiAr8jel6O2Zn3,(What's The Story) Morning Glory,1995-10-02,album,0.41,0.85,2,-5.61,1,0.04,0.0,0.0,0.13,0.46,174.58,4,259000
7H0jlAh4VoUtdeBUurXae9,Don't Look Back In Anger,1,False,4,1,2DaxqgrOhkeH0fpeiQq2f4,Oasis,1FB977nQEiAr8jel6O2Zn3,(What's The Story) Morning Glory,1995-10-02,album,0.35,0.92,0,-3.65,1,0.07,0.03,0.0,0.1,0.21,164.04,4,287000
0B4SrsRN9eRY3eB4H2TFpR,Hey Now,0,False,5,1,2DaxqgrOhkeH0fpeiQq2f4,Oasis,1FB977nQEiAr8jel6O2Zn3,(What's The Story) Morning Glory,1995-10-02,album,0.15,0.94,2,-2.49,1,0.06,0.0,0.0,0.38,0.2,202.4,4,341000
54wiqHqjmNj36dGk3elxN0,The Swamp Song,0,False,6,1,2DaxqgrOhkeH0fpeiQq2f4,Oasis,1FB977nQEiAr8jel6O2Zn3,(What's The Story) Morning Glory,1995-10-02,album,0.29,0.68,10,-5.71,1,0.05,0.0,0.88,0.27,0.15,143.02,4,44000
2j4l3NjUbc7Rn5QyiOPHEf,Some Might Say,0,False,7,1,2DaxqgrOhkeH0fpeiQq2f4,Oasis,1FB977nQEiAr8jel6O2Zn3,(What's The Story) Morning Glory,1995-10-02,album,0.27,0.9,0,-8.68,0,0.08,0.14,0.24,0.31,0.1,110.34,4,327000
5zwyQT5gJ0VX5zJoFMDLt7,Cast No Shadow,0,False,8,1,2DaxqgrOhkeH0fpeiQq2f4,Oasis,1FB977nQEiAr8jel6O2Zn3,(What's The Story) Morning Glory,1995-10-02,album,0.42,0.84,7,-4.31,1,0.03,0.0,0.0,0.15,0.63,158.3,4,294000
2P17rrqMxe014BjoUjsjpL,She's Electric,0,False,9,1,2DaxqgrOhkeH0fpeiQq2f4,Oasis,1FB977nQEiAr8jel6O2Zn3,(What's The Story) Morning Glory,1995-10-02,album,0.48,0.91,9,-3.5,1,0.05,0.16,0.0,0.32,0.5,125.36,4,220000
1JbZfGJvTwB8gL2lvNwy74,Morning Glory,0,False,10,1,2DaxqgrOhkeH0fpeiQq2f4,Oasis,1FB977nQEiAr8jel6O2Zn3,(What's The Story) Morning Glory,1995-10-02,album,0.33,0.99,2,-1.66,0,0.09,0.01,0.0,0.47,0.14,137.03,4,303000
66RFNh7DdPa1cyC95qmDE3,The Swamp Song,0,False,11,1,2DaxqgrOhkeH0fpeiQq2f4,Oasis,1FB977nQEiAr8jel6O2Zn3,(What's The Story) Morning Glory,1995-10-02,album,0.23,1.0,9,-10.91,0,0.09,0.35,0.9,0.68,0.02,63.07,4,40000
2o9F2fDAzOukxPJd3E7KPg,Champagne Supernova,0,False,12,1,2DaxqgrOhkeH0fpeiQq2f4,Oasis,1FB977nQEiAr8jel6O2Zn3,(What's The Story) Morning Glory,1995-10-02,album,0.3,0.85,2,-2.26,1,0.04,0.22,0.0,0.36,0.12,150.38,4,449000
1FEbZZvOJNYcNN3UxIfDQg,Hello,0,False,1,1,2DaxqgrOhkeH0fpeiQq2f4,Oasis,1GIiLeoqfB5s7lMYPNPzbB,[What's The Story] Morning Glory,1995-10-02,album,0.32,0.95,9,-3.23,0,0.09,0.01,0.02,0.17,0.05,132.19,4,203000
0sJRhhcYhRtb6K48tjnAI8,Roll With It,0,False,2,1,2DaxqgrOhkeH0fpeiQq2f4,Oasis,1GIiLeoqfB5s7lMYPNPzbB,[What's The Story] Morning Glory,1995-10-02,album,0.25,0.99,9,-3.76,0,0.13,0.0,0.0,0.31,0.19,126.56,4,239000
7JrUo70YjhU4S7flcJtK0k,Wonderwall,1,False,3,1,2DaxqgrOhkeH0fpeiQq2f4,Oasis,1GIiLeoqfB5s7lMYPNPzbB,[What's The Story] Morning Glory,1995-10-02,album,0.41,0.85,2,-5.61,1,0.04,0.0,0.0,0.13,0.46,174.58,4,259000
33DVI283GEGLBXAtJq9HJM,Don't Look Back In Anger,0,False,4,1,2DaxqgrOhkeH0fpeiQq2f4,Oasis,1GIiLeoqfB5s7lMYPNPzbB,[What's The Story] Morning Glory,1995-10-02,album,0.35,0.92,0,-3.65,1,0.07,0.03,0.0,0.1,0.21,164.04,4,287000
3cLr6OcdQEDhGlMm8ojZFu,Hey Now,0,False,5,1,2DaxqgrOhkeH0fpeiQq2f4,Oasis,1GIiLeoqfB5s7lMYPNPzbB,[What's The Story] Morning Glory,1995-10-02,album,0.15,0.94,2,-2.49,1,0.06,0.0,0.0,0.38,0.2,202.4,4,341000
09fZK6V7S730FJkAO7CAQv,The Swamp Song - Version 1,0,False,6,1,2DaxqgrOhkeH0fpeiQq2f4,Oasis,1GIiLeoqfB5s7lMYPNPzbB,[What's The Story] Morning Glory,1995-10-02,album,0.275,0.777,9,-6.123,0,0.0488,1.67e-05,0.627,0.534,0.164,142.832,4,44507
5lSNJC7epktvNojwv376H5,Some Might Say,0,False,7,1,2DaxqgrOhkeH0fpeiQq2f4,Oasis,1GIiLeoqfB5s7lMYPNPzbB,[What's The Story] Morning Glory,1995-10-02,album,0.27,0.9,0,-8.68,0,0.08,0.14,0.24,0.31,0.1,110.34,4,327000
7sGHh5afykN4FOi5SUpr5h,Cast No Shadow,0,False,8,1,2DaxqgrOhkeH0fpeiQq2f4,Oasis,1GIiLeoqfB5s7lMYPNPzbB,[What's The Story] Morning Glory,1995-10-02,album,0.42,0.84,7,-4.31,1,0.03,0.0,0.0,0.15,0.63,158.3,4,294000
1i0T5PPXotLb3bRENVFVcu,She's Electric,0,False,9,1,2DaxqgrOhkeH0fpeiQq2f4,Oasis,1GIiLeoqfB5s7lMYPNPzbB,[What's The Story] Morning Glory,1995-10-02,album,0.48,0.91,9,-3.5,1,0.05,0.16,0.0,0.32,0.5,125.36,4,220000
4sfbegIiMxVXAaeKoza60c,Morning Glory,0,False,10,1,2DaxqgrOhkeH0fpeiQq2f4,Oasis,1GIiLeoqfB5s7lMYPNPzbB,[What's The Story] Morning Glory,1995-10-02,album,0.33,0.99,2,-1.66,0,0.09,0.01,0.0,0.47,0.14,137.03,4,303000
1wi3jxDpCiX5ME35CvemYA,The Swamp Song - Version 2,0,False,11,1,2DaxqgrOhkeH0fpeiQq2f4,Oasis,1GIiLeoqfB5s7lMYPNPzbB,[What's The Story] Morning Glory,1995-10-02,album,0.155,0.993,9,-10.957,0,0.0918,0.412,0.937,0.737,0.0207,133.303,4,40747
7JNQFXEwsdp7y3jFxfO6TR,Champagne Supernova,0,False,12,1,2DaxqgrOhkeH0fpeiQq2f4,Oasis,1GIiLeoqfB5s7lMYPNPzbB,[What's The Story] Morning Glory,1995-10-02,album,0.3,0.85,2,-2.26,1,0.04,0.22,0.0,0.36,0.12,150.38,4,449000
4G1HlEG8G5PwWCEgieYBkz,Acquiesce - Live At Earls Court,0,False,1,3,2DaxqgrOhkeH0fpeiQq2f4,Oasis,4okKcGkaoWYRgu9wBYjg8u,(What's the Story) Morning Glory? [Remastered Deluxe Edition],1995-10-02,album,0.317,0.828,0,-2.338,1,0.0589,5.13e-05,0.0374,0.44,0.414,121.086,4,233440
0Cc8XraNuhcfekDC1DdSZa,Some Might Say - Demo,0,False,2,3,2DaxqgrOhkeH0fpeiQq2f4,Oasis,4okKcGkaoWYRgu9wBYjg8u,(What's the Story) Morning Glory? [Remastered Deluxe Edition],1995-10-02,album,0.592,0.682,2,-5.456,1,0.0285,0.794,4.01e-06,0.0862,0.609,108.586,4,243867
6WVPTCeiBb3vUCOSI5hmmC,Some Might Say - Live At Roskilde,0,False,3,3,2DaxqgrOhkeH0fpeiQq2f4,Oasis,4okKcGkaoWYRgu9wBYjg8u,(What's the Story) Morning Glory? [Remastered Deluxe Edition],1995-10-02,album,0.169,0.73,2,-2.648,1,0.0616,0.00146,0.00293,0.382,0.375,122.889,4,306067
4mVsCfAwGTIoA5czkKSYbs,She's Electric - Demo,0,False,4,3,2DaxqgrOhkeH0fpeiQq2f4,Oasis,4okKcGkaoWYRgu9wBYjg8u,(What's the Story) Morning Glory? [Remastered Deluxe Edition],1995-10-02,album,0.393,0.553,9,-6.2,1,0.0321,0.239,5.77e-06,0.0943,0.204,106.331,3,182907
1PEGBTU4um2jvzzKKSpSQj,Talk Tonight - Live At Bath Pavilion,0,False,5,3,2DaxqgrOhkeH0fpeiQq2f4,Oasis,4okKcGkaoWYRgu9wBYjg8u,(What's the Story) Morning Glory? [Remastered Deluxe Edition],1995-10-02,album,0.287,0.594,0,-6.279,1,0.0279,0.245,0.0,0.133,0.436,91.106,4,222187
2FB2NRWSxOqe0aoNQXIA9f,Rockin' Chair - Demo,0,False,6,3,2DaxqgrOhkeH0fpeiQq2f4,Oasis,4okKcGkaoWYRgu9wBYjg8u,(What's the Story) Morning Glory? [Remastered Deluxe Edition],1995-10-02,album,0.534,0.411,9,-6.67,0,0.0259,0.1,0.00123,0.0973,0.178,129.229,4,244560
04Oa46kdDBsbvvNBu1az8G,Hello - Live At Roskilde,0,False,7,3,2DaxqgrOhkeH0fpeiQq2f4,Oasis,4okKcGkaoWYRgu9wBYjg8u,(What's the Story) Morning Glory? [Remastered Deluxe Edition],1995-10-02,album,0.183,0.884,2,-3.859,1,0.0965,0.000846,0.0732,0.59,0.127,146.699,4,203867
6sIo6ZaEiSpAspOYs9tRpu,Roll With It - Live At Roskilde,0,False,8,3,2DaxqgrOhkeH0fpeiQq2f4,Oasis,4okKcGkaoWYRgu9wBYjg8u,(What's the Story) Morning Glory? [Remastered Deluxe Edition],1995-10-02,album,0.191,0.775,9,-3.777,0,0.0542,0.00012,0.73,0.375,0.37,126.71,4,247694
0t5UbJI4IAQ2qUmbNkmCLU,Morning Glory - Live At Roskilde,0,False,9,3,2DaxqgrOhkeH0fpeiQq2f4,Oasis,4okKcGkaoWYRgu9wBYjg8u,(What's the Story) Morning Glory? [Remastered Deluxe Edition],1995-10-02,album,0.187,0.799,4,-4.439,0,0.069,0.000505,0.254,0.128,0.175,135.628,4,287254
7oVsr3xufodOP8hBYSTZ12,Hey Now - Demo,0,False,10,3,2DaxqgrOhkeH0fpeiQq2f4,Oasis,4okKcGkaoWYRgu9wBYjg8u,(What's the Story) Morning Glory? [Remastered Deluxe Edition],1995-10-02,album,0.557,0.608,7,-6.285,1,0.0286,0.866,0.000124,0.154,0.377,98.764,4,187920
3ULtzxFSSmGvCYRxI8DUMS,Bonehead's Bank Holiday - Demo,0,False,11,3,2DaxqgrOhkeH0fpeiQq2f4,Oasis,4okKcGkaoWYRgu9wBYjg8u,(What's the Story) Morning Glory? [Remastered Deluxe Edition],1995-10-02,album,0.353,0.671,7,-6.448,1,0.0303,0.753,0.00425,0.196,0.63,176.163,4,128707
04qIZ2mc3up8cQ8bgf9WI5,Round Are Way - MTV Unplugged,0,False,12,3,2DaxqgrOhkeH0fpeiQq2f4,Oasis,4okKcGkaoWYRgu9wBYjg8u,(What's the Story) Morning Glory? [Remastered Deluxe Edition],1995-10-02,album,0.367,0.893,7,-4.486,1,0.102,0.0231,8.86e-06,0.745,0.356,145.722,4,291294
5VdP8qppoy1uMex9zrRQOS,Cast No Shadow - Live At Maine Road,0,False,13,3,2DaxqgrOhkeH0fpeiQq2f4,Oasis,4okKcGkaoWYRgu9wBYjg8u,(What's the Story) Morning Glory? [Remastered Deluxe Edition],1995-10-02,album,0.109,0.846,0,-4.901,1,0.0541,0.00585,0.0,0.457,0.3,193.355,4,245507
3w57cG5fGOhwMr4lHqrFkR,The Masterplan - Live At Knebworth Park,0,False,14,3,2DaxqgrOhkeH0fpeiQq2f4,Oasis,4okKcGkaoWYRgu9wBYjg8u,(What's the Story) Morning Glory? [Remastered Deluxe Edition],1995-10-02,album,0.267,0.718,9,-4.452,0,0.0391,0.273,0.0106,0.872,0.335,81.751,4,293150
6T3jBl97LTAKsuSWODVjrM,Acquiesce - Live at Earls Court,0,False,27,1,2DaxqgrOhkeH0fpeiQq2f4,Oasis,2t47HeFIuFnoLxjSmazzqE,[What's the Story] Morning Glory? [Remastered] (Deluxe Version),1995-10-02,album,0.317,0.828,0,-2.338,1,0.0589,5.13e-05,0.0374,0.44,0.414,121.086,4,233440
10rrKRPN2Z7pUxUONECUek,Some Might Say - Demo,0,False,28,1,2DaxqgrOhkeH0fpeiQq2f4,Oasis,2t47HeFIuFnoLxjSmazzqE,[What's the Story] Morning Glory? [Remastered] (Deluxe Version),1995-10-02,album,0.592,0.682,2,-5.456,1,0.0285,0.794,4.01e-06,0.0862,0.609,108.586,4,243867
5Rl1o7lUzCEh1zOx9vhtK2,Some Might Say - Live at Roskilde,0,False,29,1,2DaxqgrOhkeH0fpeiQq2f4,Oasis,2t47HeFIuFnoLxjSmazzqE,[What's the Story] Morning Glory? [Remastered] (Deluxe Version),1995-10-02,album,0.169,0.73,2,-2.648,1,0.0616,0.00146,0.00293,0.382,0.375,122.889,4,306067
1PHaz1JALAjCMaF0OWdl9Q,She's Electric - Demo,0,False,30,1,2DaxqgrOhkeH0fpeiQq2f4,Oasis,2t47HeFIuFnoLxjSmazzqE,[What's the Story] Morning Glory? [Remastered] (Deluxe Version),1995-10-02,album,0.393,0.553,9,-6.2,1,0.0321,0.239,5.77e-06,0.0943,0.204,106.331,3,182907
3MlYqmMRfpuesr7xRKjvdE,Talk Tonight - Live at Bath Pavilion,0,False,31,1,2DaxqgrOhkeH0fpeiQq2f4,Oasis,2t47HeFIuFnoLxjSmazzqE,[What's the Story] Morning Glory? [Remastered] (Deluxe Version),1995-10-02,album,0.287,0.594,0,-6.279,1,0.0279,0.245,0.0,0.133,0.436,91.106,4,222187
0lU3lprLTboBJw66JonBfQ,Rockin' Chair - Demo,0,False,32,1,2DaxqgrOhkeH0fpeiQq2f4,Oasis,2t47HeFIuFnoLxjSmazzqE,[What's the Story] Morning Glory? [Remastered] (Deluxe Version),1995-10-02,album,0.534,0.411,9,-6.67,0,0.0259,0.1,0.00123,0.0973,0.178,129.229,4,244560
4AWWPQvJQLnlm3tGrKHAwf,Hello - Live at Roskilde,0,False,33,1,2DaxqgrOhkeH0fpeiQq2f4,Oasis,2t47HeFIuFnoLxjSmazzqE,[What's the Story] Morning Glory? [Remastered] (Deluxe Version),1995-10-02,album,0.183,0.884,2,-3.859,1,0.0965,0.000846,0.0732,0.59,0.127,146.699,4,203867
6ZUVWfFnjDZtK0pQLBHAgF,Roll with It - Live at Roskilde,0,False,34,1,2DaxqgrOhkeH0fpeiQq2f4,Oasis,2t47HeFIuFnoLxjSmazzqE,[What's the Story] Morning Glory? [Remastered] (Deluxe Version),1995-10-02,album,0.191,0.775,9,-3.777,0,0.0542,0.00012,0.73,0.375,0.37,126.71,4,247694
12AEA91XVFaH81MbtewFj2,Morning Glory - Live at Roskilde,0,False,35,1,2DaxqgrOhkeH0fpeiQq2f4,Oasis,2t47HeFIuFnoLxjSmazzqE,[What's the Story] Morning Glory? [Remastered] (Deluxe Version),1995-10-02,album,0.187,0.799,4,-4.439,0,0.069,0.000505,0.254,0.128,0.175,135.628,4,287254
1gp6cFehUYrLtyyQCu5497,Hey Now - Demo,0,False,36,1,2DaxqgrOhkeH0fpeiQq2f4,Oasis,2t47HeFIuFnoLxjSmazzqE,[What's the Story] Morning Glory? [Remastered] (Deluxe Version),1995-10-02,album,0.557,0.608,7,-6.285,1,0.0286,0.866,0.000124,0.154,0.377,98.764,4,187920
3NKmPaaBLpdhRPIoUHWT1k,Bonehead's Bank Holiday - Demo,0,False,37,1,2DaxqgrOhkeH0fpeiQq2f4,Oasis,2t47HeFIuFnoLxjSmazzqE,[What's the Story] Morning Glory? [Remastered] (Deluxe Version),1995-10-02,album,0.353,0.671,7,-6.448,1,0.0303,0.753,0.00425,0.196,0.63,176.163,4,128707
0aCl1Sx8ko7z51IRBcwnwD,Round Are Way - MTV Unplugged,0,False,38,1,2DaxqgrOhkeH0fpeiQq2f4,Oasis,2t47HeFIuFnoLxjSmazzqE,[What's the Story] Morning Glory? [Remastered] (Deluxe Version),1995-10-02,album,0.367,0.893,7,-4.486,1,0.102,0.0231,8.86e-06,0.745,0.356,145.722,4,291294
5syPbu4pK2vgo461BJQoaX,Cast No Shadow - Live at Maine Road,0,False,39,1,2DaxqgrOhkeH0fpeiQq2f4,Oasis,2t47HeFIuFnoLxjSmazzqE,[What's the Story] Morning Glory? [Remastered] (Deluxe Version),1995-10-02,album,0.109,0.846,0,-4.901,1,0.0541,0.00585,0.0,0.457,0.3,193.355,4,245507
0hp3M35uoHyBEV5790DsRo,The Masterplan - Live at Knebworth Park,0,False,40,1,2DaxqgrOhkeH0fpeiQq2f4,Oasis,2t47HeFIuFnoLxjSmazzqE,[What's the Story] Morning Glory? [Remastered] (Deluxe Version),1995-10-02,album,0.267,0.718,9,-4.452,0,0.0391,0.273,0.0106,0.872,0.335,81.751,4,293150
1bd5RTDVgEnwg0P1HfwAoQ,Hello,0,False,1,1,2DaxqgrOhkeH0fpeiQq2f4,Oasis,7lr2fC8TakNEhPmYjeAdPF,"(What's The Story) Morning Glory? (Remastered, Deluxe)",1995-10-02,album,0.161,0.948,9,-3.174,0,0.113,0.0141,0.0433,0.166,0.0567,132.3,4,203187
2eh5BWr33vBsk5xSpTI96U,Roll With It,0,False,2,1,2DaxqgrOhkeH0fpeiQq2f4,Oasis,7lr2fC8TakNEhPmYjeAdPF,"(What's The Story) Morning Glory? (Remastered, Deluxe)",1995-10-02,album,0.233,0.986,9,-1.896,0,0.0947,0.0325,0.000311,0.117,0.145,126.56,4,240093
4FgYLWHBWWcBsqQh0iDNxf,Wonderwall,0,False,3,1,2DaxqgrOhkeH0fpeiQq2f4,Oasis,7lr2fC8TakNEhPmYjeAdPF,"(What's The Story) Morning Glory? (Remastered, Deluxe)",1995-10-02,album,0.376,0.896,2,-4.065,1,0.0395,0.000452,0.0,0.194,0.472,174.379,4,258773
5njNxnntb8JkzsCLjgdigE,Don't Look Back In Anger,0,False,4,1,2DaxqgrOhkeH0fpeiQq2f4,Oasis,7lr2fC8TakNEhPmYjeAdPF,"(What's The Story) Morning Glory? (Remastered, Deluxe)",1995-10-02,album,0.327,0.938,0,-3.237,1,0.0636,0.0707,3.79e-06,0.148,0.327,162.933,4,289560
6AaKLNTbABWsQNa8h97iyO,Some Might Say,0,False,7,1,2DaxqgrOhkeH0fpeiQq2f4,Oasis,7lr2fC8TakNEhPmYjeAdPF,"(What's The Story) Morning Glory? (Remastered, Deluxe)",1995-10-02,album,0.262,0.932,0,-2.281,0,0.0925,0.173,0.0206,0.288,0.0733,110.129,4,327920
2kvz4dicPTdPVzRXLkuLeH,Cast No Shadow,0,False,8,1,2DaxqgrOhkeH0fpeiQq2f4,Oasis,7lr2fC8TakNEhPmYjeAdPF,"(What's The Story) Morning Glory? (Remastered, Deluxe)",1995-10-02,album,0.418,0.84,7,-4.321,1,0.0285,0.00192,0.0,0.163,0.627,158.373,4,294813
77BEtS1Kne7qIqHYnFSCLB,She's Electric,0,False,9,1,2DaxqgrOhkeH0fpeiQq2f4,Oasis,7lr2fC8TakNEhPmYjeAdPF,"(What's The Story) Morning Glory? (Remastered, Deluxe)",1995-10-02,album,0.487,0.909,9,-3.484,1,0.0463,0.159,1.27e-06,0.304,0.51,125.422,4,220920
3CKecjPQqVnQJsKNwJOLMX,Morning Glory,0,False,10,1,2DaxqgrOhkeH0fpeiQq2f4,Oasis,7lr2fC8TakNEhPmYjeAdPF,"(What's The Story) Morning Glory? (Remastered, Deluxe)",1995-10-02,album,0.33,0.983,0,-3.038,1,0.0932,0.0664,4.68e-05,0.491,0.0968,136.952,4,303320
4TP37Ydyx9MZCz0tRCYQqX,Untitled,0,False,11,1,2DaxqgrOhkeH0fpeiQq2f4,Oasis,7lr2fC8TakNEhPmYjeAdPF,"(What's The Story) Morning Glory? (Remastered, Deluxe)",1995-10-02,album,0.154,0.991,5,-13.27,1,0.0791,0.849,0.92,0.721,0.0176,133.72,4,39360
7BGaKop6dWByprahF4zg2n,Champagne Supernova,0,False,12,1,2DaxqgrOhkeH0fpeiQq2f4,Oasis,7lr2fC8TakNEhPmYjeAdPF,"(What's The Story) Morning Glory? (Remastered, Deluxe)",1995-10-02,album,0.297,0.825,2,-3.771,1,0.0394,0.464,0.0833,0.358,0.123,150.339,4,454000
16sl5aDYqay0ZcZfJsFiOe,Talk Tonight,0,False,13,1,2DaxqgrOhkeH0fpeiQq2f4,Oasis,7lr2fC8TakNEhPmYjeAdPF,"(What's The Story) Morning Glory? (Remastered, Deluxe)",1995-10-02,album,0.428,0.428,4,-8.405,0,0.0247,0.52,7.84e-06,0.365,0.319,84.612,4,263747
1ZPGxWWMJr6qYqwAzlN6kp,Acquiesce,0,False,14,1,2DaxqgrOhkeH0fpeiQq2f4,Oasis,7lr2fC8TakNEhPmYjeAdPF,"(What's The Story) Morning Glory? (Remastered, Deluxe)",1995-10-02,album,0.19,0.928,7,-3.274,1,0.0803,0.00978,0.000719,0.334,0.215,112.961,4,267987
6pmXhupnodZsYzeqs4uYH2,Rockin' Chair,0,False,17,1,2DaxqgrOhkeH0fpeiQq2f4,Oasis,7lr2fC8TakNEhPmYjeAdPF,"(What's The Story) Morning Glory? (Remastered, Deluxe)",1995-10-02,album,0.509,0.911,9,-4.121,0,0.0353,0.000589,8.21e-06,0.0384,0.278,126.425,4,279200
0ROYNayAWun59cA4t0D5FH,Round Are Way,0,False,21,1,2DaxqgrOhkeH0fpeiQq2f4,Oasis,7lr2fC8TakNEhPmYjeAdPF,"(What's The Story) Morning Glory? (Remastered, Deluxe)",1995-10-02,album,0.334,0.915,0,-2.1,1,0.0436,1.58e-05,0.000232,0.0748,0.38,138.026,4,344440
38n90AMdlG6wFO0GCBdVtQ,The Swamp Song,0,False,22,1,2DaxqgrOhkeH0fpeiQq2f4,Oasis,7lr2fC8TakNEhPmYjeAdPF,"(What's The Story) Morning Glory? (Remastered, Deluxe)",1995-10-02,album,0.21,0.942,7,-2.865,0,0.0623,3.06e-05,0.945,0.106,0.196,142.872,4,262400
4FNec3RQZSDPrMBUvYtkNx,The Masterplan,0,False,23,1,2DaxqgrOhkeH0fpeiQq2f4,Oasis,7lr2fC8TakNEhPmYjeAdPF,"(What's The Story) Morning Glory? (Remastered, Deluxe)",1995-10-02,album,0.383,0.584,7,-6.707,1,0.0294,0.013,8.46e-05,0.0725,0.145,148.508,4,325200
0LbBbQzd88aIIno8sQcEXU,Bonehead's Bank Holiday,0,False,24,1,2DaxqgrOhkeH0fpeiQq2f4,Oasis,7lr2fC8TakNEhPmYjeAdPF,"(What's The Story) Morning Glory? (Remastered, Deluxe)",1995-10-02,album,0.378,0.815,7,-3.987,1,0.106,0.296,0.0,0.336,0.501,166.582,4,242920
6JVfr3xNuIyVVrp24eVah3,Champagne Supernova(Brendan Lynch Mix),0,False,25,1,2DaxqgrOhkeH0fpeiQq2f4,Oasis,7lr2fC8TakNEhPmYjeAdPF,"(What's The Story) Morning Glory? (Remastered, Deluxe)",1995-10-02,album,0.477,0.785,2,-5.941,1,0.0315,0.0167,0.000676,0.103,0.417,150.661,4,417960
2oL4Ee38OLp4YHCzjh8mUo,Some Might Say(Demo),0,False,28,1,2DaxqgrOhkeH0fpeiQq2f4,Oasis,7lr2fC8TakNEhPmYjeAdPF,"(What's The Story) Morning Glory? (Remastered, Deluxe)",1995-10-02,album,0.594,0.681,2,-5.441,1,0.0284,0.79,2.28e-06,0.102,0.611,108.546,4,243867
71oEUENxrk9iDeb1WHKizZ,Some Might Say(Live At Roskilde),0,False,29,1,2DaxqgrOhkeH0fpeiQq2f4,Oasis,7lr2fC8TakNEhPmYjeAdPF,"(What's The Story) Morning Glory? (Remastered, Deluxe)",1995-10-02,album,0.169,0.741,2,-2.652,1,0.062,0.00145,0.00291,0.38,0.374,122.687,4,306067
6k5wmae5cGxnn9ZTJGCmS3,She's Electric(Demo),0,False,30,1,2DaxqgrOhkeH0fpeiQq2f4,Oasis,7lr2fC8TakNEhPmYjeAdPF,"(What's The Story) Morning Glory? (Remastered, Deluxe)",1995-10-02,album,0.5,0.55,9,-6.195,1,0.0286,0.238,6.97e-06,0.0962,0.21,146.66,4,182907
276KddpK2XayWnTR3AcgMN,Hello(Live At Roskilde),0,False,33,1,2DaxqgrOhkeH0fpeiQq2f4,Oasis,7lr2fC8TakNEhPmYjeAdPF,"(What's The Story) Morning Glory? (Remastered, Deluxe)",1995-10-02,album,0.131,0.859,2,-3.826,1,0.0954,0.000757,0.0234,0.614,0.123,144.245,4,203867
4zKSZ4E5qXQh2X6OP5OVjn,Roll With It(Live At Roskilde),0,False,34,1,2DaxqgrOhkeH0fpeiQq2f4,Oasis,7lr2fC8TakNEhPmYjeAdPF,"(What's The Story) Morning Glory? (Remastered, Deluxe)",1995-10-02,album,0.205,0.774,9,-3.728,0,0.0527,0.000115,0.667,0.378,0.376,127.703,4,247693
5YzBq6LM4i1QXqomzsrUiK,Morning Glory(Live At Roskilde),0,False,35,1,2DaxqgrOhkeH0fpeiQq2f4,Oasis,7lr2fC8TakNEhPmYjeAdPF,"(What's The Story) Morning Glory? (Remastered, Deluxe)",1995-10-02,album,0.183,0.812,0,-4.398,1,0.0703,0.0005,0.185,0.123,0.185,135.906,4,287253
2wWuTXjsOSY25HgYdBGG6Q,Hey Now!(Demo),0,False,36,1,2DaxqgrOhkeH0fpeiQq2f4,Oasis,7lr2fC8TakNEhPmYjeAdPF,"(What's The Story) Morning Glory? (Remastered, Deluxe)",1995-10-02,album,0.556,0.613,7,-6.291,1,0.0291,0.871,0.000122,0.157,0.359,98.765,4,187920
7wV4XrhiuCVziYvhkzihDR,Cast No Shadow(Live At Maine Road),0,False,39,1,2DaxqgrOhkeH0fpeiQq2f4,Oasis,7lr2fC8TakNEhPmYjeAdPF,"(What's The Story) Morning Glory? (Remastered, Deluxe)",1995-10-02,album,0.308,0.842,0,-4.87,1,0.0412,0.00559,0.0,0.369,0.287,96.635,4,245507
5KGHUFVxujYmO77id7cC7z,Some Might Say - Demo,36,False,2,3,2DaxqgrOhkeH0fpeiQq2f4,Oasis,6tOe4eAF8xNhEkl9WyvsE4,(What's The Story) Morning Glory? (Deluxe Remastered Edition),1995,album,0.598,0.694,2,-5.457,1,0.0296,0.772,5.7e-06,0.0849,0.594,108.529,4,243867
6rp0jbLsZiTk9ciC9Z3QgB,Some Might Say - Live at Roskilde,31,False,3,3,2DaxqgrOhkeH0fpeiQq2f4,Oasis,6tOe4eAF8xNhEkl9WyvsE4,(What's The Story) Morning Glory? (Deluxe Remastered Edition),1995,album,0.168,0.743,2,-2.652,1,0.0591,0.00135,0.00125,0.379,0.336,123.869,4,306067
3uP0B5tP4ZPhozWec0bNS8,She's Electric - Demo,34,False,4,3,2DaxqgrOhkeH0fpeiQq2f4,Oasis,6tOe4eAF8xNhEkl9WyvsE4,(What's The Story) Morning Glory? (Deluxe Remastered Edition),1995,album,0.501,0.552,9,-6.176,1,0.0281,0.248,1.17e-05,0.0941,0.212,146.635,4,182907
1PpOYqYc5f1wcnMZw8y2Q0,Hello - Live at Roskilde,33,False,7,3,2DaxqgrOhkeH0fpeiQq2f4,Oasis,6tOe4eAF8xNhEkl9WyvsE4,(What's The Story) Morning Glory? (Deluxe Remastered Edition),1995,album,0.129,0.901,2,-3.915,1,0.0967,0.000849,0.0278,0.454,0.13,145.582,4,203867
0lV8EmBBNg2XezHcQPr9oO,Roll With It - Live at Roskilde,31,False,8,3,2DaxqgrOhkeH0fpeiQq2f4,Oasis,6tOe4eAF8xNhEkl9WyvsE4,(What's The Story) Morning Glory? (Deluxe Remastered Edition),1995,album,0.207,0.777,9,-3.806,0,0.0538,0.000103,0.601,0.376,0.341,127.319,4,247693
5UVMULFn7lMFfLUYy0b846,Morning Glory - Live at Roskilde,34,False,9,3,2DaxqgrOhkeH0fpeiQq2f4,Oasis,6tOe4eAF8xNhEkl9WyvsE4,(What's The Story) Morning Glory? (Deluxe Remastered Edition),1995,album,0.175,0.832,9,-4.399,0,0.0662,0.000428,0.239,0.11,0.215,136.043,4,287253
1SfxrlKPpI3sg58TclvbNY,Hey Now - Demo,32,False,10,3,2DaxqgrOhkeH0fpeiQq2f4,Oasis,6tOe4eAF8xNhEkl9WyvsE4,(What's The Story) Morning Glory? (Deluxe Remastered Edition),1995,album,0.556,0.605,7,-6.321,1,0.0287,0.874,0.000128,0.146,0.375,98.945,4,187920
5XUTVbW63GF9KohNEQTo6f,Cast No Shadow - Live at Maine Road,32,False,13,3,2DaxqgrOhkeH0fpeiQq2f4,Oasis,6tOe4eAF8xNhEkl9WyvsE4,(What's The Story) Morning Glory? (Deluxe Remastered Edition),1995,album,0.108,0.85,0,-4.858,1,0.055,0.00453,0.0,0.366,0.307,193.989,4,245507
1QD9dSncDR1Re3TiYbIKgs,Acquiesce - Live at Earls Court,27,False,1,3,2DaxqgrOhkeH0fpeiQq2f4,Oasis,1VW1MFNstaJuygaoTPkdCk,(What's The Story) Morning Glory? [Remastered],1995,album,0.321,0.832,0,-2.354,1,0.0567,4.96e-05,0.145,0.547,0.364,121.183,4,234440
3XrgFCMOtaR16jshPIYNmq,Some Might Say - Demo,30,False,2,3,2DaxqgrOhkeH0fpeiQq2f4,Oasis,1VW1MFNstaJuygaoTPkdCk,(What's The Story) Morning Glory? [Remastered],1995,album,0.594,0.681,2,-5.441,1,0.0284,0.79,2.28e-06,0.102,0.611,108.546,4,243867
0HJNNn9RfJYoCytDBxWCKk,Some Might Say - Live at Roskilde,25,False,3,3,2DaxqgrOhkeH0fpeiQq2f4,Oasis,1VW1MFNstaJuygaoTPkdCk,(What's The Story) Morning Glory? [Remastered],1995,album,0.169,0.741,2,-2.652,1,0.062,0.00145,0.00291,0.38,0.374,122.687,4,306067
5xjnhYlZxNRbEy7MOb7zUa,She's Electric - Demo,29,False,4,3,2DaxqgrOhkeH0fpeiQq2f4,Oasis,1VW1MFNstaJuygaoTPkdCk,(What's The Story) Morning Glory? [Remastered],1995,album,0.5,0.55,9,-6.195,1,0.0286,0.238,6.97e-06,0.0962,0.21,146.66,4,182907
52hkRlethPWUQgo7oK18Bo,Rockin' Chair - Demo,27,False,6,3,2DaxqgrOhkeH0fpeiQq2f4,Oasis,1VW1MFNstaJuygaoTPkdCk,(What's The Story) Morning Glory? [Remastered],1995,album,0.535,0.417,9,-6.654,0,0.026,0.11,0.00101,0.0968,0.193,129.215,4,244560
4lZrwQ6IvEgEWik7X6AuK0,Hello - Live at Roskilde,25,False,7,3,2DaxqgrOhkeH0fpeiQq2f4,Oasis,1VW1MFNstaJuygaoTPkdCk,(What's The Story) Morning Glory? [Remastered],1995,album,0.131,0.859,2,-3.826,1,0.0954,0.000757,0.0234,0.614,0.123,144.245,4,203867
43yfBfBRUM7N2GtxQg7HRm,Roll with It - Live at Roskilde,25,False,8,3,2DaxqgrOhkeH0fpeiQq2f4,Oasis,1VW1MFNstaJuygaoTPkdCk,(What's The Story) Morning Glory? [Remastered],1995,album,0.205,0.774,9,-3.728,0,0.0527,0.000115,0.667,0.378,0.376,127.703,4,247693
0Vwvv3Zu7giSWh7h5EAtr6,Morning Glory - Live at Roskilde,26,False,9,3,2DaxqgrOhkeH0fpeiQq2f4,Oasis,1VW1MFNstaJuygaoTPkdCk,(What's The Story) Morning Glory? [Remastered],1995,album,0.183,0.812,0,-4.398,1,0.0703,0.0005,0.185,0.123,0.185,135.906,4,287253
585joDdqZv1e7un5dpVRAN,Hey Now - Demo,25,False,10,3,2DaxqgrOhkeH0fpeiQq2f4,Oasis,1VW1MFNstaJuygaoTPkdCk,(What's The Story) Morning Glory? [Remastered],1995,album,0.556,0.613,7,-6.291,1,0.0291,0.871,0.000122,0.157,0.359,98.765,4,187920
36PN713KNBW3Yg06q0iqm3,Bonehead's Bank Holiday - Demo,29,False,11,3,2DaxqgrOhkeH0fpeiQq2f4,Oasis,1VW1MFNstaJuygaoTPkdCk,(What's The Story) Morning Glory? [Remastered],1995,album,0.52,0.672,7,-6.465,1,0.0264,0.749,0.00416,0.182,0.626,88.331,4,128707
3HUTl3dLwwz9pufuRYko0K,Round Are Way - MTV Unplugged,31,False,12,3,2DaxqgrOhkeH0fpeiQq2f4,Oasis,1VW1MFNstaJuygaoTPkdCk,(What's The Story) Morning Glory? [Remastered],1995,album,0.376,0.889,7,-5.004,1,0.0899,0.0254,1.07e-05,0.732,0.369,145.986,4,291293
2ShpxEbp7wLgfoYpcXpu7x,Cast No Shadow - Live at Maine Road,26,False,13,3,2DaxqgrOhkeH0fpeiQq2f4,Oasis,1VW1MFNstaJuygaoTPkdCk,(What's The Story) Morning Glory? [Remastered],1995,album,0.308,0.842,0,-4.87,1,0.0412,0.00559,0.0,0.369,0.287,96.635,4,245507
1EZZMBM7RkFDvd9Uk0ftLP,The Masterplan - Live at Knebworth Park,26,False,14,3,2DaxqgrOhkeH0fpeiQq2f4,Oasis,1VW1MFNstaJuygaoTPkdCk,(What's The Story) Morning Glory? [Remastered],1995,album,0.246,0.725,9,-4.436,0,0.0417,0.247,0.0148,0.894,0.288,82.859,4,295160
4KRVErjJVCDIps81GLMVg1,Acquiesce - Live at Earls Court,0,False,1,3,2DaxqgrOhkeH0fpeiQq2f4,Oasis,1efoTQ7eu3XsSvmQdJ2vDv,(What's The Story) Morning Glory? [Deluxe Edition Remastered],1995,album,0.31,0.793,0,-3.407,1,0.0601,5.12e-05,0.0603,0.589,0.364,121.334,4,233440
6Lhp0zFnhukCFfiIezoNhB,Some Might Say - Demo,0,False,2,3,2DaxqgrOhkeH0fpeiQq2f4,Oasis,1efoTQ7eu3XsSvmQdJ2vDv,(What's The Story) Morning Glory? [Deluxe Edition Remastered],1995,album,0.592,0.657,2,-6.536,1,0.0287,0.78,3.31e-06,0.0896,0.593,108.594,4,243867
6uAXtILFLhBylNwFsuqsjV,Some Might Say - Live at Roskilde,0,False,3,3,2DaxqgrOhkeH0fpeiQq2f4,Oasis,1efoTQ7eu3XsSvmQdJ2vDv,(What's The Story) Morning Glory? [Deluxe Edition Remastered],1995,album,0.169,0.677,2,-3.707,1,0.062,0.00152,0.00195,0.382,0.357,122.434,4,306067
7xxGf35utILYBBPEPNjqVR,She's Electric - Demo,0,False,4,3,2DaxqgrOhkeH0fpeiQq2f4,Oasis,1efoTQ7eu3XsSvmQdJ2vDv,(What's The Story) Morning Glory? [Deluxe Edition Remastered],1995,album,0.489,0.529,9,-7.25,1,0.0288,0.27,8.63e-06,0.093,0.209,147.087,4,182907
4sDxZCZNv9lyKDyOpmrNuB,Talk Tonight - Live at Bath Pavilion,0,False,5,3,2DaxqgrOhkeH0fpeiQq2f4,Oasis,1efoTQ7eu3XsSvmQdJ2vDv,(What's The Story) Morning Glory? [Deluxe Edition Remastered],1995,album,0.3,0.565,4,-7.352,0,0.0279,0.233,0.0,0.117,0.438,92.212,4,222187
1RhZYqOF92LmySLFkoAR8G,Rockin' Chair - Demo,0,False,6,3,2DaxqgrOhkeH0fpeiQq2f4,Oasis,1efoTQ7eu3XsSvmQdJ2vDv,(What's The Story) Morning Glory? [Deluxe Edition Remastered],1995,album,0.534,0.395,9,-7.725,0,0.0262,0.104,0.00122,0.0975,0.189,129.22,4,244560
2OUJujJ33McobVWeyFGTve,Hello - Live at Roskilde,0,False,7,3,2DaxqgrOhkeH0fpeiQq2f4,Oasis,1efoTQ7eu3XsSvmQdJ2vDv,(What's The Story) Morning Glory? [Deluxe Edition Remastered],1995,album,0.154,0.836,2,-4.932,1,0.0963,0.000664,0.0531,0.59,0.109,145.974,4,203867
5BPjTkLqynnR61omF4qWXy,Roll With It - Live at Roskilde,0,False,8,3,2DaxqgrOhkeH0fpeiQq2f4,Oasis,1efoTQ7eu3XsSvmQdJ2vDv,(What's The Story) Morning Glory? [Deluxe Edition Remastered],1995,album,0.212,0.746,9,-4.844,0,0.0531,9.18e-05,0.58,0.378,0.413,126.346,4,247694
33PScftTCaKUzDEsmUpCH8,Morning Glory - Live at Roskilde,0,False,9,3,2DaxqgrOhkeH0fpeiQq2f4,Oasis,1efoTQ7eu3XsSvmQdJ2vDv,(What's The Story) Morning Glory? [Deluxe Edition Remastered],1995,album,0.19,0.779,9,-5.513,0,0.0679,0.000456,0.263,0.135,0.182,135.975,4,287254
3vUlWOJ5ZsgPXHLWhhkc59,Hey Now - Demo,0,False,10,3,2DaxqgrOhkeH0fpeiQq2f4,Oasis,1efoTQ7eu3XsSvmQdJ2vDv,(What's The Story) Morning Glory? [Deluxe Edition Remastered],1995,album,0.574,0.583,7,-7.362,1,0.0291,0.881,8.59e-05,0.15,0.371,98.934,4,187920
7o1qC0QKJ5agpL3qCDmYEg,Bonehead's Bank Holiday - Demo,0,False,11,3,2DaxqgrOhkeH0fpeiQq2f4,Oasis,1efoTQ7eu3XsSvmQdJ2vDv,(What's The Story) Morning Glory? [Deluxe Edition Remastered],1995,album,0.346,0.639,7,-7.517,1,0.0306,0.786,0.00212,0.175,0.643,176.039,4,128707
4spCRxxaakGlzmJreNkXSx,Cast No Shadow - Live at Maine Road,0,False,13,3,2DaxqgrOhkeH0fpeiQq2f4,Oasis,1efoTQ7eu3XsSvmQdJ2vDv,(What's The Story) Morning Glory? [Deluxe Edition Remastered],1995,album,0.317,0.818,0,-5.95,1,0.0393,0.00544,0.0,0.377,0.324,96.671,4,245507
5smeu6IEuR07dvsG7e4tgm,The Masterplan - Live at Knebworth Park,0,False,14,3,2DaxqgrOhkeH0fpeiQq2f4,Oasis,1efoTQ7eu3XsSvmQdJ2vDv,(What's The Story) Morning Glory? [Deluxe Edition Remastered],1995,album,0.23,0.678,9,-5.5,0,0.0399,0.29,0.0134,0.844,0.307,81.379,4,293150
6HJwUpYGiZucdLbTpyCo12,Acquiesce - Live at Earls Court,0,False,1,3,2DaxqgrOhkeH0fpeiQq2f4,Oasis,4TKINtLLQ324YAg83mPScq,(What's the Story) Morning Glory? (Remastered) [Deluxe Version],1995,album,0.317,0.828,0,-2.338,1,0.0589,5.13e-05,0.0374,0.44,0.414,121.086,4,233440
7GFV4W2oPVc8Vf2G73kB9E,Some Might Say - Demo,0,False,2,3,2DaxqgrOhkeH0fpeiQq2f4,Oasis,4TKINtLLQ324YAg83mPScq,(What's the Story) Morning Glory? (Remastered) [Deluxe Version],1995,album,0.592,0.682,2,-5.456,1,0.0285,0.794,4.01e-06,0.0862,0.609,108.586,4,243867
5TbU1IwLALZ6cYuDo25khR,Some Might Say - Live at Roskilde,0,False,3,3,2DaxqgrOhkeH0fpeiQq2f4,Oasis,4TKINtLLQ324YAg83mPScq,(What's the Story) Morning Glory? (Remastered) [Deluxe Version],1995,album,0.169,0.73,2,-2.648,1,0.0616,0.00146,0.00293,0.382,0.375,122.889,4,306067
10QWY62Ra8T0AHqTesWiRN,She's Electric - Demo,0,False,4,3,2DaxqgrOhkeH0fpeiQq2f4,Oasis,4TKINtLLQ324YAg83mPScq,(What's the Story) Morning Glory? (Remastered) [Deluxe Version],1995,album,0.393,0.553,9,-6.2,1,0.0321,0.239,5.77e-06,0.0943,0.204,106.331,3,182907
3kljBgOoHukqvI7DWQuguI,Talk Tonight - Live at Bath Pavilion,0,False,5,3,2DaxqgrOhkeH0fpeiQq2f4,Oasis,4TKINtLLQ324YAg83mPScq,(What's the Story) Morning Glory? (Remastered) [Deluxe Version],1995,album,0.287,0.594,0,-6.279,1,0.0279,0.245,0.0,0.133,0.436,91.106,4,222187
2Vc4dw2nVDgvPW15zykUG7,Rockin' Chair - Demo,0,False,6,3,2DaxqgrOhkeH0fpeiQq2f4,Oasis,4TKINtLLQ324YAg83mPScq,(What's the Story) Morning Glory? (Remastered) [Deluxe Version],1995,album,0.534,0.411,9,-6.67,0,0.0259,0.1,0.00123,0.0973,0.178,129.229,4,244560
2ED2IgGFmFVZRSnEOSZ92G,Hello - Live at Roskilde,0,False,7,3,2DaxqgrOhkeH0fpeiQq2f4,Oasis,4TKINtLLQ324YAg83mPScq,(What's the Story) Morning Glory? (Remastered) [Deluxe Version],1995,album,0.183,0.884,2,-3.859,1,0.0965,0.000846,0.0732,0.59,0.127,146.699,4,203867
6FYSRKdznTs0GOOqI7MSGI,Roll with It - Live at Roskilde,0,False,8,3,2DaxqgrOhkeH0fpeiQq2f4,Oasis,4TKINtLLQ324YAg83mPScq,(What's the Story) Morning Glory? (Remastered) [Deluxe Version],1995,album,0.191,0.775,9,-3.777,0,0.0542,0.00012,0.73,0.375,0.37,126.71,4,247694
4OhfH1Lnz5pKEn7LpJxJku,Morning Glory - Live at Roskilde,0,False,9,3,2DaxqgrOhkeH0fpeiQq2f4,Oasis,4TKINtLLQ324YAg83mPScq,(What's the Story) Morning Glory? (Remastered) [Deluxe Version],1995,album,0.187,0.799,4,-4.439,0,0.069,0.000505,0.254,0.128,0.175,135.628,4,287254
3y852A6ZBCw01Z8Fw6ytQG,Hey Now - Demo,0,False,10,3,2DaxqgrOhkeH0fpeiQq2f4,Oasis,4TKINtLLQ324YAg83mPScq,(What's the Story) Morning Glory? (Remastered) [Deluxe Version],1995,album,0.557,0.608,7,-6.285,1,0.0286,0.866,0.000124,0.154,0.377,98.764,4,187920
1DiKT5dipRCRB8EulnwZjm,Bonehead's Bank Holiday - Demo,0,False,11,3,2DaxqgrOhkeH0fpeiQq2f4,Oasis,4TKINtLLQ324YAg83mPScq,(What's the Story) Morning Glory? (Remastered) [Deluxe Version],1995,album,0.353,0.671,7,-6.448,1,0.0303,0.753,0.00425,0.196,0.63,176.163,4,128707
45zRpmTJLwnYlE8ATeifvd,Round Are Way - MTV Unplugged,0,False,12,3,2DaxqgrOhkeH0fpeiQq2f4,Oasis,4TKINtLLQ324YAg83mPScq,(What's the Story) Morning Glory? (Remastered) [Deluxe Version],1995,album,0.367,0.893,7,-4.486,1,0.102,0.0231,8.86e-06,0.745,0.356,145.722,4,291294
1GoLFV5KBIlocVS8QqLt4F,Cast No Shadow - Live at Maine Road,0,False,13,3,2DaxqgrOhkeH0fpeiQq2f4,Oasis,4TKINtLLQ324YAg83mPScq,(What's the Story) Morning Glory? (Remastered) [Deluxe Version],1995,album,0.109,0.846,0,-4.901,1,0.0541,0.00585,0.0,0.457,0.3,193.355,4,245507
4wHvr6GpEh1EXJJnFpoaty,The Masterplan - Live at Knebworth Park,0,False,14,3,2DaxqgrOhkeH0fpeiQq2f4,Oasis,4TKINtLLQ324YAg83mPScq,(What's the Story) Morning Glory? (Remastered) [Deluxe Version],1995,album,0.267,0.718,9,-4.452,0,0.0391,0.273,0.0106,0.872,0.335,81.751,4,293150
4DAwaiIuLx8CeklaehnsqW,Supersonic (Live At Glasgow Tramshed),0,False,1,3,2DaxqgrOhkeH0fpeiQq2f4,Oasis,3F7qb5AiQdWxuMgSyQ9zyg,Definitely Maybe (Remastered) [Deluxe Edition Remastered],1994-08-29,album,0.17,0.92,4,-2.5,1,0.07,0.0,0.93,0.85,0.28,113.05,4,331000
3WsthuMT4ZmmBnLqZdKO1r,Shakermaker (Live Paris Instore),0,False,3,3,2DaxqgrOhkeH0fpeiQq2f4,Oasis,3F7qb5AiQdWxuMgSyQ9zyg,Definitely Maybe (Remastered) [Deluxe Edition Remastered],1994-08-29,album,0.52,0.73,4,-5.41,1,0.03,0.15,0.0,0.09,0.23,105.0,4,245000
2Ezajhi0KnnPuBweIf7aSS,Columbia (Eden Studios Mix),0,False,4,3,2DaxqgrOhkeH0fpeiQq2f4,Oasis,3F7qb5AiQdWxuMgSyQ9zyg,Definitely Maybe (Remastered) [Deluxe Edition Remastered],1994-08-29,album,0.3,0.93,2,-2.09,1,0.04,0.0,0.68,0.38,0.52,98.92,4,337000
0vZN0zTDUyVkcwBZgAjC5J,Cloudburst (Demo),0,False,5,3,2DaxqgrOhkeH0fpeiQq2f4,Oasis,3F7qb5AiQdWxuMgSyQ9zyg,Definitely Maybe (Remastered) [Deluxe Edition Remastered],1994-08-29,album,0.41,0.96,9,-2.87,1,0.04,0.0,0.0,0.04,0.6,101.9,4,310000
6O4VcxJccbycisKcu4wYZf,Live Forever (Live Paris Instore),0,False,7,3,2DaxqgrOhkeH0fpeiQq2f4,Oasis,3F7qb5AiQdWxuMgSyQ9zyg,Definitely Maybe (Remastered) [Deluxe Edition Remastered],1994-08-29,album,0.29,0.63,9,-4.81,0,0.03,0.14,0.0,0.17,0.26,172.08,4,282000
2oPrB2rBd4351NAcxeUrIi,Cigarettes & Alcohol (Live At Manchester Academy),0,True,8,3,2DaxqgrOhkeH0fpeiQq2f4,Oasis,3F7qb5AiQdWxuMgSyQ9zyg,Definitely Maybe (Remastered) [Deluxe Edition Remastered],1994-08-29,album,0.35,1.0,9,-1.39,1,0.09,0.04,0.0,0.41,0.05,128.59,4,238000
48Ay9dREItayRglZOzIPjy,Fade Away (Demo),0,False,10,3,2DaxqgrOhkeH0fpeiQq2f4,Oasis,3F7qb5AiQdWxuMgSyQ9zyg,Definitely Maybe (Remastered) [Deluxe Edition Remastered],1994-08-29,album,0.28,0.9,9,-2.31,1,0.05,0.0,0.0,0.33,0.37,143.41,4,263000
0VVcm9SqQBow5l8iAiTosb,Take Me Away (Live At Manchester Academy),0,False,11,3,2DaxqgrOhkeH0fpeiQq2f4,Oasis,3F7qb5AiQdWxuMgSyQ9zyg,Definitely Maybe (Remastered) [Deluxe Edition Remastered],1994-08-29,album,0.3,0.37,2,-7.15,1,0.03,0.66,0.0,0.82,0.16,116.93,4,255000
1Mqz3bsw0367lqozDBkINJ,Sad Song (Live At Manchester Academy),0,False,12,3,2DaxqgrOhkeH0fpeiQq2f4,Oasis,3F7qb5AiQdWxuMgSyQ9zyg,Definitely Maybe (Remastered) [Deluxe Edition Remastered],1994-08-29,album,0.44,0.38,9,-9.9,0,0.03,0.67,0.0,0.95,0.29,116.51,4,269000
4AvmqjdZvkTMh4I0s6Vk49,"Half The World Away (Live, Tokyo Hotel Room)",0,False,13,3,2DaxqgrOhkeH0fpeiQq2f4,Oasis,3F7qb5AiQdWxuMgSyQ9zyg,Definitely Maybe (Remastered) [Deluxe Edition Remastered],1994-08-29,album,0.44,0.42,11,-6.63,1,0.03,0.78,0.0,0.18,0.16,111.38,4,233000
10iKV2lX2CR2GrK4YQeg3t,Married With Children (Demo),0,True,15,3,2DaxqgrOhkeH0fpeiQq2f4,Oasis,3F7qb5AiQdWxuMgSyQ9zyg,Definitely Maybe (Remastered) [Deluxe Edition Remastered],1994-08-29,album,0.62,0.47,4,-7.74,1,0.03,0.62,0.0,0.11,0.51,87.69,4,196000
571UB4vTQINQLScZrYH72U,Up In The Sky (Live Paris Instore),0,False,16,3,2DaxqgrOhkeH0fpeiQq2f4,Oasis,3F7qb5AiQdWxuMgSyQ9zyg,Definitely Maybe (Remastered) [Deluxe Edition Remastered],1994-08-29,album,0.38,0.69,0,-5.97,1,0.03,0.06,0.0,0.13,0.55,135.04,4,199000
2WpHhpbeNBbOerKyWaDdh1,Whatever (Strings),0,False,17,3,2DaxqgrOhkeH0fpeiQq2f4,Oasis,3F7qb5AiQdWxuMgSyQ9zyg,Definitely Maybe (Remastered) [Deluxe Edition Remastered],1994-08-29,album,0.56,0.32,7,-7.98,1,0.03,0.92,0.94,0.35,0.71,92.75,4,293000
7DvexBx9phDOZLetGp6wBZ,Supersonic (Live At Glasgow Tramshed),0,False,1,3,2DaxqgrOhkeH0fpeiQq2f4,Oasis,3jnyR6lycuXlPjNH7FVRf5,Definitely Maybe (Remastered) [Deluxe Edition],1994-08-29,album,0.17,0.92,4,-2.5,1,0.07,0.0,0.93,0.85,0.28,113.05,4,331000
2wNIY3ZtYuwzxZpVdsv6Ew,Rock ‘n’ Roll Star (Demo),0,False,2,3,2DaxqgrOhkeH0fpeiQq2f4,Oasis,3jnyR6lycuXlPjNH7FVRf5,Definitely Maybe (Remastered) [Deluxe Edition],1994-08-29,album,0.31,0.91,4,-1.97,1,0.05,0.0,0.04,0.19,0.43,136.28,4,346000
1rLiiYgJ5dzMkC3dmy80X6,Shakermaker (Live Paris Instore),0,False,3,3,2DaxqgrOhkeH0fpeiQq2f4,Oasis,3jnyR6lycuXlPjNH7FVRf5,Definitely Maybe (Remastered) [Deluxe Edition],1994-08-29,album,0.52,0.73,4,-5.41,1,0.03,0.15,0.0,0.09,0.23,105.0,4,245000
0dsAewpS8EnGMNHZajnF0D,Columbia (Eden Studios Mix),0,False,4,3,2DaxqgrOhkeH0fpeiQq2f4,Oasis,3jnyR6lycuXlPjNH7FVRf5,Definitely Maybe (Remastered) [Deluxe Edition],1994-08-29,album,0.3,0.93,2,-2.09,1,0.04,0.0,0.68,0.38,0.52,98.92,4,337000
6vsPQrMS0i38C2eX1ueIpC,Cloudburst (Demo),0,False,5,3,2DaxqgrOhkeH0fpeiQq2f4,Oasis,3jnyR6lycuXlPjNH7FVRf5,Definitely Maybe (Remastered) [Deluxe Edition],1994-08-29,album,0.198,0.946,9,-4.231,1,0.0558,0.000376,0.000265,0.0343,0.654,203.567,4,310374
1aZwloKXsDc7RbDsOc0p77,Strange Thing (Demo),0,False,6,3,2DaxqgrOhkeH0fpeiQq2f4,Oasis,3jnyR6lycuXlPjNH7FVRf5,Definitely Maybe (Remastered) [Deluxe Edition],1994-08-29,album,0.3,0.98,9,-1.83,1,0.06,0.0,0.0,0.31,0.41,103.17,4,314000
3Lec2WpufDQiRI80IQkRCU,Live Forever (Live Paris Instore),0,False,7,3,2DaxqgrOhkeH0fpeiQq2f4,Oasis,3jnyR6lycuXlPjNH7FVRf5,Definitely Maybe (Remastered) [Deluxe Edition],1994-08-29,album,0.29,0.63,9,-4.81,0,0.03,0.14,0.0,0.17,0.26,172.08,4,282000
1Ucw8qKMCnAK12yTFI6Vo8,Cigarettes & Alcohol (Live At Manchester Academy),0,True,8,3,2DaxqgrOhkeH0fpeiQq2f4,Oasis,3jnyR6lycuXlPjNH7FVRf5,Definitely Maybe (Remastered) [Deluxe Edition],1994-08-29,album,0.35,1.0,9,-1.39,1,0.09,0.04,0.0,0.41,0.05,128.59,4,238000
7eXheJKvBU6kMXegsDjfNl,D’Yer Wanna Be A Spaceman? (Live At Manchester Academy),0,False,9,3,2DaxqgrOhkeH0fpeiQq2f4,Oasis,3jnyR6lycuXlPjNH7FVRf5,Definitely Maybe (Remastered) [Deluxe Edition],1994-08-29,album,0.31,0.63,0,-7.0,1,0.03,0.72,0.0,0.93,0.52,146.32,4,166000
2MhFEHi0wMnmoSTniyP26n,Fade Away (Demo),0,False,10,3,2DaxqgrOhkeH0fpeiQq2f4,Oasis,3jnyR6lycuXlPjNH7FVRf5,Definitely Maybe (Remastered) [Deluxe Edition],1994-08-29,album,0.28,0.9,9,-2.31,1,0.05,0.0,0.0,0.33,0.37,143.41,4,263000
5H6mCq5kecq6LVM96s9vEG,Take Me Away (Live At Manchester Academy),0,False,11,3,2DaxqgrOhkeH0fpeiQq2f4,Oasis,3jnyR6lycuXlPjNH7FVRf5,Definitely Maybe (Remastered) [Deluxe Edition],1994-08-29,album,0.3,0.37,2,-7.15,1,0.03,0.66,0.0,0.82,0.16,116.93,4,255000
6xXUYsGedcddUx79zVBnrP,Sad Song (Live At Manchester Academy),0,False,12,3,2DaxqgrOhkeH0fpeiQq2f4,Oasis,3jnyR6lycuXlPjNH7FVRf5,Definitely Maybe (Remastered) [Deluxe Edition],1994-08-29,album,0.44,0.38,9,-9.9,0,0.03,0.67,0.0,0.95,0.29,116.51,4,269000
6FKDJXf3r9Cs4ekAFOsPas,"Half The World Away (Live, Tokyo Hotel Room)",0,False,13,3,2DaxqgrOhkeH0fpeiQq2f4,Oasis,3jnyR6lycuXlPjNH7FVRf5,Definitely Maybe (Remastered) [Deluxe Edition],1994-08-29,album,0.44,0.42,11,-6.63,1,0.03,0.78,0.0,0.18,0.16,111.38,4,233000
5yeygT8xioYMfLLJeYUyBW,Digsy’s Dinner (Live Paris Instore),0,False,14,3,2DaxqgrOhkeH0fpeiQq2f4,Oasis,3jnyR6lycuXlPjNH7FVRf5,Definitely Maybe (Remastered) [Deluxe Edition],1994-08-29,album,0.46,0.5,9,-5.42,1,0.03,0.13,0.0,0.11,0.53,134.09,4,156000
07WvPpWIW13V04dP9RZVri,Married With Children (Demo),0,True,15,3,2DaxqgrOhkeH0fpeiQq2f4,Oasis,3jnyR6lycuXlPjNH7FVRf5,Definitely Maybe (Remastered) [Deluxe Edition],1994-08-29,album,0.62,0.47,4,-7.74,1,0.03,0.62,0.0,0.11,0.51,87.69,4,196000
39olQ2OqNtozs02ipShhJw,Up In The Sky (Live Paris Instore),0,False,16,3,2DaxqgrOhkeH0fpeiQq2f4,Oasis,3jnyR6lycuXlPjNH7FVRf5,Definitely Maybe (Remastered) [Deluxe Edition],1994-08-29,album,0.373,0.642,0,-7.076,1,0.031,0.0579,0.0,0.0765,0.522,135.044,4,199320
3uc6sV1XhFGjGlLK36YheA,Whatever (Strings),0,False,17,3,2DaxqgrOhkeH0fpeiQq2f4,Oasis,3jnyR6lycuXlPjNH7FVRf5,Definitely Maybe (Remastered) [Deluxe Edition],1994-08-29,album,0.56,0.32,7,-7.98,1,0.03,0.92,0.94,0.35,0.71,92.75,4,293000
3JeOeABVPso6P91Q3y9vAW,Supersonic - Live At Glasgow Tramshed,0,False,1,3,2DaxqgrOhkeH0fpeiQq2f4,Oasis,1vvtE3HPmUDEtjwUVNItmx,Definitely Maybe (Remastered Deluxe),1994-08-29,album,0.168,0.893,4,-3.754,1,0.0745,9.19e-05,0.92,0.649,0.31,113.225,4,330361
2rpfIoX9SlpA5svKzfHR5A,Rock 'n' Roll Star - Demo,0,False,2,3,2DaxqgrOhkeH0fpeiQq2f4,Oasis,1vvtE3HPmUDEtjwUVNItmx,Definitely Maybe (Remastered Deluxe),1994-08-29,album,0.309,0.887,4,-3.257,1,0.0529,0.000125,0.0464,0.157,0.402,136.304,4,346227
4onrLT6AzcSe5xs2bNtYrc,Shakermaker - Live Paris Instore,0,False,3,3,2DaxqgrOhkeH0fpeiQq2f4,Oasis,1vvtE3HPmUDEtjwUVNItmx,Definitely Maybe (Remastered Deluxe),1994-08-29,album,0.515,0.705,4,-6.449,1,0.0312,0.147,4.78e-05,0.134,0.257,104.419,4,245254
0fnZ4tFKoUuWT6YDQqDsQd,Columbia - Eden Studios Mix,0,False,4,3,2DaxqgrOhkeH0fpeiQq2f4,Oasis,1vvtE3HPmUDEtjwUVNItmx,Definitely Maybe (Remastered Deluxe),1994-08-29,album,0.342,0.904,2,-3.157,1,0.0389,0.000255,0.673,0.401,0.507,99.208,4,337134
0p53l4JQT9hVO0niArYWL2,Cloudburst - Demo,0,False,5,3,2DaxqgrOhkeH0fpeiQq2f4,Oasis,1vvtE3HPmUDEtjwUVNItmx,Definitely Maybe (Remastered Deluxe),1994-08-29,album,0.2,0.945,9,-4.223,1,0.0542,0.000376,0.000251,0.0336,0.656,203.714,4,310374
4u7AwxG9z4ArWDuKGHCjRV,Strange Thing - Demo,0,False,6,3,2DaxqgrOhkeH0fpeiQq2f4,Oasis,1vvtE3HPmUDEtjwUVNItmx,Definitely Maybe (Remastered Deluxe),1994-08-29,album,0.294,0.971,9,-3.13,1,0.0599,0.000382,0.0008,0.248,0.431,103.078,4,314867
0qQlwUeBscYm3b2sqL1IRc,Live Forever - Live Paris Instore,0,False,7,3,2DaxqgrOhkeH0fpeiQq2f4,Oasis,1vvtE3HPmUDEtjwUVNItmx,Definitely Maybe (Remastered Deluxe),1994-08-29,album,0.247,0.581,9,-5.842,0,0.0318,0.177,6.53e-06,0.181,0.281,172.187,4,282120
0Kan0NdF3nzrP0fDZinHSi,Cigarettes & Alcohol - Live At Manchester Academy,0,False,8,3,2DaxqgrOhkeH0fpeiQq2f4,Oasis,1vvtE3HPmUDEtjwUVNItmx,Definitely Maybe (Remastered Deluxe),1994-08-29,album,0.348,0.998,9,-2.454,1,0.0872,0.018,0.000937,0.397,0.0516,128.609,4,238560
4D3PcqzZGwsFfG1UBoJfq9,D'yer Wanna Be a Spaceman? - Live At Manchester Academy,0,False,9,3,2DaxqgrOhkeH0fpeiQq2f4,Oasis,1vvtE3HPmUDEtjwUVNItmx,Definitely Maybe (Remastered Deluxe),1994-08-29,album,0.329,0.592,7,-8.026,1,0.0309,0.713,0.0,0.913,0.57,143.479,4,166214
0kKvzF2xSRZh86BJCDiB0d,Fade Away - Demo,0,False,10,3,2DaxqgrOhkeH0fpeiQq2f4,Oasis,1vvtE3HPmUDEtjwUVNItmx,Definitely Maybe (Remastered Deluxe),1994-08-29,album,0.277,0.884,9,-3.564,1,0.0529,0.000136,0.0,0.356,0.343,143.427,4,263200
3AJhL4gl3uO5pH5gK4hZnj,Take Me Away - Live At Manchester Academy,0,False,11,3,2DaxqgrOhkeH0fpeiQq2f4,Oasis,1vvtE3HPmUDEtjwUVNItmx,Definitely Maybe (Remastered Deluxe),1994-08-29,album,0.294,0.339,2,-8.263,1,0.0299,0.685,1.5e-05,0.802,0.156,117.457,4,255160
6AbdOEcNWEqsba2nIB4ubQ,Sad Song - Live At Manchester Academy,0,False,12,3,2DaxqgrOhkeH0fpeiQq2f4,Oasis,1vvtE3HPmUDEtjwUVNItmx,Definitely Maybe (Remastered Deluxe),1994-08-29,album,0.437,0.387,9,-9.883,0,0.0278,0.668,0.0,0.946,0.279,116.471,4,269280
5dBULBuv78JfhrHXldDYKN,"Half the World Away - Live, Tokyo Hotel Room",0,False,13,3,2DaxqgrOhkeH0fpeiQq2f4,Oasis,1vvtE3HPmUDEtjwUVNItmx,Definitely Maybe (Remastered Deluxe),1994-08-29,album,0.434,0.392,11,-7.712,1,0.0313,0.792,1.05e-05,0.213,0.149,108.839,4,233374
6R8pRRDnMNgzT8MCar0V41,Digsy's Dinner - Live Paris Instore,0,False,14,3,2DaxqgrOhkeH0fpeiQq2f4,Oasis,1vvtE3HPmUDEtjwUVNItmx,Definitely Maybe (Remastered Deluxe),1994-08-29,album,0.423,0.476,9,-6.455,1,0.0277,0.143,0.0,0.111,0.562,66.982,4,156867
65LHE0oyJJlKTtOV9CuE50,Married With Children - Demo,0,False,15,3,2DaxqgrOhkeH0fpeiQq2f4,Oasis,1vvtE3HPmUDEtjwUVNItmx,Definitely Maybe (Remastered Deluxe),1994-08-29,album,0.623,0.444,4,-8.798,1,0.0252,0.621,0.0,0.0909,0.515,87.781,4,196067
4R8GLQjBc0KcmNJoLeb9RG,Up in the Sky - Live Paris Instore,0,False,16,3,2DaxqgrOhkeH0fpeiQq2f4,Oasis,1vvtE3HPmUDEtjwUVNItmx,Definitely Maybe (Remastered Deluxe),1994-08-29,album,0.376,0.64,0,-7.083,1,0.0309,0.0569,0.0,0.0822,0.539,135.045,4,199320
56WUyupLi4TkWuSvJvksPu,Whatever - Strings,0,False,17,3,2DaxqgrOhkeH0fpeiQq2f4,Oasis,1vvtE3HPmUDEtjwUVNItmx,Definitely Maybe (Remastered Deluxe),1994-08-29,album,0.56,0.296,7,-9.031,1,0.0304,0.923,0.949,0.383,0.742,93.004,4,289959
4Qpx8ixexU5hAwRSgH727q,Rock 'n' Roll Star,0,False,1,1,2DaxqgrOhkeH0fpeiQq2f4,Oasis,7flyjJq4kZPMNZufrXnTwY,Definitely Maybe [Remastered],1994-08-29,album,0.315,0.97,4,-3.194,1,0.0697,0.000385,0.00143,0.527,0.453,138.206,4,321947
4UcKxw8qnHCioGyschB7ls,Shakermaker,0,False,2,1,2DaxqgrOhkeH0fpeiQq2f4,Oasis,7flyjJq4kZPMNZufrXnTwY,Definitely Maybe [Remastered],1994-08-29,album,0.297,0.93,4,-2.661,1,0.0583,0.0136,0.117,0.687,0.159,95.904,4,308280
2IW9EqCObcz1QjC5rrlpb6,Live Forever,0,False,3,1,2DaxqgrOhkeH0fpeiQq2f4,Oasis,7flyjJq4kZPMNZufrXnTwY,Definitely Maybe [Remastered],1994-08-29,album,0.191,0.829,9,-3.381,0,0.0447,2.72e-05,2.11e-05,0.362,0.191,116.007,5,276667
6UMGsILX8cKNPXTlClEyGE,Up in the Sky,0,False,4,1,2DaxqgrOhkeH0fpeiQq2f4,Oasis,7flyjJq4kZPMNZufrXnTwY,Definitely Maybe [Remastered],1994-08-29,album,0.262,0.905,0,-3.543,1,0.0398,1.41e-05,0.0214,0.38,0.328,140.557,4,268000
1vT2tAxlxkuXkwgtaIBVKG,Columbia,0,False,5,1,2DaxqgrOhkeH0fpeiQq2f4,Oasis,7flyjJq4kZPMNZufrXnTwY,Definitely Maybe [Remastered],1994-08-29,album,0.314,0.835,7,-5.106,1,0.0498,2.01e-06,0.618,0.392,0.041,100.134,4,377400
6gkbymBlBdwt5WE9A1TdmT,Supersonic,0,False,6,1,2DaxqgrOhkeH0fpeiQq2f4,Oasis,7flyjJq4kZPMNZufrXnTwY,Definitely Maybe [Remastered],1994-08-29,album,0.361,0.905,9,-2.851,1,0.0405,5.86e-05,0.0094,0.0896,0.635,103.997,4,283787
05muzEmm2ZYOXmt375uK61,Bring It On Down,0,False,7,1,2DaxqgrOhkeH0fpeiQq2f4,Oasis,7flyjJq4kZPMNZufrXnTwY,Definitely Maybe [Remastered],1994-08-29,album,0.114,0.938,9,-2.741,1,0.0776,1.13e-05,0.806,0.446,0.191,153.335,4,257813
2eeWPDDa2dVKVAjwbeO3ZD,Cigarettes & Alcohol,0,False,8,1,2DaxqgrOhkeH0fpeiQq2f4,Oasis,7flyjJq4kZPMNZufrXnTwY,Definitely Maybe [Remastered],1994-08-29,album,0.287,0.76,2,-2.31,1,0.0462,1.56e-05,0.0378,0.16,0.465,114.795,4,289147
5J41msYiQJROeMUjH9BOe4,Digsy's Dinner,0,False,9,1,2DaxqgrOhkeH0fpeiQq2f4,Oasis,7flyjJq4kZPMNZufrXnTwY,Definitely Maybe [Remastered],1994-08-29,album,0.302,0.987,2,-2.865,1,0.111,0.000895,0.537,0.0659,0.057,139.517,4,152267
0YNu0XXpMYClp5HpObnPnY,Slide Away,0,False,10,1,2DaxqgrOhkeH0fpeiQq2f4,Oasis,7flyjJq4kZPMNZufrXnTwY,Definitely Maybe [Remastered],1994-08-29,album,0.067,0.941,5,-2.7,0,0.137,9.68e-05,0.000359,0.253,0.236,187.874,4,392307
2xDQi7GyiZEfBdMsWNnZjH,Married with Children,0,False,11,1,2DaxqgrOhkeH0fpeiQq2f4,Oasis,7flyjJq4kZPMNZufrXnTwY,Definitely Maybe [Remastered],1994-08-29,album,0.585,0.427,4,-10.907,1,0.0278,0.806,0.0,0.0985,0.313,87.615,4,195000
1cp82oZb7N2WCUx6gSrmwU,Rock 'n' Roll Star,0,False,1,1,2DaxqgrOhkeH0fpeiQq2f4,Oasis,3cuGDeQnRjwYfe3BzzUbWu,Definitely Maybe [Remastered] (Deluxe Version),1994-08-29,album,0.315,0.97,4,-3.194,1,0.0697,0.000385,0.00143,0.527,0.453,138.206,4,321947
4GwbHz1N9uIRxuXpXv7rFd,Shakermaker,0,False,2,1,2DaxqgrOhkeH0fpeiQq2f4,Oasis,3cuGDeQnRjwYfe3BzzUbWu,Definitely Maybe [Remastered] (Deluxe Version),1994-08-29,album,0.297,0.93,4,-2.661,1,0.0583,0.0136,0.117,0.687,0.159,95.904,4,308280
2hBE2QZ777DfIWvm9fuB54,Live Forever,0,False,3,1,2DaxqgrOhkeH0fpeiQq2f4,Oasis,3cuGDeQnRjwYfe3BzzUbWu,Definitely Maybe [Remastered] (Deluxe Version),1994-08-29,album,0.191,0.829,9,-3.381,0,0.0447,2.72e-05,2.11e-05,0.362,0.191,116.007,5,276667
6j8ExJnGVsm491XDT110Cy,Up in the Sky,0,False,4,1,2DaxqgrOhkeH0fpeiQq2f4,Oasis,3cuGDeQnRjwYfe3BzzUbWu,Definitely Maybe [Remastered] (Deluxe Version),1994-08-29,album,0.262,0.905,0,-3.543,1,0.0398,1.41e-05,0.0214,0.38,0.328,140.557,4,268000
7cfOPYPjMcniEl7fD5ovYZ,Columbia,0,False,5,1,2DaxqgrOhkeH0fpeiQq2f4,Oasis,3cuGDeQnRjwYfe3BzzUbWu,Definitely Maybe [Remastered] (Deluxe Version),1994-08-29,album,0.314,0.835,7,-5.106,1,0.0498,2.01e-06,0.618,0.392,0.041,100.134,4,377400
2CTcIkQKSGUeKzHUkxU9UA,Supersonic,0,False,6,1,2DaxqgrOhkeH0fpeiQq2f4,Oasis,3cuGDeQnRjwYfe3BzzUbWu,Definitely Maybe [Remastered] (Deluxe Version),1994-08-29,album,0.361,0.905,9,-2.851,1,0.0405,5.86e-05,0.0094,0.0896,0.635,103.997,4,283787
1JEkTfUaNQYRIUwRDak2kk,Bring It On Down,0,False,7,1,2DaxqgrOhkeH0fpeiQq2f4,Oasis,3cuGDeQnRjwYfe3BzzUbWu,Definitely Maybe [Remastered] (Deluxe Version),1994-08-29,album,0.114,0.938,9,-2.741,1,0.0776,1.13e-05,0.806,0.446,0.191,153.335,4,257813
190lbFOR4ZOeld5xnlUtDt,Cigarettes & Alcohol,0,False,8,1,2DaxqgrOhkeH0fpeiQq2f4,Oasis,3cuGDeQnRjwYfe3BzzUbWu,Definitely Maybe [Remastered] (Deluxe Version),1994-08-29,album,0.287,0.76,2,-2.31,1,0.0462,1.56e-05,0.0378,0.16,0.465,114.795,4,289147
6Np5M4oh09hOVBENXseu3p,Digsy's Dinner,0,False,9,1,2DaxqgrOhkeH0fpeiQq2f4,Oasis,3cuGDeQnRjwYfe3BzzUbWu,Definitely Maybe [Remastered] (Deluxe Version),1994-08-29,album,0.302,0.987,2,-2.865,1,0.111,0.000895,0.537,0.0659,0.057,139.517,4,152267
2xcI3WNBf4T2Xp2mK0ywFh,Slide Away,0,False,10,1,2DaxqgrOhkeH0fpeiQq2f4,Oasis,3cuGDeQnRjwYfe3BzzUbWu,Definitely Maybe [Remastered] (Deluxe Version),1994-08-29,album,0.067,0.941,5,-2.7,0,0.137,9.68e-05,0.000359,0.253,0.236,187.874,4,392307
3XQ7HTWFwZoRPgvffhFLXV,Married with Children,0,False,11,1,2DaxqgrOhkeH0fpeiQq2f4,Oasis,3cuGDeQnRjwYfe3BzzUbWu,Definitely Maybe [Remastered] (Deluxe Version),1994-08-29,album,0.585,0.427,4,-10.907,1,0.0278,0.806,0.0,0.0985,0.313,87.615,4,195000
2nJ3MdDQMD29y7FWby3wZj,Columbia - White Label Demo,0,False,12,1,2DaxqgrOhkeH0fpeiQq2f4,Oasis,3cuGDeQnRjwYfe3BzzUbWu,Definitely Maybe [Remastered] (Deluxe Version),1994-08-29,album,0.103,0.894,2,-1.876,1,0.0502,0.00182,0.751,0.624,0.303,202.326,4,327667
1Nk1SDdEuunQ9BB1kxfeic,Cigarettes & Alcohol - Demo,0,False,13,1,2DaxqgrOhkeH0fpeiQq2f4,Oasis,3cuGDeQnRjwYfe3BzzUbWu,Definitely Maybe [Remastered] (Deluxe Version),1994-08-29,album,0.361,0.932,9,-1.727,1,0.0449,0.000182,0.000252,0.0917,0.33,110.946,4,277987
1q9NXm0fTu2fTnemnOfleu,Sad Song,0,False,14,1,2DaxqgrOhkeH0fpeiQq2f4,Oasis,3cuGDeQnRjwYfe3BzzUbWu,Definitely Maybe [Remastered] (Deluxe Version),1994-08-29,album,0.527,0.575,8,-6.36,0,0.0309,0.538,0.0,0.391,0.162,118.465,4,269213
2FrADVx5wICLbq1EGiprHO,I Will Believe - Live,0,False,15,1,2DaxqgrOhkeH0fpeiQq2f4,Oasis,3cuGDeQnRjwYfe3BzzUbWu,Definitely Maybe [Remastered] (Deluxe Version),1994-08-29,album,0.347,0.979,2,-3.294,1,0.0754,0.000615,1.38e-06,0.0872,0.528,128.608,4,228880
7yPWL2q7MrNwSNrYSjRBOp,Take Me Away,0,False,16,1,2DaxqgrOhkeH0fpeiQq2f4,Oasis,3cuGDeQnRjwYfe3BzzUbWu,Definitely Maybe [Remastered] (Deluxe Version),1994-08-29,album,0.454,0.332,2,-10.886,1,0.0286,0.655,0.0,0.235,0.115,112.186,4,272773
3mAiC9s9EUijhRCNbwnjcj,Alive - Demo,0,False,17,1,2DaxqgrOhkeH0fpeiQq2f4,Oasis,3cuGDeQnRjwYfe3BzzUbWu,Definitely Maybe [Remastered] (Deluxe Version),1994-08-29,album,0.261,0.911,4,-4.515,1,0.0483,7.29e-06,0.00418,0.144,0.221,147.66,4,238227
7ht0fuyO2gXP4dOGN2JM6o,D'Yer Wanna Be a Spaceman?,0,False,18,1,2DaxqgrOhkeH0fpeiQq2f4,Oasis,3cuGDeQnRjwYfe3BzzUbWu,Definitely Maybe [Remastered] (Deluxe Version),1994-08-29,album,0.402,0.51,7,-9.073,1,0.0261,0.365,0.0,0.0866,0.613,139.173,4,161013
3bCy6o2T5mGXUviQRDx3sM,Supersonic - Live,0,False,19,1,2DaxqgrOhkeH0fpeiQq2f4,Oasis,3cuGDeQnRjwYfe3BzzUbWu,Definitely Maybe [Remastered] (Deluxe Version),1994-08-29,album,0.226,0.965,6,-3.494,0,0.0985,0.00264,0.44,0.685,0.118,108.728,4,315027
3VX8T6qIIZfwMTmzEjabpt,Up in the Sky - Acoustic,0,False,20,1,2DaxqgrOhkeH0fpeiQq2f4,Oasis,3cuGDeQnRjwYfe3BzzUbWu,Definitely Maybe [Remastered] (Deluxe Version),1994-08-29,album,0.136,0.784,7,-4.125,1,0.0422,0.172,0.0,0.0862,0.378,95.29,3,214320
2q6J36f9yQdbb5EsDE8k7Q,Cloudburst,0,False,21,1,2DaxqgrOhkeH0fpeiQq2f4,Oasis,3cuGDeQnRjwYfe3BzzUbWu,Definitely Maybe [Remastered] (Deluxe Version),1994-08-29,album,0.263,0.876,9,-5.483,1,0.0492,2.85e-06,0.481,0.189,0.288,101.846,4,323147
6wByuL4Ar8H8C3QUs3ChGC,Fade Away,0,False,22,1,2DaxqgrOhkeH0fpeiQq2f4,Oasis,3cuGDeQnRjwYfe3BzzUbWu,Definitely Maybe [Remastered] (Deluxe Version),1994-08-29,album,0.166,0.593,2,-3.467,1,0.0474,1.5e-05,0.0655,0.391,0.345,71.79,4,256853
6StLGdIoI9xAOvBqNNbEz3,Listen Up,0,False,23,1,2DaxqgrOhkeH0fpeiQq2f4,Oasis,3cuGDeQnRjwYfe3BzzUbWu,Definitely Maybe [Remastered] (Deluxe Version),1994-08-29,album,0.217,0.835,9,-1.751,1,0.0628,0.0208,0.0741,0.379,0.381,98.767,4,402360
34BoQVtRTgzY8B05YqHo2V,I Am the Walrus - Live Glasgow Cathouse June '94,0,False,24,1,2DaxqgrOhkeH0fpeiQq2f4,Oasis,3cuGDeQnRjwYfe3BzzUbWu,Definitely Maybe [Remastered] (Deluxe Version),1994-08-29,album,0.154,0.975,4,-3.738,1,0.135,5.11e-06,0.741,0.417,0.0399,106.566,4,498333
3cVmlcN1DXipui2UFRBN57,Whatever,0,False,25,1,2DaxqgrOhkeH0fpeiQq2f4,Oasis,3cuGDeQnRjwYfe3BzzUbWu,Definitely Maybe [Remastered] (Deluxe Version),1994-08-29,album,0.247,0.913,7,-2.437,1,0.0388,0.0418,0.00839,0.257,0.34,91.157,4,382267
6VQUZDQ00lY9DibuqkO5oA,(It's Good) To Be Free,0,False,26,1,2DaxqgrOhkeH0fpeiQq2f4,Oasis,3cuGDeQnRjwYfe3BzzUbWu,Definitely Maybe [Remastered] (Deluxe Version),1994-08-29,album,0.309,0.901,4,-2.036,0,0.0506,0.00189,0.0117,0.379,0.306,97.823,5,263533
6fTP9qHFJDF2KN38TKF7Dr,Half the World Away,0,False,27,1,2DaxqgrOhkeH0fpeiQq2f4,Oasis,3cuGDeQnRjwYfe3BzzUbWu,Definitely Maybe [Remastered] (Deluxe Version),1994-08-29,album,0.339,0.459,0,-8.652,1,0.0329,0.303,0.0,0.0909,0.22,171.95,3,267333
0gIc6bCN16JlZDOFxGmc95,Supersonic - Live at Glasgow Tramshed,0,False,28,1,2DaxqgrOhkeH0fpeiQq2f4,Oasis,3cuGDeQnRjwYfe3BzzUbWu,Definitely Maybe [Remastered] (Deluxe Version),1994-08-29,album,0.161,0.93,4,-2.515,1,0.0748,0.000108,0.944,0.901,0.293,109.319,4,331360
3depoxab2zKZl6iw6iwcV5,Rock 'n' Roll Star - Demo,0,False,29,1,2DaxqgrOhkeH0fpeiQq2f4,Oasis,3cuGDeQnRjwYfe3BzzUbWu,Definitely Maybe [Remastered] (Deluxe Version),1994-08-29,album,0.309,0.915,4,-1.98,1,0.0538,0.000122,0.123,0.147,0.386,136.297,4,346227
6q9POnqhtBoxObasYjMPCj,Shakermaker - Live Paris Instore,0,False,30,1,2DaxqgrOhkeH0fpeiQq2f4,Oasis,3cuGDeQnRjwYfe3BzzUbWu,Definitely Maybe [Remastered] (Deluxe Version),1994-08-29,album,0.515,0.737,4,-5.371,1,0.0311,0.139,4.38e-05,0.128,0.254,104.701,4,245253
7jqxMBHFlrIZtPqSeWVZQ7,Columbia - Eden Studios Mix,0,False,31,1,2DaxqgrOhkeH0fpeiQq2f4,Oasis,3cuGDeQnRjwYfe3BzzUbWu,Definitely Maybe [Remastered] (Deluxe Version),1994-08-29,album,0.346,0.922,2,-2.111,1,0.0394,0.00026,0.594,0.403,0.518,99.194,4,337133
3Q0msPqhBtmXepTMehZPRi,Cloudburst - Demo,0,False,32,1,2DaxqgrOhkeH0fpeiQq2f4,Oasis,3cuGDeQnRjwYfe3BzzUbWu,Definitely Maybe [Remastered] (Deluxe Version),1994-08-29,album,0.409,0.957,9,-2.964,1,0.0425,0.00042,0.000225,0.0341,0.633,102.127,4,310373
0oY9QQymkrE34ek2jjj4fT,Strange Thing - Demo,0,False,33,1,2DaxqgrOhkeH0fpeiQq2f4,Oasis,3cuGDeQnRjwYfe3BzzUbWu,Definitely Maybe [Remastered] (Deluxe Version),1994-08-29,album,0.297,0.985,11,-1.874,0,0.0631,0.000277,0.00189,0.265,0.391,103.106,4,314867
2HxQGwW1IFLCqAIuvWfKNO,Live Forever - Live Paris Instore,0,False,34,1,2DaxqgrOhkeH0fpeiQq2f4,Oasis,3cuGDeQnRjwYfe3BzzUbWu,Definitely Maybe [Remastered] (Deluxe Version),1994-08-29,album,0.295,0.619,9,-4.809,0,0.0312,0.176,1.09e-05,0.142,0.278,172.686,4,282120
2Ofv95BdANxMPK2yr20qk2,Cigarettes & Alcohol - Live at Manchester Academy,0,False,35,1,2DaxqgrOhkeH0fpeiQq2f4,Oasis,3cuGDeQnRjwYfe3BzzUbWu,Definitely Maybe [Remastered] (Deluxe Version),1994-08-29,album,0.346,0.998,2,-1.435,1,0.0887,0.0191,0.00107,0.396,0.0489,128.6,4,238560
3ZmmCxl9A3sPYUJ1MqJRjt,D'Yer Wanna Be a Spaceman? - Live at Manchester Academy,0,False,36,1,2DaxqgrOhkeH0fpeiQq2f4,Oasis,3cuGDeQnRjwYfe3BzzUbWu,Definitely Maybe [Remastered] (Deluxe Version),1994-08-29,album,0.296,0.636,0,-6.955,1,0.0316,0.693,0.0,0.923,0.54,142.862,4,166213
4gkQOCqdnfTTzyuEe2CJgy,Fade Away - Demo,0,False,37,1,2DaxqgrOhkeH0fpeiQq2f4,Oasis,3cuGDeQnRjwYfe3BzzUbWu,Definitely Maybe [Remastered] (Deluxe Version),1994-08-29,album,0.277,0.898,9,-2.288,1,0.0522,0.000163,0.0,0.316,0.396,143.319,4,263200
0KXwEuMBkNWq68Hv9mv9ak,Take Me Away - Live at Manchester Academy,0,False,38,1,2DaxqgrOhkeH0fpeiQq2f4,Oasis,3cuGDeQnRjwYfe3BzzUbWu,Definitely Maybe [Remastered] (Deluxe Version),1994-08-29,album,0.285,0.364,2,-7.235,1,0.0284,0.685,1.73e-05,0.785,0.169,111.439,4,255160
5Pr1onQIAR6ORY25kKyHgV,Sad Song - Live at Manchester Academy,0,False,39,1,2DaxqgrOhkeH0fpeiQq2f4,Oasis,3cuGDeQnRjwYfe3BzzUbWu,Definitely Maybe [Remastered] (Deluxe Version),1994-08-29,album,0.431,0.411,9,-8.817,0,0.0273,0.68,0.0,0.938,0.281,116.436,4,269280
39nZhDAP9NYWXkEL5kjIeu,"Half the World Away - Live, Tokyo Hotel Room",0,False,40,1,2DaxqgrOhkeH0fpeiQq2f4,Oasis,3cuGDeQnRjwYfe3BzzUbWu,Definitely Maybe [Remastered] (Deluxe Version),1994-08-29,album,0.438,0.417,11,-6.651,1,0.0336,0.788,1.6e-05,0.167,0.152,111.477,4,233373
5O6NP9k1slKKUGx0Gnsldz,Digsy's Dinner - Live Paris Instore,0,False,41,1,2DaxqgrOhkeH0fpeiQq2f4,Oasis,3cuGDeQnRjwYfe3BzzUbWu,Definitely Maybe [Remastered] (Deluxe Version),1994-08-29,album,0.458,0.5,9,-5.43,1,0.0276,0.133,0.0,0.113,0.541,134.409,4,156867
17Hf8TfZj8gCUxvhC5PMBj,Married with Children - Demo,0,False,42,1,2DaxqgrOhkeH0fpeiQq2f4,Oasis,3cuGDeQnRjwYfe3BzzUbWu,Definitely Maybe [Remastered] (Deluxe Version),1994-08-29,album,0.621,0.479,4,-7.693,1,0.0249,0.653,0.0,0.104,0.549,87.696,4,196067
7nDFJ7eyMSyxJiFYzUR0nn,Up In The Sky - Live Paris Instore,0,False,43,1,2DaxqgrOhkeH0fpeiQq2f4,Oasis,3cuGDeQnRjwYfe3BzzUbWu,Definitely Maybe [Remastered] (Deluxe Version),1994-08-29,album,0.338,0.689,0,-5.993,1,0.0328,0.064,0.0,0.0951,0.549,134.832,4,199320
0nxxipk3fj7A5BDAiX2pI3,Whatever - Strings,0,False,44,1,2DaxqgrOhkeH0fpeiQq2f4,Oasis,3cuGDeQnRjwYfe3BzzUbWu,Definitely Maybe [Remastered] (Deluxe Version),1994-08-29,album,0.558,0.323,7,-7.969,1,0.0297,0.922,0.951,0.312,0.724,92.799,4,293960
0V3qs6x43MkuNwWABwoOvZ,Supersonic - Live at Glasgow Tramshed,0,False,1,3,2DaxqgrOhkeH0fpeiQq2f4,Oasis,0ExlleDo2Ok0j9axme5TNp,Definitely Maybe (Deluxe Edition Remastered),1994,album,0.17,0.92,4,-2.5,1,0.07,0.0,0.93,0.85,0.28,113.05,4,331000
7uQ09CuKjARJW5yhRLwdEL,Rock 'n' Roll Star - Demo,0,False,2,3,2DaxqgrOhkeH0fpeiQq2f4,Oasis,0ExlleDo2Ok0j9axme5TNp,Definitely Maybe (Deluxe Edition Remastered),1994,album,0.311,0.911,4,-1.972,1,0.0537,0.000124,0.0341,0.189,0.437,136.265,4,346227
4Cg5CxOX2OMktUh6pbrezJ,Shakermaker - Live Paris Instore,0,False,3,3,2DaxqgrOhkeH0fpeiQq2f4,Oasis,0ExlleDo2Ok0j9axme5TNp,Definitely Maybe (Deluxe Edition Remastered),1994,album,0.518,0.733,4,-5.413,1,0.0319,0.147,4e-05,0.0938,0.236,105.003,4,245253
7cFS6fuJhOD4SGcgPUv3K8,Columbia - Eden Studios Mix,0,False,4,3,2DaxqgrOhkeH0fpeiQq2f4,Oasis,0ExlleDo2Ok0j9axme5TNp,Definitely Maybe (Deluxe Edition Remastered),1994,album,0.347,0.929,2,-2.096,1,0.0396,0.000297,0.688,0.383,0.524,99.226,4,337133
1Rc08TgVpF9814SOPbL4g7,Live Forever - Live Paris Instore,0,False,7,3,2DaxqgrOhkeH0fpeiQq2f4,Oasis,0ExlleDo2Ok0j9axme5TNp,Definitely Maybe (Deluxe Edition Remastered),1994,album,0.29,0.63,9,-4.81,0,0.03,0.14,0.0,0.17,0.26,172.08,4,282000
6ArWIWbi9sHNn77qDC8x91,Cigarettes & Alcohol - Live at Manchester Academy,0,True,8,3,2DaxqgrOhkeH0fpeiQq2f4,Oasis,0ExlleDo2Ok0j9axme5TNp,Definitely Maybe (Deluxe Edition Remastered),1994,album,0.345,0.998,9,-1.388,1,0.0885,0.0355,0.000707,0.413,0.0512,128.598,4,238560
66FUDMPVd4XKO6PcBA9MkK,Digsy's Dinner - Live Paris Instore,0,False,14,3,2DaxqgrOhkeH0fpeiQq2f4,Oasis,0ExlleDo2Ok0j9axme5TNp,Definitely Maybe (Deluxe Edition Remastered),1994,album,0.463,0.505,9,-5.42,1,0.0272,0.137,0.0,0.113,0.556,134.215,4,156867
0zMFza6ESgEc7YCxSJbPwb,Married With Children - Demo,0,True,15,3,2DaxqgrOhkeH0fpeiQq2f4,Oasis,0ExlleDo2Ok0j9axme5TNp,Definitely Maybe (Deluxe Edition Remastered),1994,album,0.623,0.468,4,-7.75,1,0.0251,0.617,0.0,0.104,0.513,87.693,4,196067
0hbvwt9DfEyQ7dglcOiSnm,Up In the Sky - Live Paris Instore,0,False,16,3,2DaxqgrOhkeH0fpeiQq2f4,Oasis,0ExlleDo2Ok0j9axme5TNp,Definitely Maybe (Deluxe Edition Remastered),1994,album,0.375,0.687,0,-5.971,1,0.0308,0.0561,0.0,0.132,0.544,135.036,4,199320
28ouS3UGnpnfVXFUqLUCMO,Rock 'n' Roll Star,0,False,1,1,2DaxqgrOhkeH0fpeiQq2f4,Oasis,49LF7iFYcfNK2URg1KxTDL,Definitely Maybe (Remastered) [Deluxe Version],1994,album,0.315,0.97,4,-3.194,1,0.0697,0.000385,0.00143,0.527,0.453,138.206,4,321947
0rAQUsZYyLNaYIXZytU0UB,Shakermaker,0,False,2,1,2DaxqgrOhkeH0fpeiQq2f4,Oasis,49LF7iFYcfNK2URg1KxTDL,Definitely Maybe (Remastered) [Deluxe Version],1994,album,0.297,0.93,4,-2.661,1,0.0583,0.0136,0.117,0.687,0.159,95.89,4,308280
6HxR9WWkKDoMasHhU8Lf6U,Live Forever,0,False,3,1,2DaxqgrOhkeH0fpeiQq2f4,Oasis,49LF7iFYcfNK2URg1KxTDL,Definitely Maybe (Remastered) [Deluxe Version],1994,album,0.191,0.829,9,-3.381,0,0.0447,2.72e-05,2.11e-05,0.362,0.191,116.007,5,276667
7HI8pstpdC76yTjmhLQEzK,Up in the Sky,0,False,4,1,2DaxqgrOhkeH0fpeiQq2f4,Oasis,49LF7iFYcfNK2URg1KxTDL,Definitely Maybe (Remastered) [Deluxe Version],1994,album,0.263,0.905,0,-3.543,1,0.0398,1.41e-05,0.0214,0.38,0.328,140.557,4,268000
3jcPzOwQgH55rOdAEHP0Zd,Columbia,0,False,5,1,2DaxqgrOhkeH0fpeiQq2f4,Oasis,49LF7iFYcfNK2URg1KxTDL,Definitely Maybe (Remastered) [Deluxe Version],1994,album,0.314,0.835,7,-5.106,1,0.0498,2.01e-06,0.618,0.392,0.041,100.134,4,377400
5vkVDysYfLswiaKShrEpLu,Supersonic,0,False,6,1,2DaxqgrOhkeH0fpeiQq2f4,Oasis,49LF7iFYcfNK2URg1KxTDL,Definitely Maybe (Remastered) [Deluxe Version],1994,album,0.361,0.905,9,-2.851,1,0.0405,5.86e-05,0.0094,0.089,0.635,103.997,4,283787
568l8fSQubUdTk4dhuG9oV,Bring It On Down,0,False,7,1,2DaxqgrOhkeH0fpeiQq2f4,Oasis,49LF7iFYcfNK2URg1KxTDL,Definitely Maybe (Remastered) [Deluxe Version],1994,album,0.114,0.938,9,-2.741,1,0.0776,1.13e-05,0.806,0.446,0.191,153.335,4,257813
50hHpUve7SBvcyfL7ljxl2,Cigarettes & Alcohol,0,False,8,1,2DaxqgrOhkeH0fpeiQq2f4,Oasis,49LF7iFYcfNK2URg1KxTDL,Definitely Maybe (Remastered) [Deluxe Version],1994,album,0.289,0.76,2,-2.31,1,0.0461,1.56e-05,0.0378,0.16,0.465,114.794,4,289147
5GkAsNfMTU0HRkPKwJWpxB,Digsy's Dinner,0,False,9,1,2DaxqgrOhkeH0fpeiQq2f4,Oasis,49LF7iFYcfNK2URg1KxTDL,Definitely Maybe (Remastered) [Deluxe Version],1994,album,0.303,0.987,2,-2.865,1,0.111,0.000895,0.537,0.0659,0.057,139.499,4,152267
2LR8EhIMpZEV8ntKLjgDqF,Slide Away,0,False,10,1,2DaxqgrOhkeH0fpeiQq2f4,Oasis,49LF7iFYcfNK2URg1KxTDL,Definitely Maybe (Remastered) [Deluxe Version],1994,album,0.067,0.941,5,-2.7,0,0.137,9.68e-05,0.000359,0.253,0.236,187.874,4,392307
023vQ3TeOu6wYWYXhzFwV6,Married with Children,0,False,11,1,2DaxqgrOhkeH0fpeiQq2f4,Oasis,49LF7iFYcfNK2URg1KxTDL,Definitely Maybe (Remastered) [Deluxe Version],1994,album,0.585,0.427,4,-10.907,1,0.0278,0.806,0.0,0.0985,0.313,87.615,4,195000
1KbnUFY1iRPvQwQMicfju7,Columbia - White Label Demo,0,False,1,2,2DaxqgrOhkeH0fpeiQq2f4,Oasis,49LF7iFYcfNK2URg1KxTDL,Definitely Maybe (Remastered) [Deluxe Version],1994,album,0.103,0.894,2,-1.876,1,0.0502,0.00182,0.751,0.624,0.303,202.326,4,327667
43cck0IZNUHEgnFnbHeEeB,Cigarettes & Alcohol - Demo,0,False,2,2,2DaxqgrOhkeH0fpeiQq2f4,Oasis,49LF7iFYcfNK2URg1KxTDL,Definitely Maybe (Remastered) [Deluxe Version],1994,album,0.361,0.932,9,-1.727,1,0.0449,0.000182,0.000252,0.0917,0.33,110.946,4,277987
4uQgl4QHAZjJG941Oq5Ph0,Sad Song,0,False,3,2,2DaxqgrOhkeH0fpeiQq2f4,Oasis,49LF7iFYcfNK2URg1KxTDL,Definitely Maybe (Remastered) [Deluxe Version],1994,album,0.527,0.575,8,-6.36,0,0.0309,0.538,0.0,0.391,0.162,118.465,4,269213
1Yxoo8BGDesZL4VB8VWpNT,Take Me Away,0,False,5,2,2DaxqgrOhkeH0fpeiQq2f4,Oasis,49LF7iFYcfNK2URg1KxTDL,Definitely Maybe (Remastered) [Deluxe Version],1994,album,0.454,0.332,2,-10.886,1,0.0286,0.655,0.0,0.235,0.115,112.186,4,272773
5ziDPkZflCedIkL3NTevSL,D'Yer Wanna Be a Spaceman?,0,False,7,2,2DaxqgrOhkeH0fpeiQq2f4,Oasis,49LF7iFYcfNK2URg1KxTDL,Definitely Maybe (Remastered) [Deluxe Version],1994,album,0.402,0.51,7,-9.073,1,0.0261,0.365,0.0,0.0866,0.613,139.173,4,161013
57lOMllA9fZmDDNoRob5KG,Supersonic - Live,0,False,8,2,2DaxqgrOhkeH0fpeiQq2f4,Oasis,49LF7iFYcfNK2URg1KxTDL,Definitely Maybe (Remastered) [Deluxe Version],1994,album,0.226,0.965,6,-3.494,0,0.0985,0.00264,0.44,0.685,0.118,108.728,4,315027
0x4BRVnypKNChbXc8lV4l9,Up in the Sky - Acoustic,0,False,9,2,2DaxqgrOhkeH0fpeiQq2f4,Oasis,49LF7iFYcfNK2URg1KxTDL,Definitely Maybe (Remastered) [Deluxe Version],1994,album,0.136,0.784,7,-4.125,1,0.0422,0.172,0.0,0.0862,0.378,95.29,3,214320
3hjO1NfLlO5RIyd3Oz3mms,Cloudburst,0,False,10,2,2DaxqgrOhkeH0fpeiQq2f4,Oasis,49LF7iFYcfNK2URg1KxTDL,Definitely Maybe (Remastered) [Deluxe Version],1994,album,0.263,0.876,9,-5.483,1,0.0492,2.85e-06,0.481,0.189,0.288,101.846,4,323147
2V8h8aVQIeh1Z6wDGS11ki,Fade Away,0,False,11,2,2DaxqgrOhkeH0fpeiQq2f4,Oasis,49LF7iFYcfNK2URg1KxTDL,Definitely Maybe (Remastered) [Deluxe Version],1994,album,0.166,0.593,2,-3.467,1,0.0474,1.5e-05,0.0655,0.391,0.345,71.79,4,256853
2sjUj54mUl4SUKIvNXz0Z8,Whatever,0,False,14,2,2DaxqgrOhkeH0fpeiQq2f4,Oasis,49LF7iFYcfNK2URg1KxTDL,Definitely Maybe (Remastered) [Deluxe Version],1994,album,0.247,0.913,7,-2.437,1,0.0388,0.0418,0.00839,0.257,0.34,91.157,4,382267
3WJIsEXxmu3oNqfPeau303,Half the World Away,0,False,16,2,2DaxqgrOhkeH0fpeiQq2f4,Oasis,49LF7iFYcfNK2URg1KxTDL,Definitely Maybe (Remastered) [Deluxe Version],1994,album,0.339,0.459,0,-8.652,1,0.0329,0.303,0.0,0.0909,0.22,171.95,3,267333
3MxOBX9Dt2nR9yxLF3Fb7E,Supersonic - Live at Glasgow Tramshed,0,False,1,3,2DaxqgrOhkeH0fpeiQq2f4,Oasis,49LF7iFYcfNK2URg1KxTDL,Definitely Maybe (Remastered) [Deluxe Version],1994,album,0.161,0.93,4,-2.515,1,0.0748,0.000108,0.944,0.901,0.293,109.319,4,331360
2IIE7wUeETjDJnUj4BCAj6,Rock 'n' Roll Star - Demo,0,False,2,3,2DaxqgrOhkeH0fpeiQq2f4,Oasis,49LF7iFYcfNK2URg1KxTDL,Definitely Maybe (Remastered) [Deluxe Version],1994,album,0.309,0.915,4,-1.98,1,0.0538,0.000122,0.123,0.147,0.386,136.297,4,346227
2jIL5CWbBVgJvjvnKkZJTZ,Shakermaker - Live Paris Instore,0,False,3,3,2DaxqgrOhkeH0fpeiQq2f4,Oasis,49LF7iFYcfNK2URg1KxTDL,Definitely Maybe (Remastered) [Deluxe Version],1994,album,0.515,0.737,4,-5.371,1,0.0311,0.139,4.38e-05,0.128,0.254,104.701,4,245253
1xUsqB9459Lu3qiW09IQfH,Columbia - Eden Studios Mix,0,False,4,3,2DaxqgrOhkeH0fpeiQq2f4,Oasis,49LF7iFYcfNK2URg1KxTDL,Definitely Maybe (Remastered) [Deluxe Version],1994,album,0.346,0.922,2,-2.111,1,0.0394,0.00026,0.594,0.403,0.518,99.194,4,337133
3UywSzLcKhdkTn5qSXMBQE,Cloudburst - Demo,0,False,5,3,2DaxqgrOhkeH0fpeiQq2f4,Oasis,49LF7iFYcfNK2URg1KxTDL,Definitely Maybe (Remastered) [Deluxe Version],1994,album,0.409,0.957,9,-2.964,1,0.0425,0.00042,0.000225,0.0341,0.633,102.127,4,310373
0OSX5aGwXNyWJIJUuHJnQe,Strange Thing - Demo,0,False,6,3,2DaxqgrOhkeH0fpeiQq2f4,Oasis,49LF7iFYcfNK2URg1KxTDL,Definitely Maybe (Remastered) [Deluxe Version],1994,album,0.297,0.985,11,-1.874,0,0.0631,0.000277,0.00189,0.265,0.391,103.106,4,314867
7lsgYYDftr11LUNrIJ3Rph,Live Forever - Live Paris Instore,0,False,7,3,2DaxqgrOhkeH0fpeiQq2f4,Oasis,49LF7iFYcfNK2URg1KxTDL,Definitely Maybe (Remastered) [Deluxe Version],1994,album,0.295,0.619,9,-4.809,0,0.0312,0.176,1.09e-05,0.142,0.278,172.686,4,282120
6PsCdArQVo5de1V4RHO8Eh,Cigarettes & Alcohol - Live at Manchester Academy,0,False,8,3,2DaxqgrOhkeH0fpeiQq2f4,Oasis,49LF7iFYcfNK2URg1KxTDL,Definitely Maybe (Remastered) [Deluxe Version],1994,album,0.346,0.998,2,-1.435,1,0.0887,0.0191,0.00107,0.396,0.0489,128.6,4,238560
2HPrWg4eWykWSr8z9I3U99,D'Yer Wanna Be a Spaceman? - Live at Manchester Academy,0,False,9,3,2DaxqgrOhkeH0fpeiQq2f4,Oasis,49LF7iFYcfNK2URg1KxTDL,Definitely Maybe (Remastered) [Deluxe Version],1994,album,0.296,0.636,0,-6.955,1,0.0316,0.693,0.0,0.923,0.54,142.862,4,166213
1BdXeJjweKtg8TlnJ62Sko,Fade Away - Demo,0,False,10,3,2DaxqgrOhkeH0fpeiQq2f4,Oasis,49LF7iFYcfNK2URg1KxTDL,Definitely Maybe (Remastered) [Deluxe Version],1994,album,0.277,0.898,9,-2.288,1,0.0522,0.000163,0.0,0.316,0.396,143.319,4,263200
4qUSlolVbfvmzIyQYp1GWz,Take Me Away - Live at Manchester Academy,0,False,11,3,2DaxqgrOhkeH0fpeiQq2f4,Oasis,49LF7iFYcfNK2URg1KxTDL,Definitely Maybe (Remastered) [Deluxe Version],1994,album,0.285,0.364,2,-7.235,1,0.0284,0.685,1.73e-05,0.785,0.169,111.439,4,255160
3v66Uoolzv9ysfpSfnhXqU,Sad Song - Live at Manchester Academy,0,False,12,3,2DaxqgrOhkeH0fpeiQq2f4,Oasis,49LF7iFYcfNK2URg1KxTDL,Definitely Maybe (Remastered) [Deluxe Version],1994,album,0.431,0.411,9,-8.817,0,0.0273,0.68,0.0,0.938,0.281,116.436,4,269280
3yBdNR2p7c2iesXRPJIrQ0,"Half the World Away - Live, Tokyo Hotel Room",0,False,13,3,2DaxqgrOhkeH0fpeiQq2f4,Oasis,49LF7iFYcfNK2URg1KxTDL,Definitely Maybe (Remastered) [Deluxe Version],1994,album,0.438,0.417,11,-6.651,1,0.0336,0.788,1.6e-05,0.167,0.152,111.477,4,233373
1vSXDFSFjyq3QxyWunVn9M,Digsy's Dinner - Live Paris Instore,0,False,14,3,2DaxqgrOhkeH0fpeiQq2f4,Oasis,49LF7iFYcfNK2URg1KxTDL,Definitely Maybe (Remastered) [Deluxe Version],1994,album,0.458,0.5,9,-5.43,1,0.0276,0.133,0.0,0.113,0.541,134.409,4,156867
7CeOLHjtc8AIS2DzlQEin6,Married with Children - Demo,0,False,15,3,2DaxqgrOhkeH0fpeiQq2f4,Oasis,49LF7iFYcfNK2URg1KxTDL,Definitely Maybe (Remastered) [Deluxe Version],1994,album,0.621,0.479,4,-7.693,1,0.0249,0.653,0.0,0.104,0.549,87.696,4,196067
35n7Bi8PY3oLJ7z7GZUCZU,Up In The Sky - Live Paris Instore,0,False,16,3,2DaxqgrOhkeH0fpeiQq2f4,Oasis,49LF7iFYcfNK2URg1KxTDL,Definitely Maybe (Remastered) [Deluxe Version],1994,album,0.338,0.689,0,-5.993,1,0.0328,0.064,0.0,0.0951,0.549,134.832,4,199320
3X61LoENGeH4lJS7jHpzvl,Tracy Jacks - Live at Wembley Stadium,26,False,4,1,7MhMgCo0Bl0Kukl93PZbYS,Blur,7LS7XxLc7OpzjFe3KMGvOO,Live at Wembley Stadium,2024-07-26,album,0.275,0.971,2,-4.66,1,0.154,0.025,0.00557,0.899,0.267,121.395,4,273053
5U1DlQcNFYxs5YgLacAXDb,Trimm Trabb - Live at Wembley Stadium,26,False,6,1,7MhMgCo0Bl0Kukl93PZbYS,Blur,7LS7XxLc7OpzjFe3KMGvOO,Live at Wembley Stadium,2024-07-26,album,0.393,0.885,5,-6.162,1,0.0587,0.0212,0.511,0.827,0.393,107.638,4,331667
5iLYhIR8ipRLNqTWq6rSp1,Stereotypes - Live at Wembley Stadium,24,True,8,1,7MhMgCo0Bl0Kukl93PZbYS,Blur,7LS7XxLc7OpzjFe3KMGvOO,Live at Wembley Stadium,2024-07-26,album,0.419,0.978,4,-5.285,1,0.215,0.0104,0.00508,0.948,0.249,108.479,4,262200
1dqT2oaIIQ45ikqPAN639S,Out of Time - Live at Wembley Stadium,24,False,9,1,7MhMgCo0Bl0Kukl93PZbYS,Blur,7LS7XxLc7OpzjFe3KMGvOO,Live at Wembley Stadium,2024-07-26,album,0.404,0.937,0,-6.938,1,0.0993,0.373,0.0383,0.969,0.266,142.842,4,247693
0OOp48nsGqXjFz4Oi9oMs0,Coffee & TV - Live at Wembley Stadium,26,False,10,1,7MhMgCo0Bl0Kukl93PZbYS,Blur,7LS7XxLc7OpzjFe3KMGvOO,Live at Wembley Stadium,2024-07-26,album,0.392,0.971,2,-5.702,1,0.0967,0.0791,0.253,0.966,0.328,127.221,4,367267
6Zp7jdumHAX2TQUoOoWrYD,End of a Century - Live at Wembley Stadium,24,False,12,1,7MhMgCo0Bl0Kukl93PZbYS,Blur,7LS7XxLc7OpzjFe3KMGvOO,Live at Wembley Stadium,2024-07-26,album,0.178,0.931,7,-5.904,1,0.14,0.0412,0.0134,0.916,0.423,158.286,4,205773
5SOLyUVMNaypuWeeoaQH7Y,Country House - Live at Wembley Stadium,24,True,14,1,7MhMgCo0Bl0Kukl93PZbYS,Blur,7LS7XxLc7OpzjFe3KMGvOO,Live at Wembley Stadium,2024-07-26,album,0.168,0.97,7,-5.316,1,0.203,0.0786,0.122,0.964,0.384,181.391,4,295253
6DGcEeQCvK2nYJdzYgDMdO,Parklife - Live at Wembley Stadium,26,False,15,1,7MhMgCo0Bl0Kukl93PZbYS,Blur,7LS7XxLc7OpzjFe3KMGvOO,Live at Wembley Stadium,2024-07-26,album,0.278,0.992,11,-5.907,1,0.377,0.0105,0.000483,0.99,0.274,78.416,4,230840
3muJHpAJcixuMbfNrNrXJk,To the End - Live at Wembley Stadium,24,False,16,1,7MhMgCo0Bl0Kukl93PZbYS,Blur,7LS7XxLc7OpzjFe3KMGvOO,Live at Wembley Stadium,2024-07-26,album,0.41,0.869,0,-5.898,1,0.0518,0.00354,0.838,0.808,0.41,95.754,4,261147
1CGAXAkrBssr8gHzBpm6TL,This Is a Low - Live at Wembley Stadium,22,False,20,1,7MhMgCo0Bl0Kukl93PZbYS,Blur,7LS7XxLc7OpzjFe3KMGvOO,Live at Wembley Stadium,2024-07-26,album,0.0798,0.77,7,-6.16,1,0.0768,0.149,0.379,0.962,0.25,175.162,4,440387
5S2UBe072UPTKu6DcD35WP,Lot 105 - Live at Wembley Stadium,19,False,21,1,7MhMgCo0Bl0Kukl93PZbYS,Blur,7LS7XxLc7OpzjFe3KMGvOO,Live at Wembley Stadium,2024-07-26,album,0.364,0.994,0,-6.81,1,0.48,0.189,0.912,0.978,0.344,156.484,4,160253
4A6Nae8lB305IEKziuG4lv,Tender - Live at Wembley Stadium,23,False,24,1,7MhMgCo0Bl0Kukl93PZbYS,Blur,7LS7XxLc7OpzjFe3KMGvOO,Live at Wembley Stadium,2024-07-26,album,0.323,0.915,9,-5.536,1,0.0675,0.0231,0.108,0.959,0.311,82.631,4,406787
173C6ziafrInbtH4NzRuao,The Narcissist - Live at Wembley Stadium,24,True,25,1,7MhMgCo0Bl0Kukl93PZbYS,Blur,7LS7XxLc7OpzjFe3KMGvOO,Live at Wembley Stadium,2024-07-26,album,0.187,0.976,4,-5.151,1,0.0882,0.053,0.882,0.872,0.258,130.239,4,263093
5MxAKUwnZRxNriURe3b45e,The Universal - Live at Wembley Stadium,24,True,26,1,7MhMgCo0Bl0Kukl93PZbYS,Blur,7LS7XxLc7OpzjFe3KMGvOO,Live at Wembley Stadium,2024-07-26,album,0.32,0.86,7,-5.609,1,0.0405,0.0201,0.456,0.854,0.453,81.659,4,258613
6N509oiw9LCEcAYNYSnnIp,Trouble in the Message Centre - Live at Colchester Arts Centre,19,True,27,1,7MhMgCo0Bl0Kukl93PZbYS,Blur,7LS7XxLc7OpzjFe3KMGvOO,Live at Wembley Stadium,2024-07-26,album,0.282,0.996,1,-3.633,1,0.16,0.000304,0.218,0.962,0.135,151.587,4,223972
3AQwZMUX98K7DXufbUFjoa,Bank Holiday - Live at Newcastle City Hall,16,False,30,1,7MhMgCo0Bl0Kukl93PZbYS,Blur,7LS7XxLc7OpzjFe3KMGvOO,Live at Wembley Stadium,2024-07-26,album,0.162,0.991,2,-2.684,1,0.218,0.00477,0.000523,0.947,0.118,170.062,4,120160
715NhruZsUkgQCjGElpKuR,The Ballad,28,False,1,1,7MhMgCo0Bl0Kukl93PZbYS,Blur,6wIkkwi1ZFrtXD9z5hON25,The Ballad of Darren (Deluxe),2023-07-21,album,0.605,0.617,11,-7.434,0,0.0412,0.368,0.00791,0.114,0.585,133.997,4,216600
6Ty1dTMYf3SRTUDjZrKdnz,St. Charles Square,28,True,2,1,7MhMgCo0Bl0Kukl93PZbYS,Blur,6wIkkwi1ZFrtXD9z5hON25,The Ballad of Darren (Deluxe),2023-07-21,album,0.246,0.904,9,-5.904,1,0.0748,0.154,0.386,0.343,0.487,208.077,4,235326
6CpSz6n9ZzuXNvA12JexT7,Barbaric,30,False,3,1,7MhMgCo0Bl0Kukl93PZbYS,Blur,6wIkkwi1ZFrtXD9z5hON25,The Ballad of Darren (Deluxe),2023-07-21,album,0.589,0.738,0,-5.529,1,0.0382,0.134,0.00128,0.0815,0.933,142.976,4,248775
24iAMtJsdjxJqzt6wsWaXl,Russian Strings,27,False,4,1,7MhMgCo0Bl0Kukl93PZbYS,Blur,6wIkkwi1ZFrtXD9z5hON25,The Ballad of Darren (Deluxe),2023-07-21,album,0.529,0.571,0,-6.053,1,0.0288,0.535,0.478,0.144,0.448,140.094,4,217993
48UZlHuTvwh9ByuQKcFv4H,The Everglades (For Leonard),27,False,5,1,7MhMgCo0Bl0Kukl93PZbYS,Blur,6wIkkwi1ZFrtXD9z5hON25,The Ballad of Darren (Deluxe),2023-07-21,album,0.549,0.427,4,-10.936,1,0.0305,0.46,0.144,0.23,0.287,119.982,4,176376
7eJXv87Z8PK6DRHKlVDj9K,The Narcissist,31,False,6,1,7MhMgCo0Bl0Kukl93PZbYS,Blur,6wIkkwi1ZFrtXD9z5hON25,The Ballad of Darren (Deluxe),2023-07-21,album,0.563,0.908,1,-5.318,0,0.034,0.0363,3.14e-05,0.571,0.524,127.969,4,245225
2IsaCB3KLcd65rhoKKjpQn,Goodbye Albert,26,False,7,1,7MhMgCo0Bl0Kukl93PZbYS,Blur,6wIkkwi1ZFrtXD9z5hON25,The Ballad of Darren (Deluxe),2023-07-21,album,0.54,0.731,0,-6.629,1,0.0277,0.152,0.118,0.121,0.477,130.048,4,256795
61FvgDYRyVi2WCLUmrQTnZ,Far Away Island,25,False,8,1,7MhMgCo0Bl0Kukl93PZbYS,Blur,6wIkkwi1ZFrtXD9z5hON25,The Ballad of Darren (Deluxe),2023-07-21,album,0.44,0.417,0,-8.516,1,0.0277,0.886,0.129,0.0996,0.159,93.933,3,177529
5ZFYAMSjkMgfQXmcy5uPhQ,Avalon,25,False,9,1,7MhMgCo0Bl0Kukl93PZbYS,Blur,6wIkkwi1ZFrtXD9z5hON25,The Ballad of Darren (Deluxe),2023-07-21,album,0.454,0.699,3,-6.196,1,0.0311,0.251,0.000414,0.297,0.278,139.889,1,185086
2MIfo7pp15TBIIcrc3YzMy,The Heights,26,False,10,1,7MhMgCo0Bl0Kukl93PZbYS,Blur,6wIkkwi1ZFrtXD9z5hON25,The Ballad of Darren (Deluxe),2023-07-21,album,0.38,0.803,0,-6.802,1,0.0621,0.659,0.0932,0.102,0.444,149.801,4,203532
4pCXNzcuO7VkAaYt9vk3Zb,Girls and Boys - Live,0,False,1,1,7MhMgCo0Bl0Kukl93PZbYS,Blur,433lonq1AQhWd1lAYV8tVs,Parklive,2012-08-13,album,0.384,0.977,5,-5.284,0,0.195,0.0015,0.585,0.959,0.122,126.054,4,307413
5T8diXLsePSqUxr70fdzuV,London Loves - Live,0,False,2,1,7MhMgCo0Bl0Kukl93PZbYS,Blur,433lonq1AQhWd1lAYV8tVs,Parklive,2012-08-13,album,0.561,0.979,11,-5.267,0,0.1,0.00276,0.00374,0.963,0.289,121.393,4,212813
33Ee4TefltF8mOw2JmaRxS,Tracy Jacks - Live,0,False,3,1,7MhMgCo0Bl0Kukl93PZbYS,Blur,433lonq1AQhWd1lAYV8tVs,Parklive,2012-08-13,album,0.364,0.95,1,-4.769,0,0.154,0.0104,4.05e-06,0.951,0.188,121.391,4,266240
5cpxKrlWqYzN1JcltMBIZ7,Jubilee - Live,0,False,4,1,7MhMgCo0Bl0Kukl93PZbYS,Blur,433lonq1AQhWd1lAYV8tVs,Parklive,2012-08-13,album,0.358,0.991,2,-4.979,1,0.167,0.00267,0.0918,0.958,0.133,146.716,4,180400
0XvKV0ld9Fy8SsvGqA7tnO,Beetlebum - Live,0,False,5,1,7MhMgCo0Bl0Kukl93PZbYS,Blur,433lonq1AQhWd1lAYV8tVs,Parklive,2012-08-13,album,0.2,0.844,0,-6.429,1,0.0595,0.0252,0.322,0.843,0.254,168.277,4,360693
7f0GbUvv44NtfXIldk8XKP,Out of Time - Live,0,False,7,1,7MhMgCo0Bl0Kukl93PZbYS,Blur,433lonq1AQhWd1lAYV8tVs,Parklive,2012-08-13,album,0.393,0.715,0,-10.588,1,0.0495,0.397,0.042,0.976,0.223,138.824,4,282733
14coRc95HphTiD6ab5osrg,Trimm Trabb - Live,0,False,9,1,7MhMgCo0Bl0Kukl93PZbYS,Blur,433lonq1AQhWd1lAYV8tVs,Parklive,2012-08-13,album,0.333,0.76,5,-7.534,1,0.0579,0.00902,0.362,0.168,0.158,106.827,4,328827
6HCEHKhJwVgtaSh1JCeAWj,Caramel - Live,0,False,10,1,7MhMgCo0Bl0Kukl93PZbYS,Blur,433lonq1AQhWd1lAYV8tVs,Parklive,2012-08-13,album,0.235,0.381,9,-10.913,0,0.0356,0.46,0.413,0.745,0.105,76.268,3,304587
1dUhVz0FVUWJ3pWREgPts6,Sunday Sunday - Live,0,False,11,1,7MhMgCo0Bl0Kukl93PZbYS,Blur,433lonq1AQhWd1lAYV8tVs,Parklive,2012-08-13,album,0.234,0.95,11,-5.541,0,0.143,0.00339,0.0663,0.967,0.285,126.836,4,214373
2RGZD2vpT0nzoIATdNLCro,Country House - Live,0,False,12,1,7MhMgCo0Bl0Kukl93PZbYS,Blur,433lonq1AQhWd1lAYV8tVs,Parklive,2012-08-13,album,0.173,0.959,9,-5.074,1,0.0883,0.0153,0.0406,0.995,0.26,176.007,4,268173
3ITYJKCXsNKJ0gmgFZ2ooh,Parklife (feat. Phil Daniels) [Live],0,False,13,1,7MhMgCo0Bl0Kukl93PZbYS,Blur,433lonq1AQhWd1lAYV8tVs,Parklive,2012-08-13,album,0.264,0.985,9,-4.785,1,0.401,0.0458,0.0,0.966,0.152,78.366,4,224907
5ZmH0xbVrMBe5RF75GrrID,Song 2 - Live,0,False,4,2,7MhMgCo0Bl0Kukl93PZbYS,Blur,433lonq1AQhWd1lAYV8tVs,Parklive,2012-08-13,album,0.337,0.97,1,-6.607,1,0.297,0.00232,0.709,0.122,0.0801,143.689,4,170373
3S0GLtP9gFmVfyHM9lkSvl,No Distance Left to Run - Live,0,False,5,2,7MhMgCo0Bl0Kukl93PZbYS,Blur,433lonq1AQhWd1lAYV8tVs,Parklive,2012-08-13,album,0.343,0.224,4,-14.154,1,0.0295,0.878,0.0207,0.706,0.0989,146.73,3,237627
49f79VoMGjmBHEAe4gubFI,Tender - Live,0,False,6,2,7MhMgCo0Bl0Kukl93PZbYS,Blur,433lonq1AQhWd1lAYV8tVs,Parklive,2012-08-13,album,0.36,0.664,9,-7.364,1,0.0409,0.33,0.0,0.7,0.238,80.525,4,549267
155rZ34nw1uZVFS34tjjbC,This Is a Low - Live,0,False,7,2,7MhMgCo0Bl0Kukl93PZbYS,Blur,433lonq1AQhWd1lAYV8tVs,Parklive,2012-08-13,album,0.242,0.853,9,-8.967,1,0.177,0.288,0.172,0.798,0.217,87.824,4,478240
5Gm2x4VDWV7INHi8vwaWYP,End of a Century - Live,0,False,10,2,7MhMgCo0Bl0Kukl93PZbYS,Blur,433lonq1AQhWd1lAYV8tVs,Parklive,2012-08-13,album,0.297,0.843,7,-7.978,1,0.104,0.199,3.23e-06,0.948,0.255,79.249,4,219080
4uU3g5exGfcbbPyhE3xFVl,For Tomorrow - Live,0,False,11,2,7MhMgCo0Bl0Kukl93PZbYS,Blur,433lonq1AQhWd1lAYV8tVs,Parklive,2012-08-13,album,0.244,0.821,2,-6.728,1,0.0505,0.00155,0.0152,0.916,0.438,176.342,4,402107
3bvGLKMF1Hlrux5fywS6Fn,The Universal - Live,0,False,12,2,7MhMgCo0Bl0Kukl93PZbYS,Blur,433lonq1AQhWd1lAYV8tVs,Parklive,2012-08-13,album,0.303,0.839,9,-6.725,1,0.0684,0.0116,0.00657,0.691,0.298,81.217,4,285280
62B0Vw0qZbKecHp3NfnSVO,Girls & Boys - Live,10,False,1,1,7MhMgCo0Bl0Kukl93PZbYS,Blur,2PhWxS2sAQ0ISddTXREkqm,Parklive (Live),2012-08-13,album,0.383,0.977,5,-5.284,0,0.198,0.0015,0.585,0.959,0.122,126.051,4,307413
7mqQUo2sTBOAlAsvo7pATI,London Loves - Live,6,False,2,1,7MhMgCo0Bl0Kukl93PZbYS,Blur,2PhWxS2sAQ0ISddTXREkqm,Parklive (Live),2012-08-13,album,0.56,0.979,11,-5.267,0,0.1,0.00276,0.00374,0.963,0.289,121.394,4,212813
4Curwt4JRaPwQt7EiIdiHW,Tracy Jacks - Live,5,False,3,1,7MhMgCo0Bl0Kukl93PZbYS,Blur,2PhWxS2sAQ0ISddTXREkqm,Parklive (Live),2012-08-13,album,0.363,0.95,1,-4.769,0,0.154,0.0104,4.05e-06,0.951,0.188,121.526,4,266240
378ap3H5A9nbCzxe63glJV,Jubilee - Live,3,False,4,1,7MhMgCo0Bl0Kukl93PZbYS,Blur,2PhWxS2sAQ0ISddTXREkqm,Parklive (Live),2012-08-13,album,0.359,0.991,2,-4.979,1,0.167,0.00267,0.0918,0.958,0.133,146.717,4,180400
5lZdDkfcEhey1zLG73HPLB,Beetlebum - Live,7,False,5,1,7MhMgCo0Bl0Kukl93PZbYS,Blur,2PhWxS2sAQ0ISddTXREkqm,Parklive (Live),2012-08-13,album,0.2,0.844,0,-6.429,1,0.0594,0.0252,0.322,0.843,0.253,168.309,4,360693
4Mcb3vBkhTTPchD7My0HEU,Coffee & TV - Live,7,False,6,1,7MhMgCo0Bl0Kukl93PZbYS,Blur,2PhWxS2sAQ0ISddTXREkqm,Parklive (Live),2012-08-13,album,0.374,0.962,1,-7.976,0,0.0676,0.00636,0.00863,0.995,0.348,129.743,4,298147
2u0qXFiO4fDZMMZYwj1i8U,Out of Time - Live,4,False,7,1,7MhMgCo0Bl0Kukl93PZbYS,Blur,2PhWxS2sAQ0ISddTXREkqm,Parklive (Live),2012-08-13,album,0.393,0.715,0,-10.588,1,0.0495,0.397,0.042,0.976,0.223,138.825,4,282733
7xKJnzEwtstpkEOm2vg3bG,Young and Lovely - Live,5,False,8,1,7MhMgCo0Bl0Kukl93PZbYS,Blur,2PhWxS2sAQ0ISddTXREkqm,Parklive (Live),2012-08-13,album,0.304,0.718,11,-7.871,0,0.0447,0.365,0.00142,0.967,0.313,172.666,4,312560
32astZ6GghBpjJSQlk9t6u,Trimm Trabb - Live,4,False,9,1,7MhMgCo0Bl0Kukl93PZbYS,Blur,2PhWxS2sAQ0ISddTXREkqm,Parklive (Live),2012-08-13,album,0.332,0.76,5,-7.534,1,0.0579,0.00902,0.362,0.168,0.158,106.827,4,328827
611tHx8FH7HpeBeIX77dLv,Caramel - Live,4,False,10,1,7MhMgCo0Bl0Kukl93PZbYS,Blur,2PhWxS2sAQ0ISddTXREkqm,Parklive (Live),2012-08-13,album,0.235,0.38,9,-10.913,0,0.0356,0.46,0.413,0.745,0.105,76.27,3,304587
6mRaNob6the6hlcUuh6WQr,Sunday Sunday - Live,4,False,11,1,7MhMgCo0Bl0Kukl93PZbYS,Blur,2PhWxS2sAQ0ISddTXREkqm,Parklive (Live),2012-08-13,album,0.234,0.95,11,-5.541,0,0.143,0.00339,0.0663,0.967,0.285,126.836,4,214373
5TpDSquusyjqEILOMUMp3H,Country House - Live,7,False,12,1,7MhMgCo0Bl0Kukl93PZbYS,Blur,2PhWxS2sAQ0ISddTXREkqm,Parklive (Live),2012-08-13,album,0.173,0.959,9,-5.074,1,0.0883,0.0153,0.0406,0.995,0.26,176.007,4,268173
2rngKaCuwQCFMRH4uJivvG,Parklife (feat. Phil Daniels) - Live,8,False,13,1,7MhMgCo0Bl0Kukl93PZbYS,Blur,2PhWxS2sAQ0ISddTXREkqm,Parklive (Live),2012-08-13,album,0.265,0.985,9,-4.785,1,0.401,0.0458,0.0,0.966,0.152,78.366,4,224907
19BzcUejpDaHiJmg6xC1oG,Colin Zeal - Live,3,False,1,2,7MhMgCo0Bl0Kukl93PZbYS,Blur,2PhWxS2sAQ0ISddTXREkqm,Parklive (Live),2012-08-13,album,0.259,0.9,9,-6.4,0,0.0888,0.00373,0.023,0.756,0.377,139.845,4,198547
6uHHBCotm9qaqFbqViuzbG,Popscene - Live,3,False,2,2,7MhMgCo0Bl0Kukl93PZbYS,Blur,2PhWxS2sAQ0ISddTXREkqm,Parklive (Live),2012-08-13,album,0.183,0.959,9,-5.749,1,0.139,0.000333,0.858,0.612,0.122,95.851,4,230720
37C0krITO0i3wXSg3jsU3F,Advert - Live,3,False,3,2,7MhMgCo0Bl0Kukl93PZbYS,Blur,2PhWxS2sAQ0ISddTXREkqm,Parklive (Live),2012-08-13,album,0.199,0.956,11,-6.089,0,0.301,0.00142,0.0232,0.951,0.222,167.544,4,268053
5xpBY8idlqam0rRDUySndU,Song 2 - Live,19,False,4,2,7MhMgCo0Bl0Kukl93PZbYS,Blur,2PhWxS2sAQ0ISddTXREkqm,Parklive (Live),2012-08-13,album,0.335,0.97,1,-6.607,1,0.297,0.00232,0.709,0.122,0.0802,143.516,4,170373
5jP3Dd7eLdu0BxkRHCQKLc,No Distance Left to Run - Live,6,False,5,2,7MhMgCo0Bl0Kukl93PZbYS,Blur,2PhWxS2sAQ0ISddTXREkqm,Parklive (Live),2012-08-13,album,0.342,0.224,4,-14.154,1,0.0296,0.878,0.0207,0.706,0.0989,146.751,3,237627
4HhSCswQwWPESUkB4iB68Z,Tender - Live,8,False,6,2,7MhMgCo0Bl0Kukl93PZbYS,Blur,2PhWxS2sAQ0ISddTXREkqm,Parklive (Live),2012-08-13,album,0.36,0.664,9,-7.364,1,0.0409,0.33,0.0,0.7,0.238,80.525,4,549267
6RqFlyXmO5WshF4kvAoEpf,This Is a Low - Live,4,False,7,2,7MhMgCo0Bl0Kukl93PZbYS,Blur,2PhWxS2sAQ0ISddTXREkqm,Parklive (Live),2012-08-13,album,0.238,0.853,9,-8.967,1,0.18,0.288,0.172,0.798,0.216,87.147,4,478240
6MNtkN7llahHVC2iuEwYrr,Sing - Live,5,False,8,2,7MhMgCo0Bl0Kukl93PZbYS,Blur,2PhWxS2sAQ0ISddTXREkqm,Parklive (Live),2012-08-13,album,0.332,0.908,11,-6.095,0,0.0401,0.0911,0.929,0.697,0.427,144.642,3,349920
23YJwXpXrv9ftpjw9S764J,Under the Westway / Intermission - Live,5,False,9,2,7MhMgCo0Bl0Kukl93PZbYS,Blur,2PhWxS2sAQ0ISddTXREkqm,Parklive (Live),2012-08-13,album,0.317,0.684,9,-8.308,0,0.054,0.25,0.0227,0.947,0.23,74.391,4,393893
2ddy7dUPD7k8ZYOv7zNnk5,End of a Century - Live,3,False,10,2,7MhMgCo0Bl0Kukl93PZbYS,Blur,2PhWxS2sAQ0ISddTXREkqm,Parklive (Live),2012-08-13,album,0.304,0.843,7,-7.978,1,0.103,0.199,3.23e-06,0.948,0.256,79.249,4,219080
7DafllkQIJoAwSKfTiaUn5,For Tomorrow - Live,4,False,11,2,7MhMgCo0Bl0Kukl93PZbYS,Blur,2PhWxS2sAQ0ISddTXREkqm,Parklive (Live),2012-08-13,album,0.245,0.821,2,-6.728,1,0.0505,0.00155,0.015,0.916,0.438,176.342,4,402107
2w6M029MdhNIznYzkJhgCe,The Universal - Live,7,False,12,2,7MhMgCo0Bl0Kukl93PZbYS,Blur,2PhWxS2sAQ0ISddTXREkqm,Parklive (Live),2012-08-13,album,0.303,0.839,9,-6.725,1,0.0684,0.0116,0.00657,0.691,0.298,81.217,4,285280
3CQ1IvXxrP0mY2xH32N9bS,"Tracy Jacks - Live in Hyde Park, London 3/7/09",8,False,3,1,7MhMgCo0Bl0Kukl93PZbYS,Blur,3Ss6jdoUf57GURcDMNyD00,All the People... Blur Live at Hyde Park 03/07/2009,2009-11-23,album,0.219,0.989,4,-4.572,1,0.289,0.0121,1.21e-06,0.942,0.0645,128.126,4,272013
744yeQkLREuEH5AKEsoCJG,"Jubilee - Live in Hyde Park, London 3/7/09",7,False,5,1,7MhMgCo0Bl0Kukl93PZbYS,Blur,3Ss6jdoUf57GURcDMNyD00,All the People... Blur Live at Hyde Park 03/07/2009,2009-11-23,album,0.159,0.99,2,-4.226,0,0.149,0.00254,0.000236,0.964,0.0473,156.001,4,191800
2hwtOUdNhbqvhhaGJAK5Mj,"Bad Head - Live in Hyde Park, London 3/7/09",7,False,6,1,7MhMgCo0Bl0Kukl93PZbYS,Blur,3Ss6jdoUf57GURcDMNyD00,All the People... Blur Live at Hyde Park 03/07/2009,2009-11-23,album,0.282,0.896,7,-6.582,1,0.13,0.062,0.00434,0.97,0.249,119.025,4,239547
2kRrQqEyhJuDlfgu1rpzWw,"Out of Time - Live in Hyde Park, London 3/7/09",8,False,8,1,7MhMgCo0Bl0Kukl93PZbYS,Blur,3Ss6jdoUf57GURcDMNyD00,All the People... Blur Live at Hyde Park 03/07/2009,2009-11-23,album,0.237,0.817,0,-7.569,1,0.0576,0.341,0.565,0.969,0.21,146.54,4,233587
413RZLoxWOk5cJ8QuzJgDQ,"Trimm Trabb - Live in Hyde Park, London 3/7/09",7,False,9,1,7MhMgCo0Bl0Kukl93PZbYS,Blur,3Ss6jdoUf57GURcDMNyD00,All the People... Blur Live at Hyde Park 03/07/2009,2009-11-23,album,0.27,0.976,5,-5.713,1,0.147,0.0141,0.719,0.935,0.15,113.036,4,314987
7oc9arPVc6FC1rsINYAzy5,"Coffee & TV - Live in Hyde Park, London 3/7/09",8,False,10,1,7MhMgCo0Bl0Kukl93PZbYS,Blur,3Ss6jdoUf57GURcDMNyD00,All the People... Blur Live at Hyde Park 03/07/2009,2009-11-23,album,0.301,0.967,1,-4.91,0,0.13,0.000104,0.0763,0.946,0.389,129.331,4,327853
3np9DSE0r9D36JhKd9Hjpe,"Tender - Live in Hyde Park, London 3/7/09",10,False,11,1,7MhMgCo0Bl0Kukl93PZbYS,Blur,3Ss6jdoUf57GURcDMNyD00,All the People... Blur Live at Hyde Park 03/07/2009,2009-11-23,album,0.138,0.783,9,-5.756,1,0.0551,0.0284,0.00104,0.717,0.383,79.225,4,565093
4ELWirjCIVPLcfBmP1XA3r,"Country House - Live in Hyde Park, London 3/7/09",8,False,1,2,7MhMgCo0Bl0Kukl93PZbYS,Blur,3Ss6jdoUf57GURcDMNyD00,All the People... Blur Live at Hyde Park 03/07/2009,2009-11-23,album,0.126,0.984,9,-6.88,1,0.277,0.0023,0.000157,0.989,0.112,175.395,4,318427
38chaEK444Rfn1TIPNZ0Tb,"Parklife - Live in Hyde Park, London 3/7/09",9,False,5,2,7MhMgCo0Bl0Kukl93PZbYS,Blur,3Ss6jdoUf57GURcDMNyD00,All the People... Blur Live at Hyde Park 03/07/2009,2009-11-23,album,0.123,0.993,4,-5.525,1,0.485,0.0239,0.0,0.956,0.0496,164.452,4,217467
4ewFQEDba6uO45VqNZCyQH,"End of a Century - Live in Hyde Park, London 3/7/09",8,False,6,2,7MhMgCo0Bl0Kukl93PZbYS,Blur,3Ss6jdoUf57GURcDMNyD00,All the People... Blur Live at Hyde Park 03/07/2009,2009-11-23,album,0.154,0.846,0,-7.268,1,0.0792,0.0477,3.96e-06,0.971,0.408,162.005,4,185747
2TMlsXLUh3VdAaROGAPrzz,"To the End - Live in Hyde Park, London 3/7/09",7,False,7,2,7MhMgCo0Bl0Kukl93PZbYS,Blur,3Ss6jdoUf57GURcDMNyD00,All the People... Blur Live at Hyde Park 03/07/2009,2009-11-23,album,0.412,0.782,9,-7.504,1,0.0396,0.00913,0.00103,0.968,0.522,95.815,4,264667
1g0r6PeRnzlAt97tYcQj37,"This Is a Low - Live in Hyde Park, London 3/7/09",7,False,8,2,7MhMgCo0Bl0Kukl93PZbYS,Blur,3Ss6jdoUf57GURcDMNyD00,All the People... Blur Live at Hyde Park 03/07/2009,2009-11-23,album,0.0826,0.925,11,-8.197,0,0.325,0.299,0.0152,0.813,0.041,186.496,4,526200
0aYBY8hV28H3bx8RCblXqO,"The Universal - Live in Hyde Park, London 3/7/09",10,False,14,2,7MhMgCo0Bl0Kukl93PZbYS,Blur,3Ss6jdoUf57GURcDMNyD00,All the People... Blur Live at Hyde Park 03/07/2009,2009-11-23,album,0.146,0.756,9,-6.346,1,0.0457,0.00338,0.00156,0.216,0.253,163.21,4,284307
4HbfePrRlzw7JGphLpAqWj,"Tracy Jacks - Live in Hyde Park, London 02/07/2009",1,False,3,1,7MhMgCo0Bl0Kukl93PZbYS,Blur,4ofcDz8nQjiI0DQnfBiLgj,All the People... Blur Live at Hyde Park 02/07/2009,2009-11-23,album,0.253,0.966,4,-4.841,1,0.225,0.018,1.86e-06,0.976,0.0928,126.268,4,271800
10SgPTm31wL36Z7iayAUMN,"Jubilee - Live in Hyde Park, London 02/07/2009",1,False,5,1,7MhMgCo0Bl0Kukl93PZbYS,Blur,4ofcDz8nQjiI0DQnfBiLgj,All the People... Blur Live at Hyde Park 02/07/2009,2009-11-23,album,0.18,0.981,9,-4.328,0,0.312,0.000506,0.00897,0.962,0.197,156.927,4,181480
1Yc6WNtMkXxuyLupRCQgPm,"Bad Head - Live in Hyde Park, London 02/07/2009",1,False,6,1,7MhMgCo0Bl0Kukl93PZbYS,Blur,4ofcDz8nQjiI0DQnfBiLgj,All the People... Blur Live at Hyde Park 02/07/2009,2009-11-23,album,0.322,0.9,0,-6.453,1,0.098,0.0376,0.00977,0.966,0.224,116.804,4,228547
4P3IAHeqwP3JbAqNVHb4Dp,"Out of Time - Live in Hyde Park, London 02/07/2009",3,False,8,1,7MhMgCo0Bl0Kukl93PZbYS,Blur,4ofcDz8nQjiI0DQnfBiLgj,All the People... Blur Live at Hyde Park 02/07/2009,2009-11-23,album,0.327,0.779,0,-8.801,1,0.0457,0.386,0.198,0.976,0.163,145.71,4,238747
7j6S5tmk1cgKRgTgAfLkFI,"Trimm Trabb - Live in Hyde Park, London 02/07/2009",2,False,9,1,7MhMgCo0Bl0Kukl93PZbYS,Blur,4ofcDz8nQjiI0DQnfBiLgj,All the People... Blur Live at Hyde Park 02/07/2009,2009-11-23,album,0.276,0.944,5,-6.122,1,0.104,0.0517,0.649,0.924,0.193,112.458,4,324960
1tnNFxgQkDvbcETpAFcZVj,"Coffee & TV - Live in Hyde Park, London 02/07/2009",4,False,10,1,7MhMgCo0Bl0Kukl93PZbYS,Blur,4ofcDz8nQjiI0DQnfBiLgj,All the People... Blur Live at Hyde Park 02/07/2009,2009-11-23,album,0.297,0.977,1,-4.943,0,0.104,0.00011,0.0614,0.613,0.347,129.388,4,330320
0xkcra5KB4VKet86zR46lW,"Tender - Live in Hyde Park, London 02/07/2009",3,False,11,1,7MhMgCo0Bl0Kukl93PZbYS,Blur,4ofcDz8nQjiI0DQnfBiLgj,All the People... Blur Live at Hyde Park 02/07/2009,2009-11-23,album,0.204,0.801,9,-5.155,1,0.0527,0.0369,0.00171,0.879,0.253,81.599,4,549760
1FkylkjY9pqtgkhOk2ho6d,"Country House - Live in Hyde Park, London 02/07/2009",6,False,1,2,7MhMgCo0Bl0Kukl93PZbYS,Blur,4ofcDz8nQjiI0DQnfBiLgj,All the People... Blur Live at Hyde Park 02/07/2009,2009-11-23,album,0.135,0.983,9,-4.574,1,0.3,0.00624,0.00267,0.966,0.123,175.048,4,308027
2TZdf7MutY6nsVj8lWw7Ya,"Parklife - Live in Hyde Park, London 02/07/2009",3,False,5,2,7MhMgCo0Bl0Kukl93PZbYS,Blur,4ofcDz8nQjiI0DQnfBiLgj,All the People... Blur Live at Hyde Park 02/07/2009,2009-11-23,album,0.121,0.986,4,-3.517,1,0.322,0.00858,0.0,0.966,0.135,166.187,4,192307
1milzH8yd24R2wwsRQse8H,"End of a Century - Live in Hyde Park, London 02/07/2009",2,False,6,2,7MhMgCo0Bl0Kukl93PZbYS,Blur,4ofcDz8nQjiI0DQnfBiLgj,All the People... Blur Live at Hyde Park 02/07/2009,2009-11-23,album,0.122,0.899,7,-6.293,1,0.165,0.287,3.12e-06,0.976,0.297,80.554,4,210680
1vjh3wwbVfbbrNutOXo0fM,"To the End - Live in Hyde Park, London 02/07/2009",1,False,7,2,7MhMgCo0Bl0Kukl93PZbYS,Blur,4ofcDz8nQjiI0DQnfBiLgj,All the People... Blur Live at Hyde Park 02/07/2009,2009-11-23,album,0.371,0.808,2,-5.544,1,0.0369,0.0131,0.00233,0.797,0.461,95.897,4,264040
5MB22cRyOSMqmg3a8hv493,"This Is a Low - Live in Hyde Park, London 02/07/2009",1,False,8,2,7MhMgCo0Bl0Kukl93PZbYS,Blur,4ofcDz8nQjiI0DQnfBiLgj,All the People... Blur Live at Hyde Park 02/07/2009,2009-11-23,album,0.0743,0.944,9,-6.814,1,0.369,0.476,0.0822,0.716,0.137,183.259,4,517467
2U5P8BKtKtwTJuX5So2ukC,"The Universal - Live in Hyde Park, London 02/07/2009",3,False,14,2,7MhMgCo0Bl0Kukl93PZbYS,Blur,4ofcDz8nQjiI0DQnfBiLgj,All the People... Blur Live at Hyde Park 02/07/2009,2009-11-23,album,0.118,0.83,9,-4.973,1,0.0689,0.019,0.00903,0.911,0.351,163.63,4,287213
3l7MD0kRmVxPYQtNVynRiJ,Tracy Jacks - Live,0,False,2,1,7MhMgCo0Bl0Kukl93PZbYS,Blur,0wgSXDF603aPChNIWmrPcQ,Live at Glastonbury Festival,2009,album,0.343,0.777,4,-13.58,1,0.0787,0.553,0.592,0.697,0.158,129.856,4,246272
3mP8hGd3BxYbDzTgS6Ms2A,Jubilee - Live,0,False,4,1,7MhMgCo0Bl0Kukl93PZbYS,Blur,0wgSXDF603aPChNIWmrPcQ,Live at Glastonbury Festival,2009,album,0.234,0.903,9,-11.971,0,0.123,0.502,0.396,0.868,0.105,157.982,4,179648
1bxWa01toZy3LPMXq1Rkbu,Out of Time - Live,0,False,7,1,7MhMgCo0Bl0Kukl93PZbYS,Blur,0wgSXDF603aPChNIWmrPcQ,Live at Glastonbury Festival,2009,album,0.328,0.506,0,-15.366,1,0.0431,0.596,0.762,0.687,0.349,148.418,4,211392
5pSHKfluUXAoJ2SjnrMgaq,Tender - Live,0,False,8,1,7MhMgCo0Bl0Kukl93PZbYS,Blur,0wgSXDF603aPChNIWmrPcQ,Live at Glastonbury Festival,2009,album,0.297,0.548,2,-14.553,1,0.0445,0.544,0.498,0.707,0.304,81.085,4,579488
35NAAYNjONqKGnVNUe2daA,Country House - Live,0,False,9,1,7MhMgCo0Bl0Kukl93PZbYS,Blur,0wgSXDF603aPChNIWmrPcQ,Live at Glastonbury Festival,2009,album,0.196,0.805,9,-12.83,1,0.0924,0.31,0.0853,0.477,0.327,175.893,4,284896
6gt57xeNB7YAWJTb5sgaE7,Parklife - Live,0,False,11,1,7MhMgCo0Bl0Kukl93PZbYS,Blur,0wgSXDF603aPChNIWmrPcQ,Live at Glastonbury Festival,2009,album,0.184,0.951,4,-11.254,1,0.105,0.385,0.131,0.901,0.259,167.74,4,173408
0ldO8MfZsiT4Yvu8hXbchd,End of a Century - Live,0,False,12,1,7MhMgCo0Bl0Kukl93PZbYS,Blur,0wgSXDF603aPChNIWmrPcQ,Live at Glastonbury Festival,2009,album,0.355,0.622,7,-12.247,1,0.0384,0.545,0.0825,0.26,0.445,81.178,4,174016
4BBWmtdFJE2EluDxFFxgLg,The Universal - Live,0,False,15,1,7MhMgCo0Bl0Kukl93PZbYS,Blur,0wgSXDF603aPChNIWmrPcQ,Live at Glastonbury Festival,2009,album,0.188,0.602,9,-12.055,1,0.0433,0.549,0.505,0.819,0.312,163.331,4,266912
4qEEh5ZY4OAedE4vbB685q,Ambulance,29,False,1,1,7MhMgCo0Bl0Kukl93PZbYS,Blur,68P7oIUK327pt5tDIZJd63,Think Tank (Special Edition),2003,album,0.512,0.537,10,-6.961,0,0.042,0.00953,0.622,0.0697,0.332,183.905,4,308880
79PrPZu9zWyc1qwUwXchVl,Out of Time,52,False,2,1,7MhMgCo0Bl0Kukl93PZbYS,Blur,68P7oIUK327pt5tDIZJd63,Think Tank (Special Edition),2003,album,0.528,0.456,0,-8.581,1,0.0275,0.0424,0.00373,0.364,0.319,138.65,4,233373
79lBwJ3pq3Zqzq5Ecp86uj,Crazy Beat,29,False,3,1,7MhMgCo0Bl0Kukl93PZbYS,Blur,68P7oIUK327pt5tDIZJd63,Think Tank (Special Edition),2003,album,0.501,0.978,9,-4.281,0,0.13,0.000187,0.0168,0.566,0.568,136.019,4,194560
75WFyYrXPMAWyN6jOBB7IC,Good Song,50,False,4,1,7MhMgCo0Bl0Kukl93PZbYS,Blur,68P7oIUK327pt5tDIZJd63,Think Tank (Special Edition),2003,album,0.651,0.493,5,-9.113,1,0.0286,0.213,0.538,0.188,0.719,168.544,4,187680
3ZIK4MTRwTocEBdFDDkbrQ,On the Way to the Club,27,False,5,1,7MhMgCo0Bl0Kukl93PZbYS,Blur,68P7oIUK327pt5tDIZJd63,Think Tank (Special Edition),2003,album,0.439,0.614,7,-7.049,1,0.0391,5.75e-05,0.695,0.062,0.357,183.853,4,227987
4MikDCmaZYR0CvpgV2qtzz,Brothers and Sisters,26,False,6,1,7MhMgCo0Bl0Kukl93PZbYS,Blur,68P7oIUK327pt5tDIZJd63,Think Tank (Special Edition),2003,album,0.719,0.744,10,-5.309,0,0.0349,0.0353,0.00545,0.296,0.81,92.027,4,227240
0ko8d0RdDWHj1LvbNmgujl,Caravan,27,False,7,1,7MhMgCo0Bl0Kukl93PZbYS,Blur,68P7oIUK327pt5tDIZJd63,Think Tank (Special Edition),2003,album,0.483,0.336,2,-11.849,1,0.0405,0.472,0.55,0.45,0.332,172.344,4,275827
6sochOeJNwKWiWr5GQzgVt,We've Got a File on You,22,False,8,1,7MhMgCo0Bl0Kukl93PZbYS,Blur,68P7oIUK327pt5tDIZJd63,Think Tank (Special Edition),2003,album,0.308,0.92,11,-3.527,1,0.0479,0.264,0.293,0.309,0.555,182.328,4,62333
73seASY9hdXLaEMy202cme,Moroccan Peoples Revolutionary Bowls Club,22,False,9,1,7MhMgCo0Bl0Kukl93PZbYS,Blur,68P7oIUK327pt5tDIZJd63,Think Tank (Special Edition),2003,album,0.737,0.81,1,-6.068,0,0.105,0.0413,0.0615,0.554,0.578,98.012,4,182973
0xkMOpRUY9GaRH3uUKslgu,Sweet Song,34,False,10,1,7MhMgCo0Bl0Kukl93PZbYS,Blur,68P7oIUK327pt5tDIZJd63,Think Tank (Special Edition),2003,album,0.662,0.274,3,-13.895,1,0.0264,0.785,0.0465,0.183,0.294,84.396,4,240880
4dQm50mno1L4umLP9VHL6w,Jets,25,False,11,1,7MhMgCo0Bl0Kukl93PZbYS,Blur,68P7oIUK327pt5tDIZJd63,Think Tank (Special Edition),2003,album,0.81,0.479,9,-7.805,1,0.0366,0.629,0.0551,0.0711,0.709,94.75,4,385240
3gMROHL2mOnUOj6CX8LKR2,Gene by Gene,21,False,12,1,7MhMgCo0Bl0Kukl93PZbYS,Blur,68P7oIUK327pt5tDIZJd63,Think Tank (Special Edition),2003,album,0.712,0.712,0,-7.819,1,0.0712,0.0496,0.00699,0.562,0.832,144.853,4,228573
72zoqQvPQUkN4b80JoPFTn,"Battery in Your Leg (Includes 'Me, White Noise')",21,False,13,1,7MhMgCo0Bl0Kukl93PZbYS,Blur,68P7oIUK327pt5tDIZJd63,Think Tank (Special Edition),2003,album,0.657,0.454,0,-7.596,1,0.0974,0.079,0.023,0.135,0.226,122.596,4,694973
1RLYFvCaQknl13Um1GxpY6,Caravan - Zoe Ball XFM Session,15,False,10,2,7MhMgCo0Bl0Kukl93PZbYS,Blur,68P7oIUK327pt5tDIZJd63,Think Tank (Special Edition),2003,album,0.531,0.341,4,-12.344,0,0.028,0.728,0.0549,0.393,0.349,88.933,4,254973
1f3saQLTz4MSL4jZJb0v4F,End of a Century - Zoe Ball XFM Session,16,False,11,2,7MhMgCo0Bl0Kukl93PZbYS,Blur,68P7oIUK327pt5tDIZJd63,Think Tank (Special Edition),2003,album,0.388,0.515,7,-8.852,1,0.0312,0.432,0.0,0.14,0.518,82.756,4,160507
0tL5iyBkyDrOxB2Y37k4Hr,Good Song - Zoe Ball XFM Session,17,False,12,2,7MhMgCo0Bl0Kukl93PZbYS,Blur,68P7oIUK327pt5tDIZJd63,Think Tank (Special Edition),2003,album,0.553,0.516,2,-10.576,0,0.0253,0.723,0.0141,0.352,0.5,89.978,4,211347
3zbRJ4RnXgiGgCyKPKkkRZ,Out of Time - Zoe Ball XFM Session,19,False,13,2,7MhMgCo0Bl0Kukl93PZbYS,Blur,68P7oIUK327pt5tDIZJd63,Think Tank (Special Edition),2003,album,0.47,0.555,0,-11.607,1,0.0282,0.683,0.132,0.106,0.214,141.192,4,216387
6X0yjykmfeNpvdocxNf2RX,Tender - Zoe Ball XFM Session,18,False,14,2,7MhMgCo0Bl0Kukl93PZbYS,Blur,68P7oIUK327pt5tDIZJd63,Think Tank (Special Edition),2003,album,0.476,0.491,9,-10.932,1,0.0244,0.754,0.00503,0.164,0.406,83.081,4,381440
3PZ27OwhQe7dL9SxihFkmv,Tender,35,False,1,1,7MhMgCo0Bl0Kukl93PZbYS,Blur,1uF9iZYiDY2p5yhRFNJzjW,13 (Special Edition),1999,album,0.587,0.566,9,-9.932,1,0.0276,0.469,0.0,0.0644,0.528,76.055,4,461947
4TPzzVFuFoNoHML5p8Zs0w,Bugman,23,False,2,1,7MhMgCo0Bl0Kukl93PZbYS,Blur,1uF9iZYiDY2p5yhRFNJzjW,13 (Special Edition),1999,album,0.475,0.967,6,-6.204,1,0.101,0.00493,0.00172,0.213,0.158,130.111,4,291293
2kCMEZWhULOYaqy4NU2JMy,Coffee & TV,32,False,3,1,7MhMgCo0Bl0Kukl93PZbYS,Blur,1uF9iZYiDY2p5yhRFNJzjW,13 (Special Edition),1999,album,0.743,0.742,2,-10.117,1,0.0367,0.051,0.234,0.0987,0.706,121.604,4,358773
3MxTntkymsFFkEMQjnZoLP,Swamp Song,22,False,4,1,7MhMgCo0Bl0Kukl93PZbYS,Blur,1uF9iZYiDY2p5yhRFNJzjW,13 (Special Edition),1999,album,0.442,0.915,0,-7.558,1,0.0424,0.00794,0.000204,0.383,0.467,99.617,4,276533
5Js8h87F6YIZOGnFGZEY4W,1992,20,False,5,1,7MhMgCo0Bl0Kukl93PZbYS,Blur,1uF9iZYiDY2p5yhRFNJzjW,13 (Special Edition),1999,album,0.126,0.628,7,-10.604,1,0.034,0.00153,0.366,0.364,0.126,154.544,4,329067
70vVLz03jsags5QrWZF3XZ,B.L.U.R.E.M.I,20,False,6,1,7MhMgCo0Bl0Kukl93PZbYS,Blur,1uF9iZYiDY2p5yhRFNJzjW,13 (Special Edition),1999,album,0.213,0.81,9,-8.148,1,0.0767,0.0114,0.273,0.0937,0.151,92.735,4,172000
7gg9ZF2020ww15IsJWIrgh,Battle,20,False,7,1,7MhMgCo0Bl0Kukl93PZbYS,Blur,1uF9iZYiDY2p5yhRFNJzjW,13 (Special Edition),1999,album,0.238,0.636,9,-10.593,1,0.0481,0.0162,0.585,0.101,0.0829,94.972,3,463773
0oZJprwieiLM3wffn6OQjX,Mellow Song,19,False,8,1,7MhMgCo0Bl0Kukl93PZbYS,Blur,1uF9iZYiDY2p5yhRFNJzjW,13 (Special Edition),1999,album,0.596,0.33,2,-16.464,1,0.0279,0.579,0.403,0.342,0.453,100.076,4,236800
7n8uiHWbvGJLyDRbW8QLdB,Trailerpark,20,False,9,1,7MhMgCo0Bl0Kukl93PZbYS,Blur,1uF9iZYiDY2p5yhRFNJzjW,13 (Special Edition),1999,album,0.501,0.739,9,-11.047,0,0.045,0.00672,0.797,0.0905,0.385,83.07,4,266800
1YW7lDAOaxFtXVWWMeZirU,Caramel,22,False,10,1,7MhMgCo0Bl0Kukl93PZbYS,Blur,1uF9iZYiDY2p5yhRFNJzjW,13 (Special Edition),1999,album,0.454,0.312,9,-15.208,0,0.0332,0.82,0.902,0.137,0.0394,100.785,4,458227
2rl7ApVubJC0j1Ksn3wgUW,Trimm Trabb,24,False,11,1,7MhMgCo0Bl0Kukl93PZbYS,Blur,1uF9iZYiDY2p5yhRFNJzjW,13 (Special Edition),1999,album,0.594,0.46,9,-11.594,0,0.0284,0.0252,0.526,0.102,0.422,103.213,4,336947
0VHwJL72ls2ySpUUMI60xu,No Distance Left to Run,24,False,12,1,7MhMgCo0Bl0Kukl93PZbYS,Blur,1uF9iZYiDY2p5yhRFNJzjW,13 (Special Edition),1999,album,0.408,0.208,7,-14.751,1,0.0342,0.722,0.0285,0.108,0.109,148.715,3,208267
5fyeH2VfrwU36kKOSfAYhU,Optigan I,17,False,13,1,7MhMgCo0Bl0Kukl93PZbYS,Blur,1uF9iZYiDY2p5yhRFNJzjW,13 (Special Edition),1999,album,0.409,0.323,1,-22.641,1,0.0322,0.857,0.993,0.135,0.469,95.568,3,154093
5Kj8eqT6EwMjAYNKPoImfI,Jubilee - Live at the Budokan,10,False,2,1,7MhMgCo0Bl0Kukl93PZbYS,Blur,0V2fXJGDHmy306n6YgVJZx,Live At The Budokan,1996-06-03,album,0.318,0.966,9,-7.674,1,0.171,0.0307,4.49e-05,0.807,0.252,142.854,4,190160
6DfLmw0QEOCAvdmhJ6Vu5X,End of a Century - Live at the Budokan,12,False,4,1,7MhMgCo0Bl0Kukl93PZbYS,Blur,0V2fXJGDHmy306n6YgVJZx,Live At The Budokan,1996-06-03,album,0.265,0.595,7,-9.588,1,0.0342,0.0674,0.0,0.779,0.41,79.128,4,175573
2WwSkeE26FVQHPW6EkGsby,Tracy Jacks - Live at the Budokan,10,False,5,1,7MhMgCo0Bl0Kukl93PZbYS,Blur,0V2fXJGDHmy306n6YgVJZx,Live At The Budokan,1996-06-03,album,0.405,0.888,4,-8.478,1,0.0942,0.162,0.00163,0.882,0.287,118.709,4,249880
6ITyCzxCmeMJRaHwhLilJh,Mr Robinson's Quango - Live at the Budokan,10,False,6,1,7MhMgCo0Bl0Kukl93PZbYS,Blur,0V2fXJGDHmy306n6YgVJZx,Live At The Budokan,1996-06-03,album,0.17,0.825,11,-8.679,0,0.0848,0.0811,0.000641,0.666,0.27,171.656,4,306867
2VlOLUEl1OVTl21nELbqfI,To the End - Live at the Budokan,11,False,7,1,7MhMgCo0Bl0Kukl93PZbYS,Blur,0V2fXJGDHmy306n6YgVJZx,Live At The Budokan,1996-06-03,album,0.205,0.605,2,-9.508,1,0.0347,0.00054,0.000329,0.817,0.497,191.75,4,246053
4IaEUJTpgNheGOSkNFMNH8,Fade Away - Live at the Budokan,9,False,8,1,7MhMgCo0Bl0Kukl93PZbYS,Blur,0V2fXJGDHmy306n6YgVJZx,Live At The Budokan,1996-06-03,album,0.235,0.719,7,-8.631,1,0.0686,0.0045,0.0648,0.761,0.299,175.054,4,260613
08OuMZxhZrOHoNK0lhedV0,It Could Be You - Live at the Budokan,9,False,9,1,7MhMgCo0Bl0Kukl93PZbYS,Blur,0V2fXJGDHmy306n6YgVJZx,Live At The Budokan,1996-06-03,album,0.472,0.831,7,-7.653,1,0.0583,0.0446,8.61e-05,0.688,0.76,133.802,4,189813
0doLETi4JbX0FmZAj6pADQ,Stereotypes - Live at the Budokan,11,False,10,1,7MhMgCo0Bl0Kukl93PZbYS,Blur,0V2fXJGDHmy306n6YgVJZx,Live At The Budokan,1996-06-03,album,0.378,0.859,6,-8.496,0,0.0879,0.00448,0.000244,0.403,0.486,108.873,4,215973
4ts6QZSi2mV1j9NqpeRa4U,Bank Holiday - Live at the Budokan,8,False,15,1,7MhMgCo0Bl0Kukl93PZbYS,Blur,0V2fXJGDHmy306n6YgVJZx,Live At The Budokan,1996-06-03,album,0.332,0.946,2,-6.461,0,0.102,0.00828,0.000351,0.404,0.34,98.884,4,109293
2aVu0NHAvDxEA9MFmny3lR,Country House - Live at the Budokan,10,False,17,1,7MhMgCo0Bl0Kukl93PZbYS,Blur,0V2fXJGDHmy306n6YgVJZx,Live At The Budokan,1996-06-03,album,0.224,0.874,9,-7.656,1,0.081,0.0835,2.78e-06,0.945,0.475,171.946,4,279880
373nLwaRUByVxELQcDRqOw,This Is a Low - Live at the Budokan,10,False,18,1,7MhMgCo0Bl0Kukl93PZbYS,Blur,0V2fXJGDHmy306n6YgVJZx,Live At The Budokan,1996-06-03,album,0.153,0.475,9,-8.856,1,0.0346,0.0445,0.00878,0.809,0.191,167.414,4,309040
1S6e9v5be2vxfU9v7vdaEf,He Thought of Cars - Live at the Budokan,9,False,21,1,7MhMgCo0Bl0Kukl93PZbYS,Blur,0V2fXJGDHmy306n6YgVJZx,Live At The Budokan,1996-06-03,album,0.169,0.663,11,-8.867,0,0.0531,0.00155,0.00376,0.355,0.325,149.697,4,302613
6zHkDmdi2ck1YY4mmkXG6U,Globe Alone - Live at the Budokan,8,False,23,1,7MhMgCo0Bl0Kukl93PZbYS,Blur,0V2fXJGDHmy306n6YgVJZx,Live At The Budokan,1996-06-03,album,0.259,0.952,9,-8.036,1,0.275,0.0402,0.000667,0.952,0.233,171.705,4,163853
48blTu52ceDeRTGOhhi1mF,Parklife - Live at the Budokan,9,False,24,1,7MhMgCo0Bl0Kukl93PZbYS,Blur,0V2fXJGDHmy306n6YgVJZx,Live At The Budokan,1996-06-03,album,0.316,0.895,9,-7.948,1,0.164,0.0115,2.23e-05,0.902,0.597,147.469,4,218293
0101EAdbQ4d1p7XXzW3aFn,The Universal - Live at the Budokan,10,False,25,1,7MhMgCo0Bl0Kukl93PZbYS,Blur,0V2fXJGDHmy306n6YgVJZx,Live At The Budokan,1996-06-03,album,0.208,0.701,9,-10.907,1,0.0754,0.0117,0.00102,0.447,0.321,162.85,4,310120
2EBQqPi5OAMlpAQpccDKFU,"Jubilee - Acoustic, BBC Live Version",17,False,14,2,7MhMgCo0Bl0Kukl93PZbYS,Blur,0DBkFC6739trhCoVreZyds,Parklife (Special Edition),1994-04-25,album,0.658,0.88,2,-6.158,1,0.0578,0.0918,0.0,0.14,0.842,141.762,4,152853
1T3bIPoiz1MpXK5MIiRrtK,"Parklife - Acoustic, BBC Live Version",20,False,15,2,7MhMgCo0Bl0Kukl93PZbYS,Blur,0DBkFC6739trhCoVreZyds,Parklife (Special Edition),1994-04-25,album,0.665,0.841,9,-6.392,1,0.0829,0.198,0.0,0.0844,0.606,142.28,4,179893
09DmDou6ueQYtoCN14stXh,"The Sadness in You, The Sadness in Me",32,False,1,1,6PHIK3kjWggLtVygsOtpqS,Suede,3SDX9H4Q31VXNaoBdFDPao,Sci-Fi Lullabies Vol. 2,2025-04-11,album,0.495,0.802,1,-5.604,0,0.0336,9.27e-05,0.000432,0.0868,0.631,96.111,4,270053
0RmQvg8oa8xiNNJB3x9FzV,Dawn Chorus,30,False,2,1,6PHIK3kjWggLtVygsOtpqS,Suede,3SDX9H4Q31VXNaoBdFDPao,Sci-Fi Lullabies Vol. 2,2025-04-11,album,0.268,0.879,8,-6.361,0,0.0602,0.0134,0.000126,0.089,0.477,187.607,4,244024
7Jk92gjk3nLZ7ZAyL0Dw31,Let Go,29,False,3,1,6PHIK3kjWggLtVygsOtpqS,Suede,3SDX9H4Q31VXNaoBdFDPao,Sci-Fi Lullabies Vol. 2,2025-04-11,album,0.553,0.942,8,-4.788,0,0.0391,0.0153,5.03e-05,0.0477,0.924,126.064,4,267053
0aSIEQK0Fg0QUKRP1HhAqF,Crackhead,28,False,4,1,6PHIK3kjWggLtVygsOtpqS,Suede,3SDX9H4Q31VXNaoBdFDPao,Sci-Fi Lullabies Vol. 2,2025-04-11,album,0.635,0.931,9,-5.152,1,0.0335,0.328,0.0,0.308,0.902,116.867,4,353633
40l1yScUYN4qhwGx2OXmFE,Cheap,27,False,5,1,6PHIK3kjWggLtVygsOtpqS,Suede,3SDX9H4Q31VXNaoBdFDPao,Sci-Fi Lullabies Vol. 2,2025-04-11,album,0.471,0.845,2,-6.9,0,0.036,0.45,0.0,0.348,0.403,135.243,4,283403
6rEPYkVeI5W5q9UUomomc0,Simon,26,False,6,1,6PHIK3kjWggLtVygsOtpqS,Suede,3SDX9H4Q31VXNaoBdFDPao,Sci-Fi Lullabies Vol. 2,2025-04-11,album,0.401,0.486,4,-6.74,1,0.0263,0.377,0.0,0.1,0.314,83.282,4,274790
3j76DoGFPbWg2W3Ov1IHpn,What Violet Says,26,False,7,1,6PHIK3kjWggLtVygsOtpqS,Suede,3SDX9H4Q31VXNaoBdFDPao,Sci-Fi Lullabies Vol. 2,2025-04-11,album,0.246,0.752,4,-5.968,0,0.039,0.619,2.19e-05,0.356,0.451,166.215,4,252456
0pGI0neWX7bH7ZnGZpFfZu,Still Waiting,25,False,8,1,6PHIK3kjWggLtVygsOtpqS,Suede,3SDX9H4Q31VXNaoBdFDPao,Sci-Fi Lullabies Vol. 2,2025-04-11,album,0.283,0.276,10,-10.358,1,0.0336,0.632,0.000487,0.112,0.0384,127.376,4,170995
5sg9nA4iGScHLPWdNo05bb,You Don't Know Me,24,False,10,1,6PHIK3kjWggLtVygsOtpqS,Suede,3SDX9H4Q31VXNaoBdFDPao,Sci-Fi Lullabies Vol. 2,2025-04-11,album,0.322,0.963,6,-4.543,0,0.0879,9.22e-05,0.947,0.319,0.229,128.96,4,213393
0TWtIPoPcVNzY1VZDIwbuZ,Days Like Dead Moths,24,False,11,1,6PHIK3kjWggLtVygsOtpqS,Suede,3SDX9H4Q31VXNaoBdFDPao,Sci-Fi Lullabies Vol. 2,2025-04-11,album,0.185,0.439,11,-8.717,1,0.0352,0.277,7.36e-05,0.104,0.0546,180.562,4,224530
2ZhEmGM0elqDQibHhLE740,Since You Went Away,23,False,12,1,6PHIK3kjWggLtVygsOtpqS,Suede,3SDX9H4Q31VXNaoBdFDPao,Sci-Fi Lullabies Vol. 2,2025-04-11,album,0.625,0.84,7,-5.473,1,0.0279,0.297,2.76e-06,0.119,0.84,119.99,4,187574
3pqjZ8LbND8JWosgejAkSF,Heroin,24,False,13,1,6PHIK3kjWggLtVygsOtpqS,Suede,3SDX9H4Q31VXNaoBdFDPao,Sci-Fi Lullabies Vol. 2,2025-04-11,album,0.431,0.154,4,-14.292,1,0.0313,0.983,0.146,0.369,0.0699,136.952,4,175101
7nwaw1EUIhfM3wsGwhAR3G,Leaving,23,False,14,1,6PHIK3kjWggLtVygsOtpqS,Suede,3SDX9H4Q31VXNaoBdFDPao,Sci-Fi Lullabies Vol. 2,2025-04-11,album,0.331,0.677,2,-5.373,0,0.0303,0.468,0.000355,0.0942,0.401,169.276,4,257349
2ouCtEzxEnzQ5GM8c1cqML,God's Gift,22,False,15,1,6PHIK3kjWggLtVygsOtpqS,Suede,3SDX9H4Q31VXNaoBdFDPao,Sci-Fi Lullabies Vol. 2,2025-04-11,album,0.303,0.506,9,-8.394,1,0.0304,0.916,0.0675,0.113,0.505,93.484,4,176202
74JRdcKmWynX23TQwjOSzG,There Is No Me If There Is No You,22,False,16,1,6PHIK3kjWggLtVygsOtpqS,Suede,3SDX9H4Q31VXNaoBdFDPao,Sci-Fi Lullabies Vol. 2,2025-04-11,album,0.421,0.94,5,-4.821,1,0.0692,0.00373,0.0,0.383,0.624,125.7,4,187894
6vz9YZ3CZK2S2VecKkyXnB,Darkest Days,21,False,17,1,6PHIK3kjWggLtVygsOtpqS,Suede,3SDX9H4Q31VXNaoBdFDPao,Sci-Fi Lullabies Vol. 2,2025-04-11,album,0.307,0.916,6,-4.937,0,0.0666,0.000534,0.0,0.255,0.435,118.349,4,228925
0G4So7kmBkbqgg5ZinoN1x,The Prey,21,True,18,1,6PHIK3kjWggLtVygsOtpqS,Suede,3SDX9H4Q31VXNaoBdFDPao,Sci-Fi Lullabies Vol. 2,2025-04-11,album,0.261,0.752,3,-6.971,1,0.0347,0.0155,0.000128,0.278,0.374,151.505,4,216418
5Kda5ia6kXDiUu0xXoqxRJ,Introducing the Band,24,False,1,1,6PHIK3kjWggLtVygsOtpqS,Suede,3IAxQc2xHwvfUEsXXfXFLf,Dog Man Star (30th Anniversary Edition),2024-10-18,album,0.195,0.737,6,-7.419,1,0.0604,0.000774,0.00845,0.0999,0.0725,186.902,4,158343
7CXfwT9nKHjVtetkRjrAa9,We Are the Pigs,26,False,2,1,6PHIK3kjWggLtVygsOtpqS,Suede,3IAxQc2xHwvfUEsXXfXFLf,Dog Man Star (30th Anniversary Edition),2024-10-18,album,0.18,0.744,8,-7.56,0,0.095,0.171,0.0,0.622,0.284,97.174,3,259713
066Unenbn8rG7s1rIBNDL8,Heroine,24,False,3,1,6PHIK3kjWggLtVygsOtpqS,Suede,3IAxQc2xHwvfUEsXXfXFLf,Dog Man Star (30th Anniversary Edition),2024-10-18,album,0.458,0.902,11,-6.683,1,0.0784,0.272,1.51e-05,0.311,0.476,111.811,4,202599
0nfmNbTxYGipBfRUBtJZKO,The Wild Ones,28,False,4,1,6PHIK3kjWggLtVygsOtpqS,Suede,3IAxQc2xHwvfUEsXXfXFLf,Dog Man Star (30th Anniversary Edition),2024-10-18,album,0.345,0.608,3,-8.271,1,0.0316,0.657,0.000157,0.0271,0.396,169.305,4,292661
2OudUUuDHBjImG8l5WaEHu,Daddy's Speeding,21,False,5,1,6PHIK3kjWggLtVygsOtpqS,Suede,3IAxQc2xHwvfUEsXXfXFLf,Dog Man Star (30th Anniversary Edition),2024-10-18,album,0.394,0.363,11,-13.679,1,0.0294,0.629,0.000388,0.0961,0.162,95.27,4,322007
3PdUxkl8chIxDFXInqpqyY,The Power,21,False,6,1,6PHIK3kjWggLtVygsOtpqS,Suede,3IAxQc2xHwvfUEsXXfXFLf,Dog Man Star (30th Anniversary Edition),2024-10-18,album,0.433,0.706,9,-8.056,1,0.0317,0.00825,0.0,0.558,0.601,74.959,4,271702
6QuAxvrCrMbYg3dbEKslVs,New Generation,23,False,7,1,6PHIK3kjWggLtVygsOtpqS,Suede,3IAxQc2xHwvfUEsXXfXFLf,Dog Man Star (30th Anniversary Edition),2024-10-18,album,0.425,0.825,1,-6.655,1,0.0392,0.077,1.92e-05,0.279,0.415,123.782,4,279263
5ZXysL8OKQuCUrLf14opnr,This Hollywood Life,20,False,8,1,6PHIK3kjWggLtVygsOtpqS,Suede,3IAxQc2xHwvfUEsXXfXFLf,Dog Man Star (30th Anniversary Edition),2024-10-18,album,0.282,0.799,6,-6.557,1,0.0636,0.205,0.0,0.308,0.297,129.596,1,230717
3wOt0VHjesK3krIFzyYrzA,The 2 of Us,22,False,9,1,6PHIK3kjWggLtVygsOtpqS,Suede,3IAxQc2xHwvfUEsXXfXFLf,Dog Man Star (30th Anniversary Edition),2024-10-18,album,0.37,0.38,0,-11.019,1,0.0325,0.898,0.00162,0.0561,0.12,138.074,4,345846
2JtauaHx1gZUMoO6KFau0r,Black or Blue,18,False,10,1,6PHIK3kjWggLtVygsOtpqS,Suede,3IAxQc2xHwvfUEsXXfXFLf,Dog Man Star (30th Anniversary Edition),2024-10-18,album,0.406,0.229,8,-11.595,1,0.0293,0.761,4.65e-06,0.108,0.145,88.195,4,227718
0YyJrtQFQWQiTl59iG0mVi,The Asphalt World,20,False,11,1,6PHIK3kjWggLtVygsOtpqS,Suede,3IAxQc2xHwvfUEsXXfXFLf,Dog Man Star (30th Anniversary Edition),2024-10-18,album,0.233,0.745,4,-9.971,0,0.156,0.313,0.000564,0.362,0.0742,143.246,4,565634
7qDNLRAIxKe4zVjnBFK0S2,Still Life,19,False,12,1,6PHIK3kjWggLtVygsOtpqS,Suede,3IAxQc2xHwvfUEsXXfXFLf,Dog Man Star (30th Anniversary Edition),2024-10-18,album,0.111,0.414,1,-10.13,1,0.0337,0.634,0.00581,0.116,0.145,184.745,3,324996
1vYiGKH80KeVHb80faYVxk,My Dark Star,18,False,13,1,6PHIK3kjWggLtVygsOtpqS,Suede,3IAxQc2xHwvfUEsXXfXFLf,Dog Man Star (30th Anniversary Edition),2024-10-18,album,0.51,0.722,11,-6.551,1,0.0328,0.0939,3.85e-06,0.0907,0.255,109.805,4,261116
7LgM4ca62VMQFk9ASLDPvC,The Living Dead,16,False,14,1,6PHIK3kjWggLtVygsOtpqS,Suede,3IAxQc2xHwvfUEsXXfXFLf,Dog Man Star (30th Anniversary Edition),2024-10-18,album,0.422,0.249,11,-11.285,1,0.0279,0.78,0.0019,0.124,0.308,104.475,4,167587
0vcvlkOWO1fcwUaymeJp7C,Stay Together - Long Version,18,False,15,1,6PHIK3kjWggLtVygsOtpqS,Suede,3IAxQc2xHwvfUEsXXfXFLf,Dog Man Star (30th Anniversary Edition),2024-10-18,album,0.18,0.819,6,-5.998,0,0.105,0.636,0.000323,0.188,0.128,85.633,4,508180
7Bo4Ozs8CHxzlOBdG9pzaP,Killing of a Flash Boy,18,True,16,1,6PHIK3kjWggLtVygsOtpqS,Suede,3IAxQc2xHwvfUEsXXfXFLf,Dog Man Star (30th Anniversary Edition),2024-10-18,album,0.424,0.848,3,-7.148,0,0.0512,0.177,0.0,0.104,0.892,111.645,4,247526
4krA68t4oRE5GWkehWrGAT,Whipsnade,15,False,17,1,6PHIK3kjWggLtVygsOtpqS,Suede,3IAxQc2xHwvfUEsXXfXFLf,Dog Man Star (30th Anniversary Edition),2024-10-18,album,0.566,0.731,8,-7.685,1,0.0409,0.641,2.4e-06,0.0623,0.458,112.744,4,261929
4B5tcY4AHnoLN793Z0hPD4,This World Needs a Father,15,True,18,1,6PHIK3kjWggLtVygsOtpqS,Suede,3IAxQc2xHwvfUEsXXfXFLf,Dog Man Star (30th Anniversary Edition),2024-10-18,album,0.406,0.776,6,-6.083,1,0.0437,0.286,2.43e-06,0.161,0.458,104.846,3,233496
6lKnY7wddustHIq46Um0pa,Modern Boys,13,False,19,1,6PHIK3kjWggLtVygsOtpqS,Suede,3IAxQc2xHwvfUEsXXfXFLf,Dog Man Star (30th Anniversary Edition),2024-10-18,album,0.558,0.843,11,-6.675,1,0.0303,0.249,1.33e-05,0.128,0.736,104.175,4,247325
7brLNtQmqReoBfFUR9hTnu,Eno's Introducing The Band,12,False,20,1,6PHIK3kjWggLtVygsOtpqS,Suede,3IAxQc2xHwvfUEsXXfXFLf,Dog Man Star (30th Anniversary Edition),2024-10-18,album,0.141,0.319,1,-12.481,1,0.0333,0.432,0.931,0.114,0.0263,94.046,4,965294
5ISE8qwnAjpw4otE4mRuie,The Living Dead - Piano Version,11,False,22,1,6PHIK3kjWggLtVygsOtpqS,Suede,3IAxQc2xHwvfUEsXXfXFLf,Dog Man Star (30th Anniversary Edition),2024-10-18,album,0.393,0.228,11,-11.091,1,0.0342,0.666,0.0,0.116,0.113,111.147,4,163867
0v49u2ofQu1gJ977AOCige,We Believe in Showbiz,10,False,23,1,6PHIK3kjWggLtVygsOtpqS,Suede,3IAxQc2xHwvfUEsXXfXFLf,Dog Man Star (30th Anniversary Edition),2024-10-18,album,0.311,0.719,7,-7.711,0,0.0564,0.329,0.0,0.0937,0.404,137.726,4,225707
66bWm0MobxZWgGWUbRruo5,Still Life - Orchestral Version,11,False,24,1,6PHIK3kjWggLtVygsOtpqS,Suede,3IAxQc2xHwvfUEsXXfXFLf,Dog Man Star (30th Anniversary Edition),2024-10-18,album,0.118,0.257,1,-11.323,1,0.0363,0.834,0.851,0.104,0.0378,84.729,4,313293
5LjnTzt27ev96PwWzSmvEr,The Wild Ones - Original Unedited Version,13,False,25,1,6PHIK3kjWggLtVygsOtpqS,Suede,3IAxQc2xHwvfUEsXXfXFLf,Dog Man Star (30th Anniversary Edition),2024-10-18,album,0.349,0.67,3,-8.406,1,0.0343,0.0816,9.14e-05,0.354,0.417,169.008,4,437040
1GG6FA9iuU8cWiVHkrGyd2,The Asphalt World - Original Unedited Version,12,False,26,1,6PHIK3kjWggLtVygsOtpqS,Suede,3IAxQc2xHwvfUEsXXfXFLf,Dog Man Star (30th Anniversary Edition),2024-10-18,album,0.268,0.789,8,-8.668,0,0.0959,0.0322,0.00127,0.119,0.103,139.088,4,689619
6rc61UDQI0ZE3xbIlUAfiM,Stay Together - Single Version,19,False,27,1,6PHIK3kjWggLtVygsOtpqS,Suede,3IAxQc2xHwvfUEsXXfXFLf,Dog Man Star (30th Anniversary Edition),2024-10-18,album,0.33,0.775,9,-7.383,1,0.057,0.308,0.0,0.24,0.123,86.831,4,259584
2vOHYtHaQCdwK3qQ2Phlwn,Barriers,16,False,1,1,6PHIK3kjWggLtVygsOtpqS,Suede,4SvwmLe2J0EYwckcQxM7WH,Bloodsports (Deluxe Edition),2024-02-23,album,0.303,0.857,6,-5.137,1,0.0726,0.00378,0.000462,0.154,0.265,109.063,4,222723
0TKAMQiqt7kPYJl5kouUhN,Snowblind,16,False,2,1,6PHIK3kjWggLtVygsOtpqS,Suede,4SvwmLe2J0EYwckcQxM7WH,Bloodsports (Deluxe Edition),2024-02-23,album,0.476,0.929,6,-4.853,1,0.0551,0.00153,0.000111,0.367,0.618,120.051,4,243893
5va1BeNgWoR7ZnU36miND6,It Starts and Ends with You,18,False,3,1,6PHIK3kjWggLtVygsOtpqS,Suede,4SvwmLe2J0EYwckcQxM7WH,Bloodsports (Deluxe Edition),2024-02-23,album,0.457,0.877,2,-5.551,1,0.0375,1.79e-05,0.0248,0.929,0.517,118.017,4,231189
6IktFUXENo0kqD4Sayebzr,Sabotage,16,False,4,1,6PHIK3kjWggLtVygsOtpqS,Suede,4SvwmLe2J0EYwckcQxM7WH,Bloodsports (Deluxe Edition),2024-02-23,album,0.251,0.896,5,-5.133,0,0.0496,0.000513,0.0552,0.0952,0.502,182.126,4,225571
7mbFd5Sh5I9043aNOqzznR,For the Strangers,14,False,5,1,6PHIK3kjWggLtVygsOtpqS,Suede,4SvwmLe2J0EYwckcQxM7WH,Bloodsports (Deluxe Edition),2024-02-23,album,0.358,0.818,9,-5.328,1,0.033,0.000439,1.37e-05,0.218,0.382,142.079,4,254237
6ssTfTmVQi69rfVeqv6dZs,Hit Me,20,False,6,1,6PHIK3kjWggLtVygsOtpqS,Suede,4SvwmLe2J0EYwckcQxM7WH,Bloodsports (Deluxe Edition),2024-02-23,album,0.535,0.879,11,-6.652,0,0.0337,3.86e-06,0.0182,0.161,0.96,125.984,4,242323
2nQ1IwV0u5STJLMhOkwrss,Sometimes I Feel I'll Float Away,14,False,7,1,6PHIK3kjWggLtVygsOtpqS,Suede,4SvwmLe2J0EYwckcQxM7WH,Bloodsports (Deluxe Edition),2024-02-23,album,0.271,0.581,1,-6.451,0,0.0291,0.0781,3.05e-05,0.133,0.121,153.708,4,253395
4Rqqzlgw1FiaG6ftcN0V4p,What Are You Not Telling Me?,13,False,8,1,6PHIK3kjWggLtVygsOtpqS,Suede,4SvwmLe2J0EYwckcQxM7WH,Bloodsports (Deluxe Edition),2024-02-23,album,0.349,0.437,5,-9.441,0,0.034,0.947,0.362,0.168,0.116,79.761,4,191334
4Fea6SHnCHfYXbbqdQWJx1,Always,12,False,9,1,6PHIK3kjWggLtVygsOtpqS,Suede,4SvwmLe2J0EYwckcQxM7WH,Bloodsports (Deluxe Edition),2024-02-23,album,0.375,0.746,9,-6.293,0,0.0365,0.00141,0.0803,0.253,0.0679,118.159,4,282490
2YBwVwKbkeMw6IMik1CJhd,Faultlines,12,False,10,1,6PHIK3kjWggLtVygsOtpqS,Suede,4SvwmLe2J0EYwckcQxM7WH,Bloodsports (Deluxe Edition),2024-02-23,album,0.339,0.547,6,-6.383,0,0.0327,0.478,0.0348,0.0677,0.14,112.438,4,242628
29guPydo81BLIC6w1TjNRT,She Still Leads Me On,17,False,1,1,6PHIK3kjWggLtVygsOtpqS,Suede,12DwIit0HMm9T32c99tsRP,Autofiction: Expanded,2023-12-08,album,0.216,0.93,1,-3.761,0,0.161,0.00412,3.64e-05,0.641,0.223,147.5,4,248600
59hijF8OyyJtFylH1Ye61T,Personality Disorder,15,False,2,1,6PHIK3kjWggLtVygsOtpqS,Suede,12DwIit0HMm9T32c99tsRP,Autofiction: Expanded,2023-12-08,album,0.292,0.96,1,-1.822,0,0.0564,0.0089,0.0506,0.427,0.311,124.38,4,240200
4DpA9R5lQ35UjeW3Zhk1tX,15 Again,15,False,3,1,6PHIK3kjWggLtVygsOtpqS,Suede,12DwIit0HMm9T32c99tsRP,Autofiction: Expanded,2023-12-08,album,0.323,0.94,1,-2.959,1,0.083,0.000173,0.193,0.295,0.361,133.112,4,204560
1fD8LaoAzQ83AGvODAVv2U,The Only Way I Can Love You,17,False,4,1,6PHIK3kjWggLtVygsOtpqS,Suede,12DwIit0HMm9T32c99tsRP,Autofiction: Expanded,2023-12-08,album,0.419,0.948,11,-2.517,1,0.0604,0.000155,0.00602,0.29,0.561,115.023,4,247587
4LsqO4o6xNqe9Wvm3FN6nv,That Boy on the Stage,14,False,5,1,6PHIK3kjWggLtVygsOtpqS,Suede,12DwIit0HMm9T32c99tsRP,Autofiction: Expanded,2023-12-08,album,0.213,0.905,3,-3.386,1,0.0474,8.31e-06,0.0271,0.335,0.372,113.459,4,155600
4qY9qYNA8G5Hfsxa9Gfc8Q,Drive Myself Home,13,False,6,1,6PHIK3kjWggLtVygsOtpqS,Suede,12DwIit0HMm9T32c99tsRP,Autofiction: Expanded,2023-12-08,album,0.196,0.263,7,-9.065,1,0.0347,0.252,0.352,0.138,0.0786,111.243,4,269693
5w9cl3RcSh1qD7n3weUnyy,Black Ice,14,False,7,1,6PHIK3kjWggLtVygsOtpqS,Suede,12DwIit0HMm9T32c99tsRP,Autofiction: Expanded,2023-12-08,album,0.444,0.818,6,-2.34,1,0.0329,0.00046,0.0041,0.134,0.595,86.019,4,165200
2uHYObpRr4Iwu2PLSdDTim,Shadow Self,13,False,8,1,6PHIK3kjWggLtVygsOtpqS,Suede,12DwIit0HMm9T32c99tsRP,Autofiction: Expanded,2023-12-08,album,0.328,0.955,6,-3.133,1,0.0717,5.74e-06,0.931,0.626,0.622,158.054,4,213893
38bAZnScPzJjluQgqgoglD,It's Always the Quiet Ones,12,False,9,1,6PHIK3kjWggLtVygsOtpqS,Suede,12DwIit0HMm9T32c99tsRP,Autofiction: Expanded,2023-12-08,album,0.434,0.852,2,-3.748,0,0.0439,0.00134,0.000592,0.245,0.245,116.024,4,252453
0jw3ZkpOl0aLrwAN4uCPrC,What am I Without You?,12,False,10,1,6PHIK3kjWggLtVygsOtpqS,Suede,12DwIit0HMm9T32c99tsRP,Autofiction: Expanded,2023-12-08,album,0.183,0.592,6,-4.956,0,0.0318,0.00858,0.0532,0.09,0.0952,142.297,4,377800
4zlhXp3uCR7d8jrKA5pg1I,Turn off Your Brain and Yell,14,False,11,1,6PHIK3kjWggLtVygsOtpqS,Suede,12DwIit0HMm9T32c99tsRP,Autofiction: Expanded,2023-12-08,album,0.478,0.84,5,-4.469,0,0.0447,0.000534,0.539,0.166,0.202,114.023,4,354413
3nm7UsI61KMJSwvOqQvRnQ,She Still Leads Me On (Live),12,False,1,3,6PHIK3kjWggLtVygsOtpqS,Suede,12DwIit0HMm9T32c99tsRP,Autofiction: Expanded,2023-12-08,album,0.31,0.958,11,-3.306,1,0.0994,0.00199,0.0758,0.975,0.155,77.403,3,270280
1Evowvq6fLAPcOIztfdTtV,Personality Disorder (Live),9,False,2,3,6PHIK3kjWggLtVygsOtpqS,Suede,12DwIit0HMm9T32c99tsRP,Autofiction: Expanded,2023-12-08,album,0.297,0.973,1,-2.253,0,0.049,0.000254,0.304,0.414,0.223,122.119,4,239119
1AGhMXWQsculMC5RSuNvSa,15 Again (Live),8,False,3,3,6PHIK3kjWggLtVygsOtpqS,Suede,12DwIit0HMm9T32c99tsRP,Autofiction: Expanded,2023-12-08,album,0.257,0.971,8,-2.842,1,0.0502,3.49e-05,0.324,0.945,0.451,134.609,4,207539
13QC5lNApjh2JHXXSLN6Hy,The Only Way I Can Love You (Live),9,False,4,3,6PHIK3kjWggLtVygsOtpqS,Suede,12DwIit0HMm9T32c99tsRP,Autofiction: Expanded,2023-12-08,album,0.275,0.948,8,-2.806,0,0.0514,1.62e-05,0.648,0.47,0.334,119.582,4,235489
1mxOSE2tpHRjpUqNe04c4b,That Boy on the Stage (Live),7,True,5,3,6PHIK3kjWggLtVygsOtpqS,Suede,12DwIit0HMm9T32c99tsRP,Autofiction: Expanded,2023-12-08,album,0.172,0.964,0,-2.546,0,0.0746,5.39e-05,0.865,0.973,0.372,117.886,4,156284
6yGuekpIfXHlcq1amANmdC,Drive Myself Home (Live),8,False,6,3,6PHIK3kjWggLtVygsOtpqS,Suede,12DwIit0HMm9T32c99tsRP,Autofiction: Expanded,2023-12-08,album,0.325,0.123,6,-11.241,1,0.0397,0.931,7.49e-05,0.684,0.107,173.761,3,255173
48NOkdsRNXoXVAOsEM18pR,Black Ice (Live),8,False,7,3,6PHIK3kjWggLtVygsOtpqS,Suede,12DwIit0HMm9T32c99tsRP,Autofiction: Expanded,2023-12-08,album,0.322,0.934,6,-2.763,1,0.038,5.56e-06,0.877,0.969,0.577,91.186,4,202906
61pJmglSYGdO8lsX2cKllB,Shadow Self (Live),8,False,8,3,6PHIK3kjWggLtVygsOtpqS,Suede,12DwIit0HMm9T32c99tsRP,Autofiction: Expanded,2023-12-08,album,0.238,0.951,6,-2.736,1,0.057,1.18e-05,0.951,0.997,0.498,160.832,4,217276
2zpdrQ2AM1eVflg5GThyv0,It's Always the Quiet Ones (Live),6,False,9,3,6PHIK3kjWggLtVygsOtpqS,Suede,12DwIit0HMm9T32c99tsRP,Autofiction: Expanded,2023-12-08,album,0.222,0.867,7,-4.292,0,0.0486,0.000147,0.0135,0.972,0.285,115.851,4,258265
2IknES4wIZjHauU0vh1WUC,What am I Without You? (Live),6,True,10,3,6PHIK3kjWggLtVygsOtpqS,Suede,12DwIit0HMm9T32c99tsRP,Autofiction: Expanded,2023-12-08,album,0.193,0.628,6,-4.722,0,0.0366,0.054,0.0213,0.673,0.176,145.355,4,374280
7i6ROh4I55u6gToSVvOBr4,Turn off Your Brain and Yell (Live),8,False,11,3,6PHIK3kjWggLtVygsOtpqS,Suede,12DwIit0HMm9T32c99tsRP,Autofiction: Expanded,2023-12-08,album,0.173,0.947,5,-3.391,0,0.0607,0.00021,0.735,0.928,0.259,117.977,4,365389
3LnLOhVLZ0mXjydHigtzme,"Moving - Live at the Brixton Academy, 16th May, 1993",8,False,2,1,6PHIK3kjWggLtVygsOtpqS,Suede,2u1IotN767cRBArxaqVlRf,"Love & Poison: Live at the Brixton Academy, 16th May, 1993",2021-06-11,album,0.25,0.856,8,-12.108,1,0.0716,0.000105,2.13e-05,0.982,0.148,81.631,4,177200
3HaYABnjSMH9zYuLe538Fn,"Animal Nitrate - Live at the Brixton Academy, 16th May, 1993",13,False,3,1,6PHIK3kjWggLtVygsOtpqS,Suede,2u1IotN767cRBArxaqVlRf,"Love & Poison: Live at the Brixton Academy, 16th May, 1993",2021-06-11,album,0.191,0.919,6,-10.177,1,0.101,0.052,0.0,0.979,0.301,110.877,4,196133
6lb4QMIAzbySlfvraJvcFL,"My Insatiable One - Live at the Brixton Academy, 16th May, 1993",10,False,4,1,6PHIK3kjWggLtVygsOtpqS,Suede,2u1IotN767cRBArxaqVlRf,"Love & Poison: Live at the Brixton Academy, 16th May, 1993",2021-06-11,album,0.121,0.839,1,-8.997,1,0.06,0.198,0.0,0.924,0.217,83.93,4,178379
4R67MuXExn6cJmYmIDtubz,"Metal Mickey - Live at the Brixton Academy, 16th May, 1993",11,False,5,1,6PHIK3kjWggLtVygsOtpqS,Suede,2u1IotN767cRBArxaqVlRf,"Love & Poison: Live at the Brixton Academy, 16th May, 1993",2021-06-11,album,0.261,0.923,1,-10.075,1,0.102,0.02,0.0,0.955,0.285,122.857,4,178962
76Lrui8y82lxvbAh1PbtpO,"Pantomime Horse - Live at the Brixton Academy, 16th May, 1993",9,False,6,1,6PHIK3kjWggLtVygsOtpqS,Suede,2u1IotN767cRBArxaqVlRf,"Love & Poison: Live at the Brixton Academy, 16th May, 1993",2021-06-11,album,0.213,0.52,8,-11.627,1,0.0447,0.064,0.000127,0.751,0.0798,120.754,3,338854
3lCGZOJS6KMRIypCDEn8ZD,"He's Dead - Live at the Brixton Academy, 16th May, 1993",9,False,7,1,6PHIK3kjWggLtVygsOtpqS,Suede,2u1IotN767cRBArxaqVlRf,"Love & Poison: Live at the Brixton Academy, 16th May, 1993",2021-06-11,album,0.171,0.804,5,-11.566,0,0.0763,0.0132,0.00522,0.946,0.316,125.115,4,333364
7IktSLcmJJUqzlnUUEEKX5,"The Drowners - Live at the Brixton Academy, 16th May, 1993",10,False,8,1,6PHIK3kjWggLtVygsOtpqS,Suede,2u1IotN767cRBArxaqVlRf,"Love & Poison: Live at the Brixton Academy, 16th May, 1993",2021-06-11,album,0.298,0.864,8,-11.336,1,0.0604,0.191,4.35e-05,0.913,0.18,77.0,3,241768
3UiPO0YUWVkiYPNCQiqnxG,"Painted People - Live at the Brixton Academy, 16th May, 1993",6,False,9,1,6PHIK3kjWggLtVygsOtpqS,Suede,2u1IotN767cRBArxaqVlRf,"Love & Poison: Live at the Brixton Academy, 16th May, 1993",2021-06-11,album,0.157,0.862,11,-11.887,1,0.0581,0.253,3e-05,0.9,0.255,162.19,4,151265
2FoAAvJbmRlO3MZHov9Fuj,"She's Not Dead - Live at the Brixton Academy, 16th May, 1993",6,False,10,1,6PHIK3kjWggLtVygsOtpqS,Suede,2u1IotN767cRBArxaqVlRf,"Love & Poison: Live at the Brixton Academy, 16th May, 1993",2021-06-11,album,0.221,0.464,10,-14.263,0,0.0315,0.703,0.05,0.206,0.0893,104.183,4,261629
1JrNZH9Ynql9x4HOoIbUf5,"To the Birds - Live at the Brixton Academy, 16th May, 1993",6,False,11,1,6PHIK3kjWggLtVygsOtpqS,Suede,2u1IotN767cRBArxaqVlRf,"Love & Poison: Live at the Brixton Academy, 16th May, 1993",2021-06-11,album,0.0904,0.769,8,-12.387,0,0.0499,0.133,1.57e-06,0.455,0.278,173.294,4,319377
3fMnp1hPIkFTdfcBak7kcl,"Sleeping Pills - Live at the Brixton Academy, 16th May, 1993",6,False,12,1,6PHIK3kjWggLtVygsOtpqS,Suede,2u1IotN767cRBArxaqVlRf,"Love & Poison: Live at the Brixton Academy, 16th May, 1993",2021-06-11,album,0.261,0.386,1,-14.957,1,0.0377,0.636,0.0,0.249,0.178,134.301,4,218478
2sa2UJvNjM5OXNYbn6Gus5,"So Young - Live at the Brixton Academy, 16th May, 1993",8,False,13,1,6PHIK3kjWggLtVygsOtpqS,Suede,2u1IotN767cRBArxaqVlRf,"Love & Poison: Live at the Brixton Academy, 16th May, 1993",2021-06-11,album,0.173,0.685,8,-13.359,0,0.0631,0.227,0.00405,0.393,0.039,120.414,4,408149
5zbduVVPJoUxFpVVpbQHIZ,Introducing the Band - Live,10,False,1,1,6PHIK3kjWggLtVygsOtpqS,Suede,5uc6nJXPQclM6CRPLV1MBo,Dog Man Star 20th Anniversary Live - Royal Albert Hall,2015-09-04,album,0.0689,0.744,6,-4.971,1,0.053,0.000328,0.00635,0.463,0.083,188.038,4,173333
2Lm0MxHyOz5LnuuzpKlrb7,We Are the Pigs - Live,12,False,2,1,6PHIK3kjWggLtVygsOtpqS,Suede,5uc6nJXPQclM6CRPLV1MBo,Dog Man Star 20th Anniversary Live - Royal Albert Hall,2015-09-04,album,0.295,0.917,6,-3.329,1,0.0522,0.000641,2.78e-06,0.69,0.393,116.085,4,226413
0b2jajgfjCtKQ9Djt1OodJ,Heroine - Live,9,False,3,1,6PHIK3kjWggLtVygsOtpqS,Suede,5uc6nJXPQclM6CRPLV1MBo,Dog Man Star 20th Anniversary Live - Royal Albert Hall,2015-09-04,album,0.481,0.952,11,-3.141,1,0.0489,0.00273,0.0,0.888,0.561,120.816,4,190680
2qEHjLImLz3wpZrqZtvptr,The Wild Ones - Live,12,False,4,1,6PHIK3kjWggLtVygsOtpqS,Suede,5uc6nJXPQclM6CRPLV1MBo,Dog Man Star 20th Anniversary Live - Royal Albert Hall,2015-09-04,album,0.352,0.869,3,-3.303,1,0.0398,0.286,0.00184,0.954,0.35,79.136,4,308853
2NSTBq5v5uTY4CLUj92Vyj,Daddy's Speeding - Live,7,False,5,1,6PHIK3kjWggLtVygsOtpqS,Suede,5uc6nJXPQclM6CRPLV1MBo,Dog Man Star 20th Anniversary Live - Royal Albert Hall,2015-09-04,album,0.443,0.668,11,-4.272,1,0.0346,0.379,4.92e-05,0.685,0.121,92.536,4,318920
1y9pAiO8maCjctYFqOI3zY,The Power - Live,9,False,6,1,6PHIK3kjWggLtVygsOtpqS,Suede,5uc6nJXPQclM6CRPLV1MBo,Dog Man Star 20th Anniversary Live - Royal Albert Hall,2015-09-04,album,0.288,0.91,8,-2.619,1,0.0451,0.0876,0.000488,0.87,0.47,76.437,4,250427
07Jnr5nHKkEfoha9CVJ512,New Generation - Live,9,False,7,1,6PHIK3kjWggLtVygsOtpqS,Suede,5uc6nJXPQclM6CRPLV1MBo,Dog Man Star 20th Anniversary Live - Royal Albert Hall,2015-09-04,album,0.381,0.939,10,-3.11,0,0.0694,0.00192,0.00208,0.861,0.547,129.232,4,265320
2DmM5sNU5potVqWw9i9Zgz,This Hollywood Life - Live,7,False,8,1,6PHIK3kjWggLtVygsOtpqS,Suede,5uc6nJXPQclM6CRPLV1MBo,Dog Man Star 20th Anniversary Live - Royal Albert Hall,2015-09-04,album,0.212,0.939,8,-2.963,0,0.0836,0.0012,6.74e-05,0.991,0.495,86.137,4,222693
31ueWdAYW8NmlneGlwUAJa,The 2 of Us - Live,9,False,9,1,6PHIK3kjWggLtVygsOtpqS,Suede,5uc6nJXPQclM6CRPLV1MBo,Dog Man Star 20th Anniversary Live - Royal Albert Hall,2015-09-04,album,0.333,0.612,11,-5.566,1,0.0351,0.697,0.00273,0.992,0.165,128.431,4,362827
4amhUOIXKVHOs9u3o91srr,Black or Blue - Live,7,False,10,1,6PHIK3kjWggLtVygsOtpqS,Suede,5uc6nJXPQclM6CRPLV1MBo,Dog Man Star 20th Anniversary Live - Royal Albert Hall,2015-09-04,album,0.182,0.337,6,-6.792,1,0.0402,0.796,0.000109,0.939,0.111,80.892,4,243933
4RZKXfM7I9nIQeV7ez4VLM,The Asphalt World - Live,10,False,11,1,6PHIK3kjWggLtVygsOtpqS,Suede,5uc6nJXPQclM6CRPLV1MBo,Dog Man Star 20th Anniversary Live - Royal Albert Hall,2015-09-04,album,0.256,0.845,8,-4.439,0,0.046,0.0119,0.000138,0.844,0.238,135.664,4,511480
528sieOAuVxDQFP7yWIRwl,Still Life - Live,9,False,12,1,6PHIK3kjWggLtVygsOtpqS,Suede,5uc6nJXPQclM6CRPLV1MBo,Dog Man Star 20th Anniversary Live - Royal Albert Hall,2015-09-04,album,0.264,0.497,1,-6.668,1,0.0328,0.442,0.000173,0.765,0.203,79.932,4,373200
6hee9WKD1iFnTLipeFZyNG,Killing of a Flashboy - Live,9,False,13,1,6PHIK3kjWggLtVygsOtpqS,Suede,5uc6nJXPQclM6CRPLV1MBo,Dog Man Star 20th Anniversary Live - Royal Albert Hall,2015-09-04,album,0.422,0.916,6,-3.367,1,0.0554,0.00479,0.0129,0.984,0.713,119.15,4,295347
1bUOK6yGX25pCdqO59v2xm,My Dark Star - Live,7,False,14,1,6PHIK3kjWggLtVygsOtpqS,Suede,5uc6nJXPQclM6CRPLV1MBo,Dog Man Star 20th Anniversary Live - Royal Albert Hall,2015-09-04,album,0.348,0.863,11,-3.392,1,0.0381,0.0254,3.7e-05,0.9,0.41,119.875,4,245387
3GWeiJWQ3kwm99ehXtndCb,Whipsnade - Live,7,False,15,1,6PHIK3kjWggLtVygsOtpqS,Suede,5uc6nJXPQclM6CRPLV1MBo,Dog Man Star 20th Anniversary Live - Royal Albert Hall,2015-09-04,album,0.427,0.941,8,-3.757,1,0.0507,0.0478,0.000295,0.955,0.519,118.667,4,263227
1gkRbTg2m1IQvCTTlLybWc,Together - Live,6,False,16,1,6PHIK3kjWggLtVygsOtpqS,Suede,5uc6nJXPQclM6CRPLV1MBo,Dog Man Star 20th Anniversary Live - Royal Albert Hall,2015-09-04,album,0.247,0.952,8,-2.974,0,0.0411,0.000465,0.00822,0.219,0.582,93.645,4,235720
21o80sJHbWNUljlsccHwGI,Filmstar - Live,7,False,17,1,6PHIK3kjWggLtVygsOtpqS,Suede,5uc6nJXPQclM6CRPLV1MBo,Dog Man Star 20th Anniversary Live - Royal Albert Hall,2015-09-04,album,0.275,0.911,5,-3.438,0,0.0628,0.00111,0.00269,0.707,0.537,76.302,4,210720
5XtTHn0nt3LoIS2m6jyVIT,Trash - Live,11,False,18,1,6PHIK3kjWggLtVygsOtpqS,Suede,5uc6nJXPQclM6CRPLV1MBo,Dog Man Star 20th Anniversary Live - Royal Albert Hall,2015-09-04,album,0.341,0.96,11,-2.834,1,0.0618,0.00131,0.0003,0.833,0.589,129.149,4,252093
4D5bg2hcFwtoMMlPBEjKq5,Animal Nitrate - Live,11,False,19,1,6PHIK3kjWggLtVygsOtpqS,Suede,5uc6nJXPQclM6CRPLV1MBo,Dog Man Star 20th Anniversary Live - Royal Albert Hall,2015-09-04,album,0.246,0.97,6,-2.916,1,0.053,0.0019,4.71e-05,0.942,0.481,109.358,4,196027
4LfbioksWMCty2JkRzfIuM,The Living Dead - Live,7,False,21,1,6PHIK3kjWggLtVygsOtpqS,Suede,5uc6nJXPQclM6CRPLV1MBo,Dog Man Star 20th Anniversary Live - Royal Albert Hall,2015-09-04,album,0.314,0.287,11,-11.481,1,0.039,0.782,0.0,0.854,0.23,160.105,4,194667
7FnZaqSXRDSETfxVWflLZN,For the Strangers - Live,6,False,22,1,6PHIK3kjWggLtVygsOtpqS,Suede,5uc6nJXPQclM6CRPLV1MBo,Dog Man Star 20th Anniversary Live - Royal Albert Hall,2015-09-04,album,0.258,0.866,8,-3.31,1,0.0354,0.00275,3.31e-05,0.227,0.309,73.016,4,243867
2apGRGbQCb2LiigSqjzDD4,So Young - Live,9,False,23,1,6PHIK3kjWggLtVygsOtpqS,Suede,5uc6nJXPQclM6CRPLV1MBo,Dog Man Star 20th Anniversary Live - Royal Albert Hall,2015-09-04,album,0.406,0.927,8,-3.489,0,0.042,0.00167,0.00498,0.493,0.507,118.658,4,218947
5WnOnPThqDujNEn9be0E0K,Metal Mickey - Live,8,False,24,1,6PHIK3kjWggLtVygsOtpqS,Suede,5uc6nJXPQclM6CRPLV1MBo,Dog Man Star 20th Anniversary Live - Royal Albert Hall,2015-09-04,album,0.324,0.952,6,-3.441,1,0.064,0.000455,0.00652,0.779,0.482,122.579,4,200333
0XKXLoQoIZqTCBUsg5PHBd,Beautiful Ones - Live,11,False,25,1,6PHIK3kjWggLtVygsOtpqS,Suede,5uc6nJXPQclM6CRPLV1MBo,Dog Man Star 20th Anniversary Live - Royal Albert Hall,2015-09-04,album,0.374,0.933,8,-3.268,0,0.0507,0.0068,8.27e-06,0.941,0.626,110.202,4,228187
5E614F7gEk5TnyIHejbVhX,Stay Together - Live,10,False,26,1,6PHIK3kjWggLtVygsOtpqS,Suede,5uc6nJXPQclM6CRPLV1MBo,Dog Man Star 20th Anniversary Live - Royal Albert Hall,2015-09-04,album,0.0919,0.89,8,-3.275,1,0.0482,0.0329,0.0416,0.936,0.378,174.524,4,514453
0i8AHSX6Md5XwEFgLEw4vd,She - Strings,5,False,1,1,6PHIK3kjWggLtVygsOtpqS,Suede,1BRmSpPxnT80HuX5kiS8sf,See You in the Next Life,2004-02-12,album,0.52,0.24,8,-6.8,1,0.03,0.07,0.82,0.14,0.13,105.92,4,271000
1nGWEwNhYP0kaK8HrODrAq,Lazy - Demo,5,False,4,1,6PHIK3kjWggLtVygsOtpqS,Suede,1BRmSpPxnT80HuX5kiS8sf,See You in the Next Life,2004-02-12,album,0.259,0.701,8,-10.832,1,0.036,0.0341,0.0,0.0653,0.695,109.842,4,192507
6WZLpFJzJ3Ydklj05zCoX5,By the Sea - Acoustic Version,8,False,5,1,6PHIK3kjWggLtVygsOtpqS,Suede,1BRmSpPxnT80HuX5kiS8sf,See You in the Next Life,2004-02-12,album,0.571,0.425,9,-13.358,1,0.0283,0.611,0.0,0.128,0.232,77.013,4,246013
0aqQcsKOAGM9G2u4fX08T7,Indian Strings - Protocol Demo,3,False,6,1,6PHIK3kjWggLtVygsOtpqS,Suede,1BRmSpPxnT80HuX5kiS8sf,See You in the Next Life,2004-02-12,album,0.394,0.36,7,-12.862,0,0.0316,0.205,0.0367,0.133,0.604,202.59,4,243960
1h9VAi0extKIzwjmLNtyj7,She's in Fashion - Protocol Demo,4,False,7,1,6PHIK3kjWggLtVygsOtpqS,Suede,1BRmSpPxnT80HuX5kiS8sf,See You in the Next Life,2004-02-12,album,0.42,0.757,3,-11.204,1,0.0398,0.23,0.00272,0.429,0.847,154.297,4,379472
5yi4dXaptXTBsDzXZYCRF8,Simon - Demo,15,False,8,1,6PHIK3kjWggLtVygsOtpqS,Suede,1BRmSpPxnT80HuX5kiS8sf,See You in the Next Life,2004-02-12,album,0.38,0.25,4,-11.76,1,0.03,0.48,0.0,0.14,0.13,78.0,4,280000
70OiEGVjqgQYi9bUoXsG0V,Beautiful Loser - Parkgate Demo,4,False,9,1,6PHIK3kjWggLtVygsOtpqS,Suede,1BRmSpPxnT80HuX5kiS8sf,See You in the Next Life,2004-02-12,album,0.18,0.91,5,-3.93,1,0.05,0.0,0.0,0.09,0.62,203.88,3,232000
4m8wFU6x41OqJXixSeeVHB,When the Rain Falls - Stanbridge Demo,3,False,10,1,6PHIK3kjWggLtVygsOtpqS,Suede,1BRmSpPxnT80HuX5kiS8sf,See You in the Next Life,2004-02-12,album,0.335,0.37,5,-16.873,0,0.0249,0.00553,0.00517,0.114,0.447,78.7,4,268160
1CnhSIt9ydjoYZ26KMNjvf,Attitude - Mick Jones Remix,3,False,12,1,6PHIK3kjWggLtVygsOtpqS,Suede,1BRmSpPxnT80HuX5kiS8sf,See You in the Next Life,2004-02-12,album,0.612,0.503,4,-13.809,1,0.0386,0.000145,0.0546,0.32,0.803,158.879,4,218830
1VYqQqWaIAE3zoMlebFBYG,Still Life - Strings,6,False,13,1,6PHIK3kjWggLtVygsOtpqS,Suede,1BRmSpPxnT80HuX5kiS8sf,See You in the Next Life,2004-02-12,album,0.14,0.15,1,-18.247,1,0.0384,0.829,0.805,0.0866,0.0387,92.505,4,316432
19sk3fN6CNiZlqUbpTEqe6,Obsessions,0,False,2,1,6PHIK3kjWggLtVygsOtpqS,Suede,7smM58cmKyMKZjBNLuNLvX,A New Morning (Deluxe Edition),2002-09-30,album,0.47,0.961,1,-3.303,1,0.0861,0.000392,0.0,0.138,0.695,122.773,4,251200
2WyrWxPU5i67pu43Sxfpqc,Obsessions - 2KHz Demo,0,False,13,1,6PHIK3kjWggLtVygsOtpqS,Suede,7smM58cmKyMKZjBNLuNLvX,A New Morning (Deluxe Edition),2002-09-30,album,0.499,0.904,1,-3.883,1,0.0386,0.00316,2.85e-05,0.103,0.761,120.235,4,234453
06xi9FarD2NHILnGkTcb5I,Cheap,0,False,2,2,6PHIK3kjWggLtVygsOtpqS,Suede,7smM58cmKyMKZjBNLuNLvX,A New Morning (Deluxe Edition),2002-09-30,album,0.472,0.827,2,-7.256,1,0.0351,0.441,0.0,0.346,0.407,135.159,4,284427
2iG0MtRpLul7ZS3akGBfAs,Golden Gun - Z One Demo,0,False,18,2,6PHIK3kjWggLtVygsOtpqS,Suede,7smM58cmKyMKZjBNLuNLvX,A New Morning (Deluxe Edition),2002-09-30,album,0.565,0.913,7,-8.376,0,0.0368,0.0853,5.54e-06,0.356,0.933,113.043,4,180013
0kIsPAxN79ntyiu4eXPYrr,Love the Way You Love - Brett's Original 4 Track Demo,0,False,19,2,6PHIK3kjWggLtVygsOtpqS,Suede,7smM58cmKyMKZjBNLuNLvX,A New Morning (Deluxe Edition),2002-09-30,album,0.828,0.697,3,-7.42,1,0.0462,0.423,2.94e-05,0.061,0.812,113.711,4,278520
48UtsM5VCq2fTHQlCQAF2j,Obsessions,0,False,2,1,6PHIK3kjWggLtVygsOtpqS,Suede,310c9f3fKyEX8kd17JCSKq,A New Morning (Remastered) - Deluxe Edition,2002-09-30,album,0.47,0.961,1,-3.303,1,0.0861,0.000392,0.0,0.138,0.695,122.773,4,251200
1b1LThewqEVUyvBYEiN3bf,Obsessions - 2KHz Demo,0,False,13,1,6PHIK3kjWggLtVygsOtpqS,Suede,310c9f3fKyEX8kd17JCSKq,A New Morning (Remastered) - Deluxe Edition,2002-09-30,album,0.499,0.904,1,-3.883,1,0.0386,0.00316,2.85e-05,0.103,0.761,120.235,4,234453
7yU956GUy11rQxfmHpYGIn,Positivity - Hoffer Version,0,False,14,1,6PHIK3kjWggLtVygsOtpqS,Suede,310c9f3fKyEX8kd17JCSKq,A New Morning (Remastered) - Deluxe Edition,2002-09-30,album,0.51,0.808,8,-6.522,1,0.0307,0.0951,0.0,0.0994,0.754,80.994,4,183093
0tMxVULxUQiTZ7b5iwDRIO,Buckley (Simon) - Demo,0,False,15,1,6PHIK3kjWggLtVygsOtpqS,Suede,310c9f3fKyEX8kd17JCSKq,A New Morning (Remastered) - Deluxe Edition,2002-09-30,album,0.381,0.361,4,-6.446,1,0.0274,0.424,0.00411,0.13,0.127,78.131,4,281507
6HAikUlUkgprHUDm3V5CTQ,Bony (Untitled) - Stanbridge Demo,0,False,16,1,6PHIK3kjWggLtVygsOtpqS,Suede,310c9f3fKyEX8kd17JCSKq,A New Morning (Remastered) - Deluxe Edition,2002-09-30,album,0.544,0.542,8,-8.404,1,0.0293,0.566,0.00169,0.0966,0.292,138.735,4,236760
3CqxcYB43hSxvBlUEAfAVy,Beautiful Loser - Parkgate Demo,0,False,17,1,6PHIK3kjWggLtVygsOtpqS,Suede,310c9f3fKyEX8kd17JCSKq,A New Morning (Remastered) - Deluxe Edition,2002-09-30,album,0.192,0.898,5,-3.909,1,0.0493,0.0009,0.00021,0.0741,0.646,203.876,4,232067
6GzbKDosOU2H0MrNWumhXZ,Lost In TV - Stanbridge Demo,0,False,18,1,6PHIK3kjWggLtVygsOtpqS,Suede,310c9f3fKyEX8kd17JCSKq,A New Morning (Remastered) - Deluxe Edition,2002-09-30,album,0.517,0.478,4,-8.748,1,0.0262,0.315,0.0165,0.0975,0.228,144.04,4,271933
6sa0ZsWVYNIvtNr8PdkJLL,Lonely Girls - Parkgate Demo,0,False,19,1,6PHIK3kjWggLtVygsOtpqS,Suede,310c9f3fKyEX8kd17JCSKq,A New Morning (Remastered) - Deluxe Edition,2002-09-30,album,0.562,0.618,6,-8.372,1,0.0286,0.405,0.0,0.285,0.471,96.868,4,204160
6lkkxSf0jkcIIDShYHSzjO,Cheap - Four Track Demo,0,False,20,1,6PHIK3kjWggLtVygsOtpqS,Suede,310c9f3fKyEX8kd17JCSKq,A New Morning (Remastered) - Deluxe Edition,2002-09-30,album,0.47,0.611,0,-10.066,1,0.0381,0.1,0.00852,0.106,0.281,110.815,4,287347
1V6RyuQBt9Q3LdeDUNThl0,When The Rain Falls - Stanbridge Demo,0,False,21,1,6PHIK3kjWggLtVygsOtpqS,Suede,310c9f3fKyEX8kd17JCSKq,A New Morning (Remastered) - Deluxe Edition,2002-09-30,album,0.287,0.668,5,-6.869,0,0.0276,0.0175,0.00119,0.124,0.344,77.521,4,268653
2jyhCVwJhYTtlxoc2cg9mz,Simon,0,False,22,1,6PHIK3kjWggLtVygsOtpqS,Suede,310c9f3fKyEX8kd17JCSKq,A New Morning (Remastered) - Deluxe Edition,2002-09-30,album,0.397,0.453,4,-7.889,1,0.0266,0.353,0.0,0.0885,0.306,83.471,4,275960
2lfmD4Oc3f2xHS8JGjTzLA,Cheap,0,False,23,1,6PHIK3kjWggLtVygsOtpqS,Suede,310c9f3fKyEX8kd17JCSKq,A New Morning (Remastered) - Deluxe Edition,2002-09-30,album,0.472,0.827,2,-7.256,1,0.0351,0.441,0.0,0.346,0.407,135.159,4,284427
1x0xUKqBm06hdbOk7C0qVk,One Love,0,False,24,1,6PHIK3kjWggLtVygsOtpqS,Suede,310c9f3fKyEX8kd17JCSKq,A New Morning (Remastered) - Deluxe Edition,2002-09-30,album,0.564,0.94,2,-5.122,1,0.0465,0.00874,0.0,0.0808,0.825,133.015,4,243147
5K9lcHvRu6hPFiNVnurnF8,Superstar,0,False,25,1,6PHIK3kjWggLtVygsOtpqS,Suede,310c9f3fKyEX8kd17JCSKq,A New Morning (Remastered) - Deluxe Edition,2002-09-30,album,0.506,0.596,3,-6.389,1,0.0352,0.0333,0.0,0.0873,0.659,160.467,4,253293
1Z1rrQWgVKnQeLmzKqb3pS,Colours,0,False,26,1,6PHIK3kjWggLtVygsOtpqS,Suede,310c9f3fKyEX8kd17JCSKq,A New Morning (Remastered) - Deluxe Edition,2002-09-30,album,0.547,0.675,0,-6.33,1,0.0267,0.00335,8.48e-05,0.0547,0.876,105.542,4,212267
434zDqTSd07qbwwyCRYR6O,Campfire Song,0,False,27,1,6PHIK3kjWggLtVygsOtpqS,Suede,310c9f3fKyEX8kd17JCSKq,A New Morning (Remastered) - Deluxe Edition,2002-09-30,album,0.641,0.292,4,-17.795,1,0.0368,0.272,0.000245,0.231,0.476,76.01,4,337627
4je09mmTEgmDoJsb3ho8eZ,Cool Thing,0,False,28,1,6PHIK3kjWggLtVygsOtpqS,Suede,310c9f3fKyEX8kd17JCSKq,A New Morning (Remastered) - Deluxe Edition,2002-09-30,album,0.62,0.932,10,-5.44,1,0.033,0.00995,5.32e-05,0.0347,0.902,126.073,4,187893
0zMEJaC3ETNLLj60dkwMGo,Instant Sunshine,0,False,29,1,6PHIK3kjWggLtVygsOtpqS,Suede,310c9f3fKyEX8kd17JCSKq,A New Morning (Remastered) - Deluxe Edition,2002-09-30,album,0.352,0.586,11,-7.292,0,0.0299,0.0459,0.0,0.609,0.227,165.888,4,231800
5XNpHq1o41vrReuSm9mP35,UFO,0,False,30,1,6PHIK3kjWggLtVygsOtpqS,Suede,310c9f3fKyEX8kd17JCSKq,A New Morning (Remastered) - Deluxe Edition,2002-09-30,album,0.472,0.947,4,-4.161,1,0.0472,0.00528,0.0,0.353,0.587,102.539,4,210827
1mqSlP65BhqacDYtqXa3Z0,Rainy Day Girl,0,False,31,1,6PHIK3kjWggLtVygsOtpqS,Suede,310c9f3fKyEX8kd17JCSKq,A New Morning (Remastered) - Deluxe Edition,2002-09-30,album,0.372,0.498,3,-10.225,1,0.0364,0.326,0.000253,0.12,0.297,149.068,3,255853
2IAO3mjdMBnVngrC9Mg9RF,Hard Candy,0,False,32,1,6PHIK3kjWggLtVygsOtpqS,Suede,310c9f3fKyEX8kd17JCSKq,A New Morning (Remastered) - Deluxe Edition,2002-09-30,album,0.676,0.947,5,-6.314,0,0.0322,0.00548,2.59e-06,0.299,0.971,124.919,4,168187
0blopDVK0827s9MWAJP1hG,ABC Song,0,False,33,1,6PHIK3kjWggLtVygsOtpqS,Suede,310c9f3fKyEX8kd17JCSKq,A New Morning (Remastered) - Deluxe Edition,2002-09-30,album,0.39,0.583,6,-7.421,0,0.0327,0.398,0.000372,0.143,0.392,149.273,4,243000
6zTFjMtmQUatvUjWOM6nDh,You Belong To Me,0,False,34,1,6PHIK3kjWggLtVygsOtpqS,Suede,310c9f3fKyEX8kd17JCSKq,A New Morning (Remastered) - Deluxe Edition,2002-09-30,album,0.431,0.957,1,-4.753,1,0.0991,0.0126,0.0,0.0852,0.284,122.179,4,206747
6BgaH7vaYVgOjb7N6Oy1Zb,Love The Way You Love,0,False,35,1,6PHIK3kjWggLtVygsOtpqS,Suede,310c9f3fKyEX8kd17JCSKq,A New Morning (Remastered) - Deluxe Edition,2002-09-30,album,0.621,0.756,5,-5.61,1,0.0299,0.000542,2.08e-06,0.378,0.917,117.63,4,217800
29nddvACrShsmbNkgxLJoY,Attitude,0,False,36,1,6PHIK3kjWggLtVygsOtpqS,Suede,310c9f3fKyEX8kd17JCSKq,A New Morning (Remastered) - Deluxe Edition,2002-09-30,album,0.713,0.738,6,-7.13,0,0.292,0.0305,0.238,0.0717,0.542,79.464,4,186373
4sJ9j5scGRMQi9di9TPyRr,Golden Gun,0,False,37,1,6PHIK3kjWggLtVygsOtpqS,Suede,310c9f3fKyEX8kd17JCSKq,A New Morning (Remastered) - Deluxe Edition,2002-09-30,album,0.735,0.849,3,-6.892,1,0.0245,0.0695,6.35e-06,0.117,0.722,113.018,4,187547
2C7apIHwR5MxncWm5S84qy,Oxygen,0,False,38,1,6PHIK3kjWggLtVygsOtpqS,Suede,310c9f3fKyEX8kd17JCSKq,A New Morning (Remastered) - Deluxe Edition,2002-09-30,album,0.589,0.504,1,-9.189,0,0.0284,0.563,0.02,0.18,0.484,96.953,4,247107
28bZOHk6kjWQSfTZWhAIaf,Golden Gun - Z One Demo,0,False,39,1,6PHIK3kjWggLtVygsOtpqS,Suede,310c9f3fKyEX8kd17JCSKq,A New Morning (Remastered) - Deluxe Edition,2002-09-30,album,0.565,0.913,7,-8.376,0,0.0368,0.0853,5.54e-06,0.356,0.933,113.043,4,180013
4FLurUO4BNE8ayG7n2Rw7l,Love the Way You Love - Brett's Original 4 Track Demo,0,False,40,1,6PHIK3kjWggLtVygsOtpqS,Suede,310c9f3fKyEX8kd17JCSKq,A New Morning (Remastered) - Deluxe Edition,2002-09-30,album,0.828,0.697,3,-7.42,1,0.0462,0.423,2.94e-05,0.061,0.812,113.711,4,278520
6g01CuGug2UwFXaLEtZcHv,Refugees - Previously Unreleased,0,False,41,1,6PHIK3kjWggLtVygsOtpqS,Suede,310c9f3fKyEX8kd17JCSKq,A New Morning (Remastered) - Deluxe Edition,2002-09-30,album,0.534,0.709,11,-5.459,1,0.0268,0.000524,0.000225,0.121,0.572,82.502,4,271267
3MzjqyDEjeiHPrvBOtyjQw,Electricity,29,False,1,1,6PHIK3kjWggLtVygsOtpqS,Suede,4ZPnNo69esp1bkqXaF7tQX,Head Music (20th Anniversary Edition),1999-05-03,album,0.457,0.942,1,-3.898,0,0.0533,0.117,1.52e-06,0.274,0.562,123.008,4,278573
525XsdE1DZg9EI0KLmFgCY,Can't Get Enough,23,False,3,1,6PHIK3kjWggLtVygsOtpqS,Suede,4ZPnNo69esp1bkqXaF7tQX,Head Music (20th Anniversary Edition),1999-05-03,album,0.589,0.955,7,-4.707,1,0.0741,0.0216,8.34e-06,0.0597,0.532,122.25,4,239333
0YXGcX1WyItr2nVCvkXaI9,Everything Will Flow,36,False,4,1,6PHIK3kjWggLtVygsOtpqS,Suede,4ZPnNo69esp1bkqXaF7tQX,Head Music (20th Anniversary Edition),1999-05-03,album,0.439,0.884,2,-5.596,0,0.0402,0.135,0.00245,0.206,0.378,108.993,4,280067
0Oynf3ol7u9WLFlvIUou3g,Down,14,False,5,1,6PHIK3kjWggLtVygsOtpqS,Suede,4ZPnNo69esp1bkqXaF7tQX,Head Music (20th Anniversary Edition),1999-05-03,album,0.477,0.431,9,-8.663,0,0.0293,0.104,0.0308,0.0713,0.216,127.647,4,372533
1P7KfQEKc1qlgGIuq8PM1b,She's in Fashion,44,False,6,1,6PHIK3kjWggLtVygsOtpqS,Suede,4ZPnNo69esp1bkqXaF7tQX,Head Music (20th Anniversary Edition),1999-05-03,album,0.46,0.968,2,-5.875,1,0.0457,0.213,0.0116,0.341,0.883,79.889,4,293053
4gHmcsNlawR1qP5jPZ5na8,Asbestos,14,False,7,1,6PHIK3kjWggLtVygsOtpqS,Suede,4ZPnNo69esp1bkqXaF7tQX,Head Music (20th Anniversary Edition),1999-05-03,album,0.53,0.683,3,-7.48,0,0.0254,0.571,0.428,0.354,0.858,95.812,4,317920
5AnDrAlc08ZBDoQDs52MtS,Head Music,12,False,8,1,6PHIK3kjWggLtVygsOtpqS,Suede,4ZPnNo69esp1bkqXaF7tQX,Head Music (20th Anniversary Edition),1999-05-03,album,0.56,0.981,7,-5.723,1,0.0468,0.0906,0.0,0.255,0.866,113.764,4,203827
7cOMFbxMvU2D0r8teMIqQY,Elephant Man,11,False,9,1,6PHIK3kjWggLtVygsOtpqS,Suede,4ZPnNo69esp1bkqXaF7tQX,Head Music (20th Anniversary Edition),1999-05-03,album,0.63,0.723,4,-4.538,1,0.0509,0.0132,0.0,0.301,0.493,120.037,4,186493
4Vi3hqHOsXtVphQ4V3sYhV,Hi-Fi,10,False,10,1,6PHIK3kjWggLtVygsOtpqS,Suede,4ZPnNo69esp1bkqXaF7tQX,Head Music (20th Anniversary Edition),1999-05-03,album,0.574,0.755,9,-6.237,1,0.0305,0.159,0.858,0.51,0.822,99.082,4,309573
2eCpgDLqA7dtoGYQ24wdnJ,Indian Strings,13,False,11,1,6PHIK3kjWggLtVygsOtpqS,Suede,4ZPnNo69esp1bkqXaF7tQX,Head Music (20th Anniversary Edition),1999-05-03,album,0.494,0.563,9,-6.642,0,0.028,0.0287,0.214,0.0973,0.617,100.695,4,261027
5AajDlGirzixG69hy8DMs1,He's Gone,13,False,12,1,6PHIK3kjWggLtVygsOtpqS,Suede,4ZPnNo69esp1bkqXaF7tQX,Head Music (20th Anniversary Edition),1999-05-03,album,0.43,0.723,7,-8.122,1,0.0317,0.0379,0.373,0.622,0.236,102.848,4,335080
173R9B51WyQDyCpUtQyUae,Crack in the Union Jack,8,False,13,1,6PHIK3kjWggLtVygsOtpqS,Suede,4ZPnNo69esp1bkqXaF7tQX,Head Music (20th Anniversary Edition),1999-05-03,album,0.561,0.448,0,-8.071,1,0.0276,0.802,9.36e-06,0.12,0.12,127.216,4,116960
7HofSwWHa9VRAVGcEVsAjI,Leaving,12,False,14,1,6PHIK3kjWggLtVygsOtpqS,Suede,4ZPnNo69esp1bkqXaF7tQX,Head Music (20th Anniversary Edition),1999-05-03,album,0.339,0.669,2,-5.198,0,0.0306,0.319,0.00014,0.089,0.378,169.276,4,256840
6aGXYCxjrPE6ZVellSoU9F,Crackhead,9,False,26,1,6PHIK3kjWggLtVygsOtpqS,Suede,4ZPnNo69esp1bkqXaF7tQX,Head Music (20th Anniversary Edition),1999-05-03,album,0.624,0.924,2,-4.823,1,0.0324,0.342,1.68e-05,0.331,0.914,116.855,4,353560
2q79s7o8o3yimv8JNn8Ly3,God's Gift - Brett's Home Demo,2,False,4,2,6PHIK3kjWggLtVygsOtpqS,Suede,4ZPnNo69esp1bkqXaF7tQX,Head Music (20th Anniversary Edition),1999-05-03,album,0.446,0.848,4,-4.934,0,0.0448,0.0131,8.33e-06,0.213,0.224,75.083,4,247360
4WsVLZyS2M8KxzxAGCpDdz,See That Girl - Brett's Original Home Demo,1,False,5,2,6PHIK3kjWggLtVygsOtpqS,Suede,4ZPnNo69esp1bkqXaF7tQX,Head Music (20th Anniversary Edition),1999-05-03,album,0.329,0.911,5,-5.582,1,0.0746,0.689,0.00474,0.359,0.322,177.751,4,210693
6RGd5CJCVlo4tlbdmQz9Nd,Jubilee - Neil's Instrumental Home Demo,2,False,6,2,6PHIK3kjWggLtVygsOtpqS,Suede,4ZPnNo69esp1bkqXaF7tQX,Head Music (20th Anniversary Edition),1999-05-03,album,0.693,0.863,4,-5.208,0,0.0262,0.0516,0.76,0.132,0.494,102.098,4,317347
1rPSCSifOQGMBdpii76N5m,Pieces of My Mind - Rehearsal Room Recording,1,False,8,2,6PHIK3kjWggLtVygsOtpqS,Suede,4ZPnNo69esp1bkqXaF7tQX,Head Music (20th Anniversary Edition),1999-05-03,album,0.671,0.376,11,-5.794,1,0.0362,0.656,0.0152,0.118,0.289,132.091,4,241333
2UN9nKv4XsPLJ4enGC9ynA,Can't Get Enough - Protocol Demo,1,False,10,2,6PHIK3kjWggLtVygsOtpqS,Suede,4ZPnNo69esp1bkqXaF7tQX,Head Music (20th Anniversary Edition),1999-05-03,album,0.517,0.882,11,-4.49,0,0.0552,0.0136,0.000841,0.0578,0.686,124.127,4,232907
7nGVWi7Td1wV2wp6eK8UkK,"Savoir Faire - Steve Osborne's Trial Session, June 1998",2,True,11,2,6PHIK3kjWggLtVygsOtpqS,Suede,4ZPnNo69esp1bkqXaF7tQX,Head Music (20th Anniversary Edition),1999-05-03,album,0.67,0.768,7,-5.392,0,0.0463,0.0103,1.87e-05,0.0647,0.742,109.008,4,277427
0JA3Qd9UXKEtH7fP0wmS3A,"Everything Will Flow - Steve Osborne's Trial Session, June 1998",2,False,12,2,6PHIK3kjWggLtVygsOtpqS,Suede,4ZPnNo69esp1bkqXaF7tQX,Head Music (20th Anniversary Edition),1999-05-03,album,0.617,0.591,2,-6.22,0,0.0267,0.00303,0.000107,0.0706,0.599,108.162,4,362573
0kVVuejE8JzSLjNXoNfanF,Everything Will Flow - Anti-Latin Instrumental,2,False,13,2,6PHIK3kjWggLtVygsOtpqS,Suede,4ZPnNo69esp1bkqXaF7tQX,Head Music (20th Anniversary Edition),1999-05-03,album,0.74,0.768,2,-9.196,0,0.0254,0.147,0.864,0.138,0.938,109.855,4,289227
1seNfcCgnlqHO0DIdY1JBT,Can't Get Enough - Stomp Mix,1,False,14,2,6PHIK3kjWggLtVygsOtpqS,Suede,4ZPnNo69esp1bkqXaF7tQX,Head Music (20th Anniversary Edition),1999-05-03,album,0.919,0.885,9,-6.734,0,0.0551,0.0106,0.866,0.0611,0.852,121.45,4,246040
2FodqRfhJVW6LkGYQ0vzEI,Hi-Fi - Dub Ben2 Mix,1,False,15,2,6PHIK3kjWggLtVygsOtpqS,Suede,4ZPnNo69esp1bkqXaF7tQX,Head Music (20th Anniversary Edition),1999-05-03,album,0.633,0.51,4,-8.801,0,0.0265,0.000133,0.0272,0.0937,0.331,99.554,4,300933
1DNXYYSpUKSvacPTrDuaYb,Hi-Fi (Instrumental) - Different Version,1,False,17,2,6PHIK3kjWggLtVygsOtpqS,Suede,4ZPnNo69esp1bkqXaF7tQX,Head Music (20th Anniversary Edition),1999-05-03,album,0.634,0.527,9,-9.086,1,0.0341,0.0562,0.879,0.0839,0.792,100.08,4,360613
61XhEWHNpZQDWJlPpB8iUe,Savoir Faire - Mayfair Mix,1,True,18,2,6PHIK3kjWggLtVygsOtpqS,Suede,4ZPnNo69esp1bkqXaF7tQX,Head Music (20th Anniversary Edition),1999-05-03,album,0.683,0.764,7,-4.734,1,0.0461,0.0544,2.86e-06,0.0657,0.773,107.021,4,282160
2k7S596iA81OXdHK9LxAZi,Everything Will Flow - Mayfair Mix,2,False,19,2,6PHIK3kjWggLtVygsOtpqS,Suede,4ZPnNo69esp1bkqXaF7tQX,Head Music (20th Anniversary Edition),1999-05-03,album,0.617,0.557,2,-6.454,0,0.0255,0.0566,0.000317,0.0602,0.678,106.994,4,363947
56R4MdwAY7c8O1TNlXfSp8,Electricity,0,False,1,1,6PHIK3kjWggLtVygsOtpqS,Suede,1uWSJ0mswMEBEDGWKBPRLR,Head Music (Remastered) - Deluxe Edition,1999-05-03,album,0.46,0.956,1,-3.533,0,0.0546,0.0979,2.02e-06,0.232,0.574,123.054,4,281653
7yClFq2HizIOcHZtKsl5gX,Indian Strings - Brett's Original 8 Track Demo,0,False,14,1,6PHIK3kjWggLtVygsOtpqS,Suede,1uWSJ0mswMEBEDGWKBPRLR,Head Music (Remastered) - Deluxe Edition,1999-05-03,album,0.499,0.559,9,-7.382,0,0.0253,0.542,0.894,0.101,0.241,98.266,4,246707
1EjNpAXsFPbGsrqQcjULMG,Everything Will Flow - Protocol Demo,0,False,15,1,6PHIK3kjWggLtVygsOtpqS,Suede,1uWSJ0mswMEBEDGWKBPRLR,Head Music (Remastered) - Deluxe Edition,1999-05-03,album,0.234,0.809,2,-5.886,0,0.0478,0.0137,0.00226,0.0572,0.417,197.54,4,432187
2lMycuqNgb4SMrEgCFbGyw,He's Gone - Protocol Demo,0,False,16,1,6PHIK3kjWggLtVygsOtpqS,Suede,1uWSJ0mswMEBEDGWKBPRLR,Head Music (Remastered) - Deluxe Edition,1999-05-03,album,0.503,0.679,0,-7.53,1,0.0269,0.0224,0.00704,0.125,0.159,105.47,4,319133
7ekFDkcV6I4j0U9ne0U9dW,She's In Fashion - Protocol Demo,0,False,17,1,6PHIK3kjWggLtVygsOtpqS,Suede,1uWSJ0mswMEBEDGWKBPRLR,Head Music (Remastered) - Deluxe Edition,1999-05-03,album,0.413,0.883,3,-5.943,1,0.047,0.146,0.00109,0.388,0.841,154.332,4,317067
5WsTDa849iRtIG4BQFUyHX,Leaving - B-Sides,0,False,18,1,6PHIK3kjWggLtVygsOtpqS,Suede,1uWSJ0mswMEBEDGWKBPRLR,Head Music (Remastered) - Deluxe Edition,1999-05-03,album,0.351,0.643,2,-6.02,0,0.0296,0.184,0.000115,0.135,0.426,169.14,4,257920
7n2bKRdJXkOhBEqkE6wskD,Popstar - B-Sides,0,False,19,1,6PHIK3kjWggLtVygsOtpqS,Suede,1uWSJ0mswMEBEDGWKBPRLR,Head Music (Remastered) - Deluxe Edition,1999-05-03,album,0.648,0.523,10,-6.439,0,0.0415,0.443,0.0173,0.102,0.545,123.705,4,336480
08L2rpn200ctc6FcL4VZ9p,Killer - B-Sides,0,False,20,1,6PHIK3kjWggLtVygsOtpqS,Suede,1uWSJ0mswMEBEDGWKBPRLR,Head Music (Remastered) - Deluxe Edition,1999-05-03,album,0.589,0.787,11,-6.691,0,0.0271,0.000136,0.0091,0.285,0.623,107.058,4,298920
2nevmH92rHjqQxjQ4Z2YpP,Implement Yeah! - B-Sides,0,False,21,1,6PHIK3kjWggLtVygsOtpqS,Suede,1uWSJ0mswMEBEDGWKBPRLR,Head Music (Remastered) - Deluxe Edition,1999-05-03,album,0.295,0.933,1,-4.922,0,0.0716,0.0186,0.00333,0.406,0.253,136.677,4,154480
3iVJydclx0EPUQlB4aedO6,Waterloo - B-Sides,0,False,22,1,6PHIK3kjWggLtVygsOtpqS,Suede,1uWSJ0mswMEBEDGWKBPRLR,Head Music (Remastered) - Deluxe Edition,1999-05-03,album,0.453,0.377,4,-10.056,0,0.0251,0.293,0.0435,0.171,0.316,88.258,4,239653
0YWdMxjlMf8qy4WORoPvVK,See That Girl - B-Sides,0,False,23,1,6PHIK3kjWggLtVygsOtpqS,Suede,1uWSJ0mswMEBEDGWKBPRLR,Head Music (Remastered) - Deluxe Edition,1999-05-03,album,0.56,0.699,2,-5.253,0,0.0256,0.229,0.00893,0.105,0.56,95.667,4,268187
5koxbMOoxmBCwVgz8CQEx4,Bored - B-Sides,0,False,24,1,6PHIK3kjWggLtVygsOtpqS,Suede,1uWSJ0mswMEBEDGWKBPRLR,Head Music (Remastered) - Deluxe Edition,1999-05-03,album,0.361,0.965,4,-3.451,1,0.202,0.0639,0.116,0.405,0.228,121.895,4,182707
0AtrOsTfo5m55HigBohAhF,Pieces Of My Mind - B-Sides,0,False,25,1,6PHIK3kjWggLtVygsOtpqS,Suede,1uWSJ0mswMEBEDGWKBPRLR,Head Music (Remastered) - Deluxe Edition,1999-05-03,album,0.56,0.578,9,-8.193,0,0.0388,0.0514,0.453,0.147,0.175,121.0,4,275427
3cZZkfhpyiPqrWWp2MydDd,Jubilee - B-Sides,0,False,26,1,6PHIK3kjWggLtVygsOtpqS,Suede,1uWSJ0mswMEBEDGWKBPRLR,Head Music (Remastered) - Deluxe Edition,1999-05-03,album,0.374,0.9,7,-4.097,1,0.0579,0.00622,8.29e-05,0.349,0.53,113.891,4,227533
1jn79Z8LrOg57lJDavTcPM,God's Gift - B-Sides,0,False,27,1,6PHIK3kjWggLtVygsOtpqS,Suede,1uWSJ0mswMEBEDGWKBPRLR,Head Music (Remastered) - Deluxe Edition,1999-05-03,album,0.25,0.45,9,-10.286,1,0.0374,0.887,0.0724,0.111,0.491,189.75,4,175280
0WVARhzk2S7Xhz2vm8TIr4,Seascape - B-Sides,0,False,28,1,6PHIK3kjWggLtVygsOtpqS,Suede,1uWSJ0mswMEBEDGWKBPRLR,Head Music (Remastered) - Deluxe Edition,1999-05-03,album,0.152,0.255,9,-12.947,1,0.0373,0.927,0.836,0.0942,0.133,143.429,4,236307
13eghrb0ij8MwisEecyghp,Crackhead - B-Sides,0,False,29,1,6PHIK3kjWggLtVygsOtpqS,Suede,1uWSJ0mswMEBEDGWKBPRLR,Head Music (Remastered) - Deluxe Edition,1999-05-03,album,0.636,0.923,2,-4.889,1,0.0326,0.271,0.000126,0.274,0.919,116.849,4,353560
6QKtmJV3D0eHWkM85JwP19,Let Go - B-Sides,0,False,30,1,6PHIK3kjWggLtVygsOtpqS,Suede,1uWSJ0mswMEBEDGWKBPRLR,Head Music (Remastered) - Deluxe Edition,1999-05-03,album,0.558,0.959,8,-3.631,0,0.0407,0.0102,0.00012,0.0458,0.944,126.052,4,265920
06JAIG1oXquvxS3uPwYIml,Since You Went Away - B-Sides,0,False,31,1,6PHIK3kjWggLtVygsOtpqS,Suede,1uWSJ0mswMEBEDGWKBPRLR,Head Music (Remastered) - Deluxe Edition,1999-05-03,album,0.636,0.838,7,-5.701,1,0.0284,0.2,2.36e-06,0.108,0.847,119.971,4,186893
1528RyVFw6BuOvHpq1R6p0,Situations - B-Sides,0,False,32,1,6PHIK3kjWggLtVygsOtpqS,Suede,1uWSJ0mswMEBEDGWKBPRLR,Head Music (Remastered) - Deluxe Edition,1999-05-03,album,0.402,0.916,7,-3.944,0,0.0396,0.215,0.000268,0.0455,0.513,154.007,4,293853
0Jt3ihbMRbEvj7Y0QUgpa7,Read My Mind - B-Sides,0,False,33,1,6PHIK3kjWggLtVygsOtpqS,Suede,1uWSJ0mswMEBEDGWKBPRLR,Head Music (Remastered) - Deluxe Edition,1999-05-03,album,0.5,0.932,6,-4.054,0,0.0287,0.0145,2.11e-06,0.35,0.896,105.748,4,281867
6OXjJlmkhcUYOgMfQVWHKN,Heroin,0,False,35,1,6PHIK3kjWggLtVygsOtpqS,Suede,1uWSJ0mswMEBEDGWKBPRLR,Head Music (Remastered) - Deluxe Edition,1999-05-03,album,0.433,0.127,4,-15.421,1,0.0309,0.974,0.0744,0.163,0.0623,137.05,4,175813
058xoY93ktvtI2H6zJUZrF,Electricity,0,False,1,1,6PHIK3kjWggLtVygsOtpqS,Suede,2i6EFslFaRwMngKn0pF46H,Head Music (Deluxe Ediiton),1999-05-03,album,0.46,0.956,1,-3.533,0,0.0546,0.0979,2.02e-06,0.232,0.574,123.054,4,281653
3vPsl1F2ybp09TfuJ1mgVq,Indian Strings - Brett's Original 8 Track Demo,0,False,14,1,6PHIK3kjWggLtVygsOtpqS,Suede,2i6EFslFaRwMngKn0pF46H,Head Music (Deluxe Ediiton),1999-05-03,album,0.499,0.559,9,-7.382,0,0.0253,0.542,0.894,0.101,0.241,98.266,4,246707
4XYL7o7aT3f5q7scH1I4T6,Everything Will Flow - Protocol Demo,0,False,15,1,6PHIK3kjWggLtVygsOtpqS,Suede,2i6EFslFaRwMngKn0pF46H,Head Music (Deluxe Ediiton),1999-05-03,album,0.234,0.809,2,-5.886,0,0.0478,0.0137,0.00226,0.0572,0.417,197.54,4,432187
0sXzsWMg7F2wKZLuVQ7Se0,He's Gone - Protocol Demo,0,False,16,1,6PHIK3kjWggLtVygsOtpqS,Suede,2i6EFslFaRwMngKn0pF46H,Head Music (Deluxe Ediiton),1999-05-03,album,0.503,0.679,0,-7.53,1,0.0269,0.0224,0.00704,0.125,0.159,105.47,4,319133
2yRaT4IPwdaUNI4bKrfe8d,She's In Fashion - Protocol Demo,0,False,17,1,6PHIK3kjWggLtVygsOtpqS,Suede,2i6EFslFaRwMngKn0pF46H,Head Music (Deluxe Ediiton),1999-05-03,album,0.413,0.883,3,-5.943,1,0.047,0.146,0.00109,0.388,0.841,154.332,4,317067
673tOQOWj6LbCFGELkIhX3,Leaving - B-Sides,0,False,1,2,6PHIK3kjWggLtVygsOtpqS,Suede,2i6EFslFaRwMngKn0pF46H,Head Music (Deluxe Ediiton),1999-05-03,album,0.351,0.643,2,-6.02,0,0.0296,0.184,0.000115,0.135,0.426,169.14,4,257920
6I7sfsPDje85pBBY2HIWhe,Popstar - B-Sides,0,False,2,2,6PHIK3kjWggLtVygsOtpqS,Suede,2i6EFslFaRwMngKn0pF46H,Head Music (Deluxe Ediiton),1999-05-03,album,0.648,0.523,10,-6.439,0,0.0415,0.443,0.0173,0.102,0.545,123.705,4,336480
3pmMIjSgOSXIzDLE7GWGnm,Killer - B-Sides,0,False,3,2,6PHIK3kjWggLtVygsOtpqS,Suede,2i6EFslFaRwMngKn0pF46H,Head Music (Deluxe Ediiton),1999-05-03,album,0.589,0.787,11,-6.691,0,0.0271,0.000136,0.0091,0.285,0.623,107.058,4,298920
2Fv3kkJIuTE1RFtOXV1O3Z,Implement Yeah! - B-Sides,0,False,4,2,6PHIK3kjWggLtVygsOtpqS,Suede,2i6EFslFaRwMngKn0pF46H,Head Music (Deluxe Ediiton),1999-05-03,album,0.295,0.933,1,-4.922,0,0.0716,0.0186,0.00333,0.406,0.253,136.677,4,154480
6mwvbGanyCLHWQ21GQZT0a,Waterloo - B-Sides,0,False,5,2,6PHIK3kjWggLtVygsOtpqS,Suede,2i6EFslFaRwMngKn0pF46H,Head Music (Deluxe Ediiton),1999-05-03,album,0.453,0.377,4,-10.056,0,0.0251,0.293,0.0435,0.171,0.316,88.258,4,239653
02mEOf6pY0l1W8s0Rc73V5,See That Girl - B-Sides,0,False,6,2,6PHIK3kjWggLtVygsOtpqS,Suede,2i6EFslFaRwMngKn0pF46H,Head Music (Deluxe Ediiton),1999-05-03,album,0.56,0.699,2,-5.253,0,0.0256,0.229,0.00893,0.105,0.56,95.667,4,268187
5MNdXpLktvGgc1VHmJGLrH,Bored - B-Sides,0,False,7,2,6PHIK3kjWggLtVygsOtpqS,Suede,2i6EFslFaRwMngKn0pF46H,Head Music (Deluxe Ediiton),1999-05-03,album,0.361,0.965,4,-3.451,1,0.202,0.0639,0.116,0.405,0.228,121.895,4,182707
7qy6MnCi8MtkukubywnqDR,Pieces Of My Mind - B-Sides,0,False,8,2,6PHIK3kjWggLtVygsOtpqS,Suede,2i6EFslFaRwMngKn0pF46H,Head Music (Deluxe Ediiton),1999-05-03,album,0.56,0.578,9,-8.193,0,0.0388,0.0514,0.453,0.147,0.175,121.0,4,275427
0jR0SB7BKm7yGRvsfsvBOG,Jubilee - B-Sides,0,False,9,2,6PHIK3kjWggLtVygsOtpqS,Suede,2i6EFslFaRwMngKn0pF46H,Head Music (Deluxe Ediiton),1999-05-03,album,0.374,0.9,7,-4.097,1,0.0579,0.00622,8.29e-05,0.349,0.53,113.891,4,227533
0NJLDWesFtQlMaMncdSu9E,God's Gift - B-Sides,0,False,10,2,6PHIK3kjWggLtVygsOtpqS,Suede,2i6EFslFaRwMngKn0pF46H,Head Music (Deluxe Ediiton),1999-05-03,album,0.25,0.45,9,-10.286,1,0.0374,0.887,0.0724,0.111,0.491,189.75,4,175280
0Df9XcQNSLHFwC6AEgm2MS,Seascape - B-Sides,0,False,11,2,6PHIK3kjWggLtVygsOtpqS,Suede,2i6EFslFaRwMngKn0pF46H,Head Music (Deluxe Ediiton),1999-05-03,album,0.152,0.255,9,-12.947,1,0.0373,0.927,0.836,0.0942,0.133,143.429,4,236307
0d6E8F4B5Rrim6huHIIZEL,Crackhead - B-Sides,0,False,12,2,6PHIK3kjWggLtVygsOtpqS,Suede,2i6EFslFaRwMngKn0pF46H,Head Music (Deluxe Ediiton),1999-05-03,album,0.636,0.923,2,-4.889,1,0.0326,0.271,0.000126,0.274,0.919,116.849,4,353560
4dUrAI6FELEBSyEZmgpujM,Let Go - B-Sides,0,False,13,2,6PHIK3kjWggLtVygsOtpqS,Suede,2i6EFslFaRwMngKn0pF46H,Head Music (Deluxe Ediiton),1999-05-03,album,0.558,0.959,8,-3.631,0,0.0407,0.0102,0.00012,0.0458,0.944,126.052,4,265920
0eWlQGW861ST89KlYanGm8,Since You Went Away - B-Sides,0,False,14,2,6PHIK3kjWggLtVygsOtpqS,Suede,2i6EFslFaRwMngKn0pF46H,Head Music (Deluxe Ediiton),1999-05-03,album,0.636,0.838,7,-5.701,1,0.0284,0.2,2.36e-06,0.108,0.847,119.971,4,186893
6eRYZfYOuC5Ur9w2iXZ0fX,Situations - B-Sides,0,False,15,2,6PHIK3kjWggLtVygsOtpqS,Suede,2i6EFslFaRwMngKn0pF46H,Head Music (Deluxe Ediiton),1999-05-03,album,0.402,0.916,7,-3.944,0,0.0396,0.215,0.000268,0.0455,0.513,154.007,4,293853
409NZJXkfaozWdyIRmUkW1,Read My Mind - B-Sides,0,False,16,2,6PHIK3kjWggLtVygsOtpqS,Suede,2i6EFslFaRwMngKn0pF46H,Head Music (Deluxe Ediiton),1999-05-03,album,0.5,0.932,6,-4.054,0,0.0287,0.0145,2.11e-06,0.35,0.896,105.748,4,281867
34ECm4vHUZvCDLkHIjUaOo,Poor Little Rich Girl - feat. Raissa,0,False,17,2,6PHIK3kjWggLtVygsOtpqS,Suede,2i6EFslFaRwMngKn0pF46H,Head Music (Deluxe Ediiton),1999-05-03,album,0.504,0.869,0,-8.221,1,0.0621,0.106,0.0572,0.406,0.605,140.131,4,353547
0750F9XDWcXwngkRMKcXQ3,Everything Will Flow,0,False,4,1,6PHIK3kjWggLtVygsOtpqS,Suede,0bMynXnBvTBLqTB3mmjJvT,Head Music,1999-04-03,album,0.476,0.824,2,-7.284,0,0.037,0.0569,0.00594,0.222,0.339,108.901,4,281067
6CmhhBQbNMDoj7Wo202X7o,He's Gone,0,False,12,1,6PHIK3kjWggLtVygsOtpqS,Suede,0bMynXnBvTBLqTB3mmjJvT,Head Music,1999-04-03,album,0.22,0.658,7,-9.521,1,0.0421,0.0257,0.496,0.53,0.232,205.291,4,335107
1N77PT5hR43RDStoJSUXIe,She,10,False,2,1,6PHIK3kjWggLtVygsOtpqS,Suede,3YhDAfpubhoSM6M8Qr6D0b,Live at the Royal Albert Hall March 2010 (audio Version),1998,album,0.373,0.794,3,-4.357,0,0.0313,4.07e-06,6.39e-05,0.344,0.479,104.433,4,207680
3qNhEfvyFFSKknxQPrPPFT,Trash,12,False,3,1,6PHIK3kjWggLtVygsOtpqS,Suede,3YhDAfpubhoSM6M8Qr6D0b,Live at the Royal Albert Hall March 2010 (audio Version),1998,album,0.316,0.931,11,-3.979,1,0.046,3.52e-06,7.27e-06,0.469,0.395,130.117,4,249587
3KkprQ6irzkMMBJS49Tkaa,Filmstar,10,False,4,1,6PHIK3kjWggLtVygsOtpqS,Suede,3YhDAfpubhoSM6M8Qr6D0b,Live at the Royal Albert Hall March 2010 (audio Version),1998,album,0.297,0.828,1,-4.731,1,0.0393,1.9e-05,2.7e-06,0.144,0.581,77.534,4,206213
6tedWCgDu6oW00lgRpHykw,Animal Nitrate,14,False,5,1,6PHIK3kjWggLtVygsOtpqS,Suede,3YhDAfpubhoSM6M8Qr6D0b,Live at the Royal Albert Hall March 2010 (audio Version),1998,album,0.281,0.912,6,-4.018,1,0.0419,2.28e-05,0.0,0.652,0.634,108.543,3,192480
59xeUeMOD7z5F5sEAzqpSE,Heroine,10,False,6,1,6PHIK3kjWggLtVygsOtpqS,Suede,3YhDAfpubhoSM6M8Qr6D0b,Live at the Royal Albert Hall March 2010 (audio Version),1998,album,0.385,0.905,11,-4.148,1,0.0556,7.72e-05,0.0,0.953,0.487,118.938,4,201067
2BHksRTAgIrY8kygWiDRTJ,Pantomime Horse,8,False,7,1,6PHIK3kjWggLtVygsOtpqS,Suede,3YhDAfpubhoSM6M8Qr6D0b,Live at the Royal Albert Hall March 2010 (audio Version),1998,album,0.25,0.65,8,-5.17,1,0.03,0.0,0.0,0.4,0.19,113.89,3,349000
0X8G8DfI3Yu0g6yyjoUrPh,The Drowners,8,False,8,1,6PHIK3kjWggLtVygsOtpqS,Suede,3YhDAfpubhoSM6M8Qr6D0b,Live at the Royal Albert Hall March 2010 (audio Version),1998,album,0.295,0.778,1,-4.52,1,0.0401,3.06e-05,0.0,0.179,0.58,145.78,5,241227
4nccU0p5mGejNAy3IcBSCB,Killing of a Flashboy,9,False,9,1,6PHIK3kjWggLtVygsOtpqS,Suede,3YhDAfpubhoSM6M8Qr6D0b,Live at the Royal Albert Hall March 2010 (audio Version),1998,album,0.435,0.881,6,-4.323,1,0.0467,7.96e-05,0.0,0.676,0.739,117.617,4,264960
1CBnIoKD1xRfnhOLndwhAn,The Next Life,6,False,13,1,6PHIK3kjWggLtVygsOtpqS,Suede,3YhDAfpubhoSM6M8Qr6D0b,Live at the Royal Albert Hall March 2010 (audio Version),1998,album,0.38,0.341,6,-9.652,1,0.0298,0.958,0.000497,0.701,0.239,132.211,3,202827
1mItTWx8nVGXE2EQ05QlJN,The Asphalt World,7,False,14,1,6PHIK3kjWggLtVygsOtpqS,Suede,3YhDAfpubhoSM6M8Qr6D0b,Live at the Royal Albert Hall March 2010 (audio Version),1998,album,0.354,0.708,8,-5.33,0,0.0296,0.000293,0.0,0.449,0.336,140.245,4,248547
2qonfUa24BoZQCHgdZz8oO,So Young,10,False,15,1,6PHIK3kjWggLtVygsOtpqS,Suede,3YhDAfpubhoSM6M8Qr6D0b,Live at the Royal Albert Hall March 2010 (audio Version),1998,album,0.395,0.864,8,-4.653,0,0.0351,1.36e-05,1.46e-05,0.161,0.316,118.547,4,216787
2NL7WfjrJdBfLvY5gQWj8K,Metal Mickey,9,False,16,1,6PHIK3kjWggLtVygsOtpqS,Suede,3YhDAfpubhoSM6M8Qr6D0b,Live at the Royal Albert Hall March 2010 (audio Version),1998,album,0.243,0.988,6,-4.583,1,0.26,7.55e-05,0.000166,0.71,0.359,119.381,4,262560
70fgCmVCRYxeoFz2T9oBe9,The Wild Ones,9,False,17,1,6PHIK3kjWggLtVygsOtpqS,Suede,3YhDAfpubhoSM6M8Qr6D0b,Live at the Royal Albert Hall March 2010 (audio Version),1998,album,0.236,0.781,3,-5.252,1,0.0337,0.000416,0.0,0.447,0.295,150.422,3,339053
3XLzPiWRYaODZ46eWORGkG,New Generation,9,False,18,1,6PHIK3kjWggLtVygsOtpqS,Suede,3YhDAfpubhoSM6M8Qr6D0b,Live at the Royal Albert Hall March 2010 (audio Version),1998,album,0.375,0.935,6,-4.461,1,0.0512,8.57e-06,8.49e-06,0.993,0.578,128.004,4,278093
1IeqplDokdXsOoYsMizvoO,Beautiful Ones,12,False,19,1,6PHIK3kjWggLtVygsOtpqS,Suede,3YhDAfpubhoSM6M8Qr6D0b,Live at the Royal Albert Hall March 2010 (audio Version),1998,album,0.336,0.985,8,-4.681,0,0.164,4.1e-05,0.0,0.977,0.446,110.216,4,289293
63c2hieKeMAACyOCJXGkVC,The Living Dead,7,False,20,1,6PHIK3kjWggLtVygsOtpqS,Suede,3YhDAfpubhoSM6M8Qr6D0b,Live at the Royal Albert Hall March 2010 (audio Version),1998,album,0.377,0.238,11,-11.598,1,0.0352,0.581,4.04e-06,0.738,0.198,87.923,4,267013
6UQKqKXURkXGgeSiVSFZpL,The 2 of Us,7,False,21,1,6PHIK3kjWggLtVygsOtpqS,Suede,3YhDAfpubhoSM6M8Qr6D0b,Live at the Royal Albert Hall March 2010 (audio Version),1998,album,0.357,0.604,0,-6.568,1,0.0301,0.171,0.0,0.838,0.146,131.157,4,420213
0eyqNvppzRWyr7RYvhhMZ3,Saturday Night,9,False,22,1,6PHIK3kjWggLtVygsOtpqS,Suede,3YhDAfpubhoSM6M8Qr6D0b,Live at the Royal Albert Hall March 2010 (audio Version),1998,album,0.281,0.851,1,-4.569,1,0.039,2.96e-05,0.0,0.667,0.405,110.673,4,337480
6l3PURAbYrDIKl0YddQZ5W,Intro - Live,0,False,1,1,6PHIK3kjWggLtVygsOtpqS,Suede,4yTlzbQD9YlKd4ODOYeVBr,Live at the Royal Albert Hall March 2010,1998,album,0.0822,0.12,7,-23.365,0,0.0381,0.935,1.79e-05,0.32,0.0454,171.748,5,54347
2io1PfpvrsZviB1EW73UHF,She - Live,0,False,2,1,6PHIK3kjWggLtVygsOtpqS,Suede,4yTlzbQD9YlKd4ODOYeVBr,Live at the Royal Albert Hall March 2010,1998,album,0.373,0.794,3,-4.357,0,0.0313,4.07e-06,6.39e-05,0.344,0.479,104.433,4,207680
03IUA5mAqgiWJH0duHHr3f,Trash - Live,0,False,3,1,6PHIK3kjWggLtVygsOtpqS,Suede,4yTlzbQD9YlKd4ODOYeVBr,Live at the Royal Albert Hall March 2010,1998,album,0.316,0.931,11,-3.979,1,0.046,3.52e-06,7.27e-06,0.469,0.395,130.117,4,249587
2T84uif9oZ3vZG3vD0SzB2,Filmstar - Live,0,False,4,1,6PHIK3kjWggLtVygsOtpqS,Suede,4yTlzbQD9YlKd4ODOYeVBr,Live at the Royal Albert Hall March 2010,1998,album,0.297,0.828,1,-4.731,1,0.0393,1.9e-05,2.7e-06,0.144,0.581,77.534,4,206213
793Q0T7VyOiunuT0abNDNh,Animal Nitrate - Live,0,False,5,1,6PHIK3kjWggLtVygsOtpqS,Suede,4yTlzbQD9YlKd4ODOYeVBr,Live at the Royal Albert Hall March 2010,1998,album,0.281,0.912,6,-4.018,1,0.0419,2.28e-05,0.0,0.652,0.634,108.543,3,192480
5FF3vNykM3YXIghungeSrw,Heroine - Live,0,False,6,1,6PHIK3kjWggLtVygsOtpqS,Suede,4yTlzbQD9YlKd4ODOYeVBr,Live at the Royal Albert Hall March 2010,1998,album,0.385,0.905,11,-4.148,1,0.0556,7.72e-05,0.0,0.953,0.487,118.938,4,201067
3TCnoUWj5A1ZNLBa7kyKxp,Pantomime Horse - Live,0,False,7,1,6PHIK3kjWggLtVygsOtpqS,Suede,4yTlzbQD9YlKd4ODOYeVBr,Live at the Royal Albert Hall March 2010,1998,album,0.252,0.645,8,-5.172,1,0.0321,0.000545,0.0,0.401,0.189,113.891,3,348827
00KTbduZwtu5K5EGEZngPg,The Drowners - Live,0,False,8,1,6PHIK3kjWggLtVygsOtpqS,Suede,4yTlzbQD9YlKd4ODOYeVBr,Live at the Royal Albert Hall March 2010,1998,album,0.295,0.778,1,-4.52,1,0.0401,3.06e-05,0.0,0.179,0.58,145.78,5,241227
0f1QM9nzcy5Fqi0GowrqNd,Killing of a Flashboy - Live,0,False,9,1,6PHIK3kjWggLtVygsOtpqS,Suede,4yTlzbQD9YlKd4ODOYeVBr,Live at the Royal Albert Hall March 2010,1998,album,0.435,0.881,6,-4.323,1,0.0467,7.96e-05,0.0,0.676,0.739,117.617,4,264960
7tyoNZDRNJgF7ClwaHTtaM,Can't Get Enough - Live,0,False,10,1,6PHIK3kjWggLtVygsOtpqS,Suede,4yTlzbQD9YlKd4ODOYeVBr,Live at the Royal Albert Hall March 2010,1998,album,0.404,0.883,9,-4.426,0,0.0566,2.54e-05,5.47e-05,0.662,0.395,127.426,4,240667
5U5zOghIwVoTmI6oNIa2DI,Everything Will Flow - Live,0,False,11,1,6PHIK3kjWggLtVygsOtpqS,Suede,4yTlzbQD9YlKd4ODOYeVBr,Live at the Royal Albert Hall March 2010,1998,album,0.36,0.845,2,-4.53,0,0.0382,3.44e-05,9.53e-06,0.916,0.306,117.249,4,266307
5q8gAy5DAWIhc2xW9Af021,He's Gone - Live,0,False,12,1,6PHIK3kjWggLtVygsOtpqS,Suede,4yTlzbQD9YlKd4ODOYeVBr,Live at the Royal Albert Hall March 2010,1998,album,0.327,0.629,0,-5.467,1,0.0291,0.000673,4.63e-05,0.964,0.214,96.684,4,355280
5jmoj3m2aXRiPHIuHewNGZ,The Next Life - Live,0,False,13,1,6PHIK3kjWggLtVygsOtpqS,Suede,4yTlzbQD9YlKd4ODOYeVBr,Live at the Royal Albert Hall March 2010,1998,album,0.38,0.341,6,-9.652,1,0.0298,0.958,0.000497,0.701,0.239,132.211,3,202827
3UM7uFvYB3WPdCKjd1yWzf,The Asphalt World - Live,0,False,14,1,6PHIK3kjWggLtVygsOtpqS,Suede,4yTlzbQD9YlKd4ODOYeVBr,Live at the Royal Albert Hall March 2010,1998,album,0.354,0.708,8,-5.33,0,0.0296,0.000293,0.0,0.449,0.336,140.245,4,248547
1SxyN2wZXA1RrcxiiC1Fx0,So Young - Live,0,False,15,1,6PHIK3kjWggLtVygsOtpqS,Suede,4yTlzbQD9YlKd4ODOYeVBr,Live at the Royal Albert Hall March 2010,1998,album,0.395,0.864,8,-4.653,0,0.0351,1.36e-05,1.46e-05,0.161,0.316,118.547,4,216787
79mwRTKPSHywLtp1r50cA7,Metal Mickey - Live,0,False,16,1,6PHIK3kjWggLtVygsOtpqS,Suede,4yTlzbQD9YlKd4ODOYeVBr,Live at the Royal Albert Hall March 2010,1998,album,0.243,0.988,6,-4.583,1,0.26,7.55e-05,0.000166,0.71,0.359,119.381,4,262560
0FPLftzi6ST1Nm5Pijn3mH,The Wild Ones - Live,0,False,17,1,6PHIK3kjWggLtVygsOtpqS,Suede,4yTlzbQD9YlKd4ODOYeVBr,Live at the Royal Albert Hall March 2010,1998,album,0.236,0.781,3,-5.252,1,0.0337,0.000416,0.0,0.447,0.295,150.422,3,339053
43WsC5vzRd7iXNl9ZysyLb,New Generation - Live,0,False,18,1,6PHIK3kjWggLtVygsOtpqS,Suede,4yTlzbQD9YlKd4ODOYeVBr,Live at the Royal Albert Hall March 2010,1998,album,0.375,0.935,6,-4.461,1,0.0512,8.57e-06,8.49e-06,0.993,0.578,128.004,4,278093
6gmeHc2ajmb8efMOKbJsA8,Beautiful Ones - Live,0,False,19,1,6PHIK3kjWggLtVygsOtpqS,Suede,4yTlzbQD9YlKd4ODOYeVBr,Live at the Royal Albert Hall March 2010,1998,album,0.336,0.985,8,-4.681,0,0.164,4.1e-05,0.0,0.977,0.446,110.216,4,289293
3tg8VSynPdxMTlrSAOdvzL,The Living Dead - Live,0,False,20,1,6PHIK3kjWggLtVygsOtpqS,Suede,4yTlzbQD9YlKd4ODOYeVBr,Live at the Royal Albert Hall March 2010,1998,album,0.377,0.238,11,-11.598,1,0.0352,0.581,4.04e-06,0.738,0.198,87.923,4,267013
0vblWrm5qVmouv2Txm5zpT,The 2 of Us - Live,0,False,21,1,6PHIK3kjWggLtVygsOtpqS,Suede,4yTlzbQD9YlKd4ODOYeVBr,Live at the Royal Albert Hall March 2010,1998,album,0.357,0.604,0,-6.568,1,0.0301,0.171,0.0,0.838,0.146,131.157,4,420213
62Jq5oIcH8twLEfBWImlbe,Saturday Night - Live,0,False,22,1,6PHIK3kjWggLtVygsOtpqS,Suede,4yTlzbQD9YlKd4ODOYeVBr,Live at the Royal Albert Hall March 2010,1998,album,0.281,0.851,1,-4.569,1,0.039,2.96e-05,0.0,0.667,0.405,110.673,4,337480
0BSZxKBqJa0K0aqtrNmq6a,MY INSATIABLE ONE,0,False,1,1,6PHIK3kjWggLtVygsOtpqS,Suede,3SqG0WkJrx8Tjmldvmn3No,Sci-Fi Lullabies,1997-10-06,album,0.36,0.707,1,-5.073,1,0.0349,0.172,0.0,0.0711,0.337,79.542,4,177760
58OaCp7uggsbj2CJa0HSof,TO THE BIRDS,0,False,2,1,6PHIK3kjWggLtVygsOtpqS,Suede,3SqG0WkJrx8Tjmldvmn3No,Sci-Fi Lullabies,1997-10-06,album,0.25,0.725,1,-5.841,1,0.0332,0.234,0.0,0.0905,0.548,169.214,4,323907
3d66idihRKkTSnOT3dDKqy,WHERE THE PIGS DON'T FLY,0,False,3,1,6PHIK3kjWggLtVygsOtpqS,Suede,3SqG0WkJrx8Tjmldvmn3No,Sci-Fi Lullabies,1997-10-06,album,0.327,0.605,8,-7.759,1,0.0304,0.659,0.000686,0.0726,0.289,115.262,4,333733
05Iexd3FgtR3fQepqH2xsw,HE'S DEAD,0,False,4,1,6PHIK3kjWggLtVygsOtpqS,Suede,3SqG0WkJrx8Tjmldvmn3No,Sci-Fi Lullabies,1997-10-06,album,0.283,0.791,6,-7.669,0,0.0412,0.0347,0.0181,0.272,0.331,114.957,4,313200
72y2Imc09yxYuTtPaDVw2T,THE BIG TIME,0,False,5,1,6PHIK3kjWggLtVygsOtpqS,Suede,3SqG0WkJrx8Tjmldvmn3No,Sci-Fi Lullabies,1997-10-06,album,0.183,0.343,8,-13.687,0,0.0315,0.837,0.00281,0.1,0.132,95.098,3,268160
0gW0S2YjQC3scHajLJbK9N,HIGH RISING,0,False,6,1,6PHIK3kjWggLtVygsOtpqS,Suede,3SqG0WkJrx8Tjmldvmn3No,Sci-Fi Lullabies,1997-10-06,album,0.28,0.265,0,-11.27,1,0.0284,0.545,0.00487,0.098,0.0374,77.362,4,349707
0eMhmfl2AltZZ2kEuAwFtW,THE LIVING DEAD,0,False,7,1,6PHIK3kjWggLtVygsOtpqS,Suede,3SqG0WkJrx8Tjmldvmn3No,Sci-Fi Lullabies,1997-10-06,album,0.457,0.181,11,-13.542,1,0.0297,0.808,0.000811,0.124,0.306,106.283,4,168627
6LPCnxWbtGy81CZNcTI41J,MY DARK STAR,0,False,8,1,6PHIK3kjWggLtVygsOtpqS,Suede,3SqG0WkJrx8Tjmldvmn3No,Sci-Fi Lullabies,1997-10-06,album,0.516,0.674,11,-7.178,1,0.029,0.0647,1.11e-05,0.32,0.228,109.659,4,266840
3YAAiVgqc91X45rzJT8yq5,Killing Of A Flashboy,0,False,9,1,6PHIK3kjWggLtVygsOtpqS,Suede,3SqG0WkJrx8Tjmldvmn3No,Sci-Fi Lullabies,1997-10-06,album,0.412,0.884,3,-6.446,0,0.0579,0.0493,0.0,0.33,0.829,111.84,4,247227
16ZywIabPaGbX47viYggYC,WHIPSNADE,0,False,10,1,6PHIK3kjWggLtVygsOtpqS,Suede,3SqG0WkJrx8Tjmldvmn3No,Sci-Fi Lullabies,1997-10-06,album,0.55,0.71,8,-8.992,1,0.0407,0.654,3.98e-06,0.0606,0.446,112.921,4,262133
00WJCqVizBDSMwi8DrbJFm,MODERN BOYS,0,False,11,1,6PHIK3kjWggLtVygsOtpqS,Suede,3SqG0WkJrx8Tjmldvmn3No,Sci-Fi Lullabies,1997-10-06,album,0.58,0.765,6,-8.107,1,0.0275,0.192,2.04e-05,0.178,0.749,104.149,4,248067
2eZpKFbxDi1KPIDITZ7CbZ,Europe Is Our Playground,0,False,14,1,6PHIK3kjWggLtVygsOtpqS,Suede,3SqG0WkJrx8Tjmldvmn3No,Sci-Fi Lullabies,1997-10-06,album,0.149,0.624,8,-9.148,0,0.0349,0.000109,0.685,0.076,0.159,82.656,4,336933
2Y3RkQAKbPmIsqPvzpQod1,EVERY MONDAY MORNING COMES,0,False,1,2,6PHIK3kjWggLtVygsOtpqS,Suede,3SqG0WkJrx8Tjmldvmn3No,Sci-Fi Lullabies,1997-10-06,album,0.156,0.8,5,-7.772,1,0.0511,0.0165,0.0257,0.14,0.448,168.542,4,268267
5lX04mVI5LLdADvO61BFyU,Have You Ever Been This Low?,0,False,2,2,6PHIK3kjWggLtVygsOtpqS,Suede,3SqG0WkJrx8Tjmldvmn3No,Sci-Fi Lullabies,1997-10-06,album,0.335,0.891,1,-7.379,0,0.0594,0.26,0.011,0.386,0.427,150.637,4,232067
6KODiEovzzKIshiq9rRQk3,Another No One,0,False,3,2,6PHIK3kjWggLtVygsOtpqS,Suede,3SqG0WkJrx8Tjmldvmn3No,Sci-Fi Lullabies,1997-10-06,album,0.178,0.17,4,-16.617,0,0.0369,0.644,6.5e-06,0.444,0.171,185.763,4,236867
0paRK2Oadj1yql71tLLv4Z,YOUNG MEN,0,False,4,2,6PHIK3kjWggLtVygsOtpqS,Suede,3SqG0WkJrx8Tjmldvmn3No,Sci-Fi Lullabies,1997-10-06,album,0.353,0.926,10,-4.564,0,0.0447,0.00472,0.0144,0.359,0.524,141.981,4,275533
2LdNv7OYyTudwNMYUtl7Or,MONEY,0,False,6,2,6PHIK3kjWggLtVygsOtpqS,Suede,3SqG0WkJrx8Tjmldvmn3No,Sci-Fi Lullabies,1997-10-06,album,0.503,0.994,6,-5.068,0,0.0558,8.47e-05,0.601,0.269,0.637,145.814,4,244800
7ELL3gi4K2BZH0VWV4IdM1,This Time,0,False,8,2,6PHIK3kjWggLtVygsOtpqS,Suede,3SqG0WkJrx8Tjmldvmn3No,Sci-Fi Lullabies,1997-10-06,album,0.468,0.59,9,-6.899,1,0.0262,0.196,0.00257,0.0726,0.472,84.454,4,346107
2JTzgq8g537QlOWUqKpCqZ,Jumble Sale Mums,0,False,9,2,6PHIK3kjWggLtVygsOtpqS,Suede,3SqG0WkJrx8Tjmldvmn3No,Sci-Fi Lullabies,1997-10-06,album,0.208,0.528,8,-8.26,0,0.0304,0.015,0.00565,0.106,0.406,71.474,4,255267
7d2A828TFnsMFDxpLAlf2L,THESE ARE THE SAD SONGS,0,False,10,2,6PHIK3kjWggLtVygsOtpqS,Suede,3SqG0WkJrx8Tjmldvmn3No,Sci-Fi Lullabies,1997-10-06,album,0.345,0.915,1,-5.689,0,0.0515,3.72e-05,0.0148,0.0737,0.38,112.752,4,380827
05uxQR8xfB9cg8m7ZsD0XV,SADIE,0,False,11,2,6PHIK3kjWggLtVygsOtpqS,Suede,3SqG0WkJrx8Tjmldvmn3No,Sci-Fi Lullabies,1997-10-06,album,0.205,0.815,1,-6.548,0,0.0336,0.00134,8.05e-05,0.0983,0.558,172.868,4,324000
2x0StHGJpEJIQmiVQqemP9,GRAFFITI WOMEN,0,False,12,2,6PHIK3kjWggLtVygsOtpqS,Suede,3SqG0WkJrx8Tjmldvmn3No,Sci-Fi Lullabies,1997-10-06,album,0.512,0.67,1,-6.755,1,0.0244,0.0144,0.000898,0.076,0.651,96.989,4,291333
55aMBV9Y2XBM54yi6lI6IF,DUCHESS,0,False,13,2,6PHIK3kjWggLtVygsOtpqS,Suede,3SqG0WkJrx8Tjmldvmn3No,Sci-Fi Lullabies,1997-10-06,album,0.36,0.268,2,-10.166,1,0.0318,0.23,0.0895,0.373,0.25,95.139,4,235173
5JXXVatGfWRtiOB229XbNx,She - Live,7,False,1,1,6PHIK3kjWggLtVygsOtpqS,Suede,5BHlI0d4adDdzPNKHiL4Ba,"Live at the Roundhouse, 1996",1996-12-15,album,0.259,0.838,8,-10.404,1,0.0507,0.161,0.888,0.975,0.362,105.83,4,321608
0hhedpp7ZSGAESQRYp3kCd,Trash - Live,7,False,2,1,6PHIK3kjWggLtVygsOtpqS,Suede,5BHlI0d4adDdzPNKHiL4Ba,"Live at the Roundhouse, 1996",1996-12-15,album,0.372,0.949,11,-11.433,1,0.0586,0.00305,8.32e-06,0.863,0.25,127.178,4,269508
0w083g7Apa5A25xt8DsDGV,By the Sea - Live,5,False,3,1,6PHIK3kjWggLtVygsOtpqS,Suede,5BHlI0d4adDdzPNKHiL4Ba,"Live at the Roundhouse, 1996",1996-12-15,album,0.186,0.508,9,-12.045,1,0.0362,0.31,0.0,0.837,0.149,97.981,5,306863
5DCMhzzqDrkZTRbXbu7nBM,Lazy - Live,6,False,4,1,6PHIK3kjWggLtVygsOtpqS,Suede,5BHlI0d4adDdzPNKHiL4Ba,"Live at the Roundhouse, 1996",1996-12-15,album,0.32,0.769,8,-12.706,1,0.0521,0.0457,1.96e-05,0.859,0.574,114.822,4,219215
5ddiESwS3HnfTN3Ah6BVew,Saturday Night - Live,8,False,5,1,6PHIK3kjWggLtVygsOtpqS,Suede,5BHlI0d4adDdzPNKHiL4Ba,"Live at the Roundhouse, 1996",1996-12-15,album,0.284,0.633,8,-11.427,1,0.0341,0.0386,0.0,0.927,0.627,109.607,4,322484
1k5MsJ0m9DVzQRdQ6wlOST,Europe Is Our Playground - Live,4,False,7,1,6PHIK3kjWggLtVygsOtpqS,Suede,5BHlI0d4adDdzPNKHiL4Ba,"Live at the Roundhouse, 1996",1996-12-15,album,0.111,0.531,8,-15.17,0,0.0487,0.196,0.000628,0.965,0.291,169.201,4,340658
4hKS2cV0Lh4lPufCaBbXCX,Beautiful Ones - Live,8,False,8,1,6PHIK3kjWggLtVygsOtpqS,Suede,5BHlI0d4adDdzPNKHiL4Ba,"Live at the Roundhouse, 1996",1996-12-15,album,0.344,0.929,8,-12.216,0,0.0583,0.0252,0.00126,0.975,0.384,104.818,4,251209
5sVPOuJJAmidyxU8LjJBVu,Trash,53,False,1,1,6PHIK3kjWggLtVygsOtpqS,Suede,7M4M2D5vnodz6lmP8iO15S,Coming Up - 20th Anniversary Edition (Audio Version),1996-09-03,album,0.422,0.99,11,-4.007,1,0.1,0.0033,1.03e-06,0.345,0.174,124.6,4,245947
3148vAO8qxD3ilR2QBfcaN,Filmstar,37,False,2,1,6PHIK3kjWggLtVygsOtpqS,Suede,7M4M2D5vnodz6lmP8iO15S,Coming Up - 20th Anniversary Edition (Audio Version),1996-09-03,album,0.387,0.974,3,-5.128,0,0.0966,0.00383,0.000111,0.0815,0.571,75.581,4,205453
4E2TC8fOi2j1l9Fk2nsO4i,Lazy,34,False,3,1,6PHIK3kjWggLtVygsOtpqS,Suede,7M4M2D5vnodz6lmP8iO15S,Coming Up - 20th Anniversary Edition (Audio Version),1996-09-03,album,0.467,0.926,1,-4.087,0,0.0396,0.031,1.35e-06,0.331,0.684,111.257,4,197493
5l1kHdQvlUCbozZdgINtsF,By the Sea,29,False,4,1,6PHIK3kjWggLtVygsOtpqS,Suede,7M4M2D5vnodz6lmP8iO15S,Coming Up - 20th Anniversary Edition (Audio Version),1996-09-03,album,0.241,0.503,9,-7.659,1,0.0324,0.575,0.000392,0.0841,0.0924,155.897,4,257973
0CHPssJ5mR3ZvDUWOMQqSi,She,28,False,5,1,6PHIK3kjWggLtVygsOtpqS,Suede,7M4M2D5vnodz6lmP8iO15S,Coming Up - 20th Anniversary Edition (Audio Version),1996-09-03,album,0.528,0.873,8,-4.067,1,0.0334,0.128,0.000856,0.119,0.44,106.04,4,218600
5yWVfYEeQRPuFtytvkOgU1,Beautiful Ones,57,False,6,1,6PHIK3kjWggLtVygsOtpqS,Suede,7M4M2D5vnodz6lmP8iO15S,Coming Up - 20th Anniversary Edition (Audio Version),1996-09-03,album,0.528,0.983,8,-5.231,0,0.0391,0.0896,0.0,0.406,0.835,99.049,4,230867
4QjFGHmIRsDjlFfeGd2RmG,Starcrazy,26,False,7,1,6PHIK3kjWggLtVygsOtpqS,Suede,7M4M2D5vnodz6lmP8iO15S,Coming Up - 20th Anniversary Edition (Audio Version),1996-09-03,album,0.453,0.978,3,-4.514,0,0.0424,0.0032,1.26e-05,0.361,0.624,105.151,4,213013
1HXxjOXu54A42ZS1RbaAhs,Picnic by the Motorway,23,False,8,1,6PHIK3kjWggLtVygsOtpqS,Suede,7M4M2D5vnodz6lmP8iO15S,Coming Up - 20th Anniversary Edition (Audio Version),1996-09-03,album,0.453,0.714,4,-9.841,1,0.0426,0.0164,2.02e-05,0.367,0.175,115.778,4,285533
6az6EZttGVxr7nEGHxYtDG,The Chemistry Between Us,32,False,9,1,6PHIK3kjWggLtVygsOtpqS,Suede,7M4M2D5vnodz6lmP8iO15S,Coming Up - 20th Anniversary Edition (Audio Version),1996-09-03,album,0.286,0.805,6,-5.774,1,0.0369,0.0673,6.65e-05,0.119,0.502,171.506,4,424347
6JamELaO7r65iGnHA2q5FV,Saturday Night,42,False,10,1,6PHIK3kjWggLtVygsOtpqS,Suede,7M4M2D5vnodz6lmP8iO15S,Coming Up - 20th Anniversary Edition (Audio Version),1996-09-03,album,0.504,0.888,8,-5.948,1,0.0661,0.0588,0.000101,0.256,0.303,116.44,4,281053
6rB8lloOa9MbRaSnHjzAhY,Trash (Singles Version),25,False,12,1,6PHIK3kjWggLtVygsOtpqS,Suede,7M4M2D5vnodz6lmP8iO15S,Coming Up - 20th Anniversary Edition (Audio Version),1996-09-03,album,0.444,0.99,11,-4.504,1,0.103,0.00364,0.00349,0.355,0.307,124.455,4,228160
1eRXHVEITnWtj5KIjc8xlV,Europe Is Our Playground,20,False,13,1,6PHIK3kjWggLtVygsOtpqS,Suede,7M4M2D5vnodz6lmP8iO15S,Coming Up - 20th Anniversary Edition (Audio Version),1996-09-03,album,0.584,0.685,8,-7.94,0,0.0341,0.0666,0.000161,0.13,0.421,91.042,4,279213
74I5jLxpVLysu2PMfiaAqO,Trash (Early Take),12,False,1,2,6PHIK3kjWggLtVygsOtpqS,Suede,7M4M2D5vnodz6lmP8iO15S,Coming Up - 20th Anniversary Edition (Audio Version),1996-09-03,album,0.474,0.954,11,-8.102,1,0.0592,0.00143,0.917,0.0433,0.633,123.96,4,298427
2aVRWqZgpGY4xf8ARY4xpV,Filmstar (Monitor Mix),8,False,2,2,6PHIK3kjWggLtVygsOtpqS,Suede,7M4M2D5vnodz6lmP8iO15S,Coming Up - 20th Anniversary Edition (Audio Version),1996-09-03,album,0.35,0.94,4,-8.19,1,0.1,0.06,0.0,0.13,0.47,152.96,4,203000
5Lm4pV7TdTN9vI9jMV6Zx2,Lazy (First Demo),8,False,3,2,6PHIK3kjWggLtVygsOtpqS,Suede,7M4M2D5vnodz6lmP8iO15S,Coming Up - 20th Anniversary Edition (Audio Version),1996-09-03,album,0.5,0.55,9,-8.96,1,0.03,0.9,0.0,0.05,0.37,103.09,4,187000
2VeC1QgT459vFxjjofwCzD,By the Sea (Studio Demo),7,False,4,2,6PHIK3kjWggLtVygsOtpqS,Suede,7M4M2D5vnodz6lmP8iO15S,Coming Up - 20th Anniversary Edition (Audio Version),1996-09-03,album,0.308,0.576,10,-8.864,1,0.0339,0.569,0.0,0.176,0.487,169.764,4,214067
4ML68Ne3MfvMnOVEMPIDbA,She (Early Monitor Mix),7,False,5,2,6PHIK3kjWggLtVygsOtpqS,Suede,7M4M2D5vnodz6lmP8iO15S,Coming Up - 20th Anniversary Edition (Audio Version),1996-09-03,album,0.53,0.75,3,-6.57,0,0.04,0.09,0.46,0.23,0.64,107.13,4,203000
0bqN2AtIlPL6Y56oDWkyhe,Starcrazy (First Demo),8,False,7,2,6PHIK3kjWggLtVygsOtpqS,Suede,7M4M2D5vnodz6lmP8iO15S,Coming Up - 20th Anniversary Edition (Audio Version),1996-09-03,album,0.424,0.862,4,-6.926,0,0.0412,8.9e-05,0.963,0.348,0.641,102.125,4,198547
4BXjFFAvfVc7hjeQc0Iw9k,She (Strings),5,False,18,2,6PHIK3kjWggLtVygsOtpqS,Suede,7M4M2D5vnodz6lmP8iO15S,Coming Up - 20th Anniversary Edition (Audio Version),1996-09-03,album,0.522,0.243,8,-6.793,1,0.0308,0.069,0.828,0.14,0.132,105.953,4,271533
2zHjrELaTO4xIx1F9k60Q9,The Chemistry Between Us (Strings),5,False,19,2,6PHIK3kjWggLtVygsOtpqS,Suede,7M4M2D5vnodz6lmP8iO15S,Coming Up - 20th Anniversary Edition (Audio Version),1996-09-03,album,0.2,0.284,6,-8.98,1,0.0428,0.207,0.882,0.126,0.0742,86.214,3,415280
0SbfctcsAd4p0rmI5iwnU2,"Filmstar (Live at the Paradiso, Amsterdam, 20th October '96)",5,False,21,2,6PHIK3kjWggLtVygsOtpqS,Suede,7M4M2D5vnodz6lmP8iO15S,Coming Up - 20th Anniversary Edition (Audio Version),1996-09-03,album,0.304,0.959,8,-5.614,1,0.099,0.54,0.00869,0.67,0.391,150.612,4,210400
5UNFtC3JrRYpgD9hNJ9zoK,Trash,0,False,1,1,6PHIK3kjWggLtVygsOtpqS,Suede,1jjN4GO9EVkkVb2WNWceqk,Coming Up (Remastered),1996-09-03,album,0.439,0.993,11,-2.923,1,0.1,0.000937,6.29e-05,0.285,0.157,124.609,4,245947
1Blrt31a8MrWSanlsOM4qe,Filmstar,0,False,2,1,6PHIK3kjWggLtVygsOtpqS,Suede,1jjN4GO9EVkkVb2WNWceqk,Coming Up (Remastered),1996-09-03,album,0.39,0.972,3,-5.248,0,0.0997,0.00276,0.000379,0.165,0.558,75.556,4,205453
3O68heNIzcToJlkfqLWoSU,Lazy,0,False,3,1,6PHIK3kjWggLtVygsOtpqS,Suede,1jjN4GO9EVkkVb2WNWceqk,Coming Up (Remastered),1996-09-03,album,0.483,0.924,3,-4.965,0,0.0362,0.0221,3.36e-06,0.316,0.776,111.256,4,197493
3tBmPipzSf1gyL95sIGa2u,By the Sea,0,False,4,1,6PHIK3kjWggLtVygsOtpqS,Suede,1jjN4GO9EVkkVb2WNWceqk,Coming Up (Remastered),1996-09-03,album,0.233,0.488,9,-8.102,1,0.0315,0.622,0.00568,0.0869,0.107,156.126,4,257973
7gy7nPnne4Hmp93ryIHacP,She,0,False,5,1,6PHIK3kjWggLtVygsOtpqS,Suede,1jjN4GO9EVkkVb2WNWceqk,Coming Up (Remastered),1996-09-03,album,0.534,0.88,8,-3.583,1,0.0333,0.0966,0.00167,0.117,0.465,106.027,4,218600
0ORsyt6e6Q50SyntG9KAWv,Beautiful Ones,0,False,6,1,6PHIK3kjWggLtVygsOtpqS,Suede,1jjN4GO9EVkkVb2WNWceqk,Coming Up (Remastered),1996-09-03,album,0.539,0.981,8,-5.012,0,0.041,0.0594,0.0,0.381,0.853,99.093,4,230867
5qRZnEFbri5KwDqjfw3U2y,Saturday Night,0,False,10,1,6PHIK3kjWggLtVygsOtpqS,Suede,1jjN4GO9EVkkVb2WNWceqk,Coming Up (Remastered),1996-09-03,album,0.513,0.846,8,-6.567,1,0.0559,0.0586,0.000116,0.214,0.321,116.374,4,282227
30yu41ca1CeGgOSDOKgrMt,Europe Is Our Playground,0,False,11,1,6PHIK3kjWggLtVygsOtpqS,Suede,1jjN4GO9EVkkVb2WNWceqk,Coming Up (Remastered),1996-09-03,album,0.509,0.597,8,-9.161,0,0.0351,0.0285,0.000229,0.182,0.478,182.086,4,279213
32PKCUhmyvG7nKfiwpWcJu,Trash,0,False,1,1,6PHIK3kjWggLtVygsOtpqS,Suede,2YAZZh6cTN0sLTVBmUno0e,Coming Up (Remastered) - Deluxe Edition,1996-09-03,album,0.439,0.993,11,-2.923,1,0.1,0.000937,6.29e-05,0.285,0.157,124.609,4,245947
6wxIlBc9ZlY1RR4oObKn1s,Filmstar,0,False,2,1,6PHIK3kjWggLtVygsOtpqS,Suede,2YAZZh6cTN0sLTVBmUno0e,Coming Up (Remastered) - Deluxe Edition,1996-09-03,album,0.39,0.972,3,-5.248,0,0.0997,0.00276,0.000379,0.165,0.558,75.556,4,205453
5GNU9GxcabL4i6Dsdd6jDr,Lazy,0,False,3,1,6PHIK3kjWggLtVygsOtpqS,Suede,2YAZZh6cTN0sLTVBmUno0e,Coming Up (Remastered) - Deluxe Edition,1996-09-03,album,0.483,0.924,3,-4.965,0,0.0362,0.0221,3.36e-06,0.316,0.776,111.256,4,197493
3Om9wSDVCECzNlHkRUSGHN,By the Sea,0,False,4,1,6PHIK3kjWggLtVygsOtpqS,Suede,2YAZZh6cTN0sLTVBmUno0e,Coming Up (Remastered) - Deluxe Edition,1996-09-03,album,0.233,0.488,9,-8.102,1,0.0315,0.622,0.00568,0.0869,0.107,156.126,4,257973
5O41krY0Rdagb445pA1Wuz,She,0,False,5,1,6PHIK3kjWggLtVygsOtpqS,Suede,2YAZZh6cTN0sLTVBmUno0e,Coming Up (Remastered) - Deluxe Edition,1996-09-03,album,0.534,0.88,8,-3.583,1,0.0333,0.0966,0.00167,0.117,0.465,106.027,4,218600
6BoSsFQKKe3b0tdPWWHAop,Beautiful Ones,0,False,6,1,6PHIK3kjWggLtVygsOtpqS,Suede,2YAZZh6cTN0sLTVBmUno0e,Coming Up (Remastered) - Deluxe Edition,1996-09-03,album,0.539,0.981,8,-5.012,0,0.041,0.0594,0.0,0.381,0.853,99.093,4,230867
1LFuFiGaXmMYSs479LSIPT,Saturday Night,0,False,10,1,6PHIK3kjWggLtVygsOtpqS,Suede,2YAZZh6cTN0sLTVBmUno0e,Coming Up (Remastered) - Deluxe Edition,1996-09-03,album,0.513,0.846,8,-6.567,1,0.0559,0.0586,0.000116,0.214,0.321,116.374,4,282227
7meKbLkQzJlCi5INCw1MVz,She - Greenhouse Demo,0,False,11,1,6PHIK3kjWggLtVygsOtpqS,Suede,2YAZZh6cTN0sLTVBmUno0e,Coming Up (Remastered) - Deluxe Edition,1996-09-03,album,0.205,0.698,3,-7.004,0,0.0372,9.12e-05,2.31e-05,0.17,0.664,202.382,4,166519
3iAKO0nleugL6XVLejP1Xx,Europe Is Our Playground,0,False,21,1,6PHIK3kjWggLtVygsOtpqS,Suede,2YAZZh6cTN0sLTVBmUno0e,Coming Up (Remastered) - Deluxe Edition,1996-09-03,album,0.509,0.597,8,-9.161,0,0.0351,0.0285,0.000229,0.182,0.478,182.086,4,279213
4PO6UxS5mVA7HPJrilAb5P,Trash,0,False,1,1,6PHIK3kjWggLtVygsOtpqS,Suede,0v0WRBfrm4hgMOzOp9viTU,Coming Up (Deluxe Edition),1996-09-03,album,0.439,0.993,11,-2.923,1,0.1,0.000937,6.29e-05,0.285,0.157,124.609,4,245947
2WXhUimR5tmjFPxtmtOJQq,Filmstar,0,False,2,1,6PHIK3kjWggLtVygsOtpqS,Suede,0v0WRBfrm4hgMOzOp9viTU,Coming Up (Deluxe Edition),1996-09-03,album,0.39,0.972,3,-5.248,0,0.0997,0.00276,0.000379,0.165,0.558,75.556,4,205453
4o6CP99tpDnIvdV4ERjlbO,Lazy,0,False,3,1,6PHIK3kjWggLtVygsOtpqS,Suede,0v0WRBfrm4hgMOzOp9viTU,Coming Up (Deluxe Edition),1996-09-03,album,0.483,0.924,3,-4.965,0,0.0362,0.0221,3.36e-06,0.316,0.776,111.256,4,197493
6q1eSv57YjBaOjKP6hlkUQ,By The Sea,0,False,4,1,6PHIK3kjWggLtVygsOtpqS,Suede,0v0WRBfrm4hgMOzOp9viTU,Coming Up (Deluxe Edition),1996-09-03,album,0.233,0.488,9,-8.102,1,0.0315,0.622,0.00568,0.0869,0.107,156.126,4,257973
19XVsDpWorykmQVtU5aM0h,She,0,False,5,1,6PHIK3kjWggLtVygsOtpqS,Suede,0v0WRBfrm4hgMOzOp9viTU,Coming Up (Deluxe Edition),1996-09-03,album,0.534,0.88,8,-3.583,1,0.0333,0.0966,0.00167,0.117,0.465,106.027,4,218600
71M95RFpUvB2GGTWsHzorb,Saturday Night,0,False,10,1,6PHIK3kjWggLtVygsOtpqS,Suede,0v0WRBfrm4hgMOzOp9viTU,Coming Up (Deluxe Edition),1996-09-03,album,0.513,0.846,8,-6.567,1,0.0559,0.0586,0.000116,0.214,0.321,116.374,4,282227
6TcfdmNAEO5YHU3oTv3Tha,Stay Together,0,False,11,1,6PHIK3kjWggLtVygsOtpqS,Suede,0v0WRBfrm4hgMOzOp9viTU,Coming Up (Deluxe Edition),1996-09-03,album,0.206,0.685,3,-7.022,0,0.0362,7.83e-05,2.08e-05,0.23,0.627,202.448,4,168520
16fg01NB9siJJ9Yp2J3wvU,Europe Is Our Playground,0,False,1,2,6PHIK3kjWggLtVygsOtpqS,Suede,0v0WRBfrm4hgMOzOp9viTU,Coming Up (Deluxe Edition),1996-09-03,album,0.509,0.597,8,-9.161,0,0.0351,0.0285,0.000229,0.182,0.478,182.086,4,279213
0lQxb5jiZwkJB02n2er121,Introducing The Band,0,False,1,1,6PHIK3kjWggLtVygsOtpqS,Suede,1cqCFu2zlmy7778Q6oDXtv,Dog Man Star (Remastered),1994-10-10,album,0.152,0.721,6,-8.276,1,0.0761,0.00273,0.00308,0.0942,0.0616,187.538,4,157333
71ZWUMSGNJ43SRinsjdHDJ,We Are the Pigs,0,False,2,1,6PHIK3kjWggLtVygsOtpqS,Suede,1cqCFu2zlmy7778Q6oDXtv,Dog Man Star (Remastered),1994-10-10,album,0.343,0.754,3,-7.067,0,0.0992,0.383,1.08e-06,0.612,0.201,106.669,3,260253
7z1h0ossVhNfhK4vs0MeNZ,Heroine,0,False,3,1,6PHIK3kjWggLtVygsOtpqS,Suede,1cqCFu2zlmy7778Q6oDXtv,Dog Man Star (Remastered),1994-10-10,album,0.435,0.902,11,-6.165,1,0.0856,0.0905,0.0,0.33,0.451,111.857,4,202667
0wabH1D23huefC03ilHGIb,The Wild Ones,0,False,4,1,6PHIK3kjWggLtVygsOtpqS,Suede,1cqCFu2zlmy7778Q6oDXtv,Dog Man Star (Remastered),1994-10-10,album,0.454,0.555,3,-8.978,1,0.0267,0.603,3.24e-05,0.0479,0.377,84.722,4,290293
1MbhKIbjZyMe0JX4I6KHqe,Daddy's Speeding,0,False,5,1,6PHIK3kjWggLtVygsOtpqS,Suede,1cqCFu2zlmy7778Q6oDXtv,Dog Man Star (Remastered),1994-10-10,album,0.399,0.321,11,-15.113,1,0.03,0.644,8.53e-05,0.0992,0.149,94.978,4,321973
7kMMmSRbltqLDgZ8VROEQX,The Power,0,False,6,1,6PHIK3kjWggLtVygsOtpqS,Suede,1cqCFu2zlmy7778Q6oDXtv,Dog Man Star (Remastered),1994-10-10,album,0.427,0.632,9,-9.435,1,0.0311,0.283,3.49e-05,0.415,0.614,74.857,4,271693
1PUUyaWNOCNI808zHuNx5G,New Generation,0,False,7,1,6PHIK3kjWggLtVygsOtpqS,Suede,1cqCFu2zlmy7778Q6oDXtv,Dog Man Star (Remastered),1994-10-10,album,0.433,0.792,1,-7.72,1,0.0424,0.0983,2.43e-05,0.271,0.411,123.727,4,277840
6ljoiUnTNI4w3dHcspUFvR,This Hollywood Life,0,False,8,1,6PHIK3kjWggLtVygsOtpqS,Suede,1cqCFu2zlmy7778Q6oDXtv,Dog Man Star (Remastered),1994-10-10,album,0.252,0.795,6,-6.408,1,0.0534,0.509,1.53e-06,0.293,0.317,130.064,3,230427
1ppnBnxleArfX3Qm5QTDYq,The 2 of Us,0,False,9,1,6PHIK3kjWggLtVygsOtpqS,Suede,1cqCFu2zlmy7778Q6oDXtv,Dog Man Star (Remastered),1994-10-10,album,0.359,0.308,0,-12.356,1,0.0337,0.947,0.00392,0.0613,0.11,140.111,4,345600
3Db7B7gOKf5ZWQ1wV0duAs,Black Or Blue,0,False,10,1,6PHIK3kjWggLtVygsOtpqS,Suede,1cqCFu2zlmy7778Q6oDXtv,Dog Man Star (Remastered),1994-10-10,album,0.4,0.139,1,-13.337,1,0.0305,0.855,6.76e-05,0.133,0.144,88.318,4,228640
1cAMEPesFA2033P6xiLQ1j,The Asphalt World,0,False,11,1,6PHIK3kjWggLtVygsOtpqS,Suede,1cqCFu2zlmy7778Q6oDXtv,Dog Man Star (Remastered),1994-10-10,album,0.274,0.726,4,-9.504,0,0.114,0.0847,0.000595,0.169,0.0592,143.659,4,565293
0QmRHCKtVmcQKPNrWYYCZ6,Still Life,0,False,12,1,6PHIK3kjWggLtVygsOtpqS,Suede,1cqCFu2zlmy7778Q6oDXtv,Dog Man Star (Remastered),1994-10-10,album,0.112,0.4,1,-9.933,1,0.0323,0.469,0.107,0.114,0.149,184.468,4,329040
1lhkzXdhYyxJinWDopBFvx,Introducing The Band,0,False,1,1,6PHIK3kjWggLtVygsOtpqS,Suede,2C99KL6TvQuetUMKS6Nqst,Dog Man Star (Remastered) - Deluxe Edition,1994-10-10,album,0.152,0.721,6,-8.276,1,0.0761,0.00273,0.00308,0.0942,0.0616,187.538,4,157333
411ctggVYhlD3SFsf3Vst9,We Are the Pigs,0,False,2,1,6PHIK3kjWggLtVygsOtpqS,Suede,2C99KL6TvQuetUMKS6Nqst,Dog Man Star (Remastered) - Deluxe Edition,1994-10-10,album,0.343,0.754,3,-7.067,0,0.0992,0.383,1.08e-06,0.612,0.201,106.669,3,260253
2O39H5XQxkviEtw1MzsWUk,Heroine,0,False,3,1,6PHIK3kjWggLtVygsOtpqS,Suede,2C99KL6TvQuetUMKS6Nqst,Dog Man Star (Remastered) - Deluxe Edition,1994-10-10,album,0.435,0.902,11,-6.165,1,0.0856,0.0905,0.0,0.33,0.451,111.857,4,202667
4Bgx5Alx9d5j3TozFwB9hr,The Wild Ones,0,False,4,1,6PHIK3kjWggLtVygsOtpqS,Suede,2C99KL6TvQuetUMKS6Nqst,Dog Man Star (Remastered) - Deluxe Edition,1994-10-10,album,0.454,0.555,3,-8.978,1,0.0267,0.603,3.24e-05,0.0479,0.377,84.722,4,290293
1fPjP4GiV5AvE5dTgJhin8,Daddy's Speeding,0,False,5,1,6PHIK3kjWggLtVygsOtpqS,Suede,2C99KL6TvQuetUMKS6Nqst,Dog Man Star (Remastered) - Deluxe Edition,1994-10-10,album,0.399,0.321,11,-15.113,1,0.03,0.644,8.53e-05,0.0992,0.149,94.978,4,321973
38Du6rpK6rzsWPkN2LIwwc,The Power,0,False,6,1,6PHIK3kjWggLtVygsOtpqS,Suede,2C99KL6TvQuetUMKS6Nqst,Dog Man Star (Remastered) - Deluxe Edition,1994-10-10,album,0.427,0.632,9,-9.435,1,0.0311,0.283,3.49e-05,0.415,0.614,74.857,4,271693
0MBjHE9gk6OwnYpebVX0eb,New Generation,0,False,7,1,6PHIK3kjWggLtVygsOtpqS,Suede,2C99KL6TvQuetUMKS6Nqst,Dog Man Star (Remastered) - Deluxe Edition,1994-10-10,album,0.433,0.792,1,-7.72,1,0.0424,0.0983,2.43e-05,0.271,0.411,123.727,4,277840
6I2vfk4Hu5N2EmSqNKtRX2,This Hollywood Life,0,False,8,1,6PHIK3kjWggLtVygsOtpqS,Suede,2C99KL6TvQuetUMKS6Nqst,Dog Man Star (Remastered) - Deluxe Edition,1994-10-10,album,0.252,0.795,6,-6.408,1,0.0534,0.509,1.53e-06,0.293,0.317,130.064,3,230427
4sL46rzwhJtKjGaDQN5RrK,The 2 of Us,0,False,9,1,6PHIK3kjWggLtVygsOtpqS,Suede,2C99KL6TvQuetUMKS6Nqst,Dog Man Star (Remastered) - Deluxe Edition,1994-10-10,album,0.359,0.308,0,-12.356,1,0.0337,0.947,0.00392,0.0613,0.11,140.111,4,345600
5l2sB6g7cN6jV3JBEnzJz7,Black Or Blue,0,False,10,1,6PHIK3kjWggLtVygsOtpqS,Suede,2C99KL6TvQuetUMKS6Nqst,Dog Man Star (Remastered) - Deluxe Edition,1994-10-10,album,0.4,0.139,1,-13.337,1,0.0305,0.855,6.76e-05,0.133,0.144,88.318,4,228640
4i4ExOnOURHO9JtUbXYpmf,The Asphalt World,0,False,11,1,6PHIK3kjWggLtVygsOtpqS,Suede,2C99KL6TvQuetUMKS6Nqst,Dog Man Star (Remastered) - Deluxe Edition,1994-10-10,album,0.274,0.726,4,-9.504,0,0.114,0.0847,0.000595,0.169,0.0592,143.659,4,565293
0iMq6VVVocXJfRMixASNzp,Still Life,0,False,12,1,6PHIK3kjWggLtVygsOtpqS,Suede,2C99KL6TvQuetUMKS6Nqst,Dog Man Star (Remastered) - Deluxe Edition,1994-10-10,album,0.112,0.4,1,-9.933,1,0.0323,0.469,0.107,0.114,0.149,184.468,4,329040
1IALPUUXJ3tM60QLIzvdWd,The 2 Of Us - Four Track Demo,0,False,17,1,6PHIK3kjWggLtVygsOtpqS,Suede,2C99KL6TvQuetUMKS6Nqst,Dog Man Star (Remastered) - Deluxe Edition,1994-10-10,album,0.383,0.575,0,-6.345,1,0.0277,0.86,0.724,0.43,0.223,75.554,4,400013
2SBlWRDyI89WN1JYim5rnM,Stay Together,0,False,20,1,6PHIK3kjWggLtVygsOtpqS,Suede,2C99KL6TvQuetUMKS6Nqst,Dog Man Star (Remastered) - Deluxe Edition,1994-10-10,album,0.309,0.865,1,-5.863,0,0.0795,0.491,0.000113,0.0719,0.299,87.708,4,446333
6XqUz1Nuh5gO76TRnTctFy,Whipsnade,0,False,22,1,6PHIK3kjWggLtVygsOtpqS,Suede,2C99KL6TvQuetUMKS6Nqst,Dog Man Star (Remastered) - Deluxe Edition,1994-10-10,album,0.546,0.736,8,-8.54,1,0.0407,0.65,7.06e-06,0.0697,0.446,112.912,4,260960
1KWLAEck9s9CrEpydc11hh,The Living Dead - Piano Version,0,False,27,1,6PHIK3kjWggLtVygsOtpqS,Suede,2C99KL6TvQuetUMKS6Nqst,Dog Man Star (Remastered) - Deluxe Edition,1994-10-10,album,0.375,0.115,11,-17.327,1,0.0387,0.835,3.57e-06,0.107,0.116,111.639,4,167147
6qr6JI6C961k6fhaon6G7y,Still Life - Orchestral Version,0,False,29,1,6PHIK3kjWggLtVygsOtpqS,Suede,2C99KL6TvQuetUMKS6Nqst,Dog Man Star (Remastered) - Deluxe Edition,1994-10-10,album,0.258,0.2,1,-14.255,1,0.0354,0.828,0.928,0.117,0.0388,92.56,4,314453
1gcdPcOND3bW8jtnXM30Yh,The Wild Ones - Original Unedited Version,0,False,30,1,6PHIK3kjWggLtVygsOtpqS,Suede,2C99KL6TvQuetUMKS6Nqst,Dog Man Star (Remastered) - Deluxe Edition,1994-10-10,album,0.359,0.595,3,-11.023,1,0.033,0.25,0.00013,0.234,0.385,169.12,4,437373
7tU7XWSaMv1VR8BMF7hnGR,The Asphalt World - Original Unedited Version,0,False,31,1,6PHIK3kjWggLtVygsOtpqS,Suede,2C99KL6TvQuetUMKS6Nqst,Dog Man Star (Remastered) - Deluxe Edition,1994-10-10,album,0.288,0.762,8,-10.651,0,0.092,0.0153,0.00263,0.116,0.106,139.209,4,686907
7pTx5OEWx9vCBKW3oSo45J,My Dark Star,0,False,6,2,6PHIK3kjWggLtVygsOtpqS,Suede,3mLHmkyGOQf0Ji91yUOJkT,Dog Man Star (Remastered) [Deluxe Edition],1994-10-10,album,0.514,0.693,11,-6.406,1,0.03,0.0635,7.05e-06,0.086,0.26,109.824,4,263497
76WMkh7iVltXQotCQdMh0R,The Living Dead,0,False,7,2,6PHIK3kjWggLtVygsOtpqS,Suede,3mLHmkyGOQf0Ji91yUOJkT,Dog Man Star (Remastered) [Deluxe Edition],1994-10-10,album,0.425,0.246,11,-11.13,1,0.0278,0.719,0.000288,0.107,0.285,105.664,4,168194
4YFaX1FjjekMUHRIQ06zCE,Modern Boys,0,False,12,2,6PHIK3kjWggLtVygsOtpqS,Suede,3mLHmkyGOQf0Ji91yUOJkT,Dog Man Star (Remastered) [Deluxe Edition],1994-10-10,album,0.576,0.835,11,-6.662,1,0.0286,0.176,2.52e-05,0.0998,0.737,104.143,4,247836
4WS8Zo9iSJbJRnoszDal0Z,Introducing The Band,0,False,1,1,6PHIK3kjWggLtVygsOtpqS,Suede,7nn1gmiiywBul10LxUppyb,Dogman Star,1994-10-10,album,0.153,0.721,6,-8.276,1,0.0762,0.00273,0.0031,0.0942,0.0616,187.543,4,157333
4URHdzPYVDLqsF9uchKoKa,We Are The Pigs,0,False,2,1,6PHIK3kjWggLtVygsOtpqS,Suede,7nn1gmiiywBul10LxUppyb,Dogman Star,1994-10-10,album,0.372,0.75,3,-7.067,0,0.0957,0.383,1.04e-06,0.612,0.201,106.665,3,260253
34HPTOBibkFNmMZHsFlKm3,The Wild Ones,0,False,4,1,6PHIK3kjWggLtVygsOtpqS,Suede,7nn1gmiiywBul10LxUppyb,Dogman Star,1994-10-10,album,0.453,0.558,3,-8.976,1,0.0268,0.599,3.28e-05,0.0479,0.395,84.817,4,290293
0Glxp8Y9FbsOehyLJ9fOOJ,Daddy's Speeding,0,False,5,1,6PHIK3kjWggLtVygsOtpqS,Suede,7nn1gmiiywBul10LxUppyb,Dogman Star,1994-10-10,album,0.399,0.321,11,-15.113,1,0.03,0.645,8.6e-05,0.0992,0.149,94.978,4,321973
2gV76JQ35I4AyPiuY4XiMf,The Power,0,False,6,1,6PHIK3kjWggLtVygsOtpqS,Suede,7nn1gmiiywBul10LxUppyb,Dogman Star,1994-10-10,album,0.427,0.632,9,-9.435,1,0.0311,0.277,3.46e-05,0.415,0.614,74.858,4,271693
1j21T779nuX8gB5FLPPEDb,New Generation,0,False,7,1,6PHIK3kjWggLtVygsOtpqS,Suede,7nn1gmiiywBul10LxUppyb,Dogman Star,1994-10-10,album,0.434,0.791,1,-7.721,1,0.0427,0.101,2.26e-05,0.271,0.395,123.725,4,277840
7y0u4o22ViYDsQfIrtHabu,This Hollywood Life,0,False,8,1,6PHIK3kjWggLtVygsOtpqS,Suede,7nn1gmiiywBul10LxUppyb,Dogman Star,1994-10-10,album,0.237,0.795,6,-6.408,1,0.0545,0.509,1.52e-06,0.293,0.314,129.406,3,230427
1cOOuQh47dRl30TPQ8ConI,The 2 Of Us,0,False,9,1,6PHIK3kjWggLtVygsOtpqS,Suede,7nn1gmiiywBul10LxUppyb,Dogman Star,1994-10-10,album,0.359,0.308,0,-12.356,1,0.0338,0.948,0.0041,0.0613,0.11,140.244,4,345600
2oZeyYy2rPbonvyrAlBH1d,Black Or Blue,0,False,10,1,6PHIK3kjWggLtVygsOtpqS,Suede,7nn1gmiiywBul10LxUppyb,Dogman Star,1994-10-10,album,0.41,0.139,1,-13.335,1,0.0305,0.856,6.55e-05,0.133,0.151,88.597,4,228640
3wCZ7YVflNYRxrzunyaBCM,The Asphalt World,0,False,11,1,6PHIK3kjWggLtVygsOtpqS,Suede,7nn1gmiiywBul10LxUppyb,Dogman Star,1994-10-10,album,0.276,0.726,4,-9.502,0,0.114,0.0844,0.000598,0.169,0.0586,143.511,4,565293
2RcMLnu6jPR1tjtEGFL0V6,Still Life,0,False,12,1,6PHIK3kjWggLtVygsOtpqS,Suede,7nn1gmiiywBul10LxUppyb,Dogman Star,1994-10-10,album,0.113,0.399,1,-9.933,1,0.0321,0.467,0.106,0.114,0.148,184.144,4,329040
7Em7JzsjEyHCopFhvSf4y9,My Dark Star,0,False,6,2,6PHIK3kjWggLtVygsOtpqS,Suede,2E3dnrJMbukEc41m5CpYJq,Dog Man Star (Remastered) (Deluxe Edition),1994-10-10,album,0.514,0.693,11,-6.406,1,0.03,0.0645,7.05e-06,0.086,0.26,109.825,4,263497
4E252m6USUZRjfmbUraDiD,The Living Dead,0,False,7,2,6PHIK3kjWggLtVygsOtpqS,Suede,2E3dnrJMbukEc41m5CpYJq,Dog Man Star (Remastered) (Deluxe Edition),1994-10-10,album,0.425,0.246,11,-11.13,1,0.0278,0.719,0.000288,0.107,0.285,105.658,4,168194
3ZUoxxQEwQkRwGud2PDL9w,Killing of a Flashboy,0,False,9,2,6PHIK3kjWggLtVygsOtpqS,Suede,2E3dnrJMbukEc41m5CpYJq,Dog Man Star (Remastered) (Deluxe Edition),1994-10-10,album,0.406,0.882,3,-6.393,0,0.0636,0.151,0.0,0.476,0.78,111.885,4,245281
0gndsZQ2rVqzvsS6EoGme5,Modern Boys,0,False,12,2,6PHIK3kjWggLtVygsOtpqS,Suede,2E3dnrJMbukEc41m5CpYJq,Dog Man Star (Remastered) (Deluxe Edition),1994-10-10,album,0.577,0.834,11,-6.662,1,0.0285,0.175,2.55e-05,0.0998,0.737,104.149,4,247836
7c6qghbrY61eSlJ80CU3dc,Introducing The Band,0,False,1,1,6PHIK3kjWggLtVygsOtpqS,Suede,3quXG2hZOubOJiqZ4nFIja,Dog Man Star (Deluxe Edition),1994-10-10,album,0.153,0.721,6,-8.276,1,0.0762,0.00273,0.0031,0.0942,0.0616,187.543,4,157333
5zuhSmvoxubmoDhcGCH4c5,We Are The Pigs,0,False,2,1,6PHIK3kjWggLtVygsOtpqS,Suede,3quXG2hZOubOJiqZ4nFIja,Dog Man Star (Deluxe Edition),1994-10-10,album,0.372,0.75,3,-7.067,0,0.0957,0.383,1.04e-06,0.612,0.201,106.665,3,260253
53cjiP89PwnzSZDzS14ZEX,Heroine,0,False,3,1,6PHIK3kjWggLtVygsOtpqS,Suede,3quXG2hZOubOJiqZ4nFIja,Dog Man Star (Deluxe Edition),1994-10-10,album,0.435,0.901,11,-6.165,1,0.0875,0.0905,0.0,0.33,0.451,111.883,4,202667
76ZBD1FwpOVAyTs3gfBx9x,The Wild Ones,0,False,4,1,6PHIK3kjWggLtVygsOtpqS,Suede,3quXG2hZOubOJiqZ4nFIja,Dog Man Star (Deluxe Edition),1994-10-10,album,0.453,0.558,3,-8.976,1,0.0268,0.599,3.28e-05,0.0479,0.395,84.817,4,290293
3DBxAhpDQalccAyQmSAPrI,Daddy's Speeding,0,False,5,1,6PHIK3kjWggLtVygsOtpqS,Suede,3quXG2hZOubOJiqZ4nFIja,Dog Man Star (Deluxe Edition),1994-10-10,album,0.399,0.321,11,-15.113,1,0.03,0.645,8.6e-05,0.0992,0.149,94.978,4,321973
5IkAC9rVYUGSPsiNPDAbkl,The Power,0,False,6,1,6PHIK3kjWggLtVygsOtpqS,Suede,3quXG2hZOubOJiqZ4nFIja,Dog Man Star (Deluxe Edition),1994-10-10,album,0.427,0.632,9,-9.435,1,0.0311,0.277,3.46e-05,0.415,0.614,74.858,4,271693
2QfeCdcfGCnfp9nX2mYO7W,New Generation,0,False,7,1,6PHIK3kjWggLtVygsOtpqS,Suede,3quXG2hZOubOJiqZ4nFIja,Dog Man Star (Deluxe Edition),1994-10-10,album,0.434,0.791,1,-7.721,1,0.0427,0.101,2.26e-05,0.271,0.395,123.725,4,277840
1xLP79BMKePslflv7pvhP6,This Hollywood Life,0,False,8,1,6PHIK3kjWggLtVygsOtpqS,Suede,3quXG2hZOubOJiqZ4nFIja,Dog Man Star (Deluxe Edition),1994-10-10,album,0.237,0.795,6,-6.408,1,0.0545,0.509,1.52e-06,0.293,0.314,129.406,3,230427
50HwTFphKQqIUwRZzsoSjb,The 2 Of Us,0,False,9,1,6PHIK3kjWggLtVygsOtpqS,Suede,3quXG2hZOubOJiqZ4nFIja,Dog Man Star (Deluxe Edition),1994-10-10,album,0.359,0.308,0,-12.356,1,0.0338,0.948,0.0041,0.0613,0.11,140.244,4,345600
4QFn725RoBO7i8vbzE17Je,Black Or Blue,0,False,10,1,6PHIK3kjWggLtVygsOtpqS,Suede,3quXG2hZOubOJiqZ4nFIja,Dog Man Star (Deluxe Edition),1994-10-10,album,0.41,0.139,1,-13.335,1,0.0305,0.856,6.55e-05,0.133,0.151,88.597,4,228640
2wZqTGDnFH3zXIDXPXr1aB,The Asphalt World,0,False,11,1,6PHIK3kjWggLtVygsOtpqS,Suede,3quXG2hZOubOJiqZ4nFIja,Dog Man Star (Deluxe Edition),1994-10-10,album,0.276,0.726,4,-9.502,0,0.114,0.0844,0.000598,0.169,0.0586,143.511,4,565293
1uT1fk3CGQipQ7lztiIYSh,Still Life,0,False,12,1,6PHIK3kjWggLtVygsOtpqS,Suede,3quXG2hZOubOJiqZ4nFIja,Dog Man Star (Deluxe Edition),1994-10-10,album,0.113,0.399,1,-9.933,1,0.0321,0.467,0.106,0.114,0.148,184.144,4,329040
7MgpPsPujkbNjakvNlIxMv,Squidgy Bun (Introducing The Band) - Four Track Demo,0,False,13,1,6PHIK3kjWggLtVygsOtpqS,Suede,3quXG2hZOubOJiqZ4nFIja,Dog Man Star (Deluxe Edition),1994-10-10,album,0.379,0.657,1,-10.45,1,0.0516,0.944,0.766,0.381,0.366,95.64,4,156947
6Krr5aeNTvEZCTAazuoWb8,Ken [The Wild Ones] - Four Track Demo,0,False,14,1,6PHIK3kjWggLtVygsOtpqS,Suede,3quXG2hZOubOJiqZ4nFIja,Dog Man Star (Deluxe Edition),1994-10-10,album,0.377,0.687,3,-7.709,1,0.0433,0.615,0.0033,0.32,0.429,83.621,4,339960
5yN0JbnEZZk2ChnAZKaxxw,A Man's Song [Heroine] - Four Track Demo,0,False,15,1,6PHIK3kjWggLtVygsOtpqS,Suede,3quXG2hZOubOJiqZ4nFIja,Dog Man Star (Deluxe Edition),1994-10-10,album,0.123,0.972,9,-4.179,0,0.117,0.745,0.315,0.327,0.0753,204.489,4,174813
7MEo18jWW5Snb5aPUCoZdp,Banana Youth [The Power] - Four Track Demo,0,False,16,1,6PHIK3kjWggLtVygsOtpqS,Suede,3quXG2hZOubOJiqZ4nFIja,Dog Man Star (Deluxe Edition),1994-10-10,album,0.397,0.7,5,-8.24,0,0.0411,0.272,0.000951,0.625,0.402,74.639,4,241453
77q6pb6Wgbltae5zgpsUuO,The 2 Of Us - Four Track Demo [New],0,False,17,1,6PHIK3kjWggLtVygsOtpqS,Suede,3quXG2hZOubOJiqZ4nFIja,Dog Man Star (Deluxe Edition),1994-10-10,album,0.384,0.575,0,-6.345,1,0.0288,0.859,0.723,0.43,0.217,75.564,4,400013
3P6O6ZnE9cGgqen662YIqU,My Dark Star,0,False,1,2,6PHIK3kjWggLtVygsOtpqS,Suede,3quXG2hZOubOJiqZ4nFIja,Dog Man Star (Deluxe Edition),1994-10-10,album,0.519,0.692,11,-6.398,1,0.0294,0.0834,2.02e-05,0.0971,0.241,109.808,4,266493
0YN5g0LGomu7w3VDOVDUNw,The Living Dead,0,False,2,2,6PHIK3kjWggLtVygsOtpqS,Suede,3quXG2hZOubOJiqZ4nFIja,Dog Man Star (Deluxe Edition),1994-10-10,album,0.427,0.25,11,-11.162,1,0.0277,0.721,0.00124,0.0973,0.289,105.72,4,170200
1QAB6zo535DRBPuqiq1Elu,Stay Together,0,False,3,2,6PHIK3kjWggLtVygsOtpqS,Suede,3quXG2hZOubOJiqZ4nFIja,Dog Man Star (Deluxe Edition),1994-10-10,album,0.314,0.866,1,-5.863,0,0.0777,0.491,0.000103,0.0719,0.296,87.905,4,446333
37rrLPbuF0cKivnCD5PIvl,Killing Of A Flash Boy,0,False,4,2,6PHIK3kjWggLtVygsOtpqS,Suede,3quXG2hZOubOJiqZ4nFIja,Dog Man Star (Deluxe Edition),1994-10-10,album,0.405,0.885,3,-6.373,0,0.0658,0.135,0.0,0.57,0.805,111.891,4,247280
0QwLOzca1An8jcI0SxsX5H,Whipsnade,0,False,5,2,6PHIK3kjWggLtVygsOtpqS,Suede,3quXG2hZOubOJiqZ4nFIja,Dog Man Star (Deluxe Edition),1994-10-10,album,0.545,0.737,8,-8.542,1,0.0406,0.651,6.69e-06,0.0697,0.459,112.914,4,260960
3oYfzSO33r8NbeHI0JLSij,This World Needs A Father,0,False,6,2,6PHIK3kjWggLtVygsOtpqS,Suede,3quXG2hZOubOJiqZ4nFIja,Dog Man Star (Deluxe Edition),1994-10-10,album,0.428,0.765,6,-5.649,1,0.041,0.198,1.16e-06,0.121,0.425,104.783,3,235240
6Q4Q4awuTp0BUsCQwh4IJl,Modern Boys,0,False,7,2,6PHIK3kjWggLtVygsOtpqS,Suede,3quXG2hZOubOJiqZ4nFIja,Dog Man Star (Deluxe Edition),1994-10-10,album,0.564,0.816,11,-7.12,1,0.0291,0.184,1.47e-05,0.125,0.718,104.166,4,248840
3Yk6bpv6CnijoRqYIXzPet,Eno's Introducing The Band,0,False,8,2,6PHIK3kjWggLtVygsOtpqS,Suede,3quXG2hZOubOJiqZ4nFIja,Dog Man Star (Deluxe Edition),1994-10-10,album,0.168,0.236,1,-17.264,1,0.0345,0.643,0.921,0.121,0.0276,101.939,4,965000
4WRPpI3wBKROp1yYu9PDiX,La Puissance [The Power],0,False,9,2,6PHIK3kjWggLtVygsOtpqS,Suede,3quXG2hZOubOJiqZ4nFIja,Dog Man Star (Deluxe Edition),1994-10-10,album,0.565,0.395,8,-10.634,1,0.0348,0.431,0.0,0.0717,0.778,73.119,4,83947
3Sbga2JZO35HTJKEurOuQF,The Living Dead - Piano Version,0,False,10,2,6PHIK3kjWggLtVygsOtpqS,Suede,3quXG2hZOubOJiqZ4nFIja,Dog Man Star (Deluxe Edition),1994-10-10,album,0.386,0.114,11,-17.325,1,0.0376,0.837,3.57e-06,0.107,0.121,111.813,4,167147
0alh3LaKQzFqsu6C7ANbhg,We Believe in Showbiz,0,False,11,2,6PHIK3kjWggLtVygsOtpqS,Suede,3quXG2hZOubOJiqZ4nFIja,Dog Man Star (Deluxe Edition),1994-10-10,album,0.322,0.734,7,-8.334,0,0.0582,0.376,2.03e-06,0.0821,0.438,137.763,4,227027
2AKtW7vW7meWYOZdslsiIh,Still Life - Orchestral Version,0,False,12,2,6PHIK3kjWggLtVygsOtpqS,Suede,3quXG2hZOubOJiqZ4nFIja,Dog Man Star (Deluxe Edition),1994-10-10,album,0.142,0.2,1,-14.259,1,0.0355,0.828,0.926,0.117,0.0389,92.507,4,314453
6YLPcJo8akgSom3UziAuAF,The Wild Ones - Original Unedited Version,0,False,13,2,6PHIK3kjWggLtVygsOtpqS,Suede,3quXG2hZOubOJiqZ4nFIja,Dog Man Star (Deluxe Edition),1994-10-10,album,0.359,0.594,8,-11.023,1,0.0339,0.247,0.000124,0.234,0.382,169.157,4,437373
036hH3A8LtepMRipBSfbcb,The Asphalt World - Original Unedited Version,0,False,14,2,6PHIK3kjWggLtVygsOtpqS,Suede,3quXG2hZOubOJiqZ4nFIja,Dog Man Star (Deluxe Edition),1994-10-10,album,0.289,0.762,8,-10.653,0,0.0918,0.0155,0.00256,0.116,0.104,139.184,4,686907
5ZajGVoBAlSX9tJl3phrTg,So Young,44,False,1,1,6PHIK3kjWggLtVygsOtpqS,Suede,7fNhHmUzHutNE3qlVruSvR,Suede (25th Anniversary Edition),1993-03-29,album,0.316,0.897,8,-6.385,0,0.0788,0.492,8.13e-06,0.202,0.512,116.051,4,219036
3Cf6hpnrWfhGA59IK4E8F8,Animal Nitrate,50,False,2,1,6PHIK3kjWggLtVygsOtpqS,Suede,7fNhHmUzHutNE3qlVruSvR,Suede (25th Anniversary Edition),1993-03-29,album,0.283,0.91,6,-5.301,1,0.0431,0.506,0.0,0.108,0.331,100.928,4,207762
2HnQRaQWuGksNhXouQTCMf,She's Not Dead,23,True,3,1,6PHIK3kjWggLtVygsOtpqS,Suede,7fNhHmUzHutNE3qlVruSvR,Suede (25th Anniversary Edition),1993-03-29,album,0.359,0.596,10,-9.091,0,0.0272,0.494,0.000163,0.132,0.103,102.838,4,275340
0HZsiDG2GZ6D7J6n0PGRYw,Moving,21,False,4,1,6PHIK3kjWggLtVygsOtpqS,Suede,7fNhHmUzHutNE3qlVruSvR,Suede (25th Anniversary Edition),1993-03-29,album,0.194,0.92,8,-3.958,1,0.0719,0.0812,3.4e-06,0.0675,0.534,156.606,4,170520
0Nkp2Jfri14l75P9OUctfR,The Drowners,35,False,6,1,6PHIK3kjWggLtVygsOtpqS,Suede,7fNhHmUzHutNE3qlVruSvR,Suede (25th Anniversary Edition),1993-03-29,album,0.457,0.85,1,-7.057,1,0.0336,0.000191,0.0,0.341,0.804,148.109,4,251486
43g6UzyhoaO8F3lssWspKM,Sleeping Pills,24,False,7,1,6PHIK3kjWggLtVygsOtpqS,Suede,7fNhHmUzHutNE3qlVruSvR,Suede (25th Anniversary Edition),1993-03-29,album,0.258,0.465,8,-9.282,1,0.0313,0.708,1.91e-06,0.337,0.108,134.112,4,230891
52lfpKXK2xRFXHMBHgNc9v,Breakdown,20,False,8,1,6PHIK3kjWggLtVygsOtpqS,Suede,7fNhHmUzHutNE3qlVruSvR,Suede (25th Anniversary Edition),1993-03-29,album,0.333,0.416,8,-9.316,1,0.029,0.618,0.0141,0.0801,0.102,131.945,4,364159
5uSzzS2WO1DGFLXpVbB0tW,Metal Mickey,33,False,9,1,6PHIK3kjWggLtVygsOtpqS,Suede,7fNhHmUzHutNE3qlVruSvR,Suede (25th Anniversary Edition),1993-03-29,album,0.481,0.957,1,-5.992,1,0.0511,0.00224,0.00317,0.09,0.605,110.498,4,210924
6T5SwZocEDMhFKdDAuhf3Q,Animal Lover,21,False,10,1,6PHIK3kjWggLtVygsOtpqS,Suede,7fNhHmUzHutNE3qlVruSvR,Suede (25th Anniversary Edition),1993-03-29,album,0.256,0.94,6,-4.742,0,0.0773,0.222,0.0,0.0692,0.284,125.778,4,258156
7swmngFLmnhMa2fCx7tcM3,The Next Life,20,False,11,1,6PHIK3kjWggLtVygsOtpqS,Suede,7fNhHmUzHutNE3qlVruSvR,Suede (25th Anniversary Edition),1993-03-29,album,0.314,0.234,7,-12.169,1,0.0298,0.873,2.86e-06,0.0957,0.0863,141.673,3,208080
66a7x6ckPq1lt4ctQXO8xR,My Insatiable One (Piano Version),10,False,20,1,6PHIK3kjWggLtVygsOtpqS,Suede,7fNhHmUzHutNE3qlVruSvR,Suede (25th Anniversary Edition),1993-03-29,album,0.587,0.296,8,-10.259,1,0.0271,0.738,0.0,0.203,0.195,79.442,4,167920
4OmzEAZcmUXU7GnX72VQyd,"The Drowners - Rocking Horse Demo, August 1991",10,False,1,2,6PHIK3kjWggLtVygsOtpqS,Suede,7fNhHmUzHutNE3qlVruSvR,Suede (25th Anniversary Edition),1993-03-29,album,0.2,0.61,3,-7.26,0,0.04,0.0,0.26,0.19,0.58,146.92,4,238000
7ad6GbAyE6pSoUqyxfYrkO,"He's Dead - Rocking Horse Demo, August 1991",7,False,2,2,6PHIK3kjWggLtVygsOtpqS,Suede,7fNhHmUzHutNE3qlVruSvR,Suede (25th Anniversary Edition),1993-03-29,album,0.25,0.94,10,-5.61,0,0.09,0.0,0.97,0.73,0.46,117.09,4,250000
4Ayd463DYet8Kby2cBmd0H,"Moving - Rocking Horse Demo, August 1991",7,False,3,2,6PHIK3kjWggLtVygsOtpqS,Suede,7fNhHmUzHutNE3qlVruSvR,Suede (25th Anniversary Edition),1993-03-29,album,0.15,0.88,9,-3.83,1,0.08,0.0,0.86,0.23,0.63,154.38,4,179000
1uVaKxQ11IngzBlLjKNQed,"To the Birds - Rocking Horse Demo, August 1991",7,False,4,2,6PHIK3kjWggLtVygsOtpqS,Suede,7fNhHmUzHutNE3qlVruSvR,Suede (25th Anniversary Edition),1993-03-29,album,0.09,0.7,6,-5.96,1,0.04,0.0,0.36,0.34,0.28,165.53,4,317000
1fZFUtfYaeVHvsqH4XwlFW,Metal Mickey - Island Demo,8,False,5,2,6PHIK3kjWggLtVygsOtpqS,Suede,7fNhHmUzHutNE3qlVruSvR,Suede (25th Anniversary Edition),1993-03-29,album,0.32,0.97,3,-4.55,0,0.11,0.0,0.0,0.1,0.42,109.98,4,157000
20D9BUVUF5EqkloNjNAe0s,Pantomime Horse - Island Demo,6,False,6,2,6PHIK3kjWggLtVygsOtpqS,Suede,7fNhHmUzHutNE3qlVruSvR,Suede (25th Anniversary Edition),1993-03-29,album,0.27,0.65,8,-7.64,1,0.06,0.02,0.0,0.2,0.18,122.16,3,339000
6V1oacvpxU3gzkaeHpHgsm,My Insatiable One (Monitor Mix),7,True,7,2,6PHIK3kjWggLtVygsOtpqS,Suede,7fNhHmUzHutNE3qlVruSvR,Suede (25th Anniversary Edition),1993-03-29,album,0.405,0.755,1,-4.961,1,0.0312,0.527,0.0,0.12,0.316,80.133,4,178760
2wdZ4da2982cdvCGqUn6oV,The Drowners - Monitor Mix,7,False,8,2,6PHIK3kjWggLtVygsOtpqS,Suede,7fNhHmUzHutNE3qlVruSvR,Suede (25th Anniversary Edition),1993-03-29,album,0.418,0.927,1,-4.656,1,0.0619,0.0843,0.0,0.12,0.469,149.143,4,253867
3aXRygKB3WkQU4xJc0R1TC,To the Birds - Monitor Mix,6,True,9,2,6PHIK3kjWggLtVygsOtpqS,Suede,7fNhHmUzHutNE3qlVruSvR,Suede (25th Anniversary Edition),1993-03-29,album,0.19,0.714,1,-4.973,1,0.0387,0.13,0.000887,0.0744,0.437,169.965,4,315853
6O9y979CEuR7qepGYTDAGL,Sleeping Pills - East West Demo,6,False,10,2,6PHIK3kjWggLtVygsOtpqS,Suede,7fNhHmUzHutNE3qlVruSvR,Suede (25th Anniversary Edition),1993-03-29,album,0.52,0.44,8,-8.92,1,0.03,0.17,0.0,0.11,0.15,129.28,4,236000
1BKsGJj4mWMjJECcd2YoNn,"The Drowners - Rough Mix, March 1992",6,False,11,2,6PHIK3kjWggLtVygsOtpqS,Suede,7fNhHmUzHutNE3qlVruSvR,Suede (25th Anniversary Edition),1993-03-29,album,0.454,0.957,1,-3.853,0,0.0748,0.184,0.000168,0.141,0.378,75.867,4,253947
2XtpfAj0HcOTavPrqMbHva,"To the Birds - Rough Mix, March 1992",6,False,12,2,6PHIK3kjWggLtVygsOtpqS,Suede,7fNhHmUzHutNE3qlVruSvR,Suede (25th Anniversary Edition),1993-03-29,album,0.166,0.841,1,-5.07,0,0.052,0.329,3.41e-06,0.107,0.426,173.419,4,311867
3jRo7KvUvP9F6eBofB7OXT,"My Insatiable One - Rough Mix, March 1992",6,False,13,2,6PHIK3kjWggLtVygsOtpqS,Suede,7fNhHmUzHutNE3qlVruSvR,Suede (25th Anniversary Edition),1993-03-29,album,0.38,0.66,8,-5.81,0,0.04,0.15,0.0,0.06,0.37,162.54,4,188000
6rds1NGoyhJYPKzkNZ4of6,"Metal Mickey - Mark Goodier Show, BBC Radio 1, April 1992",7,False,14,2,6PHIK3kjWggLtVygsOtpqS,Suede,7fNhHmUzHutNE3qlVruSvR,Suede (25th Anniversary Edition),1993-03-29,album,0.318,0.972,1,-4.093,1,0.0783,0.0498,0.000651,0.157,0.446,108.111,4,164600
1jLf8SXdSVDiLxd78QXnfY,"The Drowners - Mark Goodier Show, BBC Radio 1, April 1992",6,False,15,2,6PHIK3kjWggLtVygsOtpqS,Suede,7fNhHmUzHutNE3qlVruSvR,Suede (25th Anniversary Edition),1993-03-29,album,0.35,0.911,3,-4.687,0,0.0848,0.0183,0.00166,0.0704,0.529,150.207,4,240587
5aPNHSuTiYEm5YaW9jVngV,"Sleeping Pills - Mark Goodier Show, BBC Radio 1, April 1992",5,False,16,2,6PHIK3kjWggLtVygsOtpqS,Suede,7fNhHmUzHutNE3qlVruSvR,Suede (25th Anniversary Edition),1993-03-29,album,0.377,0.608,8,-6.029,1,0.0354,0.352,3.03e-06,0.116,0.264,134.325,4,226187
07GAyEwjjKlkLNWGc0nnNy,"Moving - Mark Goodier Show, BBC Radio 1, April 1992",6,False,17,2,6PHIK3kjWggLtVygsOtpqS,Suede,7fNhHmUzHutNE3qlVruSvR,Suede (25th Anniversary Edition),1993-03-29,album,0.24,0.91,8,-4.76,1,0.13,0.01,0.0,0.1,0.58,155.11,4,175000
63OVmEqAJ6PidMjuDkWFQp,Sleeping Pills (Strings),5,False,20,2,6PHIK3kjWggLtVygsOtpqS,Suede,7fNhHmUzHutNE3qlVruSvR,Suede (25th Anniversary Edition),1993-03-29,album,0.08,0.36,1,-10.72,0,0.04,0.24,0.87,0.11,0.05,170.23,4,76000
17lEm3ldcicTHAXsXs4cjU,"Metal Mickey - Live at the Leadmill, February 1993",6,False,21,2,6PHIK3kjWggLtVygsOtpqS,Suede,7fNhHmUzHutNE3qlVruSvR,Suede (25th Anniversary Edition),1993-03-29,album,0.22,0.76,1,-6.51,1,0.07,0.0,0.0,0.39,0.17,119.46,4,250000
4HmN9ub4fsjTwGcFeB1qKz,"Moving - Live at the Leadmill, February 1993",5,False,22,2,6PHIK3kjWggLtVygsOtpqS,Suede,7fNhHmUzHutNE3qlVruSvR,Suede (25th Anniversary Edition),1993-03-29,album,0.17,0.87,8,-7.22,1,0.1,0.0,0.0,0.17,0.26,120.43,3,189000
37wqnukAIi1ZIU6podJ2eN,"My Insatiable One - Live at the Leadmill, February 1993",5,False,23,2,6PHIK3kjWggLtVygsOtpqS,Suede,7fNhHmUzHutNE3qlVruSvR,Suede (25th Anniversary Edition),1993-03-29,album,0.06,0.54,8,-6.48,1,0.06,0.01,0.0,0.25,0.22,67.25,4,176000
0fh8mRDwKfWmVyUwplrQF1,"Animal Nitrate - Live at the Leadmill, February 1993",7,False,24,2,6PHIK3kjWggLtVygsOtpqS,Suede,7fNhHmUzHutNE3qlVruSvR,Suede (25th Anniversary Edition),1993-03-29,album,0.14,0.89,1,-6.67,1,0.09,0.02,0.0,0.76,0.24,141.2,5,206000
4lzp0Y9EoLu7OmPH2y1YnM,"Pantomime Horse - Live at the Leadmill, February 1993",5,False,25,2,6PHIK3kjWggLtVygsOtpqS,Suede,7fNhHmUzHutNE3qlVruSvR,Suede (25th Anniversary Edition),1993-03-29,album,0.167,0.786,8,-6.985,1,0.0589,0.0386,0.0,0.946,0.187,126.085,3,365827
1fP2nAc3agVKdyZzAm4RZQ,"The Drowners - Live at the Leadmill, February 1993",5,False,26,2,6PHIK3kjWggLtVygsOtpqS,Suede,7fNhHmUzHutNE3qlVruSvR,Suede (25th Anniversary Edition),1993-03-29,album,0.112,0.9,1,-6.984,1,0.0734,0.0144,0.0,0.421,0.285,152.109,4,254680
4Kch8LQVe71CE3lape173C,"Painted People - Live at the Leadmill, February 1993",4,False,27,2,6PHIK3kjWggLtVygsOtpqS,Suede,7fNhHmUzHutNE3qlVruSvR,Suede (25th Anniversary Edition),1993-03-29,album,0.1,0.82,6,-6.95,0,0.12,0.0,0.0,0.91,0.15,157.88,4,159000
32iWAi30CPXNoj1tHd57Qa,"So Young - Live at the Leadmill, February 1993",5,False,28,2,6PHIK3kjWggLtVygsOtpqS,Suede,7fNhHmUzHutNE3qlVruSvR,Suede (25th Anniversary Edition),1993-03-29,album,0.0771,0.904,11,-6.712,1,0.0682,0.0127,0.0,0.977,0.283,82.601,3,210280
38Cj4fcyFkrsVJtootUJMc,"Animal Lover - Live at the Leadmill, February 1993",5,False,29,2,6PHIK3kjWggLtVygsOtpqS,Suede,7fNhHmUzHutNE3qlVruSvR,Suede (25th Anniversary Edition),1993-03-29,album,0.17,0.88,6,-6.94,0,0.06,0.0,0.0,0.76,0.39,132.09,4,278000
6p7nHIlAw5CuEzUdPEcQOO,So Young,0,False,1,1,6PHIK3kjWggLtVygsOtpqS,Suede,70srEslFHghJaksyDrwDaF,Suede (Remastered) - Deluxe Edition,1993-03-29,album,0.313,0.87,8,-5.088,0,0.062,0.74,3.25e-05,0.325,0.475,116.108,4,222440
0r78QX3oN8dxo2l3H9118r,Animal Nitrate,0,False,2,1,6PHIK3kjWggLtVygsOtpqS,Suede,70srEslFHghJaksyDrwDaF,Suede (Remastered) - Deluxe Edition,1993-03-29,album,0.243,0.907,6,-4.842,1,0.0468,0.538,0.0,0.0754,0.274,101.124,4,208640
4dx0VxzJAl4vmNfY3QRBDF,She's Not Dead,0,True,3,1,6PHIK3kjWggLtVygsOtpqS,Suede,70srEslFHghJaksyDrwDaF,Suede (Remastered) - Deluxe Edition,1993-03-29,album,0.397,0.516,10,-10.8,0,0.0265,0.756,0.000706,0.157,0.126,101.981,4,273973
0aHltxnYEW0oVA6kim7DFl,Moving,0,False,4,1,6PHIK3kjWggLtVygsOtpqS,Suede,70srEslFHghJaksyDrwDaF,Suede (Remastered) - Deluxe Edition,1993-03-29,album,0.213,0.884,8,-5.798,1,0.0575,0.0059,1.47e-05,0.0706,0.614,156.563,4,170453
7JISrlE6iVvBJTe3Z69mJw,Pantomime Horse,0,False,5,1,6PHIK3kjWggLtVygsOtpqS,Suede,70srEslFHghJaksyDrwDaF,Suede (Remastered) - Deluxe Edition,1993-03-29,album,0.213,0.624,8,-7.553,1,0.0415,0.0656,6.27e-06,0.118,0.162,120.27,3,345362
2gDJx2NrYr4bf7ZP31wfNO,The Drowners,0,False,6,1,6PHIK3kjWggLtVygsOtpqS,Suede,70srEslFHghJaksyDrwDaF,Suede (Remastered) - Deluxe Edition,1993-03-29,album,0.438,0.907,8,-4.765,1,0.0386,0.0488,0.0,0.0793,0.64,148.08,4,251000
2tkfoGDpiYa1cl4AevPKxn,Sleeping Pills,0,False,7,1,6PHIK3kjWggLtVygsOtpqS,Suede,70srEslFHghJaksyDrwDaF,Suede (Remastered) - Deluxe Edition,1993-03-29,album,0.251,0.48,8,-7.755,1,0.0326,0.79,7.08e-06,0.348,0.088,134.015,4,233347
3wWd06cB5lkv9S5xoBnbHN,Breakdown,0,False,8,1,6PHIK3kjWggLtVygsOtpqS,Suede,70srEslFHghJaksyDrwDaF,Suede (Remastered) - Deluxe Edition,1993-03-29,album,0.342,0.359,8,-10.046,1,0.0284,0.67,0.00249,0.101,0.102,131.97,4,362573
5y8YgP6ACkCuFRSNfeLycz,Metal Mickey,0,False,9,1,6PHIK3kjWggLtVygsOtpqS,Suede,70srEslFHghJaksyDrwDaF,Suede (Remastered) - Deluxe Edition,1993-03-29,album,0.464,0.955,1,-6.794,1,0.0457,0.0774,0.0,0.0686,0.706,110.591,4,207520
18OZwoCqGmBMXq5iMsgWMx,Animal Lover,0,False,10,1,6PHIK3kjWggLtVygsOtpqS,Suede,70srEslFHghJaksyDrwDaF,Suede (Remastered) - Deluxe Edition,1993-03-29,album,0.247,0.903,1,-5.36,0,0.0662,0.256,0.0,0.0453,0.397,125.819,4,257773
16lwzQSmTesESXxYqKS6xg,The Next Life,0,False,11,1,6PHIK3kjWggLtVygsOtpqS,Suede,70srEslFHghJaksyDrwDaF,Suede (Remastered) - Deluxe Edition,1993-03-29,album,0.315,0.0993,7,-11.593,1,0.0415,0.891,0.000295,0.146,0.0391,144.284,3,212844
6K8628ZRMGgjyDHbWRXLAt,The Drowners - Rocking Horse Demo,0,False,12,1,6PHIK3kjWggLtVygsOtpqS,Suede,70srEslFHghJaksyDrwDaF,Suede (Remastered) - Deluxe Edition,1993-03-29,album,0.197,0.602,3,-7.313,0,0.0376,0.00135,0.815,0.161,0.621,146.847,4,239080
5eXrhwlOiONfdYVcqRqUE5,Metal Mickey - Island Demo,0,False,13,1,6PHIK3kjWggLtVygsOtpqS,Suede,70srEslFHghJaksyDrwDaF,Suede (Remastered) - Deluxe Edition,1993-03-29,album,0.311,0.948,6,-5.301,1,0.0995,0.000354,0.000441,0.102,0.443,110.06,4,158053
76quJ162gHyd2JcqxAD1rL,Pantomime Horse - Island Demo,0,False,14,1,6PHIK3kjWggLtVygsOtpqS,Suede,70srEslFHghJaksyDrwDaF,Suede (Remastered) - Deluxe Edition,1993-03-29,album,0.274,0.618,8,-8.301,1,0.0531,0.01,5.72e-05,0.248,0.196,122.093,3,339187
0sfHPmNwX5I3dQOpAq2uTI,He's Dead - Rocking Horse Demo,0,False,15,1,6PHIK3kjWggLtVygsOtpqS,Suede,70srEslFHghJaksyDrwDaF,Suede (Remastered) - Deluxe Edition,1993-03-29,album,0.239,0.936,10,-5.249,0,0.0968,0.000563,0.953,0.892,0.461,116.956,4,251040
0JDPbPKxxkEo0qqAYHXrpj,Moving - Rocking Horse Demo,0,False,16,1,6PHIK3kjWggLtVygsOtpqS,Suede,70srEslFHghJaksyDrwDaF,Suede (Remastered) - Deluxe Edition,1993-03-29,album,0.179,0.815,9,-4.706,1,0.0561,8e-05,0.886,0.169,0.583,155.665,4,181000
0r9OewNciabBsvi69m51bL,To The Birds - Rocking Horse Demo,0,False,17,1,6PHIK3kjWggLtVygsOtpqS,Suede,70srEslFHghJaksyDrwDaF,Suede (Remastered) - Deluxe Edition,1993-03-29,album,0.11,0.642,6,-7.434,1,0.0371,0.000335,0.46,0.246,0.25,165.248,4,318000
6y2OmhA0LiyaRLFDPWoiVU,Sleeping Pills - East West Demo,0,False,18,1,6PHIK3kjWggLtVygsOtpqS,Suede,70srEslFHghJaksyDrwDaF,Suede (Remastered) - Deluxe Edition,1993-03-29,album,0.544,0.399,8,-11.019,1,0.0274,0.118,0.000881,0.109,0.146,129.287,4,235520
51TanqYYKJ8MSg5o7mdc3z,My Insatiable One,0,False,19,1,6PHIK3kjWggLtVygsOtpqS,Suede,70srEslFHghJaksyDrwDaF,Suede (Remastered) - Deluxe Edition,1993-03-29,album,0.363,0.723,1,-5.003,1,0.0362,0.17,0.0,0.0729,0.327,79.526,4,177640
4XrqHB6kXZVCW2hxZ7DRlm,To the Birds,0,False,20,1,6PHIK3kjWggLtVygsOtpqS,Suede,70srEslFHghJaksyDrwDaF,Suede (Remastered) - Deluxe Edition,1993-03-29,album,0.26,0.731,1,-5.705,1,0.0329,0.235,0.0,0.0811,0.534,168.968,4,325253
4QrbACrteqQpT4LHm1fRXM,He's Dead,0,False,21,1,6PHIK3kjWggLtVygsOtpqS,Suede,70srEslFHghJaksyDrwDaF,Suede (Remastered) - Deluxe Edition,1993-03-29,album,0.27,0.806,6,-7.294,0,0.0418,0.0231,0.0192,0.217,0.326,114.973,4,313773
2oPUQdQoWfV9l3Uwaw13Xc,Where The Pigs Don't Fly,0,False,22,1,6PHIK3kjWggLtVygsOtpqS,Suede,70srEslFHghJaksyDrwDaF,Suede (Remastered) - Deluxe Edition,1993-03-29,album,0.322,0.624,8,-7.979,1,0.0316,0.619,0.00187,0.076,0.272,115.404,4,335520
55K0Ja97bBSzlJlPZRfD01,Painted People,0,False,23,1,6PHIK3kjWggLtVygsOtpqS,Suede,70srEslFHghJaksyDrwDaF,Suede (Remastered) - Deluxe Edition,1993-03-29,album,0.236,0.944,6,-5.934,1,0.0699,0.047,5.96e-05,0.289,0.276,154.006,4,170427
1zGBzzuKIOAZ0JC9CFMkdi,The Big Time,0,False,24,1,6PHIK3kjWggLtVygsOtpqS,Suede,70srEslFHghJaksyDrwDaF,Suede (Remastered) - Deluxe Edition,1993-03-29,album,0.244,0.432,8,-10.154,0,0.0301,0.809,0.00165,0.104,0.122,82.05,3,268493
6NhB1pNTc33qHuGAAjEmtZ,High Rising,0,False,25,1,6PHIK3kjWggLtVygsOtpqS,Suede,70srEslFHghJaksyDrwDaF,Suede (Remastered) - Deluxe Edition,1993-03-29,album,0.124,0.318,0,-9.812,1,0.029,0.511,0.00438,0.0968,0.0377,77.036,4,357787
2SFjmqK6JhZQu0fK1Dsizz,Dolly,0,False,26,1,6PHIK3kjWggLtVygsOtpqS,Suede,70srEslFHghJaksyDrwDaF,Suede (Remastered) - Deluxe Edition,1993-03-29,album,0.43,0.901,1,-5.835,1,0.0669,0.0797,6.68e-05,0.0694,0.533,122.859,4,164867
3g4zIjBVlGA7u4usEZyhuB,My Insatiable One - Piano Version,0,False,27,1,6PHIK3kjWggLtVygsOtpqS,Suede,70srEslFHghJaksyDrwDaF,Suede (Remastered) - Deluxe Edition,1993-03-29,album,0.485,0.283,8,-11.3,1,0.0279,0.775,0.0,0.241,0.198,79.253,4,167920
6jK3Ggk9b2q3JZ2FysXXFa,Brass In Pocket,0,False,28,1,6PHIK3kjWggLtVygsOtpqS,Suede,70srEslFHghJaksyDrwDaF,Suede (Remastered) - Deluxe Edition,1993-03-29,album,0.37,0.474,1,-9.503,1,0.0397,0.796,0.00188,0.0921,0.142,171.2,4,221907
5gKgXvgAV8NIiW2RBpP8M6,Sleeping Pills - Strings,0,False,32,1,6PHIK3kjWggLtVygsOtpqS,Suede,70srEslFHghJaksyDrwDaF,Suede (Remastered) - Deluxe Edition,1993-03-29,album,0.176,0.288,1,-13.562,0,0.0341,0.232,0.9,0.114,0.0533,71.665,3,76413
303uhmLRn5Hgog46tJJ75F,So Young,0,False,1,1,6PHIK3kjWggLtVygsOtpqS,Suede,1nHiaDHHN2tSidvQhRN3Cx,Suede (Deluxe Edition),1993-03-29,album,0.313,0.87,8,-5.088,0,0.062,0.74,3.25e-05,0.325,0.475,116.108,4,222440
0A89A3JzW8z5ANy2ASAlyz,Animal Nitrate,0,False,2,1,6PHIK3kjWggLtVygsOtpqS,Suede,1nHiaDHHN2tSidvQhRN3Cx,Suede (Deluxe Edition),1993-03-29,album,0.243,0.907,6,-4.842,1,0.0468,0.538,0.0,0.0754,0.274,101.124,4,208640
4RCHQnLH678DfI0IuGR7iR,She's Not Dead,0,True,3,1,6PHIK3kjWggLtVygsOtpqS,Suede,1nHiaDHHN2tSidvQhRN3Cx,Suede (Deluxe Edition),1993-03-29,album,0.397,0.516,10,-10.8,0,0.0265,0.756,0.000706,0.157,0.126,101.981,4,273973
6zQu9gkrWuPXHvXkm4GJhl,Moving,0,False,4,1,6PHIK3kjWggLtVygsOtpqS,Suede,1nHiaDHHN2tSidvQhRN3Cx,Suede (Deluxe Edition),1993-03-29,album,0.213,0.884,8,-5.798,1,0.0575,0.0059,1.47e-05,0.0706,0.614,156.563,4,170453
66TqCd5CPxx3DmkLh0u0Af,Pantomime Horse,0,False,5,1,6PHIK3kjWggLtVygsOtpqS,Suede,1nHiaDHHN2tSidvQhRN3Cx,Suede (Deluxe Edition),1993-03-29,album,0.213,0.624,8,-7.553,1,0.0415,0.0656,6.27e-06,0.118,0.162,120.27,3,345362
2C2XwqfN3TDn39JRQbWnb6,The Drowners,0,False,6,1,6PHIK3kjWggLtVygsOtpqS,Suede,1nHiaDHHN2tSidvQhRN3Cx,Suede (Deluxe Edition),1993-03-29,album,0.438,0.907,8,-4.765,1,0.0386,0.0488,0.0,0.0793,0.64,148.08,4,251000
1dY9gaSX0T5u6y9uAgD4Fh,Sleeping Pills,0,False,7,1,6PHIK3kjWggLtVygsOtpqS,Suede,1nHiaDHHN2tSidvQhRN3Cx,Suede (Deluxe Edition),1993-03-29,album,0.251,0.48,8,-7.755,1,0.0326,0.79,7.08e-06,0.348,0.088,134.015,4,233347
6F7qEleFRAgoxcYkMcLnIC,Breakdown,0,False,8,1,6PHIK3kjWggLtVygsOtpqS,Suede,1nHiaDHHN2tSidvQhRN3Cx,Suede (Deluxe Edition),1993-03-29,album,0.342,0.359,8,-10.046,1,0.0284,0.67,0.00249,0.101,0.102,131.97,4,362573
6FJVsvgfX2YFYRXQrwXd5N,Metal Mickey,0,False,9,1,6PHIK3kjWggLtVygsOtpqS,Suede,1nHiaDHHN2tSidvQhRN3Cx,Suede (Deluxe Edition),1993-03-29,album,0.464,0.955,1,-6.794,1,0.0457,0.0774,0.0,0.0686,0.706,110.591,4,207520
2fBgKmx53aZ8qrLyNzDALo,Animal Lover,0,False,10,1,6PHIK3kjWggLtVygsOtpqS,Suede,1nHiaDHHN2tSidvQhRN3Cx,Suede (Deluxe Edition),1993-03-29,album,0.247,0.903,1,-5.36,0,0.0662,0.256,0.0,0.0453,0.397,125.819,4,257773
1Wet3YKFhoNlz9s9wdvtT3,The Next Life,0,False,11,1,6PHIK3kjWggLtVygsOtpqS,Suede,1nHiaDHHN2tSidvQhRN3Cx,Suede (Deluxe Edition),1993-03-29,album,0.315,0.0993,7,-11.593,1,0.0415,0.891,0.000295,0.146,0.0391,144.284,3,212844
1KuxzEzs51Iq3apnLKZBGA,The Drowners - Rocking Horse Demo,0,False,12,1,6PHIK3kjWggLtVygsOtpqS,Suede,1nHiaDHHN2tSidvQhRN3Cx,Suede (Deluxe Edition),1993-03-29,album,0.197,0.602,3,-7.313,0,0.0376,0.00135,0.815,0.161,0.621,146.847,4,239080
4n17lsrQ68AdkzSa9nT9ja,Metal Mickey - Island Demo,0,False,13,1,6PHIK3kjWggLtVygsOtpqS,Suede,1nHiaDHHN2tSidvQhRN3Cx,Suede (Deluxe Edition),1993-03-29,album,0.311,0.948,6,-5.301,1,0.0995,0.000354,0.000441,0.102,0.443,110.06,4,158053
0oQn1MW709xJ09MgPkC0VK,Pantomime Horse - Island Demo,0,False,14,1,6PHIK3kjWggLtVygsOtpqS,Suede,1nHiaDHHN2tSidvQhRN3Cx,Suede (Deluxe Edition),1993-03-29,album,0.274,0.618,8,-8.301,1,0.0531,0.01,5.72e-05,0.248,0.196,122.093,3,339187
0MH1LiQr1QJYkWMyjRmqa6,He's Dead - Rocking Horse Demo,0,False,15,1,6PHIK3kjWggLtVygsOtpqS,Suede,1nHiaDHHN2tSidvQhRN3Cx,Suede (Deluxe Edition),1993-03-29,album,0.239,0.936,10,-5.249,0,0.0968,0.000563,0.953,0.892,0.461,116.956,4,251040
0afMYRGveNvohE6UQwivma,Moving - Rocking Horse Demo,0,False,16,1,6PHIK3kjWggLtVygsOtpqS,Suede,1nHiaDHHN2tSidvQhRN3Cx,Suede (Deluxe Edition),1993-03-29,album,0.179,0.815,9,-4.706,1,0.0561,8e-05,0.886,0.169,0.583,155.665,4,181000
2GYBUNPCBrXJzJW1g88NbX,To The Birds - Rocking Horse Demo,0,False,17,1,6PHIK3kjWggLtVygsOtpqS,Suede,1nHiaDHHN2tSidvQhRN3Cx,Suede (Deluxe Edition),1993-03-29,album,0.11,0.642,6,-7.434,1,0.0371,0.000335,0.46,0.246,0.25,165.248,4,318000
7jU1ghorPtUQ3JH2N1EHbt,Sleeping Pills - East West Demo,0,False,18,1,6PHIK3kjWggLtVygsOtpqS,Suede,1nHiaDHHN2tSidvQhRN3Cx,Suede (Deluxe Edition),1993-03-29,album,0.544,0.399,8,-11.019,1,0.0274,0.118,0.000881,0.109,0.146,129.287,4,235520
77mFq4Wf0ZryBwgfwF0kjp,My Insatiable One,0,False,1,2,6PHIK3kjWggLtVygsOtpqS,Suede,1nHiaDHHN2tSidvQhRN3Cx,Suede (Deluxe Edition),1993-03-29,album,0.363,0.723,1,-5.003,1,0.0362,0.17,0.0,0.0729,0.327,79.526,4,177640
4vPiVYReZDhc3qv66CD8Za,To The Birds,0,False,2,2,6PHIK3kjWggLtVygsOtpqS,Suede,1nHiaDHHN2tSidvQhRN3Cx,Suede (Deluxe Edition),1993-03-29,album,0.26,0.731,1,-5.705,1,0.0329,0.235,0.0,0.0811,0.534,168.968,4,325253
0JXIfN6U5opBWMP4fVQdJ3,He's Dead,0,False,3,2,6PHIK3kjWggLtVygsOtpqS,Suede,1nHiaDHHN2tSidvQhRN3Cx,Suede (Deluxe Edition),1993-03-29,album,0.27,0.806,6,-7.294,0,0.0418,0.0231,0.0192,0.217,0.326,114.973,4,313773
0Zl60zQh3pip8Ca7S6Me8x,Where The Pigs Don't Fly,0,False,4,2,6PHIK3kjWggLtVygsOtpqS,Suede,1nHiaDHHN2tSidvQhRN3Cx,Suede (Deluxe Edition),1993-03-29,album,0.322,0.624,8,-7.979,1,0.0316,0.619,0.00187,0.076,0.272,115.404,4,335520
2Pi1CSiHPmi4shbjSr4GSb,Painted People,0,False,5,2,6PHIK3kjWggLtVygsOtpqS,Suede,1nHiaDHHN2tSidvQhRN3Cx,Suede (Deluxe Edition),1993-03-29,album,0.236,0.944,6,-5.934,1,0.0699,0.047,5.96e-05,0.289,0.276,154.006,4,170427
2lK5zd9QzlvCD644p7Y5KI,The Big Time,0,False,6,2,6PHIK3kjWggLtVygsOtpqS,Suede,1nHiaDHHN2tSidvQhRN3Cx,Suede (Deluxe Edition),1993-03-29,album,0.244,0.432,8,-10.154,0,0.0301,0.809,0.00165,0.104,0.122,82.05,3,268493
00kA5vCuJXzgutHtH8LFZ9,High Rising,0,False,7,2,6PHIK3kjWggLtVygsOtpqS,Suede,1nHiaDHHN2tSidvQhRN3Cx,Suede (Deluxe Edition),1993-03-29,album,0.124,0.318,0,-9.812,1,0.029,0.511,0.00438,0.0968,0.0377,77.036,4,357787
1IA7sr1WFl260YBgDxMsWj,Dolly,0,False,8,2,6PHIK3kjWggLtVygsOtpqS,Suede,1nHiaDHHN2tSidvQhRN3Cx,Suede (Deluxe Edition),1993-03-29,album,0.43,0.901,1,-5.835,1,0.0669,0.0797,6.68e-05,0.0694,0.533,122.859,4,164867
7tOxw0vvJ47oUfRSmBFOdd,My Insatiable One - Piano Version,0,False,9,2,6PHIK3kjWggLtVygsOtpqS,Suede,1nHiaDHHN2tSidvQhRN3Cx,Suede (Deluxe Edition),1993-03-29,album,0.485,0.283,8,-11.3,1,0.0279,0.775,0.0,0.241,0.198,79.253,4,167920
6wd7qjQENi7DTp6BIt7v83,Brass In Pocket,0,False,10,2,6PHIK3kjWggLtVygsOtpqS,Suede,1nHiaDHHN2tSidvQhRN3Cx,Suede (Deluxe Edition),1993-03-29,album,0.37,0.474,1,-9.503,1,0.0397,0.796,0.00188,0.0921,0.142,171.2,4,221907
4A4SuBaNznwcq6DNTGBMJo,Diesel - Instrumental - Previously Unreleased Studio Outtake,0,False,11,2,6PHIK3kjWggLtVygsOtpqS,Suede,1nHiaDHHN2tSidvQhRN3Cx,Suede (Deluxe Edition),1993-03-29,album,0.389,0.596,8,-10.313,1,0.0257,0.518,0.922,0.0823,0.397,88.348,4,236133
7Me7YPtQ7X3AtClwC8EGuD,Stars On 45 - Previously Unreleased Rehearsal Room Recording,0,False,12,2,6PHIK3kjWggLtVygsOtpqS,Suede,1nHiaDHHN2tSidvQhRN3Cx,Suede (Deluxe Edition),1993-03-29,album,0.14,0.773,3,-7.017,0,0.0529,0.116,0.157,0.0574,0.571,99.802,3,151653
6OJvyzLcKQVDyPynxZqaou,Just A Girl - feat. Justine Frischmann [Early Demo],0,False,13,2,6PHIK3kjWggLtVygsOtpqS,Suede,1nHiaDHHN2tSidvQhRN3Cx,Suede (Deluxe Edition),1993-03-29,album,0.263,0.539,4,-7.582,0,0.0403,0.39,0.00229,0.0617,0.428,120.322,3,181440
3YYbPWsDnupi7HA6Kh6Zr2,Sleeping Pills - Strings,0,False,14,2,6PHIK3kjWggLtVygsOtpqS,Suede,1nHiaDHHN2tSidvQhRN3Cx,Suede (Deluxe Edition),1993-03-29,album,0.176,0.288,1,-13.562,0,0.0341,0.232,0.9,0.114,0.0533,71.665,3,76413
4P3kr3B9V0gQits3ltOMmr,Death II (Live),22,False,2,1,36E7oYfz3LLRto6l2WmDcD,Pulp,2In4avnZlwHjK6JQBgqI71,Party Clowns - Live in London 1991,2012-11-19,album,0.615,0.851,2,-8.012,0,0.053,0.283,0.00188,0.982,0.803,136.264,4,350600
6KFzokMABuzB80AD0fDvPZ,Love Is Blind (Live),18,False,4,1,36E7oYfz3LLRto6l2WmDcD,Pulp,2In4avnZlwHjK6JQBgqI71,Party Clowns - Live in London 1991,2012-11-19,album,0.478,0.838,1,-7.455,1,0.0658,0.094,1.89e-05,0.679,0.557,145.153,4,306080
7Dvha8Z10XT974OwnNYJay,Separations (Live),15,False,5,1,36E7oYfz3LLRto6l2WmDcD,Pulp,2In4avnZlwHjK6JQBgqI71,Party Clowns - Live in London 1991,2012-11-19,album,0.468,0.655,2,-9.149,1,0.0835,0.201,3.88e-05,0.722,0.309,119.798,4,261467
5F8VUz0QUDQpBg4sDVtfxJ,Babies (Live),21,False,6,1,36E7oYfz3LLRto6l2WmDcD,Pulp,2In4avnZlwHjK6JQBgqI71,Party Clowns - Live in London 1991,2012-11-19,album,0.281,0.868,2,-8.889,1,0.107,0.0352,0.00219,0.754,0.504,153.53,4,250453
7aTjWEKuxs01aZ5TDkVkQA,Countdown (Live),17,False,8,1,36E7oYfz3LLRto6l2WmDcD,Pulp,2In4avnZlwHjK6JQBgqI71,Party Clowns - Live in London 1991,2012-11-19,album,0.622,0.856,0,-8.178,1,0.0653,0.206,0.0,0.901,0.818,133.866,4,316320
0L6JwpxDSLLjmAzKKdHcWP,Please Don't Worry - John Peel 07/11/81,0,False,2,1,36E7oYfz3LLRto6l2WmDcD,Pulp,3uEw8r5i8KPjg0d4VUdQNP,The John Peel Sessions (BBC Version),2006-10-23,album,0.502,0.846,11,-7.324,0,0.0668,0.243,0.00165,0.37,0.617,143.831,4,200133
05Qx8K2SrnbOkPQogZnxw8,Wishful Thinking - John Peel 07/11/81,0,False,3,1,36E7oYfz3LLRto6l2WmDcD,Pulp,3uEw8r5i8KPjg0d4VUdQNP,The John Peel Sessions (BBC Version),2006-10-23,album,0.37,0.671,5,-8.889,1,0.0303,0.0353,0.011,0.384,0.188,124.947,4,256493
4Tq1Fs1MVe0sLTxproHK1R,Pink Glove - John Peel 07/02/93,0,False,5,1,36E7oYfz3LLRto6l2WmDcD,Pulp,3uEw8r5i8KPjg0d4VUdQNP,The John Peel Sessions (BBC Version),2006-10-23,album,0.505,0.686,0,-8.545,1,0.0761,0.178,0.0155,0.483,0.585,137.088,4,307640
28Pgg5ucPVw6TbQV859EXZ,You're A Nightmare - John Peel 07/02.93,0,False,6,1,36E7oYfz3LLRto6l2WmDcD,Pulp,3uEw8r5i8KPjg0d4VUdQNP,The John Peel Sessions (BBC Version),2006-10-23,album,0.378,0.528,0,-9.091,1,0.0347,0.205,1.89e-05,0.101,0.598,93.216,4,319467
4fLiaA8pzT3qO8r8lqD015,Acrylic Afternoons - John Peel 07/02/93,0,False,7,1,36E7oYfz3LLRto6l2WmDcD,Pulp,3uEw8r5i8KPjg0d4VUdQNP,The John Peel Sessions (BBC Version),2006-10-23,album,0.512,0.632,9,-10.62,0,0.0351,0.111,0.00338,0.0933,0.568,141.16,4,223347
3e1MI0o12PvMFVHOALAAhj,Underwear - John Peel 09/09/94,0,False,8,1,36E7oYfz3LLRto6l2WmDcD,Pulp,3uEw8r5i8KPjg0d4VUdQNP,The John Peel Sessions (BBC Version),2006-10-23,album,0.384,0.754,9,-7.906,1,0.0304,0.000413,0.00503,0.127,0.234,97.762,4,251333
23tUNx93D14z2FmK7neUfF,Common People - John Peel 09/09/94,0,False,9,1,36E7oYfz3LLRto6l2WmDcD,Pulp,3uEw8r5i8KPjg0d4VUdQNP,The John Peel Sessions (BBC Version),2006-10-23,album,0.345,0.777,0,-7.017,1,0.0539,0.0072,0.00529,0.133,0.491,146.534,4,352440
2KX9klRLdOVE9clUEhhbW3,Pencil Skirt - John Peel 09/09/94,0,False,10,1,36E7oYfz3LLRto6l2WmDcD,Pulp,3uEw8r5i8KPjg0d4VUdQNP,The John Peel Sessions (BBC Version),2006-10-23,album,0.459,0.563,7,-8.736,1,0.0327,0.0117,0.11,0.0781,0.506,97.356,4,201874
5MDU70SnVTnpM3V65ExKrT,Sunrise - John Peel 12/08/01,0,False,11,1,36E7oYfz3LLRto6l2WmDcD,Pulp,3uEw8r5i8KPjg0d4VUdQNP,The John Peel Sessions (BBC Version),2006-10-23,album,0.204,0.752,2,-7.637,1,0.0477,0.000248,0.756,0.105,0.058,133.902,4,357120
6XRqtfVLJobKuOtCzTGWnN,Weeds - John Peel 12/08/01,0,False,12,1,36E7oYfz3LLRto6l2WmDcD,Pulp,3uEw8r5i8KPjg0d4VUdQNP,The John Peel Sessions (BBC Version),2006-10-23,album,0.123,0.887,0,-5.414,1,0.0775,0.000347,0.367,0.112,0.564,173.714,4,225187
4Trp8n789g2EweaMNfzFhK,I Love Life - John Peel 12/08/01,0,False,13,1,36E7oYfz3LLRto6l2WmDcD,Pulp,3uEw8r5i8KPjg0d4VUdQNP,The John Peel Sessions (BBC Version),2006-10-23,album,0.261,0.681,9,-7.497,1,0.0383,0.00184,0.00054,0.0912,0.134,90.974,4,308800
0LOXN6x973eMmgcN0wrNeq,Sorted For E's & Wizz - King College (John Peel) 11/10/01,0,False,2,2,36E7oYfz3LLRto6l2WmDcD,Pulp,3uEw8r5i8KPjg0d4VUdQNP,The John Peel Sessions (BBC Version),2006-10-23,album,0.434,0.742,0,-7.777,1,0.045,0.124,1.38e-05,0.97,0.494,92.878,3,235333
78nlSmbEAu4sMh0XhGzTC7,Help The Aged - Kings College (John Peel) 11/10/01,0,False,3,2,36E7oYfz3LLRto6l2WmDcD,Pulp,3uEw8r5i8KPjg0d4VUdQNP,The John Peel Sessions (BBC Version),2006-10-23,album,0.239,0.778,7,-6.345,1,0.0439,0.0431,1.24e-06,0.886,0.337,96.17,4,254080
7mGPcFzTBsJ8goW3FEEcdV,This Is Hardcore - Kings College (John Peel) 11/10/01,0,False,4,2,36E7oYfz3LLRto6l2WmDcD,Pulp,3uEw8r5i8KPjg0d4VUdQNP,The John Peel Sessions (BBC Version),2006-10-23,album,0.284,0.665,9,-6.791,0,0.0346,0.0543,0.000233,0.307,0.214,77.854,4,425587
2jEfbRcGAQux9jaa2By3m8,Sunrise - Kings College (John Peel) 11/10/01,0,False,5,2,36E7oYfz3LLRto6l2WmDcD,Pulp,3uEw8r5i8KPjg0d4VUdQNP,The John Peel Sessions (BBC Version),2006-10-23,album,0.209,0.741,2,-7.099,1,0.0469,0.00152,0.37,0.701,0.104,134.898,4,364600
7mmR3LEXdRj9MYs18zUHFb,Mile End - John Peel 21/04/95,0,False,6,2,36E7oYfz3LLRto6l2WmDcD,Pulp,3uEw8r5i8KPjg0d4VUdQNP,The John Peel Sessions (BBC Version),2006-10-23,album,0.357,0.861,10,-6.334,1,0.0455,0.00798,0.000411,0.986,0.325,103.267,4,269533
4tNMYi7xxAZbL7HZqnorqd,Do You Remember The First Time? - John Peel 21/04/95,0,False,7,2,36E7oYfz3LLRto6l2WmDcD,Pulp,3uEw8r5i8KPjg0d4VUdQNP,The John Peel Sessions (BBC Version),2006-10-23,album,0.267,0.947,7,-4.836,1,0.0951,0.00245,0.326,0.955,0.386,142.072,4,240320
2QWUYW35HwyIXujprpweNB,Babies - John Peel 21/04/95,0,False,8,2,36E7oYfz3LLRto6l2WmDcD,Pulp,3uEw8r5i8KPjg0d4VUdQNP,The John Peel Sessions (BBC Version),2006-10-23,album,0.202,0.925,2,-5.007,1,0.0901,0.00371,0.107,0.934,0.408,159.905,4,248467
6R3lgkAe4V58Qu5vylvhNH,Weeds - John Peel 31/10/01,0,False,9,2,36E7oYfz3LLRto6l2WmDcD,Pulp,3uEw8r5i8KPjg0d4VUdQNP,The John Peel Sessions (BBC Version),2006-10-23,album,0.191,0.807,7,-6.78,1,0.0427,0.00718,0.0961,0.835,0.344,175.873,4,224212
5dvXOc89jUMNeI4USnhA1N,Weeds II (The Origin Of The Species) - John Peel 31/10/01,0,False,10,2,36E7oYfz3LLRto6l2WmDcD,Pulp,3uEw8r5i8KPjg0d4VUdQNP,The John Peel Sessions (BBC Version),2006-10-23,album,0.283,0.754,9,-9.553,0,0.0799,0.0308,0.684,0.879,0.139,81.696,4,232867
6iQYt4YAgEEUagsB3W1Cor,The Fear - John Peel 31/10/01,0,False,11,2,36E7oYfz3LLRto6l2WmDcD,Pulp,3uEw8r5i8KPjg0d4VUdQNP,The John Peel Sessions (BBC Version),2006-10-23,album,0.158,0.873,9,-7.073,0,0.0553,0.000833,0.0647,0.983,0.2,96.683,4,323880
6gosshmNq2mki8TJbuSnCQ,The Trees - John Peel 31/10/01,0,False,12,2,36E7oYfz3LLRto6l2WmDcD,Pulp,3uEw8r5i8KPjg0d4VUdQNP,The John Peel Sessions (BBC Version),2006-10-23,album,0.472,0.699,6,-8.896,1,0.0275,0.0159,0.00038,0.689,0.531,112.15,4,282813
0ODS9jINYDU46fANEWgK60,I Love Life - John Peel 31/10/01,0,False,13,2,36E7oYfz3LLRto6l2WmDcD,Pulp,3uEw8r5i8KPjg0d4VUdQNP,The John Peel Sessions (BBC Version),2006-10-23,album,0.244,0.753,9,-7.493,1,0.044,0.00891,0.0634,0.476,0.213,91.909,4,281547
1OrWbZ4aM1pX9B3ZN0lJHY,Party Hard - John Peel 31/10/01,0,False,14,2,36E7oYfz3LLRto6l2WmDcD,Pulp,3uEw8r5i8KPjg0d4VUdQNP,The John Peel Sessions (BBC Version),2006-10-23,album,0.211,0.888,7,-6.587,1,0.0673,0.00967,0.0157,0.463,0.338,129.021,4,267333
2o4J6MLU092jT523L1KoLF,Common People - John Peel 31/10/01,0,False,15,2,36E7oYfz3LLRto6l2WmDcD,Pulp,3uEw8r5i8KPjg0d4VUdQNP,The John Peel Sessions (BBC Version),2006-10-23,album,0.145,0.919,0,-5.63,1,0.0744,8.03e-05,0.698,0.981,0.132,139.689,4,454920
4P7ojvYnmsV3FOGHhrm4Xm,Weeds,0,False,1,1,36E7oYfz3LLRto6l2WmDcD,Pulp,6ae5EK18I4BIH5FmqdbC3Q,We Love Life (INTERNATIONAL),2001-01-01,album,0.144,0.825,7,-4.408,1,0.0471,0.000846,0.0,0.618,0.396,175.169,4,221827
04w2yLtZyRnouWv8VbDlR4,Weeds II (The Origin Of The Species),0,False,2,1,36E7oYfz3LLRto6l2WmDcD,Pulp,6ae5EK18I4BIH5FmqdbC3Q,We Love Life (INTERNATIONAL),2001-01-01,album,0.518,0.795,7,-8.1,1,0.214,0.202,0.74,0.862,0.467,81.921,4,239907
1Ant0GdtD4p5pGUgMSsetm,The Night That Minnie Timperley Died,0,False,3,1,36E7oYfz3LLRto6l2WmDcD,Pulp,6ae5EK18I4BIH5FmqdbC3Q,We Love Life (INTERNATIONAL),2001-01-01,album,0.536,0.867,2,-5.216,1,0.0436,0.00385,0.0,0.114,0.56,92.995,4,278107
5AoqdY7uu7VffXeOZJ6DL6,The Trees,0,False,4,1,36E7oYfz3LLRto6l2WmDcD,Pulp,6ae5EK18I4BIH5FmqdbC3Q,We Love Life (INTERNATIONAL),2001-01-01,album,0.478,0.628,6,-6.445,1,0.0243,0.000259,1.8e-05,0.0957,0.268,110.004,4,289333
1aFCtktL6AuBUetYnA9Iwk,Wickerman,0,False,5,1,36E7oYfz3LLRto6l2WmDcD,Pulp,6ae5EK18I4BIH5FmqdbC3Q,We Love Life (INTERNATIONAL),2001-01-01,album,0.236,0.667,4,-8.461,0,0.0602,0.0225,0.00195,0.478,0.134,78.548,3,498240
3nmxmnw3QQV1WemyuNW5NU,I Love Life,0,False,6,1,36E7oYfz3LLRto6l2WmDcD,Pulp,6ae5EK18I4BIH5FmqdbC3Q,We Love Life (INTERNATIONAL),2001-01-01,album,0.217,0.547,1,-6.174,0,0.0303,0.00655,0.000121,0.342,0.117,168.39,4,332067
69cNApj0AhRu3WLpXtZuLV,Birds In Your Garden,0,False,7,1,36E7oYfz3LLRto6l2WmDcD,Pulp,6ae5EK18I4BIH5FmqdbC3Q,We Love Life (INTERNATIONAL),2001-01-01,album,0.351,0.527,7,-7.65,1,0.0337,0.127,5.84e-05,0.169,0.122,94.593,4,252640
1VOEuTA6YoC1fLbaCZoAuZ,Bob Lind (The Only Way Is Down),0,False,8,1,36E7oYfz3LLRto6l2WmDcD,Pulp,6ae5EK18I4BIH5FmqdbC3Q,We Love Life (INTERNATIONAL),2001-01-01,album,0.293,0.776,2,-4.438,1,0.0333,0.00125,0.0,0.0912,0.305,131.548,4,255227
26k6rx2gW6xQJsank5i5HQ,Bad Cover Version,0,False,9,1,36E7oYfz3LLRto6l2WmDcD,Pulp,6ae5EK18I4BIH5FmqdbC3Q,We Love Life (INTERNATIONAL),2001-01-01,album,0.258,0.611,2,-6.39,1,0.027,0.00914,0.0,0.119,0.325,180.26,4,255933
4BqoERzC36Zug0KqZiZWDU,Roadkill,0,False,10,1,36E7oYfz3LLRto6l2WmDcD,Pulp,6ae5EK18I4BIH5FmqdbC3Q,We Love Life (INTERNATIONAL),2001-01-01,album,0.319,0.14,5,-13.391,1,0.0293,0.778,0.0121,0.109,0.047,87.576,4,255840
48MVUO8v7Y4GpuUI7OEXRD,Sunrise - Original Mix,0,False,11,1,36E7oYfz3LLRto6l2WmDcD,Pulp,6ae5EK18I4BIH5FmqdbC3Q,We Love Life (INTERNATIONAL),2001-01-01,album,0.269,0.624,2,-5.939,1,0.0332,0.00483,0.5,0.0808,0.0466,130.773,4,352800
4U6Cr9BFqSLMELIcms23CP,The Fear,36,False,1,1,36E7oYfz3LLRto6l2WmDcD,Pulp,4KVaUWQnFQSqP3lBViJTO5,This Is Hardcore (Deluxe Edition),1998-03-30,album,0.156,0.807,9,-7.329,0,0.0381,0.052,0.0882,0.218,0.334,176.052,4,339533
61l9g0bVRKuuNLVcpFGgGq,Dishes,34,False,2,1,36E7oYfz3LLRto6l2WmDcD,Pulp,4KVaUWQnFQSqP3lBViJTO5,This Is Hardcore (Deluxe Edition),1998-03-30,album,0.468,0.287,0,-11.819,1,0.0269,0.438,0.00159,0.111,0.393,84.802,4,209960
4C835i8edCbJM7jplEfJmh,Party Hard,30,False,3,1,36E7oYfz3LLRto6l2WmDcD,Pulp,4KVaUWQnFQSqP3lBViJTO5,This Is Hardcore (Deluxe Edition),1998-03-30,album,0.49,0.952,7,-7.241,1,0.0545,0.00178,0.467,0.173,0.494,124.06,4,240467
2KmI1IcNSOhfUzLD357i3Z,Help The Aged,43,False,4,1,36E7oYfz3LLRto6l2WmDcD,Pulp,4KVaUWQnFQSqP3lBViJTO5,This Is Hardcore (Deluxe Edition),1998-03-30,album,0.243,0.679,7,-7.134,1,0.0504,0.137,2.46e-06,0.0996,0.33,171.52,4,268840
1so0qYkfkiZNNcvJN02qdo,This Is Hardcore,49,False,5,1,36E7oYfz3LLRto6l2WmDcD,Pulp,4KVaUWQnFQSqP3lBViJTO5,This Is Hardcore (Deluxe Edition),1998-03-30,album,0.338,0.511,9,-7.839,0,0.0267,0.00526,0.00062,0.159,0.112,154.136,4,383733
0O7jyrnrh9GdU8ZdH1Fp1v,TV Movie,27,False,6,1,36E7oYfz3LLRto6l2WmDcD,Pulp,4KVaUWQnFQSqP3lBViJTO5,This Is Hardcore (Deluxe Edition),1998-03-30,album,0.363,0.316,0,-12.036,1,0.0404,0.465,0.00098,0.105,0.171,83.751,4,203067
2CwTaBYcezpRSaQbj2KctD,A Little Soul,36,False,7,1,36E7oYfz3LLRto6l2WmDcD,Pulp,4KVaUWQnFQSqP3lBViJTO5,This Is Hardcore (Deluxe Edition),1998-03-30,album,0.646,0.511,7,-9.15,1,0.0294,0.171,0.00167,0.288,0.549,96.004,4,197867
4emJOMwpD3ygw7GQ2KnzSc,I'm A Man,29,False,8,1,36E7oYfz3LLRto6l2WmDcD,Pulp,4KVaUWQnFQSqP3lBViJTO5,This Is Hardcore (Deluxe Edition),1998-03-30,album,0.454,0.9,4,-6.682,1,0.0395,0.0624,0.000106,0.107,0.541,94.462,4,299667
3rCV2gAu8AtQ4bz6SPdnjk,Seductive Barry,25,False,9,1,36E7oYfz3LLRto6l2WmDcD,Pulp,4KVaUWQnFQSqP3lBViJTO5,This Is Hardcore (Deluxe Edition),1998-03-30,album,0.501,0.533,2,-10.786,1,0.0271,0.0444,0.427,0.112,0.285,95.009,4,510200
3n2rqbKbd8wJeBVJQWVt4X,Sylvia,31,False,10,1,36E7oYfz3LLRto6l2WmDcD,Pulp,4KVaUWQnFQSqP3lBViJTO5,This Is Hardcore (Deluxe Edition),1998-03-30,album,0.318,0.598,4,-8.019,1,0.03,0.00419,4.38e-06,0.206,0.199,94.721,4,344707
0EeHNgx85tQ3qbMGKkEnK7,Glory Days,28,False,11,1,36E7oYfz3LLRto6l2WmDcD,Pulp,4KVaUWQnFQSqP3lBViJTO5,This Is Hardcore (Deluxe Edition),1998-03-30,album,0.527,0.87,7,-7.778,1,0.0443,0.0113,0.00212,0.0572,0.446,132.984,4,295227
1IQjRt6UsqRs2eCpHU4TLY,The Day After The Revolution - CD Version / Long Outro,21,False,12,1,36E7oYfz3LLRto6l2WmDcD,Pulp,4KVaUWQnFQSqP3lBViJTO5,This Is Hardcore (Deluxe Edition),1998-03-30,album,0.169,0.0828,6,-11.328,1,0.042,0.0573,0.159,0.16,0.0246,112.23,4,896107
4z80Wk5401Bt5MA9MZU5NW,Like A Friend,46,False,3,2,36E7oYfz3LLRto6l2WmDcD,Pulp,4KVaUWQnFQSqP3lBViJTO5,This Is Hardcore (Deluxe Edition),1998-03-30,album,0.301,0.525,5,-8.955,1,0.0426,0.0309,0.000164,0.388,0.345,111.4,4,271333
5lTHrXZ59RMsz8Rwum5lNc,This Is Hardcore - End Of The Line Remix,19,False,14,2,36E7oYfz3LLRto6l2WmDcD,Pulp,4KVaUWQnFQSqP3lBViJTO5,This Is Hardcore (Deluxe Edition),1998-03-30,album,0.0885,0.14,4,-14.989,0,0.0369,0.847,0.93,0.33,0.0312,83.463,4,125627
2FxcRDt0QiSKKYRmMq00dT,The Fear,0,False,1,1,36E7oYfz3LLRto6l2WmDcD,Pulp,2hf0aTKqdxsobNVda2vvUz,This Is Hardcore Deluxe Edition (2 CD ),1998-03-30,album,0.155,0.807,9,-7.329,0,0.0384,0.052,0.0897,0.218,0.334,176.647,4,339533
61TH7lqPzNmjjQEM68lyHR,Dishes,0,False,2,1,36E7oYfz3LLRto6l2WmDcD,Pulp,2hf0aTKqdxsobNVda2vvUz,This Is Hardcore Deluxe Edition (2 CD ),1998-03-30,album,0.413,0.287,5,-11.82,1,0.0272,0.439,0.0016,0.111,0.402,84.55,4,209960
5Cbpi5dYqNKSFt8U2Yq67W,Party Hard,0,False,3,1,36E7oYfz3LLRto6l2WmDcD,Pulp,2hf0aTKqdxsobNVda2vvUz,This Is Hardcore Deluxe Edition (2 CD ),1998-03-30,album,0.492,0.952,7,-7.241,1,0.0549,0.00183,0.481,0.172,0.5,124.06,4,240467
4Tu3W2ceXZy4teYEd9JHnC,Help The Aged,0,False,4,1,36E7oYfz3LLRto6l2WmDcD,Pulp,2hf0aTKqdxsobNVda2vvUz,This Is Hardcore Deluxe Edition (2 CD ),1998-03-30,album,0.242,0.679,7,-7.132,1,0.05,0.135,2.54e-06,0.0996,0.339,171.533,4,268840
3Yj8CiMjYKKNn4yvUIf1QU,This Is Hardcore - Original Version,0,False,5,1,36E7oYfz3LLRto6l2WmDcD,Pulp,2hf0aTKqdxsobNVda2vvUz,This Is Hardcore Deluxe Edition (2 CD ),1998-03-30,album,0.336,0.511,9,-7.839,0,0.0267,0.00532,0.00062,0.159,0.112,153.954,4,383733
1lOdICtVECKXYUw8ZOMU8j,TV Movie,0,False,6,1,36E7oYfz3LLRto6l2WmDcD,Pulp,2hf0aTKqdxsobNVda2vvUz,This Is Hardcore Deluxe Edition (2 CD ),1998-03-30,album,0.363,0.316,0,-12.036,1,0.0404,0.465,0.000905,0.105,0.171,83.723,4,203067
59tt33DkTumIo2PuJXOFVK,A Little Soul - Original Mix / Album Version,0,False,7,1,36E7oYfz3LLRto6l2WmDcD,Pulp,2hf0aTKqdxsobNVda2vvUz,This Is Hardcore Deluxe Edition (2 CD ),1998-03-30,album,0.646,0.511,7,-9.15,1,0.0294,0.171,0.00167,0.288,0.549,96.004,4,197834
5rHb0cYdTj1NwGfA8oEkGl,I'm A Man,0,False,8,1,36E7oYfz3LLRto6l2WmDcD,Pulp,2hf0aTKqdxsobNVda2vvUz,This Is Hardcore Deluxe Edition (2 CD ),1998-03-30,album,0.454,0.9,4,-6.682,1,0.0395,0.0624,0.000106,0.107,0.541,94.477,4,299667
7I1MkXN3Jttd847pJRhldL,Seductive Barry,0,False,9,1,36E7oYfz3LLRto6l2WmDcD,Pulp,2hf0aTKqdxsobNVda2vvUz,This Is Hardcore Deluxe Edition (2 CD ),1998-03-30,album,0.501,0.533,2,-10.787,1,0.0271,0.0448,0.435,0.112,0.287,95.011,4,510200
7AbF6lkcaDosteBmdWOjtp,Sylvia,0,False,10,1,36E7oYfz3LLRto6l2WmDcD,Pulp,2hf0aTKqdxsobNVda2vvUz,This Is Hardcore Deluxe Edition (2 CD ),1998-03-30,album,0.32,0.6,4,-8.02,1,0.03,0.0,0.0,0.21,0.2,94.72,4,344000
6jqmyj42FOKJYEsJNBeA4j,Glory Days,0,False,11,1,36E7oYfz3LLRto6l2WmDcD,Pulp,2hf0aTKqdxsobNVda2vvUz,This Is Hardcore Deluxe Edition (2 CD ),1998-03-30,album,0.527,0.87,7,-7.778,1,0.0443,0.0113,0.0021,0.0572,0.447,132.985,4,295227
3Qi92XXMjdu4XQ3llqSccP,The Day After The Revolution - Cd Version / Long Outro,0,False,12,1,36E7oYfz3LLRto6l2WmDcD,Pulp,2hf0aTKqdxsobNVda2vvUz,This Is Hardcore Deluxe Edition (2 CD ),1998-03-30,album,0.168,0.0829,6,-11.328,1,0.0422,0.0574,0.16,0.16,0.0246,112.229,4,896107
6sAEtisNgrA84IdPtwYJbO,Cocaine Socialism,0,False,1,2,36E7oYfz3LLRto6l2WmDcD,Pulp,2hf0aTKqdxsobNVda2vvUz,This Is Hardcore Deluxe Edition (2 CD ),1998-03-30,album,0.539,0.949,7,-6.153,1,0.0841,0.00103,0.0142,0.171,0.332,133.041,4,313533
3bOKbuUzeTyxtCeey9tSW6,It's A Dirty World - recording session outtake,0,False,2,2,36E7oYfz3LLRto6l2WmDcD,Pulp,2hf0aTKqdxsobNVda2vvUz,This Is Hardcore Deluxe Edition (2 CD ),1998-03-30,album,0.319,0.887,9,-5.591,0,0.0606,0.0013,0.0,0.151,0.22,167.988,4,313067
6UoKqela28TiSVxgBpuCCH,Like A Friend,0,False,3,2,36E7oYfz3LLRto6l2WmDcD,Pulp,2hf0aTKqdxsobNVda2vvUz,This Is Hardcore Deluxe Edition (2 CD ),1998-03-30,album,0.302,0.526,5,-8.955,1,0.0426,0.0309,0.000167,0.388,0.345,111.694,4,271333
0cHm9kszj5trfP73Ah6dL1,The Professional,0,False,4,2,36E7oYfz3LLRto6l2WmDcD,Pulp,2hf0aTKqdxsobNVda2vvUz,This Is Hardcore Deluxe Edition (2 CD ),1998-03-30,album,0.418,0.542,9,-11.751,1,0.12,0.000683,0.0807,0.0701,0.566,181.094,4,309493
52Bw3bS9aWmrlUgjoAZdF1,Ladies' Man,0,False,5,2,36E7oYfz3LLRto6l2WmDcD,Pulp,2hf0aTKqdxsobNVda2vvUz,This Is Hardcore Deluxe Edition (2 CD ),1998-03-30,album,0.71,0.4,9,-12.113,0,0.0483,0.365,0.799,0.0894,0.462,118.924,4,283373
62i9xKIHQ4lBZZld4CpF0b,Laughing Boy,0,False,6,2,36E7oYfz3LLRto6l2WmDcD,Pulp,2hf0aTKqdxsobNVda2vvUz,This Is Hardcore Deluxe Edition (2 CD ),1998-03-30,album,0.552,0.25,0,-14.158,1,0.0275,0.0187,0.00241,0.0982,0.321,70.048,4,228707
2oEECCEcxqEto4KRMDU2tF,We Are The Boys,0,False,7,2,36E7oYfz3LLRto6l2WmDcD,Pulp,2hf0aTKqdxsobNVda2vvUz,This Is Hardcore Deluxe Edition (2 CD ),1998-03-30,album,0.347,0.935,4,-4.739,1,0.114,0.00876,0.000223,0.441,0.24,149.902,4,192067
4J9fgzcMHOQe3TfG6wLqMg,Tomorrow Never Lies,0,False,8,2,36E7oYfz3LLRto6l2WmDcD,Pulp,2hf0aTKqdxsobNVda2vvUz,This Is Hardcore Deluxe Edition (2 CD ),1998-03-30,album,0.13,0.81,4,-6.74,1,0.06,0.02,0.0,0.12,0.36,175.02,4,291000
3BTi20k2JPh7ekHvhf1KyZ,"Can I Have My Balls Back, Please? - demo previously unreleased",0,False,9,2,36E7oYfz3LLRto6l2WmDcD,Pulp,2hf0aTKqdxsobNVda2vvUz,This Is Hardcore Deluxe Edition (2 CD ),1998-03-30,album,0.613,0.742,7,-6.299,1,0.0274,0.0012,2.03e-05,0.615,0.353,103.674,4,254160
2zqm88cPv5cDzUyXW0IO02,Modern Marriage - demo previously unreleased,0,False,10,2,36E7oYfz3LLRto6l2WmDcD,Pulp,2hf0aTKqdxsobNVda2vvUz,This Is Hardcore Deluxe Edition (2 CD ),1998-03-30,album,0.215,0.698,0,-5.19,1,0.0362,0.116,0.0,0.188,0.192,203.301,4,293773
5ZyOSrUQFfVJvDSQjGDCdU,My Erection - demo previously unreleased,0,False,11,2,36E7oYfz3LLRto6l2WmDcD,Pulp,2hf0aTKqdxsobNVda2vvUz,This Is Hardcore Deluxe Edition (2 CD ),1998-03-30,album,0.702,0.622,0,-5.436,1,0.0426,0.0107,0.0286,0.102,0.588,123.36,4,260200
5oLwXRNPXCT2Z8ZNKyHpmA,You Are The One - demo previously unreleased,0,False,12,2,36E7oYfz3LLRto6l2WmDcD,Pulp,2hf0aTKqdxsobNVda2vvUz,This Is Hardcore Deluxe Edition (2 CD ),1998-03-30,album,0.385,0.845,0,-4.189,1,0.0551,0.182,0.0,0.384,0.38,122.141,4,267627
267zZoZ557fMg2Iy0ryGnO,Street Operator - demo previously unreleased,0,False,13,2,36E7oYfz3LLRto6l2WmDcD,Pulp,2hf0aTKqdxsobNVda2vvUz,This Is Hardcore Deluxe Edition (2 CD ),1998-03-30,album,0.508,0.699,2,-5.901,1,0.0324,0.0196,0.0,0.375,0.38,97.336,4,228800
15FjOiaBeDKCp6dR7pejnp,This Is Hardcore - End Of The Line Remix,0,False,14,2,36E7oYfz3LLRto6l2WmDcD,Pulp,2hf0aTKqdxsobNVda2vvUz,This Is Hardcore Deluxe Edition (2 CD ),1998-03-30,album,0.0893,0.14,4,-14.989,0,0.0369,0.847,0.93,0.33,0.0312,83.733,4,125627
0IoEbtJy7mz76bhvQWa1LB,The Fear,0,False,1,1,36E7oYfz3LLRto6l2WmDcD,Pulp,4AkyE7OFA8TuCvbAUAEyMc,This Is Hardcore (eDeluxe Version),1998-03-30,album,0.155,0.807,9,-7.329,0,0.0384,0.052,0.0897,0.218,0.334,176.647,4,339533
0LrBHVogWC2JTmRMZ3q2XW,Dishes,0,False,2,1,36E7oYfz3LLRto6l2WmDcD,Pulp,4AkyE7OFA8TuCvbAUAEyMc,This Is Hardcore (eDeluxe Version),1998-03-30,album,0.413,0.287,5,-11.82,1,0.0272,0.439,0.0016,0.111,0.402,84.55,4,209960
4qCtZGAvT7VP3k8nWZU7Sx,Party Hard,0,False,3,1,36E7oYfz3LLRto6l2WmDcD,Pulp,4AkyE7OFA8TuCvbAUAEyMc,This Is Hardcore (eDeluxe Version),1998-03-30,album,0.492,0.952,7,-7.241,1,0.0549,0.00183,0.481,0.172,0.5,124.06,4,240467
3fEFNiHl3Iox8GR3KiZluF,Help The Aged,0,False,4,1,36E7oYfz3LLRto6l2WmDcD,Pulp,4AkyE7OFA8TuCvbAUAEyMc,This Is Hardcore (eDeluxe Version),1998-03-30,album,0.242,0.679,7,-7.132,1,0.05,0.135,2.54e-06,0.0996,0.339,171.533,4,268840
3PQT0t1BXngAIaA7oIifMJ,This Is Hardcore - Original Version,0,False,5,1,36E7oYfz3LLRto6l2WmDcD,Pulp,4AkyE7OFA8TuCvbAUAEyMc,This Is Hardcore (eDeluxe Version),1998-03-30,album,0.336,0.511,9,-7.839,0,0.0267,0.00532,0.00062,0.159,0.112,153.954,4,383733
7ykHbkvMtfKPV64cfZF47u,TV Movie,0,False,6,1,36E7oYfz3LLRto6l2WmDcD,Pulp,4AkyE7OFA8TuCvbAUAEyMc,This Is Hardcore (eDeluxe Version),1998-03-30,album,0.363,0.316,0,-12.036,1,0.0404,0.465,0.000905,0.105,0.171,83.723,4,203067
54ZU7Q2A0GCtP8wtXM9GAR,A Little Soul - Original Mix / Album Version,0,False,7,1,36E7oYfz3LLRto6l2WmDcD,Pulp,4AkyE7OFA8TuCvbAUAEyMc,This Is Hardcore (eDeluxe Version),1998-03-30,album,0.646,0.511,7,-9.15,1,0.0294,0.171,0.00167,0.288,0.549,96.004,4,197834
67q9pdEOaL85qIJyhs7obA,I'm A Man,0,False,8,1,36E7oYfz3LLRto6l2WmDcD,Pulp,4AkyE7OFA8TuCvbAUAEyMc,This Is Hardcore (eDeluxe Version),1998-03-30,album,0.454,0.9,4,-6.682,1,0.0395,0.0624,0.000106,0.107,0.541,94.477,4,299667
3bjCvuuOidGfLdgIAiif7s,Seductive Barry,0,False,9,1,36E7oYfz3LLRto6l2WmDcD,Pulp,4AkyE7OFA8TuCvbAUAEyMc,This Is Hardcore (eDeluxe Version),1998-03-30,album,0.501,0.533,2,-10.787,1,0.0271,0.0448,0.435,0.112,0.287,95.011,4,510200
43W87TibUoacPWH9eZomIb,Sylvia,0,False,10,1,36E7oYfz3LLRto6l2WmDcD,Pulp,4AkyE7OFA8TuCvbAUAEyMc,This Is Hardcore (eDeluxe Version),1998-03-30,album,0.279,0.597,4,-8.013,1,0.0309,0.00414,4.26e-06,0.206,0.195,94.417,4,344707
7DGEwslgQGsCmMEscrg72t,Glory Days,0,False,11,1,36E7oYfz3LLRto6l2WmDcD,Pulp,4AkyE7OFA8TuCvbAUAEyMc,This Is Hardcore (eDeluxe Version),1998-03-30,album,0.527,0.87,7,-7.778,1,0.0443,0.0113,0.0021,0.0572,0.447,132.985,4,295227
7ErR7uSemGf01ODwnqmqGM,The Day After The Revolution - Cd Version / Long Outro,0,False,12,1,36E7oYfz3LLRto6l2WmDcD,Pulp,4AkyE7OFA8TuCvbAUAEyMc,This Is Hardcore (eDeluxe Version),1998-03-30,album,0.168,0.0829,6,-11.328,1,0.0422,0.0574,0.16,0.16,0.0246,112.229,4,896107
1sCuTiOkrGDDFmowYCrCAc,Cocaine Socialism,0,False,1,2,36E7oYfz3LLRto6l2WmDcD,Pulp,4AkyE7OFA8TuCvbAUAEyMc,This Is Hardcore (eDeluxe Version),1998-03-30,album,0.539,0.949,7,-6.153,1,0.0841,0.00103,0.0142,0.171,0.332,133.041,4,313533
3SFegezhW0y9ntA8qxQ2e9,It's A Dirty World - recording session outtake,0,False,2,2,36E7oYfz3LLRto6l2WmDcD,Pulp,4AkyE7OFA8TuCvbAUAEyMc,This Is Hardcore (eDeluxe Version),1998-03-30,album,0.319,0.887,9,-5.591,0,0.0606,0.0013,0.0,0.151,0.22,167.988,4,313067
4UAeZlHYELldvCsTU42Czm,Like A Friend,0,False,3,2,36E7oYfz3LLRto6l2WmDcD,Pulp,4AkyE7OFA8TuCvbAUAEyMc,This Is Hardcore (eDeluxe Version),1998-03-30,album,0.302,0.526,5,-8.955,1,0.0426,0.0309,0.000167,0.388,0.345,111.694,4,271333
3f5r4qq9nHkXp8Lwt4piMq,The Professional,0,False,4,2,36E7oYfz3LLRto6l2WmDcD,Pulp,4AkyE7OFA8TuCvbAUAEyMc,This Is Hardcore (eDeluxe Version),1998-03-30,album,0.418,0.542,9,-11.751,1,0.12,0.000683,0.0807,0.0701,0.566,181.094,4,309493
3T2L8hsXXQaFHy7IRvy1cI,Ladies' Man,0,False,5,2,36E7oYfz3LLRto6l2WmDcD,Pulp,4AkyE7OFA8TuCvbAUAEyMc,This Is Hardcore (eDeluxe Version),1998-03-30,album,0.71,0.4,9,-12.113,0,0.0483,0.365,0.799,0.0894,0.462,118.924,4,283373
7ezqgAZVrSoez3acH2QkdV,Laughing Boy,0,False,6,2,36E7oYfz3LLRto6l2WmDcD,Pulp,4AkyE7OFA8TuCvbAUAEyMc,This Is Hardcore (eDeluxe Version),1998-03-30,album,0.552,0.25,0,-14.158,1,0.0275,0.0187,0.00241,0.0982,0.321,70.048,4,228707
3YM4S1MPV3rEFDFAhV0MpD,We Are The Boys,0,False,7,2,36E7oYfz3LLRto6l2WmDcD,Pulp,4AkyE7OFA8TuCvbAUAEyMc,This Is Hardcore (eDeluxe Version),1998-03-30,album,0.347,0.935,4,-4.739,1,0.114,0.00876,0.000223,0.441,0.24,149.902,4,192067
1pMkTSYvwuYhtr5XvTNhRG,Tomorrow Never Lies,0,False,8,2,36E7oYfz3LLRto6l2WmDcD,Pulp,4AkyE7OFA8TuCvbAUAEyMc,This Is Hardcore (eDeluxe Version),1998-03-30,album,0.125,0.814,4,-6.743,1,0.0638,0.0229,0.00291,0.119,0.366,176.008,4,291267
6n9FQqfBaQMNemQGbEsla6,"Can I Have My Balls Back, Please? - demo previously unreleased",0,False,9,2,36E7oYfz3LLRto6l2WmDcD,Pulp,4AkyE7OFA8TuCvbAUAEyMc,This Is Hardcore (eDeluxe Version),1998-03-30,album,0.613,0.742,7,-6.299,1,0.0274,0.0012,2.03e-05,0.615,0.353,103.674,4,254160
3aD15qNmXbUIIN8LbvCixM,Modern Marriage - demo previously unreleased,0,False,10,2,36E7oYfz3LLRto6l2WmDcD,Pulp,4AkyE7OFA8TuCvbAUAEyMc,This Is Hardcore (eDeluxe Version),1998-03-30,album,0.215,0.698,0,-5.19,1,0.0362,0.116,0.0,0.188,0.192,203.301,4,293773
0rD6M9XAhfNQR3qOgtPdN6,My Erection - demo previously unreleased,0,False,11,2,36E7oYfz3LLRto6l2WmDcD,Pulp,4AkyE7OFA8TuCvbAUAEyMc,This Is Hardcore (eDeluxe Version),1998-03-30,album,0.702,0.622,0,-5.436,1,0.0426,0.0107,0.0286,0.102,0.588,123.36,4,260200
0KZ25pyLKpkCmYlS0aYw4Z,You Are The One - demo previously unreleased,0,False,12,2,36E7oYfz3LLRto6l2WmDcD,Pulp,4AkyE7OFA8TuCvbAUAEyMc,This Is Hardcore (eDeluxe Version),1998-03-30,album,0.385,0.845,0,-4.189,1,0.0551,0.182,0.0,0.384,0.38,122.141,4,267627
6TDtUtiognM05eyKqr3dK3,Street Operator - demo previously unreleased,0,False,13,2,36E7oYfz3LLRto6l2WmDcD,Pulp,4AkyE7OFA8TuCvbAUAEyMc,This Is Hardcore (eDeluxe Version),1998-03-30,album,0.508,0.699,2,-5.901,1,0.0324,0.0196,0.0,0.375,0.38,97.336,4,228800
1nSlIhLaLN3k4lj24acAf2,This Is Hardcore - End Of The Line Remix,0,False,14,2,36E7oYfz3LLRto6l2WmDcD,Pulp,4AkyE7OFA8TuCvbAUAEyMc,This Is Hardcore (eDeluxe Version),1998-03-30,album,0.0893,0.14,4,-14.989,0,0.0369,0.847,0.93,0.33,0.0312,83.733,4,125627
4fJ35vzV0U2mHTckruzqqs,The Fear,0,False,1,1,36E7oYfz3LLRto6l2WmDcD,Pulp,1s5JBcDlBqS7Rh7jrHgDXk,This Is Hardcore (eDeluxe Version CD1),1998-03-30,album,0.156,0.807,9,-7.315,0,0.0381,0.052,0.0882,0.241,0.334,176.081,4,338500
04ZhShAX1lyMuXQMs1dSZB,Dishes,0,False,2,1,36E7oYfz3LLRto6l2WmDcD,Pulp,1s5JBcDlBqS7Rh7jrHgDXk,This Is Hardcore (eDeluxe Version CD1),1998-03-30,album,0.468,0.287,0,-11.819,1,0.0269,0.438,0.00159,0.111,0.393,84.802,4,209960
66auxEh9n35y5XVDS9Svy9,Party Hard,0,False,3,1,36E7oYfz3LLRto6l2WmDcD,Pulp,1s5JBcDlBqS7Rh7jrHgDXk,This Is Hardcore (eDeluxe Version CD1),1998-03-30,album,0.49,0.952,7,-7.241,1,0.0545,0.00178,0.467,0.171,0.494,124.06,4,239750
0f7mFDH4e0cfd98EwgglDw,Help The Aged,0,False,4,1,36E7oYfz3LLRto6l2WmDcD,Pulp,1s5JBcDlBqS7Rh7jrHgDXk,This Is Hardcore (eDeluxe Version CD1),1998-03-30,album,0.243,0.679,7,-7.134,1,0.0504,0.137,2.46e-06,0.109,0.33,171.521,4,268500
5TihWj6oxh2IA43Q9Rguwf,This Is Hardcore - Original Version,0,False,5,1,36E7oYfz3LLRto6l2WmDcD,Pulp,1s5JBcDlBqS7Rh7jrHgDXk,This Is Hardcore (eDeluxe Version CD1),1998-03-30,album,0.338,0.511,9,-7.839,0,0.0267,0.00526,0.00062,0.172,0.112,154.129,4,383500
6uYmxVOYF9zoGE64hnMFBY,TV Movie,0,False,6,1,36E7oYfz3LLRto6l2WmDcD,Pulp,1s5JBcDlBqS7Rh7jrHgDXk,This Is Hardcore (eDeluxe Version CD1),1998-03-30,album,0.363,0.316,0,-12.036,1,0.0404,0.465,0.00098,0.105,0.171,83.751,4,203067
3qXYvJgCCxaHA9bGQT6uKE,A Little Soul - Original Mix / Album Version,0,False,7,1,36E7oYfz3LLRto6l2WmDcD,Pulp,1s5JBcDlBqS7Rh7jrHgDXk,This Is Hardcore (eDeluxe Version CD1),1998-03-30,album,0.646,0.511,7,-9.15,1,0.0294,0.171,0.00167,0.283,0.549,96.007,4,197000
4GASJ2eQcie23BxXNYqtIC,I'm A Man,0,False,8,1,36E7oYfz3LLRto6l2WmDcD,Pulp,1s5JBcDlBqS7Rh7jrHgDXk,This Is Hardcore (eDeluxe Version CD1),1998-03-30,album,0.454,0.9,4,-6.682,1,0.0395,0.0624,0.000106,0.11,0.541,94.462,4,299000
3SHUzA4W88312vT86FPsso,Seductive Barry,0,False,9,1,36E7oYfz3LLRto6l2WmDcD,Pulp,1s5JBcDlBqS7Rh7jrHgDXk,This Is Hardcore (eDeluxe Version CD1),1998-03-30,album,0.501,0.533,2,-10.786,1,0.0271,0.0444,0.427,0.112,0.285,95.009,4,509250
1foIqdTbg6M2kC4Vq1l75m,Sylvia,0,False,10,1,36E7oYfz3LLRto6l2WmDcD,Pulp,1s5JBcDlBqS7Rh7jrHgDXk,This Is Hardcore (eDeluxe Version CD1),1998-03-30,album,0.286,0.598,4,-8.019,1,0.0305,0.00419,4.38e-06,0.289,0.2,94.712,4,344250
7CbfHhLbH5HcXYBZmGqPsf,Glory Days,0,False,11,1,36E7oYfz3LLRto6l2WmDcD,Pulp,1s5JBcDlBqS7Rh7jrHgDXk,This Is Hardcore (eDeluxe Version CD1),1998-03-30,album,0.527,0.87,7,-7.768,1,0.0443,0.0113,0.00212,0.058,0.446,132.99,4,294500
2htza6FYPawfNJ63zQ9ury,The Day After The Revolution - Cd Version / Long Outro,0,False,12,1,36E7oYfz3LLRto6l2WmDcD,Pulp,1s5JBcDlBqS7Rh7jrHgDXk,This Is Hardcore (eDeluxe Version CD1),1998-03-30,album,0.169,0.0833,6,-11.314,1,0.042,0.0567,0.157,0.155,0.0246,112.23,4,888500
7b0NZN7OMfzBYvOw12G4G5,Countdown,0,True,1,1,36E7oYfz3LLRto6l2WmDcD,Pulp,4qrpudPKkYJbb4KdpN9k9G,Countdown: 1992-1983,1996-06-03,album,0.724,0.717,1,-11.569,1,0.0394,0.00101,0.015,0.0717,0.904,127.813,4,281000
0EYvyoSfbjHE6OLGXLH86F,Death Goes To The Disco,0,False,2,1,36E7oYfz3LLRto6l2WmDcD,Pulp,4qrpudPKkYJbb4KdpN9k9G,Countdown: 1992-1983,1996-06-03,album,0.796,0.718,0,-13.049,1,0.0416,0.00414,0.309,0.219,0.655,110.399,4,343067
0DzPsnlsZir1xr34T4BFHG,My Legendary Girlfriend,0,True,3,1,36E7oYfz3LLRto6l2WmDcD,Pulp,4qrpudPKkYJbb4KdpN9k9G,Countdown: 1992-1983,1996-06-03,album,0.609,0.556,0,-15.44,1,0.0391,0.000124,0.52,0.123,0.75,129.658,4,411733
3OAXmtQXv099iqVV0uHnJa,Don't You Want Me Anymore,0,True,4,1,36E7oYfz3LLRto6l2WmDcD,Pulp,4qrpudPKkYJbb4KdpN9k9G,Countdown: 1992-1983,1996-06-03,album,0.733,0.451,1,-14.686,1,0.039,0.0735,0.00155,0.188,0.728,121.053,4,232707
17OzayMlBYdd7DplExdBwp,She's Dead,0,False,5,1,36E7oYfz3LLRto6l2WmDcD,Pulp,4qrpudPKkYJbb4KdpN9k9G,Countdown: 1992-1983,1996-06-03,album,0.485,0.334,9,-14.287,1,0.025,0.0537,0.0897,0.257,0.403,165.677,4,304640
0qcthUMfQGfKSOCU4b90Sl,Down By The River,0,True,6,1,36E7oYfz3LLRto6l2WmDcD,Pulp,4qrpudPKkYJbb4KdpN9k9G,Countdown: 1992-1983,1996-06-03,album,0.557,0.281,11,-16.345,0,0.0287,0.00847,0.00205,0.153,0.315,106.501,3,219667
1mLwBdhytcOUTBKb819LWf,I Want You,0,False,7,1,36E7oYfz3LLRto6l2WmDcD,Pulp,4qrpudPKkYJbb4KdpN9k9G,Countdown: 1992-1983,1996-06-03,album,0.376,0.518,4,-12.107,1,0.0684,0.302,0.0,0.197,0.484,94.767,4,279133
0LRLnIrOtnyjlVe8V2kNhE,Being Followed Home,0,False,8,1,36E7oYfz3LLRto6l2WmDcD,Pulp,4qrpudPKkYJbb4KdpN9k9G,Countdown: 1992-1983,1996-06-03,album,0.356,0.454,2,-13.126,0,0.038,0.139,0.000142,0.0609,0.229,133.113,4,362467
3iZF8FPlDwlo8u1YPFPFUY,Master of the Universe,0,False,9,1,36E7oYfz3LLRto6l2WmDcD,Pulp,4qrpudPKkYJbb4KdpN9k9G,Countdown: 1992-1983,1996-06-03,album,0.403,0.714,2,-12.443,0,0.034,0.0992,0.0,0.212,0.656,126.381,4,200107
4ymP7nk2qxmXc5w8G5Z8lc,Don't You Know,0,False,10,1,36E7oYfz3LLRto6l2WmDcD,Pulp,4qrpudPKkYJbb4KdpN9k9G,Countdown: 1992-1983,1996-06-03,album,0.513,0.546,7,-11.238,1,0.0356,0.185,0.00481,0.155,0.633,127.261,4,246369
6wo4TAZqcP7BRUMEOjvW0z,They Suffocate At Night,0,False,11,1,36E7oYfz3LLRto6l2WmDcD,Pulp,4qrpudPKkYJbb4KdpN9k9G,Countdown: 1992-1983,1996-06-03,album,0.372,0.575,10,-13.156,1,0.0296,0.182,0.000628,0.12,0.254,101.245,4,378067
4PQpR6lbsghlb0osmAUyxm,Dogs Are Everywhere,0,False,1,2,36E7oYfz3LLRto6l2WmDcD,Pulp,4qrpudPKkYJbb4KdpN9k9G,Countdown: 1992-1983,1996-06-03,album,0.418,0.341,4,-13.246,1,0.0282,0.443,0.0,0.0841,0.488,94.444,4,293933
4n4fpqNR60boocvWAskS0h,The Mark of the Devil,0,False,2,2,36E7oYfz3LLRto6l2WmDcD,Pulp,4qrpudPKkYJbb4KdpN9k9G,Countdown: 1992-1983,1996-06-03,album,0.344,0.363,0,-12.005,1,0.0421,0.042,0.00067,0.0424,0.564,138.196,4,276000
4cwYjDhEc54xnF1sozRLBt,97 Lovers,0,False,3,2,36E7oYfz3LLRto6l2WmDcD,Pulp,4qrpudPKkYJbb4KdpN9k9G,Countdown: 1992-1983,1996-06-03,album,0.268,0.104,5,-18.97,1,0.0302,0.321,0.0,0.114,0.0542,79.389,3,270400
0OC3ya1cmQytqdQNUvhsLr,Little Girl (with Blue Eyes),0,True,4,2,36E7oYfz3LLRto6l2WmDcD,Pulp,4qrpudPKkYJbb4KdpN9k9G,Countdown: 1992-1983,1996-06-03,album,0.387,0.33,9,-13.285,1,0.0353,0.375,2.71e-05,0.11,0.173,101.38,3,208907
4yDogxtGsCkFDhixfJsLmK,Blue Glow,0,False,5,2,36E7oYfz3LLRto6l2WmDcD,Pulp,4qrpudPKkYJbb4KdpN9k9G,Countdown: 1992-1983,1996-06-03,album,0.431,0.269,2,-11.713,0,0.0385,0.0588,0.0364,0.117,0.469,111.7,4,186000
2pelmLrhH5qkBFKZ5wqvfZ,My Lighthouse,0,False,6,2,36E7oYfz3LLRto6l2WmDcD,Pulp,4qrpudPKkYJbb4KdpN9k9G,Countdown: 1992-1983,1996-06-03,album,0.403,0.559,4,-11.407,1,0.0355,0.331,0.0598,0.157,0.504,137.866,4,208707
0cJIOVeDUDgCbETjCps6i7,Wishful Thinking,0,False,7,2,36E7oYfz3LLRto6l2WmDcD,Pulp,4qrpudPKkYJbb4KdpN9k9G,Countdown: 1992-1983,1996-06-03,album,0.361,0.378,5,-11.947,1,0.0322,0.0407,0.0184,0.183,0.146,127.44,4,256667
7l4oUIXZKXVUXlzed47DlQ,Blue Girls,0,False,8,2,36E7oYfz3LLRto6l2WmDcD,Pulp,4qrpudPKkYJbb4KdpN9k9G,Countdown: 1992-1983,1996-06-03,album,0.312,0.237,1,-15.395,1,0.0399,0.826,0.00062,0.347,0.234,111.083,4,358960
33G7LjTMGkQFF9laqEzriX,Countdown - Extended Version,0,False,9,2,36E7oYfz3LLRto6l2WmDcD,Pulp,4qrpudPKkYJbb4KdpN9k9G,Countdown: 1992-1983,1996-06-03,album,0.718,0.621,1,-12.899,0,0.0385,0.00349,0.235,0.341,0.84,127.753,4,484267
0tmyVn8jZF4aOf3OXwQ04Q,Mis-Shapes,0,False,1,1,36E7oYfz3LLRto6l2WmDcD,Pulp,1W0fmt3UzzyxvzRqvHoNFw,Different Class / Deluxe Edition,1995-10-30,album,0.315,0.892,2,-5.128,1,0.0783,0.0113,0.0,0.447,0.654,147.349,4,226560
34qE8zEPrJScBNuIpfX3Uh,Pencil Skirt,0,False,2,1,36E7oYfz3LLRto6l2WmDcD,Pulp,1W0fmt3UzzyxvzRqvHoNFw,Different Class / Deluxe Edition,1995-10-30,album,0.487,0.561,7,-9.15,1,0.0314,0.0317,0.000948,0.451,0.551,96.794,4,191267
0LEoCPq4QlV2h41Fm5ENJ3,Common People,0,False,3,1,36E7oYfz3LLRto6l2WmDcD,Pulp,1W0fmt3UzzyxvzRqvHoNFw,Different Class / Deluxe Edition,1995-10-30,album,0.319,0.839,0,-7.341,1,0.0404,0.00596,7.99e-05,0.0764,0.538,144.938,4,350373
7uN9gk0IwPhMrF2eQhrBCK,I Spy,0,False,4,1,36E7oYfz3LLRto6l2WmDcD,Pulp,1W0fmt3UzzyxvzRqvHoNFw,Different Class / Deluxe Edition,1995-10-30,album,0.508,0.901,8,-6.574,1,0.0634,0.00171,0.0609,0.0827,0.162,129.828,4,355267
7ec55GDkRIBmsI8XKrG1lu,Disco 2000,0,False,5,1,36E7oYfz3LLRto6l2WmDcD,Pulp,1W0fmt3UzzyxvzRqvHoNFw,Different Class / Deluxe Edition,1995-10-30,album,0.567,0.932,7,-5.888,0,0.0759,0.0147,0.0,0.0484,0.55,133.074,4,273733
2oJOCvYolmiY2aMQycmuMB,Live Bed Show,0,False,6,1,36E7oYfz3LLRto6l2WmDcD,Pulp,1W0fmt3UzzyxvzRqvHoNFw,Different Class / Deluxe Edition,1995-10-30,album,0.379,0.731,9,-7.416,0,0.0337,0.00479,2.25e-05,0.134,0.321,94.955,4,209600
1leq5icvLS2VGg1cLItCmx,Something Changed,0,False,7,1,36E7oYfz3LLRto6l2WmDcD,Pulp,1W0fmt3UzzyxvzRqvHoNFw,Different Class / Deluxe Edition,1995-10-30,album,0.533,0.724,7,-6.595,1,0.0314,0.0257,0.0148,0.264,0.381,120.574,4,198800
6HuHn4aD0sbAxf8Q2udFA7,Sorted For E's & Wizz,0,False,8,1,36E7oYfz3LLRto6l2WmDcD,Pulp,1W0fmt3UzzyxvzRqvHoNFw,Different Class / Deluxe Edition,1995-10-30,album,0.534,0.818,0,-7.819,1,0.0536,0.259,1.55e-06,0.358,0.489,93.851,4,227733
3aZY6CVEsOXmCazOnRJAQe,F.E.E.L.I.N.G.C.A.L.L.E.D.L.O.V.E.,0,False,9,1,36E7oYfz3LLRto6l2WmDcD,Pulp,1W0fmt3UzzyxvzRqvHoNFw,Different Class / Deluxe Edition,1995-10-30,album,0.395,0.59,9,-8.792,0,0.0482,0.0146,0.0078,0.0773,0.447,136.355,4,361163
6CGUp5xX5jzCgcK6rGMQHW,Underwear,0,False,10,1,36E7oYfz3LLRto6l2WmDcD,Pulp,1W0fmt3UzzyxvzRqvHoNFw,Different Class / Deluxe Edition,1995-10-30,album,0.273,0.672,9,-7.719,1,0.0318,0.1,2.81e-06,0.111,0.218,95.969,4,246360
51xsSLoq2612kMUHhKymFf,Monday Morning,0,False,11,1,36E7oYfz3LLRto6l2WmDcD,Pulp,1W0fmt3UzzyxvzRqvHoNFw,Different Class / Deluxe Edition,1995-10-30,album,0.351,0.75,6,-6.296,0,0.039,0.00064,0.0646,0.114,0.721,147.323,4,256840
6obcW196nyNZD4GYo75d1Q,Bar Italia,0,False,12,1,36E7oYfz3LLRto6l2WmDcD,Pulp,1W0fmt3UzzyxvzRqvHoNFw,Different Class / Deluxe Edition,1995-10-30,album,0.442,0.597,5,-6.254,1,0.0375,0.404,3.68e-05,0.177,0.116,124.421,1,223267
0a1aFPBoBHV3M2BFFLEDHR,Common People - Live Glastonbury Festival,0,False,1,2,36E7oYfz3LLRto6l2WmDcD,Pulp,1W0fmt3UzzyxvzRqvHoNFw,Different Class / Deluxe Edition,1995-10-30,album,0.206,0.928,0,-5.126,1,0.109,0.00856,0.00129,0.978,0.294,153.776,4,457360
0xfKMWFOhBU4zcVL938o3C,Disco 2000 - Pub Rock Version - previously unreleased,0,False,10,2,36E7oYfz3LLRto6l2WmDcD,Pulp,1W0fmt3UzzyxvzRqvHoNFw,Different Class / Deluxe Edition,1995-10-30,album,0.397,0.871,10,-5.689,1,0.0726,0.0231,0.0,0.0771,0.392,135.604,4,261000
6jW6MxeVrHK3NmLjmqHCq8,Common People - Vocoder Mix,0,False,11,2,36E7oYfz3LLRto6l2WmDcD,Pulp,1W0fmt3UzzyxvzRqvHoNFw,Different Class / Deluxe Edition,1995-10-30,album,0.637,0.68,0,-7.925,1,0.0296,0.000215,0.405,0.254,0.34,142.028,4,378107
0IV773YdfsQSBaGACsE2vh,Mis-Shapes,0,False,1,1,36E7oYfz3LLRto6l2WmDcD,Pulp,3syTfExvTECmBuNp6C8gs5,Different Class (eDeluxe Version CD1),1995-10-30,album,0.316,0.892,2,-5.114,1,0.0782,0.0113,0.0,0.397,0.654,147.326,4,224000
0bOkdyxM1sP45PDtdUhTBV,Pencil Skirt,0,False,2,1,36E7oYfz3LLRto6l2WmDcD,Pulp,3syTfExvTECmBuNp6C8gs5,Different Class (eDeluxe Version CD1),1995-10-30,album,0.487,0.561,7,-9.15,1,0.0314,0.0317,0.000948,0.451,0.551,96.794,4,191267
7Cd7GNarsbb0Cazkekz9IN,Common People - Full Length Version; Album Version,0,False,3,1,36E7oYfz3LLRto6l2WmDcD,Pulp,3syTfExvTECmBuNp6C8gs5,Different Class (eDeluxe Version CD1),1995-10-30,album,0.319,0.839,0,-7.341,1,0.0404,0.00596,7.99e-05,0.0764,0.538,144.938,4,350373
09lUb01z0co06OL01JDN4i,I Spy,0,False,4,1,36E7oYfz3LLRto6l2WmDcD,Pulp,3syTfExvTECmBuNp6C8gs5,Different Class (eDeluxe Version CD1),1995-10-30,album,0.508,0.901,8,-6.574,1,0.0634,0.00171,0.0609,0.0848,0.162,129.821,4,353500
7B6GjeS3PkZEwre6dBmsQK,Disco 2000,0,False,5,1,36E7oYfz3LLRto6l2WmDcD,Pulp,3syTfExvTECmBuNp6C8gs5,Different Class (eDeluxe Version CD1),1995-10-30,album,0.567,0.932,7,-5.888,0,0.0759,0.0147,0.0,0.0484,0.55,133.074,4,273733
4kF3tZ99XuXGr0OFlLvOF7,Live Bed Show,0,False,6,1,36E7oYfz3LLRto6l2WmDcD,Pulp,3syTfExvTECmBuNp6C8gs5,Different Class (eDeluxe Version CD1),1995-10-30,album,0.379,0.731,9,-7.416,0,0.0337,0.00479,2.25e-05,0.134,0.321,94.955,4,209600
5PNjKRKElEI9uh7apuI165,Something Changed,0,False,7,1,36E7oYfz3LLRto6l2WmDcD,Pulp,3syTfExvTECmBuNp6C8gs5,Different Class (eDeluxe Version CD1),1995-10-30,album,0.533,0.724,7,-6.595,1,0.0314,0.0257,0.0148,0.292,0.381,120.575,4,198000
2fIapOO1N8FhMptJWPFY1h,Sorted For E's & Wizz,0,False,8,1,36E7oYfz3LLRto6l2WmDcD,Pulp,3syTfExvTECmBuNp6C8gs5,Different Class (eDeluxe Version CD1),1995-10-30,album,0.534,0.818,0,-7.819,1,0.0536,0.259,1.55e-06,0.358,0.489,93.851,4,227733
6VDBRKW6UE7BDCjTANQLLy,F.E.E.L.I.N.G.C.A.L.L.E.D.L.O.V.E.,0,False,9,1,36E7oYfz3LLRto6l2WmDcD,Pulp,3syTfExvTECmBuNp6C8gs5,Different Class (eDeluxe Version CD1),1995-10-30,album,0.395,0.59,9,-8.792,0,0.0482,0.0146,0.0078,0.0705,0.447,136.355,4,361200
2n27geBmVlzDfK8Aktmv1F,Underwear,0,False,10,1,36E7oYfz3LLRto6l2WmDcD,Pulp,3syTfExvTECmBuNp6C8gs5,Different Class (eDeluxe Version CD1),1995-10-30,album,0.273,0.672,9,-7.719,1,0.0318,0.1,2.81e-06,0.111,0.218,95.969,4,246360
4txto30iuPgJIwSYXvlDOQ,Monday Morning,0,False,11,1,36E7oYfz3LLRto6l2WmDcD,Pulp,3syTfExvTECmBuNp6C8gs5,Different Class (eDeluxe Version CD1),1995-10-30,album,0.351,0.75,6,-6.296,0,0.039,0.00064,0.0646,0.114,0.721,147.323,4,256840
16CTGN5DNtcH5apFkvqxQW,Bar Italia,0,False,12,1,36E7oYfz3LLRto6l2WmDcD,Pulp,3syTfExvTECmBuNp6C8gs5,Different Class (eDeluxe Version CD1),1995-10-30,album,0.456,0.597,5,-6.254,1,0.0377,0.404,3.68e-05,0.363,0.116,124.192,1,219750
5ajRvyJO7E7AcK6iGPunL2,Mis-Shapes,0,False,1,1,36E7oYfz3LLRto6l2WmDcD,Pulp,3m61o0rqCroE7hX0PKdX5f,Different Class (eDeluxe Version),1995-10-30,album,0.315,0.892,2,-5.128,1,0.0783,0.0113,0.0,0.447,0.654,147.349,4,226560
5EGVU1zEPl47lEpk6P1Dop,Pencil Skirt,0,False,2,1,36E7oYfz3LLRto6l2WmDcD,Pulp,3m61o0rqCroE7hX0PKdX5f,Different Class (eDeluxe Version),1995-10-30,album,0.487,0.561,7,-9.15,1,0.0314,0.0317,0.000948,0.451,0.551,96.794,4,191267
3Yruh2VpaC4XsvcKs0BIzX,Common People - Full Length Version / Album Version,0,False,3,1,36E7oYfz3LLRto6l2WmDcD,Pulp,3m61o0rqCroE7hX0PKdX5f,Different Class (eDeluxe Version),1995-10-30,album,0.319,0.839,0,-7.341,1,0.0404,0.00596,7.99e-05,0.0764,0.538,144.938,4,350373
78XAzLFZpTTua4l4v2QeJf,I Spy,0,False,4,1,36E7oYfz3LLRto6l2WmDcD,Pulp,3m61o0rqCroE7hX0PKdX5f,Different Class (eDeluxe Version),1995-10-30,album,0.508,0.901,8,-6.574,1,0.0634,0.00171,0.0609,0.0827,0.162,129.828,4,355267
1HaWupDh5uc9UyOefwpcsd,Disco 2000,0,False,5,1,36E7oYfz3LLRto6l2WmDcD,Pulp,3m61o0rqCroE7hX0PKdX5f,Different Class (eDeluxe Version),1995-10-30,album,0.567,0.932,7,-5.888,0,0.0759,0.0147,0.0,0.0484,0.55,133.074,4,273733
3jwhBwJVk1fsu5VIE57ZyM,Live Bed Show,0,False,6,1,36E7oYfz3LLRto6l2WmDcD,Pulp,3m61o0rqCroE7hX0PKdX5f,Different Class (eDeluxe Version),1995-10-30,album,0.379,0.731,9,-7.416,0,0.0337,0.00479,2.25e-05,0.134,0.321,94.955,4,209600
023r9iNra8SNtIGLAt109n,Something Changed,0,False,7,1,36E7oYfz3LLRto6l2WmDcD,Pulp,3m61o0rqCroE7hX0PKdX5f,Different Class (eDeluxe Version),1995-10-30,album,0.533,0.724,7,-6.595,1,0.0314,0.0257,0.0148,0.264,0.381,120.574,4,198800
5lMR0aZEAvCWOFqtzVFn1T,Sorted For E's & Wizz,0,False,8,1,36E7oYfz3LLRto6l2WmDcD,Pulp,3m61o0rqCroE7hX0PKdX5f,Different Class (eDeluxe Version),1995-10-30,album,0.534,0.818,0,-7.819,1,0.0536,0.259,1.55e-06,0.358,0.489,93.851,4,227733
3EIgqOAZN7E9u9hFwAJBXz,F.E.E.L.I.N.G.C.A.L.L.E.D.L.O.V.E.,0,False,9,1,36E7oYfz3LLRto6l2WmDcD,Pulp,3m61o0rqCroE7hX0PKdX5f,Different Class (eDeluxe Version),1995-10-30,album,0.395,0.59,9,-8.792,0,0.0482,0.0146,0.0078,0.0773,0.447,136.355,4,361163
0tPW0ZkzFKYMYtMwM4C8zY,Underwear,0,False,10,1,36E7oYfz3LLRto6l2WmDcD,Pulp,3m61o0rqCroE7hX0PKdX5f,Different Class (eDeluxe Version),1995-10-30,album,0.273,0.672,9,-7.719,1,0.0318,0.1,2.81e-06,0.111,0.218,95.969,4,246360
1ILqCaFcFsFbHbMCk7iqTP,Monday Morning,0,False,11,1,36E7oYfz3LLRto6l2WmDcD,Pulp,3m61o0rqCroE7hX0PKdX5f,Different Class (eDeluxe Version),1995-10-30,album,0.351,0.75,6,-6.296,0,0.039,0.00064,0.0646,0.114,0.721,147.323,4,256840
46oUB6ngk7TuttpgdbVDTT,Bar Italia,0,False,12,1,36E7oYfz3LLRto6l2WmDcD,Pulp,3m61o0rqCroE7hX0PKdX5f,Different Class (eDeluxe Version),1995-10-30,album,0.442,0.597,5,-6.254,1,0.0375,0.404,3.68e-05,0.177,0.116,124.421,1,223267
0YoWDQaSUzcX9IdJtDA9fc,Common People - Live Glastonbury Festival,0,False,1,2,36E7oYfz3LLRto6l2WmDcD,Pulp,3m61o0rqCroE7hX0PKdX5f,Different Class (eDeluxe Version),1995-10-30,album,0.206,0.928,0,-5.126,1,0.109,0.00856,0.00129,0.978,0.294,153.776,4,457360
3UmkRdYZDv9B66rCOcQr2y,Mile End,0,False,2,2,36E7oYfz3LLRto6l2WmDcD,Pulp,3m61o0rqCroE7hX0PKdX5f,Different Class (eDeluxe Version),1995-10-30,album,0.605,0.775,5,-8.909,1,0.0412,0.141,0.000472,0.0918,0.406,98.361,4,270800
6ooBoHauq4hZiakHvMrlDx,P.T.A. - Parent Teacher Association,0,False,3,2,36E7oYfz3LLRto6l2WmDcD,Pulp,3m61o0rqCroE7hX0PKdX5f,Different Class (eDeluxe Version),1995-10-30,album,0.442,0.864,7,-5.536,1,0.0373,0.0294,2.11e-05,0.355,0.819,152.032,4,195773
7n0epPxan4VoY1Ts0XDWru,Ansaphone - Demo previously unreleased,0,False,4,2,36E7oYfz3LLRto6l2WmDcD,Pulp,3m61o0rqCroE7hX0PKdX5f,Different Class (eDeluxe Version),1995-10-30,album,0.327,0.472,0,-7.537,1,0.0377,0.298,0.0,0.236,0.355,186.304,4,246360
1NRpDCbWu6nz6ndn7zPNgM,Paula - demo previously unreleased,0,False,5,2,36E7oYfz3LLRto6l2WmDcD,Pulp,3m61o0rqCroE7hX0PKdX5f,Different Class (eDeluxe Version),1995-10-30,album,0.494,0.741,0,-5.933,1,0.0377,0.213,2.49e-05,0.149,0.898,141.105,4,214667
3FjC8cniQmGtr9poqq9shY,Catcliffe Shakedown - demo previously unreleased,0,False,6,2,36E7oYfz3LLRto6l2WmDcD,Pulp,3m61o0rqCroE7hX0PKdX5f,Different Class (eDeluxe Version),1995-10-30,album,0.398,0.739,0,-6.95,1,0.0446,0.0636,3.55e-05,0.0936,0.531,138.43,4,400373
4eQfR8t0PPjcO2QpeS37kZ,We Can Dance Again - demo previously unreleased,0,False,7,2,36E7oYfz3LLRto6l2WmDcD,Pulp,3m61o0rqCroE7hX0PKdX5f,Different Class (eDeluxe Version),1995-10-30,album,0.439,0.764,0,-5.499,1,0.0994,0.015,0.0,0.254,0.705,126.197,4,229493
2nCtxyU2Su2yuyNuoGmM0k,Don't Lose It - demo previously unreleased,0,False,8,2,36E7oYfz3LLRto6l2WmDcD,Pulp,3m61o0rqCroE7hX0PKdX5f,Different Class (eDeluxe Version),1995-10-30,album,0.429,0.586,0,-6.38,1,0.117,0.127,1.03e-06,0.148,0.656,136.69,4,189027
1ZX30KsdIJ20ROM0JclNyE,Whiskey In The Jar,0,False,9,2,36E7oYfz3LLRto6l2WmDcD,Pulp,3m61o0rqCroE7hX0PKdX5f,Different Class (eDeluxe Version),1995-10-30,album,0.398,0.746,4,-7.723,0,0.0502,0.357,3.54e-05,0.679,0.437,124.818,4,287267
0o5iP7s8wq1x3sgJz5soqc,Disco 2000 - Pub Rock Version - previously unreleased,0,False,10,2,36E7oYfz3LLRto6l2WmDcD,Pulp,3m61o0rqCroE7hX0PKdX5f,Different Class (eDeluxe Version),1995-10-30,album,0.397,0.871,10,-5.689,1,0.0726,0.0231,0.0,0.0771,0.392,135.604,4,261000
7HrzzafB90vhty9FFi1ye6,Common People - Vocoder Mix,0,False,11,2,36E7oYfz3LLRto6l2WmDcD,Pulp,3m61o0rqCroE7hX0PKdX5f,Different Class (eDeluxe Version),1995-10-30,album,0.637,0.68,0,-7.925,1,0.0296,0.000215,0.405,0.254,0.34,142.028,4,378107
37lKa3417Yz25oHhiZPRY1,Joyriders,16,False,1,1,36E7oYfz3LLRto6l2WmDcD,Pulp,0lUR50oRty0x0F2rkAY4tw,His 'N' Hers,1994-04-18,album,0.321,0.652,0,-7.4,1,0.0342,0.0835,5.08e-05,0.301,0.318,101.674,4,205227
3PItJr8ylYBncC7QUBRy9i,Lipgloss,19,False,2,1,36E7oYfz3LLRto6l2WmDcD,Pulp,0lUR50oRty0x0F2rkAY4tw,His 'N' Hers,1994-04-18,album,0.298,0.915,0,-6.708,1,0.0588,0.111,7.22e-05,0.0751,0.476,135.185,4,214267
7BEyHg4eWWXhP9ElGH2Uww,Acrylic Afternoons,16,False,3,1,36E7oYfz3LLRto6l2WmDcD,Pulp,0lUR50oRty0x0F2rkAY4tw,His 'N' Hers,1994-04-18,album,0.555,0.656,9,-10.805,0,0.0666,0.000525,0.000703,0.167,0.268,143.347,4,249800
3cowPnZ3O0rZGIQJThk7zF,Have You Seen Her Lately?,16,False,4,1,36E7oYfz3LLRto6l2WmDcD,Pulp,0lUR50oRty0x0F2rkAY4tw,His 'N' Hers,1994-04-18,album,0.284,0.647,5,-8.901,1,0.0388,0.0291,0.000132,0.181,0.218,121.926,4,251307
4ceeiq9rCMSZNyvCCvISB0,Babies,29,False,5,1,36E7oYfz3LLRto6l2WmDcD,Pulp,0lUR50oRty0x0F2rkAY4tw,His 'N' Hers,1994-04-18,album,0.299,0.818,2,-7.942,1,0.0649,0.113,2.46e-06,0.0827,0.604,156.193,4,244827
6FFxFwK4991yavl8O9L9wh,She's A Lady,15,False,6,1,36E7oYfz3LLRto6l2WmDcD,Pulp,0lUR50oRty0x0F2rkAY4tw,His 'N' Hers,1994-04-18,album,0.571,0.77,11,-8.662,1,0.0627,0.0373,0.00839,0.153,0.261,125.768,4,349267
29eFKJ87XTHWsDQZyvdNc5,Happy Endings,14,False,7,1,36E7oYfz3LLRto6l2WmDcD,Pulp,0lUR50oRty0x0F2rkAY4tw,His 'N' Hers,1994-04-18,album,0.291,0.597,2,-8.962,1,0.0319,0.0679,1.38e-06,0.0832,0.187,91.673,4,297800
0GDKmC8KCUZWUylnStYxp6,Do You Remember The First Time?,26,False,8,1,36E7oYfz3LLRto6l2WmDcD,Pulp,0lUR50oRty0x0F2rkAY4tw,His 'N' Hers,1994-04-18,album,0.401,0.879,7,-7.011,0,0.0508,0.0418,0.0,0.187,0.212,131.901,4,262573
1RgDRvqiNmyHVGMu0tL29D,Pink Glove,20,False,9,1,36E7oYfz3LLRto6l2WmDcD,Pulp,0lUR50oRty0x0F2rkAY4tw,His 'N' Hers,1994-04-18,album,0.557,0.615,1,-7.889,1,0.0538,0.0827,4.04e-05,0.121,0.204,129.963,4,288400
2jlThdImiWh9m9uxaz5CRR,Someone Like The Moon,12,False,10,1,36E7oYfz3LLRto6l2WmDcD,Pulp,0lUR50oRty0x0F2rkAY4tw,His 'N' Hers,1994-04-18,album,0.172,0.38,0,-11.353,1,0.0373,0.00132,0.0517,0.117,0.0467,71.479,3,258800
6fZzADWJRndHaB8vqu5RSN,David's Last Summer,12,False,11,1,36E7oYfz3LLRto6l2WmDcD,Pulp,0lUR50oRty0x0F2rkAY4tw,His 'N' Hers,1994-04-18,album,0.492,0.686,9,-11.926,1,0.0366,0.0604,0.696,0.368,0.247,134.827,4,421400
5EuBtojDwcIFrbj8disytI,Joyriders,0,False,1,1,36E7oYfz3LLRto6l2WmDcD,Pulp,1Mjz7s3YjdofV4a6rMy5jQ,His N Hers (eDeluxe Version),1994-04-18,album,0.316,0.692,0,-6.1,1,0.0337,0.0901,3.41e-05,0.374,0.311,102.205,4,205293
4W8AnRktfIXQtMqWnDKWPv,Lipgloss,0,False,2,1,36E7oYfz3LLRto6l2WmDcD,Pulp,1Mjz7s3YjdofV4a6rMy5jQ,His N Hers (eDeluxe Version),1994-04-18,album,0.296,0.939,0,-4.893,1,0.061,0.114,5.45e-05,0.0736,0.466,135.178,4,214533
59nXKaz4osgCdS1zEZCKRn,Acrylic Afternoons,0,False,3,1,36E7oYfz3LLRto6l2WmDcD,Pulp,1Mjz7s3YjdofV4a6rMy5jQ,His N Hers (eDeluxe Version),1994-04-18,album,0.551,0.699,9,-9.541,0,0.085,0.00046,0.000963,0.149,0.293,143.331,4,249382
7zKafFA3hwP22SPVUj5Afh,Have You Seen Her Lately?,0,False,4,1,36E7oYfz3LLRto6l2WmDcD,Pulp,1Mjz7s3YjdofV4a6rMy5jQ,His N Hers (eDeluxe Version),1994-04-18,album,0.285,0.697,5,-7.626,1,0.0384,0.0327,0.00016,0.15,0.216,121.963,4,251307
2H8QJyHCio3LlIgvryl1es,Babies,0,False,5,1,36E7oYfz3LLRto6l2WmDcD,Pulp,1Mjz7s3YjdofV4a6rMy5jQ,His N Hers (eDeluxe Version),1994-04-18,album,0.302,0.854,2,-6.619,1,0.0757,0.102,1.45e-06,0.0835,0.589,156.278,4,244827
4XMZsyC5AsTXKfBzwfVdfE,She's A Lady,0,False,6,1,36E7oYfz3LLRto6l2WmDcD,Pulp,1Mjz7s3YjdofV4a6rMy5jQ,His N Hers (eDeluxe Version),1994-04-18,album,0.565,0.803,11,-7.434,1,0.0603,0.0366,0.00461,0.151,0.241,125.733,4,349267
10HcA9CGZfZ7RuRfArgLqO,Happy Endings,0,False,7,1,36E7oYfz3LLRto6l2WmDcD,Pulp,1Mjz7s3YjdofV4a6rMy5jQ,His N Hers (eDeluxe Version),1994-04-18,album,0.3,0.637,2,-7.641,1,0.031,0.0723,0.0,0.0885,0.231,90.487,4,297707
0gjd0LdbxGz6HFCqktwRtn,Do You Remember The First Time?,0,False,8,1,36E7oYfz3LLRto6l2WmDcD,Pulp,1Mjz7s3YjdofV4a6rMy5jQ,His N Hers (eDeluxe Version),1994-04-18,album,0.404,0.902,7,-5.685,0,0.0468,0.0431,0.0,0.119,0.231,131.894,4,262827
5HwG5BOwmXl42NB5n2suuq,Pink Glove,0,False,9,1,36E7oYfz3LLRto6l2WmDcD,Pulp,1Mjz7s3YjdofV4a6rMy5jQ,His N Hers (eDeluxe Version),1994-04-18,album,0.558,0.659,1,-6.553,1,0.045,0.0812,3.38e-05,0.125,0.19,129.957,4,286707
6fxYilIpMdht2UEhgckAiS,Someone Like The Moon,0,False,10,1,36E7oYfz3LLRto6l2WmDcD,Pulp,1Mjz7s3YjdofV4a6rMy5jQ,His N Hers (eDeluxe Version),1994-04-18,album,0.164,0.384,0,-10.221,1,0.036,0.00116,0.0475,0.135,0.0549,78.691,1,257773
2zT0UItMw31MF4wxagFhE3,David's Last Summer,0,False,11,1,36E7oYfz3LLRto6l2WmDcD,Pulp,1Mjz7s3YjdofV4a6rMy5jQ,His N Hers (eDeluxe Version),1994-04-18,album,0.468,0.706,9,-10.553,1,0.0354,0.0629,0.704,0.353,0.255,134.843,4,421000
2tNQjRwwAI6pTrBfPlW5ta,Live On - BBC Mark Goodier Session,0,False,1,2,36E7oYfz3LLRto6l2WmDcD,Pulp,1Mjz7s3YjdofV4a6rMy5jQ,His N Hers (eDeluxe Version),1994-04-18,album,0.389,0.811,9,-7.815,0,0.143,0.0227,6.86e-05,0.12,0.588,131.578,4,235360
7D4eojCiPh4MTorEWFNWEk,Space - BBC Hit The North Session soundcheck,0,False,3,2,36E7oYfz3LLRto6l2WmDcD,Pulp,1Mjz7s3YjdofV4a6rMy5jQ,His N Hers (eDeluxe Version),1994-04-18,album,0.154,0.667,9,-9.2,0,0.046,0.0108,0.0472,0.237,0.364,159.403,4,206760
6VoLat6KWOkVpMbWWETH5h,Your Sister's Clothes,0,False,7,2,36E7oYfz3LLRto6l2WmDcD,Pulp,1Mjz7s3YjdofV4a6rMy5jQ,His N Hers (eDeluxe Version),1994-04-18,album,0.511,0.837,9,-5.726,0,0.0361,0.0535,0.0,0.231,0.486,129.751,4,279373
1QPVfFurifS5TTVWLvALp0,Seconds,0,False,8,2,36E7oYfz3LLRto6l2WmDcD,Pulp,1Mjz7s3YjdofV4a6rMy5jQ,His N Hers (eDeluxe Version),1994-04-18,album,0.485,0.719,9,-6.791,0,0.0379,0.0144,1.55e-05,0.157,0.324,145.947,4,259000
4HZSWeOrkHLi8NHVXkBJb1,His 'n' Hers,0,False,9,2,36E7oYfz3LLRto6l2WmDcD,Pulp,1Mjz7s3YjdofV4a6rMy5jQ,His N Hers (eDeluxe Version),1994-04-18,album,0.494,0.571,4,-8.83,0,0.034,0.00801,0.0226,0.0633,0.277,122.81,4,377800
1zD7cohbztT1uh2WuyxdMi,Street Lites,0,False,10,2,36E7oYfz3LLRto6l2WmDcD,Pulp,1Mjz7s3YjdofV4a6rMy5jQ,His N Hers (eDeluxe Version),1994-04-18,album,0.343,0.559,0,-9.837,1,0.0371,0.0444,2.96e-05,0.1,0.151,140.365,4,355040
0763bPFpIzf4uXweheKdNL,The Babysitter,0,False,12,2,36E7oYfz3LLRto6l2WmDcD,Pulp,1Mjz7s3YjdofV4a6rMy5jQ,His N Hers (eDeluxe Version),1994-04-18,album,0.17,0.698,0,-8.135,1,0.0319,0.00681,0.083,0.0863,0.119,176.851,4,298507
1n2W1QfRdq3KBPLxj41QWl,Deep Fried In Kelvin,0,False,13,2,36E7oYfz3LLRto6l2WmDcD,Pulp,1Mjz7s3YjdofV4a6rMy5jQ,His N Hers (eDeluxe Version),1994-04-18,album,0.555,0.678,4,-11.983,0,0.042,0.051,0.508,0.0606,0.528,136.6,4,588840
0WrMDUUGYvKLyUOXevbJPR,Love Is Blind,0,False,1,1,36E7oYfz3LLRto6l2WmDcD,Pulp,2KwohjWBEEWIyqz6CsynVd,Separations (2012) [Remastered],1992-06-19,album,0.675,0.431,1,-14.207,1,0.0345,0.00282,0.0736,0.145,0.634,119.808,4,344959
48Y1TzJKx1IEWers8Zr4qu,She's Dead,0,False,3,1,36E7oYfz3LLRto6l2WmDcD,Pulp,2KwohjWBEEWIyqz6CsynVd,Separations (2012) [Remastered],1992-06-19,album,0.494,0.338,9,-14.076,1,0.0246,0.0593,0.137,0.139,0.416,165.59,4,309052
10jUY4uDiFXwX9ZYWCnOSe,Separations,0,False,4,1,36E7oYfz3LLRto6l2WmDcD,Pulp,2KwohjWBEEWIyqz6CsynVd,Separations (2012) [Remastered],1992-06-19,album,0.389,0.477,2,-16.432,1,0.0986,0.226,0.000452,0.0697,0.144,161.068,3,285251
54omatlMijGZrTzzrrbDsa,Down By the River,0,False,5,1,36E7oYfz3LLRto6l2WmDcD,Pulp,2KwohjWBEEWIyqz6CsynVd,Separations (2012) [Remastered],1992-06-19,album,0.63,0.305,11,-15.923,0,0.0291,0.0134,0.00792,0.133,0.292,106.741,3,219693
4T0MU45VIZMD2F4j8PmgYH,Countdown,0,False,6,1,36E7oYfz3LLRto6l2WmDcD,Pulp,2KwohjWBEEWIyqz6CsynVd,Separations (2012) [Remastered],1992-06-19,album,0.768,0.646,0,-12.855,1,0.0397,0.00157,0.12,0.0926,0.885,119.099,4,307653
4EMSj1cam4lPlYyEziyEv6,My Legendary Girlfriend,0,False,7,1,36E7oYfz3LLRto6l2WmDcD,Pulp,2KwohjWBEEWIyqz6CsynVd,Separations (2012) [Remastered],1992-06-19,album,0.614,0.608,11,-14.704,0,0.0369,3.69e-05,0.122,0.113,0.762,129.679,4,411693
3XbP1CEGRRAwhBUFwkxV28,Death II,0,False,8,1,36E7oYfz3LLRto6l2WmDcD,Pulp,2KwohjWBEEWIyqz6CsynVd,Separations (2012) [Remastered],1992-06-19,album,0.72,0.554,2,-13.815,0,0.0346,0.0151,0.0426,0.0824,0.932,124.436,4,336106
391Crr4zfaGqLfUmZRiMab,This House Is Condemned,0,False,9,1,36E7oYfz3LLRto6l2WmDcD,Pulp,2KwohjWBEEWIyqz6CsynVd,Separations (2012) [Remastered],1992-06-19,album,0.726,0.678,7,-16.653,1,0.0506,0.00134,0.335,0.0409,0.697,119.725,4,472906
5mpurhWphoVtPi9etHtWwt,Countdown (Bonus Extended Version),0,False,12,1,36E7oYfz3LLRto6l2WmDcD,Pulp,2KwohjWBEEWIyqz6CsynVd,Separations (2012) [Remastered],1992-06-19,album,0.755,0.524,1,-14.361,1,0.041,0.00245,0.0528,0.307,0.734,127.771,4,487105
7DWZClwApEfPoI4BeBP9rx,Fairground,0,False,1,1,36E7oYfz3LLRto6l2WmDcD,Pulp,18Qey943OK1mhVUMeIg29s,Freaks (2012) [Remastered],1987-05-11,album,0.258,0.543,1,-11.118,0,0.0383,0.351,1.06e-06,0.109,0.225,91.961,3,303853
1swk1y0pUfrgwCBStiSAFx,I Want You,0,False,2,1,36E7oYfz3LLRto6l2WmDcD,Pulp,18Qey943OK1mhVUMeIg29s,Freaks (2012) [Remastered],1987-05-11,album,0.395,0.533,4,-11.351,1,0.0696,0.35,0.0,0.191,0.413,97.16,4,279502
6DacU745f0oRMHmUkRLbyr,Being Followed Home,0,False,3,1,36E7oYfz3LLRto6l2WmDcD,Pulp,18Qey943OK1mhVUMeIg29s,Freaks (2012) [Remastered],1987-05-11,album,0.358,0.472,2,-12.304,0,0.0348,0.17,0.00023,0.06,0.234,109.847,4,362394
5syBYLliQbyysfKt28Pm2i,Master of the Universe,0,False,4,1,36E7oYfz3LLRto6l2WmDcD,Pulp,18Qey943OK1mhVUMeIg29s,Freaks (2012) [Remastered],1987-05-11,album,0.406,0.713,2,-11.519,0,0.0337,0.094,1.02e-06,0.226,0.696,126.396,4,199433
7knAZIEWuyrpy0bpKvbyZ5,Life Must Be So Wonderful,0,False,5,1,36E7oYfz3LLRto6l2WmDcD,Pulp,18Qey943OK1mhVUMeIg29s,Freaks (2012) [Remastered],1987-05-11,album,0.391,0.249,9,-15.787,1,0.0506,0.268,0.000201,0.0854,0.476,181.464,3,236275
5H5ueuBi23zGiSCUEIDDor,There's No Emotion,0,False,6,1,36E7oYfz3LLRto6l2WmDcD,Pulp,18Qey943OK1mhVUMeIg29s,Freaks (2012) [Remastered],1987-05-11,album,0.398,0.434,7,-12.652,1,0.0423,0.416,0.0,0.187,0.236,95.245,4,265062
79FNsTjmzK4T1mTKg5O3Ep,Anorexic Beauty,0,False,7,1,36E7oYfz3LLRto6l2WmDcD,Pulp,18Qey943OK1mhVUMeIg29s,Freaks (2012) [Remastered],1987-05-11,album,0.573,0.332,4,-12.038,1,0.036,0.427,5.34e-05,0.201,0.684,119.549,4,176501
1gfQwEqW20t4aejDgfR8my,The Never Ending Story,0,False,8,1,36E7oYfz3LLRto6l2WmDcD,Pulp,18Qey943OK1mhVUMeIg29s,Freaks (2012) [Remastered],1987-05-11,album,0.321,0.497,9,-10.054,0,0.0394,0.143,0.0,0.29,0.542,84.529,3,175618
47fKWlewXpWKFmViR56en2,Don't You Know,0,False,9,1,36E7oYfz3LLRto6l2WmDcD,Pulp,18Qey943OK1mhVUMeIg29s,Freaks (2012) [Remastered],1987-05-11,album,0.513,0.546,7,-11.238,1,0.0356,0.185,0.00469,0.155,0.633,127.261,4,246367
6W8QUEjzPNd4nNdNWmyG6m,They Suffocate At Night,0,False,10,1,36E7oYfz3LLRto6l2WmDcD,Pulp,18Qey943OK1mhVUMeIg29s,Freaks (2012) [Remastered],1987-05-11,album,0.381,0.662,10,-11.056,1,0.03,0.164,0.000979,0.123,0.291,101.062,4,376314
10DehGrQ8hVcy2TqS7IOm7,Little Girl (With Blue Eyes) [Bonus],0,False,11,1,36E7oYfz3LLRto6l2WmDcD,Pulp,18Qey943OK1mhVUMeIg29s,Freaks (2012) [Remastered],1987-05-11,album,0.391,0.336,9,-12.211,1,0.0359,0.303,9.42e-05,0.165,0.0982,101.575,4,205305
5y0GaJ375h3jF30OxRIKQE,Simultaneous (Bonus),0,False,12,1,36E7oYfz3LLRto6l2WmDcD,Pulp,18Qey943OK1mhVUMeIg29s,Freaks (2012) [Remastered],1987-05-11,album,0.321,0.221,7,-13.765,1,0.0283,0.0584,0.00984,0.595,0.314,95.281,4,243975
4pZn7YksPLI1gudQAB7FPV,Blue Glow (Bonus),0,False,13,1,36E7oYfz3LLRto6l2WmDcD,Pulp,18Qey943OK1mhVUMeIg29s,Freaks (2012) [Remastered],1987-05-11,album,0.431,0.356,5,-10.288,1,0.0416,0.111,0.0191,0.126,0.502,111.871,4,183586
3AZRkNkQySOlRqElYDidCY,The Will to Power (Bonus),0,False,14,1,36E7oYfz3LLRto6l2WmDcD,Pulp,18Qey943OK1mhVUMeIg29s,Freaks (2012) [Remastered],1987-05-11,album,0.388,0.363,9,-12.533,0,0.0511,0.0244,0.647,0.198,0.348,105.788,4,202632
75WRLCc9CreNqVM06FfEof,Dogs Are Everywhere (Bonus),0,False,15,1,36E7oYfz3LLRto6l2WmDcD,Pulp,18Qey943OK1mhVUMeIg29s,Freaks (2012) [Remastered],1987-05-11,album,0.41,0.405,4,-10.375,1,0.0263,0.442,1.22e-05,0.0983,0.62,92.875,4,291457
2RzRzVna5Agd6N3uUQaKAq,The Mark of the Devil (Bonus),0,False,16,1,36E7oYfz3LLRto6l2WmDcD,Pulp,18Qey943OK1mhVUMeIg29s,Freaks (2012) [Remastered],1987-05-11,album,0.349,0.368,0,-10.497,1,0.0379,0.105,0.000347,0.18,0.419,138.172,4,272269
7zlCWB4GmuEd1von9hxRFO,97 Lovers (Bonus),0,False,17,1,36E7oYfz3LLRto6l2WmDcD,Pulp,18Qey943OK1mhVUMeIg29s,Freaks (2012) [Remastered],1987-05-11,album,0.272,0.125,5,-17.375,1,0.0293,0.416,0.0,0.133,0.062,80.224,3,267410
4XKtjEnXNpmpDqXN8Dogwi,Aborigine (Bonus),0,False,18,1,36E7oYfz3LLRto6l2WmDcD,Pulp,18Qey943OK1mhVUMeIg29s,Freaks (2012) [Remastered],1987-05-11,album,0.5,0.426,5,-11.078,1,0.033,0.447,0.00785,0.132,0.276,125.914,4,290606
3XYUBvNSH5XHbbX1TjtqXp,Goodnight (Bonus),0,False,19,1,36E7oYfz3LLRto6l2WmDcD,Pulp,18Qey943OK1mhVUMeIg29s,Freaks (2012) [Remastered],1987-05-11,album,0.189,0.176,0,-17.584,1,0.0392,0.0549,0.000847,0.0667,0.104,174.977,3,305279
1B9J2zV7pa8F1pMl9oWZYF,Tunnel (Bonus),0,False,20,1,36E7oYfz3LLRto6l2WmDcD,Pulp,18Qey943OK1mhVUMeIg29s,Freaks (2012) [Remastered],1987-05-11,album,0.377,0.752,7,-10.285,0,0.14,0.0857,0.325,0.631,0.213,137.748,4,490855
2tSUyK4izxHtkq8MKeYznR,Manon (Bonus),0,False,21,1,36E7oYfz3LLRto6l2WmDcD,Pulp,18Qey943OK1mhVUMeIg29s,Freaks (2012) [Remastered],1987-05-11,album,0.247,0.207,5,-15.346,1,0.0325,0.583,0.0135,0.0717,0.113,81.41,4,206867
3jJYxAeltyAnrCXFPyD5XE,Master of the Universe,0,False,4,1,36E7oYfz3LLRto6l2WmDcD,Pulp,3b0EU3LeJtJDUQAPXVFvEo,Freaks,1987-05-01,album,0.4,0.698,2,-12.418,0,0.0353,0.0762,0.0,0.175,0.617,126.251,4,202560
4mQ0WBa1duNLjLKNPvyF9J,They Suffocate At Night,0,False,10,1,36E7oYfz3LLRto6l2WmDcD,Pulp,3b0EU3LeJtJDUQAPXVFvEo,Freaks,1987-05-01,album,0.365,0.573,10,-13.18,1,0.0293,0.198,0.000586,0.118,0.266,101.253,4,377520
14mTsmRCrJqDT3sFRZJYjl,My Lighthouse,0,False,1,1,36E7oYfz3LLRto6l2WmDcD,Pulp,4BIb6cLvS3lpzw6DhkxyVn,It (2012) [Remastered],1983-04-18,album,0.411,0.566,4,-9.264,1,0.0305,0.182,0.000171,0.278,0.546,138.511,4,212399
6iBSL0Qljw4zBhAprFRkL4,Wishful Thinking,0,False,2,1,36E7oYfz3LLRto6l2WmDcD,Pulp,4BIb6cLvS3lpzw6DhkxyVn,It (2012) [Remastered],1983-04-18,album,0.504,0.388,2,-10.905,0,0.0287,0.0379,0.000132,0.138,0.122,128.523,4,256891
2si5lMq3F7qsiPr3kgwq96,Joking Aside,0,False,3,1,36E7oYfz3LLRto6l2WmDcD,Pulp,4BIb6cLvS3lpzw6DhkxyVn,It (2012) [Remastered],1983-04-18,album,0.356,0.461,4,-10.883,1,0.0269,0.143,0.0,0.131,0.519,180.383,3,261079
0xlKHIAek8piRp5Ed5gmh1,Boats and Trains,0,False,4,1,36E7oYfz3LLRto6l2WmDcD,Pulp,4BIb6cLvS3lpzw6DhkxyVn,It (2012) [Remastered],1983-04-18,album,0.48,0.459,9,-12.52,0,0.0317,0.648,0.453,0.136,0.706,126.001,4,97492
1mFKbORHCxO6PsfZs7uGeT,Blue Girls,0,False,5,1,36E7oYfz3LLRto6l2WmDcD,Pulp,4BIb6cLvS3lpzw6DhkxyVn,It (2012) [Remastered],1983-04-18,album,0.307,0.255,1,-14.655,1,0.0364,0.89,0.000965,0.193,0.2,111.343,4,359213
6sqVFC1Ce6MGxqG3Si4E75,Love Love,0,False,6,1,36E7oYfz3LLRto6l2WmDcD,Pulp,4BIb6cLvS3lpzw6DhkxyVn,It (2012) [Remastered],1983-04-18,album,0.533,0.577,0,-9.039,1,0.0388,0.314,9.83e-06,0.132,0.749,135.46,4,189385
7FyNNoxWicDmDvOGmBB0Py,In Many Ways,0,False,7,1,36E7oYfz3LLRto6l2WmDcD,Pulp,4BIb6cLvS3lpzw6DhkxyVn,It (2012) [Remastered],1983-04-18,album,0.467,0.559,4,-11.51,1,0.0275,0.628,0.00083,0.172,0.6,135.46,4,167892
3vh2ixvEAhkxoS3Q7xvvZz,Looking for Life,0,False,8,1,36E7oYfz3LLRto6l2WmDcD,Pulp,4BIb6cLvS3lpzw6DhkxyVn,It (2012) [Remastered],1983-04-18,album,0.235,0.662,9,-9.564,1,0.0329,0.401,0.0888,0.137,0.267,126.599,4,335131
3PaaHpp3nN3Z1HWblWCfAR,My Lighthouse (Single Version),0,False,9,1,36E7oYfz3LLRto6l2WmDcD,Pulp,4BIb6cLvS3lpzw6DhkxyVn,It (2012) [Remastered],1983-04-18,album,0.407,0.669,4,-8.791,1,0.0291,0.0582,0.000221,0.351,0.638,138.327,4,207772
5IpJDPZXaPQcGuqJK1SyFd,Blue Girls (Alternative Mix),0,False,11,1,36E7oYfz3LLRto6l2WmDcD,Pulp,4BIb6cLvS3lpzw6DhkxyVn,It (2012) [Remastered],1983-04-18,album,0.344,0.342,0,-12.597,1,0.0312,0.74,3.66e-05,0.597,0.238,112.335,4,365746
2B0oZweUutJBBBUuj91JW5,Stutter,7,False,1,1,3l14gV4hIMAjmo7KUvEWTx,Elastica,7yIVVke03i0YxiDS44dokF,Singles,2021-06-18,album,0.169,0.958,11,-5.843,1,0.0625,0.0634,0.382,0.165,0.328,174.006,3,142200
3yglkkc1qBBUHkwYcATij3,Connection,13,False,3,1,3l14gV4hIMAjmo7KUvEWTx,Elastica,7yIVVke03i0YxiDS44dokF,Singles,2021-06-18,album,0.668,0.557,3,-11.172,1,0.0372,0.000304,0.714,0.0521,0.905,121.347,4,140493
7rLfVwuJPbgfzpI49bq47o,See That Animal,7,False,4,1,3l14gV4hIMAjmo7KUvEWTx,Elastica,7yIVVke03i0YxiDS44dokF,Singles,2021-06-18,album,0.65,0.751,11,-12.118,0,0.0464,0.00453,0.000101,0.0314,0.708,133.246,4,141187
4cW7ip7QTkJSeZfP1LwQqB,Line Up,6,False,5,1,3l14gV4hIMAjmo7KUvEWTx,Elastica,7yIVVke03i0YxiDS44dokF,Singles,2021-06-18,album,0.578,0.701,11,-11.391,0,0.0296,1.45e-05,0.776,0.211,0.924,111.057,4,196373
7a61INJsbv91XRoEIlTYFr,Vaseline,4,False,6,1,3l14gV4hIMAjmo7KUvEWTx,Elastica,7yIVVke03i0YxiDS44dokF,Singles,2021-06-18,album,0.515,0.624,4,-10.078,1,0.0453,0.00946,0.0197,0.108,0.284,132.677,5,85107
6euW1oUDjWCU9zPsXJQkcA,Waking Up,8,False,7,1,3l14gV4hIMAjmo7KUvEWTx,Elastica,7yIVVke03i0YxiDS44dokF,Singles,2021-06-18,album,0.452,0.916,9,-9.415,0,0.0521,0.00287,0.612,0.0606,0.584,137.908,4,195720
1SSpvz6V1TqLJIRe1Cwe0i,Brighton Rock,4,False,9,1,3l14gV4hIMAjmo7KUvEWTx,Elastica,7yIVVke03i0YxiDS44dokF,Singles,2021-06-18,album,0.67,0.92,9,-6.62,1,0.0451,0.0134,0.00303,0.0516,0.865,117.516,4,114213
3dRfFVM2CW8CtuFo5uDeCu,Annie,0,False,1,1,3l14gV4hIMAjmo7KUvEWTx,Elastica,2EgjvMeZHKDFOkGOw5DpbD,The Radio One Sessions,2003-05-06,album,0.273,0.949,9,-3.312,1,0.153,0.0033,0.0839,0.414,0.301,172.161,4,75347
3Draqh2VEeJ4MAFY9FV7ZV,Line Up,0,False,3,1,3l14gV4hIMAjmo7KUvEWTx,Elastica,2EgjvMeZHKDFOkGOw5DpbD,The Radio One Sessions,2003-05-06,album,0.599,0.905,9,-5.682,1,0.0332,0.00145,0.77,0.343,0.898,113.126,4,192427
2r6bUzVFRbRvOVEt83kU10,Vaseline,0,False,4,1,3l14gV4hIMAjmo7KUvEWTx,Elastica,2EgjvMeZHKDFOkGOw5DpbD,The Radio One Sessions,2003-05-06,album,0.391,0.826,4,-6.084,1,0.294,0.0107,0.000112,0.0824,0.354,153.284,4,80960
0PZ5nnK0wvqcvMWGfhFPkm,Waking Up,0,False,7,1,3l14gV4hIMAjmo7KUvEWTx,Elastica,2EgjvMeZHKDFOkGOw5DpbD,The Radio One Sessions,2003-05-06,album,0.489,0.926,7,-5.362,1,0.0533,0.00012,0.56,0.0956,0.822,135.504,4,197667
1SxHkpAnaksjby5zkzVGyh,Hold Me Now,0,False,9,1,3l14gV4hIMAjmo7KUvEWTx,Elastica,2EgjvMeZHKDFOkGOw5DpbD,The Radio One Sessions,2003-05-06,album,0.642,0.692,0,-7.461,1,0.0304,0.000109,0.458,0.0778,0.977,108.195,4,146160
5W1ItmF0oUD6wdrlhstoBs,2:1,0,False,14,1,3l14gV4hIMAjmo7KUvEWTx,Elastica,2EgjvMeZHKDFOkGOw5DpbD,The Radio One Sessions,2003-05-06,album,0.833,0.521,8,-7.628,0,0.0493,0.0823,0.0417,0.0551,0.967,113.551,4,149773
3ACJWZx6tns812ZAybKXkg,Kb,0,False,18,1,3l14gV4hIMAjmo7KUvEWTx,Elastica,2EgjvMeZHKDFOkGOw5DpbD,The Radio One Sessions,2003-05-06,album,0.668,0.872,2,-6.006,1,0.0661,0.00077,0.0284,0.377,0.781,130.878,4,193107
62lH0uqdhacQ9KaYgvAGDD,Da Da Da,0,False,19,1,3l14gV4hIMAjmo7KUvEWTx,Elastica,2EgjvMeZHKDFOkGOw5DpbD,The Radio One Sessions,2003-05-06,album,0.807,0.592,6,-6.367,0,0.0646,0.000777,0.529,0.0949,0.984,127.0,4,221973
4pJGgWPcQRqm6NBieXlodw,Generator,0,False,20,1,3l14gV4hIMAjmo7KUvEWTx,Elastica,2EgjvMeZHKDFOkGOw5DpbD,The Radio One Sessions,2003-05-06,album,0.461,0.89,9,-6.498,1,0.0567,0.000724,0.811,0.0336,0.794,149.453,4,107613
6ERGS45ARCB17aryg2QNP1,Your Arse My Place,0,False,21,1,3l14gV4hIMAjmo7KUvEWTx,Elastica,2EgjvMeZHKDFOkGOw5DpbD,The Radio One Sessions,2003-05-06,album,0.697,0.653,7,-6.373,1,0.0411,0.000526,0.652,0.0593,0.908,124.002,4,106453
3FihIYgIS2zSOXoCCnPCni,Kiss of Life - Débranché,0,False,1,2,0sHeX8oQ6o7xic3wMf4NBU,Supergrass,7fBIvX1GNDgPE8OAi7wmiW,Road to Rouen (20th Anniversary Edition),2025-10-03,album,0.657,0.87,5,-7.49,1,0.0449,0.612,2.42e-05,0.459,0.821,126.013,4,202307
6EWYQAo2VFbacigc1e6stJ,Sad Girl - Débranché,0,False,2,2,0sHeX8oQ6o7xic3wMf4NBU,Supergrass,7fBIvX1GNDgPE8OAi7wmiW,Road to Rouen (20th Anniversary Edition),2025-10-03,album,0.458,0.745,1,-7.739,0,0.069,0.596,4.41e-05,0.17,0.423,93.517,4,223253
36Up8GEI3xtPrySiLN48Ve,Low C - Débranché,0,False,4,2,0sHeX8oQ6o7xic3wMf4NBU,Supergrass,7fBIvX1GNDgPE8OAi7wmiW,Road to Rouen (20th Anniversary Edition),2025-10-03,album,0.345,0.818,0,-5.59,1,0.042,0.0971,0.162,0.558,0.334,129.262,4,265067
1qk27zBPBEXOMjdG3QrTnD,Sun Hits the Sky - Débranché,0,False,5,2,0sHeX8oQ6o7xic3wMf4NBU,Supergrass,7fBIvX1GNDgPE8OAi7wmiW,Road to Rouen (20th Anniversary Edition),2025-10-03,album,0.545,0.77,5,-7.501,1,0.039,0.443,0.00301,0.742,0.615,144.736,4,334387
2EVJjpM7A79FxdfDUKEm8Y,Roxy - Débranché,0,False,6,2,0sHeX8oQ6o7xic3wMf4NBU,Supergrass,7fBIvX1GNDgPE8OAi7wmiW,Road to Rouen (20th Anniversary Edition),2025-10-03,album,0.569,0.497,0,-13.094,1,0.0385,0.796,0.103,0.554,0.273,94.868,4,264707
1hdw2tomQY0bfDaj0eKNfB,Moving - Débranché,0,False,7,2,0sHeX8oQ6o7xic3wMf4NBU,Supergrass,7fBIvX1GNDgPE8OAi7wmiW,Road to Rouen (20th Anniversary Edition),2025-10-03,album,0.365,0.675,4,-8.728,0,0.0773,0.684,0.0,0.739,0.208,107.183,4,202200
1XwKPzShklua94tSOolrsl,Grace - Débranché,0,False,8,2,0sHeX8oQ6o7xic3wMf4NBU,Supergrass,7fBIvX1GNDgPE8OAi7wmiW,Road to Rouen (20th Anniversary Edition),2025-10-03,album,0.476,0.821,7,-9.169,1,0.121,0.431,0.000774,0.337,0.569,139.358,4,210320
4LxJISmjbjE9HM5SUB5GSD,Road to Rouen - Débranché,0,False,9,2,0sHeX8oQ6o7xic3wMf4NBU,Supergrass,7fBIvX1GNDgPE8OAi7wmiW,Road to Rouen (20th Anniversary Edition),2025-10-03,album,0.634,0.728,9,-9.424,0,0.0554,0.185,0.00221,0.16,0.723,125.297,4,182893
15bkeoPrUqr2znLwwm3mfa,Time - Débranché,0,False,10,2,0sHeX8oQ6o7xic3wMf4NBU,Supergrass,7fBIvX1GNDgPE8OAi7wmiW,Road to Rouen (20th Anniversary Edition),2025-10-03,album,0.536,0.804,4,-6.796,0,0.0601,0.0269,0.0281,0.705,0.67,145.298,4,165173
1fzT4PWMMpzQEZbpIEALig,Mary - Débranché,0,False,11,2,0sHeX8oQ6o7xic3wMf4NBU,Supergrass,7fBIvX1GNDgPE8OAi7wmiW,Road to Rouen (20th Anniversary Edition),2025-10-03,album,0.607,0.757,0,-7.792,0,0.0306,0.301,0.0101,0.934,0.57,137.882,4,194907
0IPhRn8cdheEclUKKFQ9Th,Za - Helioscentric Demo,8,False,2,2,0sHeX8oQ6o7xic3wMf4NBU,Supergrass,30Vs175Ipb2xxj38yQ0EO7,Life on Other Planets (2023 Remaster),2023-08-25,album,0.598,0.824,7,-13.314,1,0.0395,0.00602,0.956,0.112,0.8,117.041,4,197440
2LvvuoAjSewiwaTBzJuWCc,Rush Hour Soul - Helioscentric Demo,7,False,3,2,0sHeX8oQ6o7xic3wMf4NBU,Supergrass,30Vs175Ipb2xxj38yQ0EO7,Life on Other Planets (2023 Remaster),2023-08-25,album,0.273,0.775,4,-12.179,0,0.0443,0.000347,0.913,0.298,0.487,140.699,4,161000
180SJ3U8uvZb0xU3rHldz5,Seen the Light - Helioscentric Demo,7,False,5,2,0sHeX8oQ6o7xic3wMf4NBU,Supergrass,30Vs175Ipb2xxj38yQ0EO7,Life on Other Planets (2023 Remaster),2023-08-25,album,0.644,0.728,9,-12.24,1,0.0376,0.163,0.656,0.356,0.522,125.268,4,157587
11he7AQcI4UO7IFAuIzmay,Brecon Beacons - Helioscentric Demo,7,False,8,2,0sHeX8oQ6o7xic3wMf4NBU,Supergrass,30Vs175Ipb2xxj38yQ0EO7,Life on Other Planets (2023 Remaster),2023-08-25,album,0.497,0.727,6,-13.492,0,0.0359,0.00581,0.58,0.0837,0.619,138.461,4,188987
56h6VTt182W27aahRsuj5p,Can't Get Up - Helioscentric Demo,7,False,9,2,0sHeX8oQ6o7xic3wMf4NBU,Supergrass,30Vs175Ipb2xxj38yQ0EO7,Life on Other Planets (2023 Remaster),2023-08-25,album,0.53,0.595,10,-13.044,0,0.0336,0.168,0.000718,0.135,0.669,127.39,4,213733
18awXLMItsTSTuZFtF6FyM,Evening of the Day - Helioscentric Demo,6,False,10,2,0sHeX8oQ6o7xic3wMf4NBU,Supergrass,30Vs175Ipb2xxj38yQ0EO7,Life on Other Planets (2023 Remaster),2023-08-25,album,0.566,0.465,7,-12.054,1,0.0267,0.254,2.33e-06,0.463,0.576,92.49,4,215200
7jWf4LpkHyi6tOd3VSnoOp,Funniest Thing - Helioscentric Demo,6,False,11,2,0sHeX8oQ6o7xic3wMf4NBU,Supergrass,30Vs175Ipb2xxj38yQ0EO7,Life on Other Planets (2023 Remaster),2023-08-25,album,0.429,0.659,7,-13.329,1,0.0429,0.0479,0.866,0.221,0.22,134.947,4,140120
6AfNuuxsldNSxPL23Ef52y,La Song - Helioscentric Demo,5,False,17,2,0sHeX8oQ6o7xic3wMf4NBU,Supergrass,30Vs175Ipb2xxj38yQ0EO7,Life on Other Planets (2023 Remaster),2023-08-25,album,0.439,0.709,6,-12.85,1,0.0525,0.0106,0.762,0.356,0.317,136.488,4,247933
27XiWNXOlY41BFmJrNqtsw,Prophet 15 - Helioscentric Demo,6,False,18,2,0sHeX8oQ6o7xic3wMf4NBU,Supergrass,30Vs175Ipb2xxj38yQ0EO7,Life on Other Planets (2023 Remaster),2023-08-25,album,0.564,0.62,2,-13.132,0,0.0326,0.264,0.091,0.116,0.356,143.348,4,242160
3RGUStjK0GUj1W5gdKmIgf,Za - Live at Elysée Montmartre,4,False,1,3,0sHeX8oQ6o7xic3wMf4NBU,Supergrass,30Vs175Ipb2xxj38yQ0EO7,Life on Other Planets (2023 Remaster),2023-08-25,album,0.336,0.745,7,-13.493,1,0.0657,0.00289,0.306,0.994,0.286,121.772,4,193867
30ahI675K8s5UTmv3nxi4V,Rush Hour Soul - Live at Elysée Montmartre,4,False,2,3,0sHeX8oQ6o7xic3wMf4NBU,Supergrass,30Vs175Ipb2xxj38yQ0EO7,Life on Other Planets (2023 Remaster),2023-08-25,album,0.215,0.832,9,-12.03,1,0.0828,0.000338,0.00436,0.33,0.419,146.044,4,202693
4DNsnQvK0RBSueujP8hxrK,Seen the Light - Live at Elysée Montmartre,4,False,3,3,0sHeX8oQ6o7xic3wMf4NBU,Supergrass,30Vs175Ipb2xxj38yQ0EO7,Life on Other Planets (2023 Remaster),2023-08-25,album,0.328,0.75,9,-12.29,1,0.0567,0.00443,2.81e-05,0.379,0.487,129.509,3,170200
6QD7s9w6gsBQltsxBVPDlX,Brecon Beacons - Live at Elysée Montmartre,4,False,4,3,0sHeX8oQ6o7xic3wMf4NBU,Supergrass,30Vs175Ipb2xxj38yQ0EO7,Life on Other Planets (2023 Remaster),2023-08-25,album,0.355,0.783,9,-12.097,1,0.0773,0.000918,0.0,0.744,0.629,146.7,4,170267
355eq2Hy5uDz1dpfTxGt4L,Can't Get Up - Live at Heineken Music Hall,0,False,5,3,0sHeX8oQ6o7xic3wMf4NBU,Supergrass,30Vs175Ipb2xxj38yQ0EO7,Life on Other Planets (2023 Remaster),2023-08-25,album,0.17,0.514,5,-13.299,0,0.0642,0.000223,1.89e-05,0.549,0.293,129.466,4,247133
1xxYjlx7CMNns8ijHgP53c,Evening of the Day - Live at Wembley Arena,0,False,6,3,0sHeX8oQ6o7xic3wMf4NBU,Supergrass,30Vs175Ipb2xxj38yQ0EO7,Life on Other Planets (2023 Remaster),2023-08-25,album,0.138,0.722,7,-11.667,1,0.0534,0.00396,0.0,0.969,0.67,201.855,4,206600
1MINFp0wztpHte3WFAVeBN,Never Done Nothing Like That Before - Live at Elysée Montmartre,4,False,7,3,0sHeX8oQ6o7xic3wMf4NBU,Supergrass,30Vs175Ipb2xxj38yQ0EO7,Life on Other Planets (2023 Remaster),2023-08-25,album,0.262,0.895,9,-11.04,1,0.0974,0.00148,3.02e-06,0.992,0.139,158.439,4,115587
4813UWKD2YQo0DOdRHHtGg,Funniest Thing - Live at Wembley Arena,0,False,8,3,0sHeX8oQ6o7xic3wMf4NBU,Supergrass,30Vs175Ipb2xxj38yQ0EO7,Life on Other Planets (2023 Remaster),2023-08-25,album,0.195,0.764,4,-12.567,0,0.0909,0.00244,0.000328,0.69,0.161,132.288,4,185693
5ijCkNET0wNXNJmNY0eEhF,Grace - Live at Wembley Arena,0,False,9,3,0sHeX8oQ6o7xic3wMf4NBU,Supergrass,30Vs175Ipb2xxj38yQ0EO7,Life on Other Planets (2023 Remaster),2023-08-25,album,0.148,0.696,2,-12.0,1,0.0511,0.00541,0.0,0.963,0.261,148.523,4,152333
4gENoJbeuQKiU48d2ImL3I,La Song - Live at Wembley Arena,0,False,10,3,0sHeX8oQ6o7xic3wMf4NBU,Supergrass,30Vs175Ipb2xxj38yQ0EO7,Life on Other Planets (2023 Remaster),2023-08-25,album,0.112,0.777,6,-12.206,1,0.0558,0.000183,0.121,0.908,0.3,158.178,4,204013
0ji23SyFmbLbXDEx3H4Qhl,Prophet 15 - Live at V2002,4,False,11,3,0sHeX8oQ6o7xic3wMf4NBU,Supergrass,30Vs175Ipb2xxj38yQ0EO7,Life on Other Planets (2023 Remaster),2023-08-25,album,0.296,0.529,5,-13.354,1,0.0313,0.000294,0.00692,0.88,0.445,142.661,4,230173
3eK6FZaPCwSdzsS6sABgZE,The Loner - Live at Elysée Montmartre,3,False,12,3,0sHeX8oQ6o7xic3wMf4NBU,Supergrass,30Vs175Ipb2xxj38yQ0EO7,Life on Other Planets (2023 Remaster),2023-08-25,album,0.404,0.692,7,-11.703,1,0.0557,0.0237,0.000176,0.724,0.424,118.178,4,230640
4kvUhe7fQHnJ2P5znIx2c4,Run - Live at Elysée Montmartre,3,False,13,3,0sHeX8oQ6o7xic3wMf4NBU,Supergrass,30Vs175Ipb2xxj38yQ0EO7,Life on Other Planets (2023 Remaster),2023-08-25,album,0.212,0.446,7,-15.786,1,0.0381,0.136,0.272,0.634,0.224,122.589,4,322253
51Esq8CxtTfPwN6wkJFFbN,Rush Hour Soul - Live Acoustic,9,False,14,3,0sHeX8oQ6o7xic3wMf4NBU,Supergrass,30Vs175Ipb2xxj38yQ0EO7,Life on Other Planets (2023 Remaster),2023-08-25,album,0.427,0.702,11,-11.688,0,0.0311,0.812,0.00342,0.174,0.659,140.732,4,141480
3lKWWuGCQvPpykxVWC8QmG,Seen the Light - Live Acoustic,0,False,15,3,0sHeX8oQ6o7xic3wMf4NBU,Supergrass,30Vs175Ipb2xxj38yQ0EO7,Life on Other Planets (2023 Remaster),2023-08-25,album,0.701,0.268,9,-15.897,1,0.0332,0.792,0.000778,0.263,0.656,126.809,4,144613
5LIXvVlBQh1Qb70TfLQCTj,Evening of the Day - Live Acoustic,0,False,16,3,0sHeX8oQ6o7xic3wMf4NBU,Supergrass,30Vs175Ipb2xxj38yQ0EO7,Life on Other Planets (2023 Remaster),2023-08-25,album,0.626,0.281,7,-14.442,1,0.0289,0.875,3.8e-06,0.147,0.382,95.298,4,181560
73TuXKlRlRKDSIt2xBl0UO,Can't Get Up - Live Acoustic,0,False,17,3,0sHeX8oQ6o7xic3wMf4NBU,Supergrass,30Vs175Ipb2xxj38yQ0EO7,Life on Other Planets (2023 Remaster),2023-08-25,album,0.635,0.362,4,-12.919,0,0.0316,0.802,1.39e-05,0.108,0.38,127.418,4,206827
3e3EEbqDCrTDLxdKN0tpFa,Moving - John Leckie & Mick Quinn 2022 Remix,8,False,1,2,0sHeX8oQ6o7xic3wMf4NBU,Supergrass,3vGpqqeCqzr6ewoAjiEsXk,Supergrass (2022 Remaster),2022-09-16,album,0.486,0.613,11,-13.292,0,0.0313,0.0778,0.0136,0.392,0.238,111.009,4,323453
71iuoDitCxWZ7aqrDNjdv1,Beautiful People - Mick Quinn & John Cornfield 2022 Remix,6,False,2,2,0sHeX8oQ6o7xic3wMf4NBU,Supergrass,3vGpqqeCqzr6ewoAjiEsXk,Supergrass (2022 Remaster),2022-09-16,album,0.618,0.65,2,-12.279,1,0.0279,0.217,0.0661,0.146,0.553,116.037,4,234600
3LYuHpLPLF8iE0mrIak6jr,Pumping on Your Stereo - John Leckie & Mick Quinn 2022 Remix,7,False,3,2,0sHeX8oQ6o7xic3wMf4NBU,Supergrass,3vGpqqeCqzr6ewoAjiEsXk,Supergrass (2022 Remaster),2022-09-16,album,0.349,0.631,9,-13.729,1,0.0607,0.0143,0.011,0.0527,0.149,132.438,4,226720
3V5vEmJI6wTIRCJwIUmQj3,Wild Wind - Demo,5,False,5,2,0sHeX8oQ6o7xic3wMf4NBU,Supergrass,3vGpqqeCqzr6ewoAjiEsXk,Supergrass (2022 Remaster),2022-09-16,album,0.56,0.332,4,-12.929,0,0.0261,0.945,0.661,0.127,0.077,85.754,4,110640
0rRkL4IahCD5DdLh77xyXt,"Pumping on Your Stereo - Live at T in the Park, 2000",0,False,6,2,0sHeX8oQ6o7xic3wMf4NBU,Supergrass,3vGpqqeCqzr6ewoAjiEsXk,Supergrass (2022 Remaster),2022-09-16,album,0.149,0.576,9,-14.221,1,0.0571,0.186,4.68e-06,0.703,0.366,143.513,4,195200
2Sk6VIFL0DHMyDbsWWXJ9H,Blockades - Studio Out Take,5,False,8,2,0sHeX8oQ6o7xic3wMf4NBU,Supergrass,3vGpqqeCqzr6ewoAjiEsXk,Supergrass (2022 Remaster),2022-09-16,album,0.437,0.466,5,-14.071,0,0.0321,0.364,0.814,0.108,0.618,204.271,4,252627
3xs7XAl2Ki694vtri3xYP4,"Moving - Live at T in the Park, 2000",0,False,12,2,0sHeX8oQ6o7xic3wMf4NBU,Supergrass,3vGpqqeCqzr6ewoAjiEsXk,Supergrass (2022 Remaster),2022-09-16,album,0.174,0.615,4,-13.974,0,0.0765,0.019,1.35e-06,0.836,0.159,120.041,4,292813
7LHIj51YxHcfaRGfOCzgqh,Out of the Blue - Monitor Mix,8,False,15,2,0sHeX8oQ6o7xic3wMf4NBU,Supergrass,3vGpqqeCqzr6ewoAjiEsXk,Supergrass (2022 Remaster),2022-09-16,album,0.604,0.552,9,-12.65,0,0.0314,0.014,0.00713,0.56,0.893,129.728,4,134387
33N636uhNUz1iC0DwpbEuo,"Mary - Live at City Varieties, Leeds, 2005",4,False,16,2,0sHeX8oQ6o7xic3wMf4NBU,Supergrass,3vGpqqeCqzr6ewoAjiEsXk,Supergrass (2022 Remaster),2022-09-16,album,0.613,0.612,0,-11.67,0,0.0372,0.337,0.00264,0.689,0.54,137.937,4,189373
5EM2XwuLEZE5T1uujRybir,"Born Again - Live at the Forum, Melbourne, 2000",3,False,18,2,0sHeX8oQ6o7xic3wMf4NBU,Supergrass,3vGpqqeCqzr6ewoAjiEsXk,Supergrass (2022 Remaster),2022-09-16,album,0.337,0.561,9,-12.28,0,0.0285,5.72e-05,0.0272,0.385,0.605,94.958,4,232880
3cRBKX96QeVRa6j118982n,In It for the Money - Live 2020,10,False,1,1,0sHeX8oQ6o7xic3wMf4NBU,Supergrass,4rOsyhkuBWHyQoDf1Salvi,Live on Other Planets (Live 2020),2020-11-27,album,0.322,0.483,9,-15.374,0,0.0486,5.67e-05,0.0322,0.933,0.0774,115.848,4,274440
5Di2B5ZQpYK4DKBZhdma75,Richard III - Live 2020,11,False,2,1,0sHeX8oQ6o7xic3wMf4NBU,Supergrass,4rOsyhkuBWHyQoDf1Salvi,Live on Other Planets (Live 2020),2020-11-27,album,0.216,0.799,5,-12.821,1,0.0584,6.02e-06,0.136,0.981,0.123,79.311,4,215160
71PbYCGeft1UGsG2S3R2WX,Mary - Live 2020,11,False,3,1,0sHeX8oQ6o7xic3wMf4NBU,Supergrass,4rOsyhkuBWHyQoDf1Salvi,Live on Other Planets (Live 2020),2020-11-27,album,0.345,0.564,0,-14.955,1,0.0418,0.00162,0.107,0.928,0.35,118.107,4,265533
2kcXC0MgOYWI7GJl9OpOLs,Moving - Live 2020,11,False,4,1,0sHeX8oQ6o7xic3wMf4NBU,Supergrass,4rOsyhkuBWHyQoDf1Salvi,Live on Other Planets (Live 2020),2020-11-27,album,0.231,0.57,7,-13.599,1,0.0533,0.00123,0.00913,0.905,0.116,117.265,4,302320
1AIyvyivVAx6SffC4myQZD,Seen the Light - Live 2020,8,False,5,1,0sHeX8oQ6o7xic3wMf4NBU,Supergrass,4rOsyhkuBWHyQoDf1Salvi,Live on Other Planets (Live 2020),2020-11-27,album,0.396,0.686,9,-13.991,1,0.0424,1.43e-05,0.0154,0.989,0.411,123.341,4,167347
7yB6ynWU5nIQZv0iBKxDHw,Going Out - Live 2020,8,False,6,1,0sHeX8oQ6o7xic3wMf4NBU,Supergrass,4rOsyhkuBWHyQoDf1Salvi,Live on Other Planets (Live 2020),2020-11-27,album,0.321,0.65,11,-12.851,0,0.0426,3.97e-06,0.398,0.957,0.323,95.573,4,270640
1jICSbi7BmS0QeyOUf8Vr0,Late in the Day - Live 2020,8,False,7,1,0sHeX8oQ6o7xic3wMf4NBU,Supergrass,4rOsyhkuBWHyQoDf1Salvi,Live on Other Planets (Live 2020),2020-11-27,album,0.206,0.479,9,-15.215,0,0.0304,0.00165,0.000121,0.821,0.282,81.645,4,299520
4YdrfbIfy218b9o8RSqaRl,Rebel in You - Live 2020,7,False,8,1,0sHeX8oQ6o7xic3wMf4NBU,Supergrass,4rOsyhkuBWHyQoDf1Salvi,Live on Other Planets (Live 2020),2020-11-27,album,0.486,0.646,0,-13.476,1,0.0345,0.00014,0.228,0.767,0.631,123.733,4,287653
4xXxg7M4JpCiSCumCBbZY5,Low C - Live 2020,7,False,9,1,0sHeX8oQ6o7xic3wMf4NBU,Supergrass,4rOsyhkuBWHyQoDf1Salvi,Live on Other Planets (Live 2020),2020-11-27,album,0.347,0.564,5,-16.136,1,0.0487,0.0235,0.0301,0.735,0.619,129.763,4,270240
5RjHbSiWseGI3DzqcYu702,Grace - Live 2020,8,False,10,1,0sHeX8oQ6o7xic3wMf4NBU,Supergrass,4rOsyhkuBWHyQoDf1Salvi,Live on Other Planets (Live 2020),2020-11-27,album,0.197,0.662,7,-13.91,1,0.0615,6.56e-05,0.0614,0.681,0.494,146.46,4,161693
3ZBdjYqCTcrEncN59CFFd0,Hollow Little Reign - Live 2020,6,False,11,1,0sHeX8oQ6o7xic3wMf4NBU,Supergrass,4rOsyhkuBWHyQoDf1Salvi,Live on Other Planets (Live 2020),2020-11-27,album,0.443,0.454,0,-14.684,1,0.027,0.0033,0.0941,0.96,0.374,82.827,4,270427
7EMUuxLz2X1sfnvI6DQhH1,She's so Loose - Live 2020,7,False,12,1,0sHeX8oQ6o7xic3wMf4NBU,Supergrass,4rOsyhkuBWHyQoDf1Salvi,Live on Other Planets (Live 2020),2020-11-27,album,0.271,0.678,0,-14.25,1,0.0588,0.000122,0.00355,0.978,0.273,146.912,4,202493
15swHaTPSa2FvOxms9TLQM,Fin - Live 2020,5,False,13,1,0sHeX8oQ6o7xic3wMf4NBU,Supergrass,4rOsyhkuBWHyQoDf1Salvi,Live on Other Planets (Live 2020),2020-11-27,album,0.417,0.447,7,-16.529,1,0.0606,0.0886,0.00867,0.703,0.164,123.109,4,205760
5NwMSeBZzpyqNzsEhcjOnV,Time - Live 2020,6,False,14,1,0sHeX8oQ6o7xic3wMf4NBU,Supergrass,4rOsyhkuBWHyQoDf1Salvi,Live on Other Planets (Live 2020),2020-11-27,album,0.422,0.641,4,-13.902,0,0.0455,0.000204,0.07,0.982,0.451,129.848,3,209280
7o9MgFiaW9a2mHQ0qb9VLg,Alright - Live 2020,14,False,15,1,0sHeX8oQ6o7xic3wMf4NBU,Supergrass,4rOsyhkuBWHyQoDf1Salvi,Live on Other Planets (Live 2020),2020-11-27,album,0.339,0.794,7,-12.996,1,0.0778,0.00066,0.0117,0.968,0.652,145.766,4,189427
6K57OgOjyZPTb2nW0bS1hF,Sun Hits the Sky - Live 2020,9,False,16,1,0sHeX8oQ6o7xic3wMf4NBU,Supergrass,4rOsyhkuBWHyQoDf1Salvi,Live on Other Planets (Live 2020),2020-11-27,album,0.13,0.575,0,-14.417,1,0.069,4.62e-05,0.223,0.792,0.222,76.79,4,350133
7DOSq5Kr9U2UFSrhXyzlOW,Lenny - Live 2020,7,False,17,1,0sHeX8oQ6o7xic3wMf4NBU,Supergrass,4rOsyhkuBWHyQoDf1Salvi,Live on Other Planets (Live 2020),2020-11-27,album,0.349,0.503,6,-13.672,0,0.0417,5.45e-05,0.699,0.856,0.499,158.113,4,222107
0tWifPXDVQOMJkrHymriOQ,Pumping on Your Stereo - Live 2020,7,False,18,1,0sHeX8oQ6o7xic3wMf4NBU,Supergrass,4rOsyhkuBWHyQoDf1Salvi,Live on Other Planets (Live 2020),2020-11-27,album,0.244,0.752,9,-12.112,1,0.0806,0.000382,0.0226,0.452,0.163,131.59,4,268747
607cDsHZXd8CGRAjppy3WV,Bad Blood - Live 2020,6,False,19,1,0sHeX8oQ6o7xic3wMf4NBU,Supergrass,4rOsyhkuBWHyQoDf1Salvi,Live on Other Planets (Live 2020),2020-11-27,album,0.357,0.618,4,-12.951,0,0.0564,0.000527,0.00489,0.689,0.231,82.772,4,245627
0kK9NZCyQpbFMEokCRFDXe,Caught by the Fuzz - Live 2020,7,False,20,1,0sHeX8oQ6o7xic3wMf4NBU,Supergrass,4rOsyhkuBWHyQoDf1Salvi,Live on Other Planets (Live 2020),2020-11-27,album,0.219,0.682,7,-13.205,1,0.057,1.8e-05,0.374,0.506,0.382,81.674,4,107453
1Nb9XxZRdvrDg8lf5xgnGn,Diamond Hoo Ha Man,0,False,1,1,0sHeX8oQ6o7xic3wMf4NBU,Supergrass,2pcVCyLvZY5DjHx8fUsSVM,The Strange Ones: 1994-2008,2020-01-24,album,0.479,0.875,0,-5.484,1,0.0529,0.00483,0.00972,0.121,0.512,148.455,4,205560
25r3ug3jtuaCDyNfj1ZZZh,Bad Blood,0,False,2,1,0sHeX8oQ6o7xic3wMf4NBU,Supergrass,2pcVCyLvZY5DjHx8fUsSVM,The Strange Ones: 1994-2008,2020-01-24,album,0.438,0.82,9,-3.572,0,0.047,0.00075,0.000311,0.269,0.393,81.198,4,183373
18RZpD1krhWrSzP2mzOksC,Outside,0,False,3,1,0sHeX8oQ6o7xic3wMf4NBU,Supergrass,2pcVCyLvZY5DjHx8fUsSVM,The Strange Ones: 1994-2008,2020-01-24,album,0.471,0.952,11,-4.649,0,0.0425,0.00686,0.00089,0.155,0.717,148.136,4,212173
0KbntR6IyNL5zYORkqH0wE,Rebel In You,0,False,4,1,0sHeX8oQ6o7xic3wMf4NBU,Supergrass,2pcVCyLvZY5DjHx8fUsSVM,The Strange Ones: 1994-2008,2020-01-24,album,0.525,0.624,0,-11.858,1,0.0397,0.00219,0.000839,0.121,0.504,120.772,4,281850
3dWNdVAKvgjAOihLuiURwF,"Tales of Endurance, Pt. 4, 5 & 6",0,False,5,1,0sHeX8oQ6o7xic3wMf4NBU,Supergrass,2pcVCyLvZY5DjHx8fUsSVM,The Strange Ones: 1994-2008,2020-01-24,album,0.282,0.648,9,-7.604,0,0.0291,0.012,0.401,0.216,0.117,91.536,4,331427
3cpR6BNm2rcPChaz9W9izR,St. Petersburg,0,False,6,1,0sHeX8oQ6o7xic3wMf4NBU,Supergrass,2pcVCyLvZY5DjHx8fUsSVM,The Strange Ones: 1994-2008,2020-01-24,album,0.476,0.605,6,-8.569,0,0.0293,0.4,0.544,0.105,0.458,125.002,4,189547
6gl7nAujbVaKj7fRqXuVyO,Fin,0,False,7,1,0sHeX8oQ6o7xic3wMf4NBU,Supergrass,2pcVCyLvZY5DjHx8fUsSVM,The Strange Ones: 1994-2008,2020-01-24,album,0.599,0.489,7,-12.525,1,0.0316,0.725,0.912,0.109,0.408,124.946,4,191187
6SSi3OPr0spTvfJj0uxJNz,Brecon Beacons,0,False,9,1,0sHeX8oQ6o7xic3wMf4NBU,Supergrass,2pcVCyLvZY5DjHx8fUsSVM,The Strange Ones: 1994-2008,2020-01-24,album,0.401,0.981,9,-5.714,1,0.127,1.03e-05,0.019,0.214,0.51,143.743,4,176107
0B9JMfQVsDz9p5qQhfLV4T,Rush Hour Soul,0,False,10,1,0sHeX8oQ6o7xic3wMf4NBU,Supergrass,2pcVCyLvZY5DjHx8fUsSVM,The Strange Ones: 1994-2008,2020-01-24,album,0.267,0.898,2,-6.464,1,0.0602,2.74e-05,0.545,0.119,0.458,138.883,4,175000
2BZXpVwqx3BCiKa16LjYPb,Seen The Light,0,False,11,1,0sHeX8oQ6o7xic3wMf4NBU,Supergrass,2pcVCyLvZY5DjHx8fUsSVM,The Strange Ones: 1994-2008,2020-01-24,album,0.489,0.843,9,-6.447,1,0.0498,0.000145,0.877,0.111,0.59,125.816,4,145760
13Mko3xIFc2V0N7HQC1sg9,Grace,0,False,12,1,0sHeX8oQ6o7xic3wMf4NBU,Supergrass,2pcVCyLvZY5DjHx8fUsSVM,The Strange Ones: 1994-2008,2020-01-24,album,0.376,0.842,2,-4.047,1,0.0444,0.000895,0.0,0.0957,0.27,141.725,4,149973
7x5sCA1JMzdLMkeS7y8M1Y,Moving,0,False,13,1,0sHeX8oQ6o7xic3wMf4NBU,Supergrass,2pcVCyLvZY5DjHx8fUsSVM,The Strange Ones: 1994-2008,2020-01-24,album,0.467,0.853,7,-6.661,1,0.0377,0.00731,0.000863,0.354,0.236,110.953,4,266800
2HSl7ZSI4cim4VyDmQzjax,Mary,0,False,14,1,0sHeX8oQ6o7xic3wMf4NBU,Supergrass,2pcVCyLvZY5DjHx8fUsSVM,The Strange Ones: 1994-2008,2020-01-24,album,0.519,0.747,0,-6.79,0,0.0349,0.0371,0.00503,0.0722,0.302,112.981,4,239960
51PU0auynUUt4I8DGvS2XN,Beautiful People,0,False,15,1,0sHeX8oQ6o7xic3wMf4NBU,Supergrass,2pcVCyLvZY5DjHx8fUsSVM,The Strange Ones: 1994-2008,2020-01-24,album,0.613,0.835,2,-5.249,1,0.03,0.00118,0.301,0.152,0.62,116.003,4,202040
0YWZD8l1mQz8XPSK2asTj6,Pumping On Your Stereo,0,False,16,1,0sHeX8oQ6o7xic3wMf4NBU,Supergrass,2pcVCyLvZY5DjHx8fUsSVM,The Strange Ones: 1994-2008,2020-01-24,album,0.461,0.904,2,-4.789,1,0.0784,0.011,0.0852,0.835,0.238,131.967,4,200400
7eBxzmlQfN7wfi6z9VqzmP,In It For The Money,0,False,17,1,0sHeX8oQ6o7xic3wMf4NBU,Supergrass,2pcVCyLvZY5DjHx8fUsSVM,The Strange Ones: 1994-2008,2020-01-24,album,0.174,0.687,7,-6.233,1,0.0456,0.000193,0.355,0.523,0.0481,116.362,4,185907
5mAB6e6KHsgKqfVKhMkduh,Richard III,0,False,18,1,0sHeX8oQ6o7xic3wMf4NBU,Supergrass,2pcVCyLvZY5DjHx8fUsSVM,The Strange Ones: 1994-2008,2020-01-24,album,0.181,0.726,7,-5.748,0,0.051,2.96e-06,0.705,0.0871,0.161,151.763,4,192960
3h1xi41Qv1iJeaFzUgAEfE,Late In The Day,0,False,19,1,0sHeX8oQ6o7xic3wMf4NBU,Supergrass,2pcVCyLvZY5DjHx8fUsSVM,The Strange Ones: 1994-2008,2020-01-24,album,0.285,0.533,9,-10.539,0,0.0255,0.000728,0.000981,0.0974,0.258,86.042,4,283427
0PwvdHDzuSdMaqjHDaOoU2,Sun Hits The Sky,0,False,20,1,0sHeX8oQ6o7xic3wMf4NBU,Supergrass,2pcVCyLvZY5DjHx8fUsSVM,The Strange Ones: 1994-2008,2020-01-24,album,0.374,0.931,10,-6.889,1,0.0537,4.55e-05,0.532,0.0814,0.361,150.648,4,295800
0gDKscGN3omZ3ICzelopwL,She's So Loose,0,False,21,1,0sHeX8oQ6o7xic3wMf4NBU,Supergrass,2pcVCyLvZY5DjHx8fUsSVM,The Strange Ones: 1994-2008,2020-01-24,album,0.434,0.846,0,-8.235,1,0.0475,0.00034,0.0246,0.291,0.475,155.881,4,179840
6dmRwekgF3K4APST8QTN98,Mansize Rooster,0,False,22,1,0sHeX8oQ6o7xic3wMf4NBU,Supergrass,2pcVCyLvZY5DjHx8fUsSVM,The Strange Ones: 1994-2008,2020-01-24,album,0.286,0.845,0,-6.41,1,0.0461,5.17e-05,0.00224,0.0596,0.685,163.748,4,154627
0sNkWOjYBELPKVrt7FV1Vo,Richard III - 4 Track Demo,0,False,28,1,0sHeX8oQ6o7xic3wMf4NBU,Supergrass,2pcVCyLvZY5DjHx8fUsSVM,The Strange Ones: 1994-2008,2020-01-24,album,0.407,0.906,7,-6.111,0,0.0402,0.182,0.959,0.134,0.292,150.198,4,168593
2IXnYGKigPa6fFfXeLFDJ8,Moving - 8 Track Demo,0,False,29,1,0sHeX8oQ6o7xic3wMf4NBU,Supergrass,2pcVCyLvZY5DjHx8fUsSVM,The Strange Ones: 1994-2008,2020-01-24,album,0.323,0.796,4,-7.917,0,0.0399,0.122,0.896,0.437,0.531,110.634,4,187986
7MkcNjHI7vgmG5ITdnl8Sr,Sitting Up Straight - 4 Track Demo,0,False,30,1,0sHeX8oQ6o7xic3wMf4NBU,Supergrass,2pcVCyLvZY5DjHx8fUsSVM,The Strange Ones: 1994-2008,2020-01-24,album,0.231,0.981,8,-4.906,1,0.24,0.04,0.778,0.33,0.364,153.956,4,142574
392srePNvNYofkoFW9FAJM,"Alright - Live at RDS Arena, Dublin 1996",0,False,32,1,0sHeX8oQ6o7xic3wMf4NBU,Supergrass,2pcVCyLvZY5DjHx8fUsSVM,The Strange Ones: 1994-2008,2020-01-24,album,0.186,0.961,9,-6.26,0,0.0786,0.0209,4.65e-05,0.404,0.288,153.085,4,177864
7D1FXKTNz2gQDG5bqOPfZ4,Going Out,34,False,7,1,0sHeX8oQ6o7xic3wMf4NBU,Supergrass,020brgMKGgdPSYjcVNypql,In It For The Money,1997-04-21,album,0.36,0.67,2,-7.364,0,0.0506,0.000264,0.521,0.117,0.471,98.433,4,256867
7fzVw2xVkHJXOfxcgTaqM7,Late in the Day - Demo,6,False,4,2,0sHeX8oQ6o7xic3wMf4NBU,Supergrass,5O9atmlsW3dtDd2YHzppvn,In It for the Money (2021 Remaster – Deluxe Expanded Edition),1997-04-21,album,0.504,0.58,9,-6.185,0,0.0257,0.0362,0.512,0.119,0.382,81.607,4,293173
44vyK6ZDCcupvpdH7dPQgj,Sun Hits the Sky - Monitor Mix,4,False,7,2,0sHeX8oQ6o7xic3wMf4NBU,Supergrass,5O9atmlsW3dtDd2YHzppvn,In It for the Money (2021 Remaster – Deluxe Expanded Edition),1997-04-21,album,0.453,0.952,0,-4.867,1,0.0543,5.61e-05,0.213,0.0611,0.528,150.056,4,322853
4SvRPZ9QpbfORb52kB2CgF,It's Not Me - Early Version,14,False,8,2,0sHeX8oQ6o7xic3wMf4NBU,Supergrass,5O9atmlsW3dtDd2YHzppvn,In It for the Money (2021 Remaster – Deluxe Expanded Edition),1997-04-21,album,0.334,0.518,11,-7.025,1,0.0313,0.00259,0.14,0.113,0.269,101.793,4,252400
4l2NAG0uBIbS5wsRqmKJ0w,Cheapskate - Monitor Mix,3,False,10,2,0sHeX8oQ6o7xic3wMf4NBU,Supergrass,5O9atmlsW3dtDd2YHzppvn,In It for the Money (2021 Remaster – Deluxe Expanded Edition),1997-04-21,album,0.578,0.822,9,-5.692,1,0.0334,0.000578,0.71,0.085,0.523,131.002,4,157200
2jeJyFkYhfMSYdZe8hbfMp,In It for the Money - Monitor Mix,18,False,11,2,0sHeX8oQ6o7xic3wMf4NBU,Supergrass,5O9atmlsW3dtDd2YHzppvn,In It for the Money (2021 Remaster – Deluxe Expanded Edition),1997-04-21,album,0.177,0.721,7,-5.1,1,0.043,4.98e-05,0.157,0.19,0.0772,116.769,4,266013
08wuYmfp5olrjyyf53CYUb,Hollow Little Reign - Güiro Mix,2,False,12,2,0sHeX8oQ6o7xic3wMf4NBU,Supergrass,5O9atmlsW3dtDd2YHzppvn,In It for the Money (2021 Remaster – Deluxe Expanded Edition),1997-04-21,album,0.541,0.765,5,-7.033,1,0.0268,0.00884,0.413,0.316,0.405,131.606,3,247600
4mQm6B2bs69pZ3d3ZxMUvn,Tonight - Monitor Mix,2,False,13,2,0sHeX8oQ6o7xic3wMf4NBU,Supergrass,5O9atmlsW3dtDd2YHzppvn,In It for the Money (2021 Remaster – Deluxe Expanded Edition),1997-04-21,album,0.454,0.927,2,-5.584,1,0.0918,0.000475,0.85,0.145,0.422,153.178,4,212800
0NVUde6RO4cgEnx1DpsHXD,You Can See Me - Demo,4,False,14,2,0sHeX8oQ6o7xic3wMf4NBU,Supergrass,5O9atmlsW3dtDd2YHzppvn,In It for the Money (2021 Remaster – Deluxe Expanded Edition),1997-04-21,album,0.38,0.671,9,-6.375,0,0.0341,0.0204,0.708,0.178,0.28,120.807,4,231693
2JMjqBRYFB2WAvxkUZxu7G,Sometimes I Make You Sad - Guide Vox,2,False,16,2,0sHeX8oQ6o7xic3wMf4NBU,Supergrass,5O9atmlsW3dtDd2YHzppvn,In It for the Money (2021 Remaster – Deluxe Expanded Edition),1997-04-21,album,0.592,0.911,7,-4.938,1,0.0377,0.175,0.00289,0.0939,0.881,98.338,4,165120
4wefvFlojGgPU1KE6GZ1AM,"Going Out - Live at Opera House, Toronto, 11/9/1995",2,False,1,3,0sHeX8oQ6o7xic3wMf4NBU,Supergrass,5O9atmlsW3dtDd2YHzppvn,In It for the Money (2021 Remaster – Deluxe Expanded Edition),1997-04-21,album,0.212,0.848,2,-4.349,1,0.059,0.00333,0.73,0.656,0.241,94.398,4,287187
64VdruoZD8TVo5NAgb1WMg,"Melanie Davis - Live at Lowlands Festival, Netherlands, 25/8/1996",2,False,2,3,0sHeX8oQ6o7xic3wMf4NBU,Supergrass,5O9atmlsW3dtDd2YHzppvn,In It for the Money (2021 Remaster – Deluxe Expanded Edition),1997-04-21,album,0.209,0.95,9,-4.9,1,0.0851,6.28e-05,0.094,0.694,0.249,101.016,4,204373
6fruIf9xz4tbkHusxFoheI,"G-Song - Live at Glastonbury, Rehearsal Tape, 18/6/1995",2,False,3,3,0sHeX8oQ6o7xic3wMf4NBU,Supergrass,5O9atmlsW3dtDd2YHzppvn,In It for the Money (2021 Remaster – Deluxe Expanded Edition),1997-04-21,album,0.261,0.671,8,-7.622,0,0.0368,0.233,0.846,0.364,0.681,174.162,4,157000
30Re2tXEsZ4eLviNuekASA,"In It for the Money - Live at Rock City, Nottingham, 18/1/1998",2,False,4,3,0sHeX8oQ6o7xic3wMf4NBU,Supergrass,5O9atmlsW3dtDd2YHzppvn,In It for the Money (2021 Remaster – Deluxe Expanded Edition),1997-04-21,album,0.166,0.935,4,-5.01,0,0.114,0.000945,0.00803,0.977,0.0397,127.569,4,202853
6PLYpTwtElVydQCFnBMhnZ,"Cheapskate - Live at Rock City, Nottingham, 18/1/1998",2,False,5,3,0sHeX8oQ6o7xic3wMf4NBU,Supergrass,5O9atmlsW3dtDd2YHzppvn,In It for the Money (2021 Remaster – Deluxe Expanded Edition),1997-04-21,album,0.16,0.961,9,-4.907,1,0.0993,0.000523,0.00124,0.746,0.237,133.026,4,210133
6limy0p4V1djZmTnQ9YHhZ,"Mansize Rooster - Live at Rock City, Nottingham, 18/1/1998",2,False,6,3,0sHeX8oQ6o7xic3wMf4NBU,Supergrass,5O9atmlsW3dtDd2YHzppvn,In It for the Money (2021 Remaster – Deluxe Expanded Edition),1997-04-21,album,0.169,0.927,7,-4.464,1,0.0811,0.0872,0.0158,0.919,0.272,160.59,4,188880
3oDpWz4XPpSyBiRES32AM2,"Richard III - Live at Rock City, Nottingham, 18/1/1998",3,False,7,3,0sHeX8oQ6o7xic3wMf4NBU,Supergrass,5O9atmlsW3dtDd2YHzppvn,In It for the Money (2021 Remaster – Deluxe Expanded Edition),1997-04-21,album,0.0883,0.959,7,-4.66,1,0.168,0.00473,0.0178,0.627,0.0396,165.808,4,224173
6Ph3l6Y4GZwqaXJokkmH2x,"You Can See Me - Live at Rock City, Nottingham, 18/1/1998",2,False,8,3,0sHeX8oQ6o7xic3wMf4NBU,Supergrass,5O9atmlsW3dtDd2YHzppvn,In It for the Money (2021 Remaster – Deluxe Expanded Edition),1997-04-21,album,0.258,0.89,9,-4.524,0,0.0793,0.0189,0.0534,0.956,0.237,127.005,4,251120
5eQaVdiG8zt54zLq1d2GCT,"Late in the Day - Live at Rock City, Nottingham, 18/1/1998",2,False,9,3,0sHeX8oQ6o7xic3wMf4NBU,Supergrass,5O9atmlsW3dtDd2YHzppvn,In It for the Money (2021 Remaster – Deluxe Expanded Edition),1997-04-21,album,0.116,0.82,9,-4.469,0,0.0496,0.0403,0.119,0.567,0.208,176.773,4,252707
6jvlPiYMZJhgauVodkxu6g,"Alright - Live at Rock City, Nottingham, 18/1/1998",5,False,10,3,0sHeX8oQ6o7xic3wMf4NBU,Supergrass,5O9atmlsW3dtDd2YHzppvn,In It for the Money (2021 Remaster – Deluxe Expanded Edition),1997-04-21,album,0.193,0.962,2,-3.762,1,0.0948,0.0333,0.646,0.259,0.336,151.2,4,181080
20aI430KNIl9XjAbA2tO7W,"Lose It - Live at Rock City, Nottingham, 18/1/1998",2,False,12,3,0sHeX8oQ6o7xic3wMf4NBU,Supergrass,5O9atmlsW3dtDd2YHzppvn,In It for the Money (2021 Remaster – Deluxe Expanded Edition),1997-04-21,album,0.0976,0.926,6,-3.768,0,0.0836,0.00196,0.0511,0.594,0.297,160.447,4,171573
4fRwvTMVrZlct22zS0Cjjr,"Sun Hits the Sky - Live at Rock City, Nottingham, 18/1/1998",2,False,13,3,0sHeX8oQ6o7xic3wMf4NBU,Supergrass,5O9atmlsW3dtDd2YHzppvn,In It for the Money (2021 Remaster – Deluxe Expanded Edition),1997-04-21,album,0.0993,0.967,7,-3.38,1,0.0864,0.000679,0.574,0.85,0.138,158.875,4,282240
7aEYW7q56TCLrk3jGGo3BM,"Going Out - Technical Breakdown - Live at Rock City, Nottingham, 18/1/1998",1,False,14,3,0sHeX8oQ6o7xic3wMf4NBU,Supergrass,5O9atmlsW3dtDd2YHzppvn,In It for the Money (2021 Remaster – Deluxe Expanded Edition),1997-04-21,album,0.219,0.626,2,-6.958,1,0.0545,0.285,0.252,0.388,0.188,90.179,3,115427
64FhP1QidS6TNLB1sGlQuL,"Caught by the Fuzz - Live at Rock City, Nottingham, 18/1/1998",2,False,15,3,0sHeX8oQ6o7xic3wMf4NBU,Supergrass,5O9atmlsW3dtDd2YHzppvn,In It for the Money (2021 Remaster – Deluxe Expanded Edition),1997-04-21,album,0.299,0.879,9,-5.55,1,0.446,0.343,1.44e-05,0.312,0.233,166.325,4,242893
15KeETVk68UWVnkuMo45na,"It's Not Me - Live at Rock City, Nottingham, 18/1/1998",1,False,16,3,0sHeX8oQ6o7xic3wMf4NBU,Supergrass,5O9atmlsW3dtDd2YHzppvn,In It for the Money (2021 Remaster – Deluxe Expanded Edition),1997-04-21,album,0.188,0.531,11,-7.848,1,0.0332,0.406,5.16e-06,0.979,0.077,65.763,3,192867
4C4r8xLfZJod2dKsqy9bwZ,"Going Out - Live at Rock City, Nottingham, 18/1/1998",1,False,17,3,0sHeX8oQ6o7xic3wMf4NBU,Supergrass,5O9atmlsW3dtDd2YHzppvn,In It for the Money (2021 Remaster – Deluxe Expanded Edition),1997-04-21,album,0.0606,0.935,2,-3.288,1,0.162,0.00599,0.0154,0.867,0.0957,198.652,4,307987
3QDWVnxR8nQOUBoT8tPaIy,Susan (Going Out),0,False,1,2,0sHeX8oQ6o7xic3wMf4NBU,Supergrass,4eskbEqGfhyOV3ILrneK4G,In It for the Money (2021 Remaster - Deluxe Expanded Edition),1997-04-21,album,0.306,0.73,9,-6.969,1,0.0349,0.000339,0.892,0.209,0.344,94.982,4,293813
6ckODTsFdGSRUVeQwfHzxc,Melanie Davis,0,False,2,2,0sHeX8oQ6o7xic3wMf4NBU,Supergrass,4eskbEqGfhyOV3ILrneK4G,In It for the Money (2021 Remaster - Deluxe Expanded Edition),1997-04-21,album,0.365,0.639,9,-6.405,0,0.0323,0.000728,0.145,0.106,0.734,100.075,4,164627
5G7EHmbLilRBuSZXTIaSjX,Can't Dig It (G-Song),0,False,3,2,0sHeX8oQ6o7xic3wMf4NBU,Supergrass,4eskbEqGfhyOV3ILrneK4G,In It for the Money (2021 Remaster - Deluxe Expanded Edition),1997-04-21,album,0.445,0.816,5,-5.67,1,0.0379,0.0647,0.786,0.241,0.473,79.838,4,236880
0dIbfXVKpsiDB7sseevoF0,Late in the Day - Demo,0,False,4,2,0sHeX8oQ6o7xic3wMf4NBU,Supergrass,4eskbEqGfhyOV3ILrneK4G,In It for the Money (2021 Remaster - Deluxe Expanded Edition),1997-04-21,album,0.504,0.58,9,-6.185,0,0.0257,0.0362,0.512,0.119,0.382,81.607,4,293173
0BcRlo77VM7AavG3lsNMGf,Get Away (Richard III),0,False,5,2,0sHeX8oQ6o7xic3wMf4NBU,Supergrass,4eskbEqGfhyOV3ILrneK4G,In It for the Money (2021 Remaster - Deluxe Expanded Edition),1997-04-21,album,0.269,0.934,10,-5.189,1,0.0423,3.79e-06,0.789,0.0814,0.221,149.868,4,207053
5V0jdnh4UnR0HIJTjLfIvn,Charles II,0,False,6,2,0sHeX8oQ6o7xic3wMf4NBU,Supergrass,4eskbEqGfhyOV3ILrneK4G,In It for the Money (2021 Remaster - Deluxe Expanded Edition),1997-04-21,album,0.377,0.965,0,-5.349,1,0.1,2.62e-05,0.881,0.433,0.614,141.506,4,131000
5tZCBrXDhZWqCIzSvvBarV,Sun Hits the Sky - Monitor Mix,0,False,7,2,0sHeX8oQ6o7xic3wMf4NBU,Supergrass,4eskbEqGfhyOV3ILrneK4G,In It for the Money (2021 Remaster - Deluxe Expanded Edition),1997-04-21,album,0.453,0.952,0,-4.867,1,0.0543,5.61e-05,0.213,0.0611,0.528,150.056,4,322853
1wDsSokXBEMFWqgBDjvkKc,It's Not Me - Early Version,0,False,8,2,0sHeX8oQ6o7xic3wMf4NBU,Supergrass,4eskbEqGfhyOV3ILrneK4G,In It for the Money (2021 Remaster - Deluxe Expanded Edition),1997-04-21,album,0.334,0.518,11,-7.025,1,0.0313,0.00259,0.14,0.113,0.269,101.793,4,252400
3KFxGCWnl16va6q7ZQRDzr,Silver Lining,0,False,9,2,0sHeX8oQ6o7xic3wMf4NBU,Supergrass,4eskbEqGfhyOV3ILrneK4G,In It for the Money (2021 Remaster - Deluxe Expanded Edition),1997-04-21,album,0.684,0.5,2,-8.408,1,0.0266,0.54,0.857,0.206,0.486,107.93,4,198053
3puUWYJ6L5GshQbHACTYcz,Cheapskate - Monitor Mix,0,False,10,2,0sHeX8oQ6o7xic3wMf4NBU,Supergrass,4eskbEqGfhyOV3ILrneK4G,In It for the Money (2021 Remaster - Deluxe Expanded Edition),1997-04-21,album,0.578,0.822,9,-5.692,1,0.0334,0.000578,0.71,0.085,0.523,131.002,4,157200
0cgobY9taaTyQDSrPCFm1i,In It for the Money - Monitor Mix,0,False,11,2,0sHeX8oQ6o7xic3wMf4NBU,Supergrass,4eskbEqGfhyOV3ILrneK4G,In It for the Money (2021 Remaster - Deluxe Expanded Edition),1997-04-21,album,0.177,0.721,7,-5.1,1,0.043,4.98e-05,0.157,0.19,0.0772,116.768,4,266013
6IfbsXoPdhZuKXCePZrDht,Hollow Little Reign - Güiro Mix,0,False,12,2,0sHeX8oQ6o7xic3wMf4NBU,Supergrass,4eskbEqGfhyOV3ILrneK4G,In It for the Money (2021 Remaster - Deluxe Expanded Edition),1997-04-21,album,0.541,0.765,5,-7.033,1,0.0268,0.00884,0.413,0.316,0.405,131.606,3,247600
5gIrlC25cVTuWBHGmcMHXm,Tonight - Monitor Mix,0,False,13,2,0sHeX8oQ6o7xic3wMf4NBU,Supergrass,4eskbEqGfhyOV3ILrneK4G,In It for the Money (2021 Remaster - Deluxe Expanded Edition),1997-04-21,album,0.454,0.927,2,-5.584,1,0.0918,0.000475,0.85,0.145,0.422,153.178,4,212800
5LXprxqXyrBwyKtCypnwi2,You Can See Me - Demo,0,False,14,2,0sHeX8oQ6o7xic3wMf4NBU,Supergrass,4eskbEqGfhyOV3ILrneK4G,In It for the Money (2021 Remaster - Deluxe Expanded Edition),1997-04-21,album,0.38,0.671,9,-6.375,0,0.0341,0.0204,0.708,0.178,0.28,120.807,4,231693
5ySCiJ1ZPn5nI1N2gJZ7fJ,Sometimes We're Very Sad - Edit,0,False,15,2,0sHeX8oQ6o7xic3wMf4NBU,Supergrass,4eskbEqGfhyOV3ILrneK4G,In It for the Money (2021 Remaster - Deluxe Expanded Edition),1997-04-21,album,0.722,0.429,1,-14.372,1,0.721,0.24,2.12e-05,0.399,0.316,99.147,4,101693
1SAKLe6nj6AR6tpYjltVuz,Sometimes I Make You Sad - Guide Vox,0,False,16,2,0sHeX8oQ6o7xic3wMf4NBU,Supergrass,4eskbEqGfhyOV3ILrneK4G,In It for the Money (2021 Remaster - Deluxe Expanded Edition),1997-04-21,album,0.592,0.911,7,-4.938,1,0.0377,0.175,0.00289,0.0939,0.881,98.338,4,165120
0LvqSHyMeiwHP46DvaYoSi,Nothing More's Gonna Get In My Way,0,False,17,2,0sHeX8oQ6o7xic3wMf4NBU,Supergrass,4eskbEqGfhyOV3ILrneK4G,In It for the Money (2021 Remaster - Deluxe Expanded Edition),1997-04-21,album,0.382,0.737,0,-5.474,1,0.0331,0.00853,0.684,0.23,0.279,149.937,4,243333
5unAmRQkekZEMjU8rTsZ1E,We Still Need More (Than Anyone Can Give),0,False,18,2,0sHeX8oQ6o7xic3wMf4NBU,Supergrass,4eskbEqGfhyOV3ILrneK4G,In It for the Money (2021 Remaster - Deluxe Expanded Edition),1997-04-21,album,0.56,0.786,0,-7.349,1,0.0257,0.103,0.682,0.0778,0.722,134.059,4,214960
23DTbxnvkTawzKoZKGXsg5,Don't Be Cruel,0,False,19,2,0sHeX8oQ6o7xic3wMf4NBU,Supergrass,4eskbEqGfhyOV3ILrneK4G,In It for the Money (2021 Remaster - Deluxe Expanded Edition),1997-04-21,album,0.667,0.419,4,-9.901,0,0.0272,0.0805,0.342,0.101,0.35,73.974,4,312133
4Bt3cwOZHetlNbYHo9t4G3,The Animal,0,False,21,2,0sHeX8oQ6o7xic3wMf4NBU,Supergrass,4eskbEqGfhyOV3ILrneK4G,In It for the Money (2021 Remaster - Deluxe Expanded Edition),1997-04-21,album,0.651,0.862,6,-8.307,1,0.0386,3.18e-05,0.91,0.11,0.106,134.02,4,289613
77e13g5hrlTL8W7Z0B9BpS,"Going Out - Live at Opera House, Toronto, 11/9/1995",0,False,1,3,0sHeX8oQ6o7xic3wMf4NBU,Supergrass,4eskbEqGfhyOV3ILrneK4G,In It for the Money (2021 Remaster - Deluxe Expanded Edition),1997-04-21,album,0.212,0.848,2,-4.349,1,0.059,0.00333,0.73,0.656,0.241,94.398,4,287187
6z7o5TqqGKFFjcPmzqloq7,"Melanie Davis - Live at Lowlands Festival, Netherlands, 25/8/1996",0,False,2,3,0sHeX8oQ6o7xic3wMf4NBU,Supergrass,4eskbEqGfhyOV3ILrneK4G,In It for the Money (2021 Remaster - Deluxe Expanded Edition),1997-04-21,album,0.209,0.95,9,-4.9,1,0.0851,6.28e-05,0.094,0.694,0.249,101.016,4,204373
3LBVCPhludsC3lmJqGLM0y,"G-Song - Live at Glastonbury, Rehearsal Tape, 18/6/1995",0,False,3,3,0sHeX8oQ6o7xic3wMf4NBU,Supergrass,4eskbEqGfhyOV3ILrneK4G,In It for the Money (2021 Remaster - Deluxe Expanded Edition),1997-04-21,album,0.261,0.671,8,-7.622,0,0.0368,0.233,0.846,0.364,0.681,174.162,4,157000
0517XHm9era750YvjT7zGh,"In It for the Money - Live at Rock City, Nottingham, 18/1/1998",0,False,4,3,0sHeX8oQ6o7xic3wMf4NBU,Supergrass,4eskbEqGfhyOV3ILrneK4G,In It for the Money (2021 Remaster - Deluxe Expanded Edition),1997-04-21,album,0.166,0.935,4,-5.01,0,0.11,0.000945,0.00803,0.977,0.0397,127.57,4,202853
3e9C9Ospr4odzTRmaqPpha,"Cheapskate - Live at Rock City, Nottingham, 18/1/1998",0,False,5,3,0sHeX8oQ6o7xic3wMf4NBU,Supergrass,4eskbEqGfhyOV3ILrneK4G,In It for the Money (2021 Remaster - Deluxe Expanded Edition),1997-04-21,album,0.16,0.961,9,-4.907,1,0.0992,0.000523,0.00124,0.746,0.238,133.049,4,210133
5KYa78gTpTbJXRty6CoHjn,"Mansize Rooster - Live at Rock City, Nottingham, 18/1/1998",0,False,6,3,0sHeX8oQ6o7xic3wMf4NBU,Supergrass,4eskbEqGfhyOV3ILrneK4G,In It for the Money (2021 Remaster - Deluxe Expanded Edition),1997-04-21,album,0.169,0.927,7,-4.465,1,0.081,0.0872,0.0158,0.919,0.272,160.568,4,188880
1lEwnHJ1jdSSEwzOaT9RLM,"Richard III - Live at Rock City, Nottingham, 18/1/1998",0,False,7,3,0sHeX8oQ6o7xic3wMf4NBU,Supergrass,4eskbEqGfhyOV3ILrneK4G,In It for the Money (2021 Remaster - Deluxe Expanded Edition),1997-04-21,album,0.0883,0.96,7,-4.673,1,0.172,0.00476,0.0181,0.607,0.0443,165.808,4,224173
72GiNU2lHNUFi5VhZotHAn,"You Can See Me - Live at Rock City, Nottingham, 18/1/1998",0,False,8,3,0sHeX8oQ6o7xic3wMf4NBU,Supergrass,4eskbEqGfhyOV3ILrneK4G,In It for the Money (2021 Remaster - Deluxe Expanded Edition),1997-04-21,album,0.252,0.89,9,-4.524,0,0.0795,0.0189,0.0534,0.956,0.237,126.963,4,251120
7LP1iix1s9h0Wo47K2S8zo,"Late in the Day - Live at Rock City, Nottingham, 18/1/1998",0,False,9,3,0sHeX8oQ6o7xic3wMf4NBU,Supergrass,4eskbEqGfhyOV3ILrneK4G,In It for the Money (2021 Remaster - Deluxe Expanded Edition),1997-04-21,album,0.116,0.82,9,-4.469,0,0.0496,0.0403,0.119,0.567,0.208,176.773,4,252707
07NvPl5nweqvt9O7Dfh5Go,"Alright - Live at Rock City, Nottingham, 18/1/1998",0,False,10,3,0sHeX8oQ6o7xic3wMf4NBU,Supergrass,4eskbEqGfhyOV3ILrneK4G,In It for the Money (2021 Remaster - Deluxe Expanded Edition),1997-04-21,album,0.194,0.962,2,-3.762,1,0.0948,0.0333,0.646,0.259,0.336,151.201,4,181080
3LFdSBQnFWbJOGXaa8g9yk,"Just Dropped In (To See What Condition My Condition Was In) - Live at Rock City, Nottingham, 18/1/1998",0,False,11,3,0sHeX8oQ6o7xic3wMf4NBU,Supergrass,4eskbEqGfhyOV3ILrneK4G,In It for the Money (2021 Remaster - Deluxe Expanded Edition),1997-04-21,album,0.151,0.908,5,-4.488,1,0.08,0.0349,0.00818,0.158,0.234,156.736,4,178627
5PHO9XDOJNbN52zJkgJN6j,"Lose It - Live at Rock City, Nottingham, 18/1/1998",0,False,12,3,0sHeX8oQ6o7xic3wMf4NBU,Supergrass,4eskbEqGfhyOV3ILrneK4G,In It for the Money (2021 Remaster - Deluxe Expanded Edition),1997-04-21,album,0.0977,0.926,6,-3.768,0,0.0815,0.00196,0.0511,0.594,0.299,160.413,4,171573
03duWuNUezK6HSqSImVym6,"Sun Hits the Sky - Live at Rock City, Nottingham, 18/1/1998",0,False,13,3,0sHeX8oQ6o7xic3wMf4NBU,Supergrass,4eskbEqGfhyOV3ILrneK4G,In It for the Money (2021 Remaster - Deluxe Expanded Edition),1997-04-21,album,0.0992,0.967,7,-3.38,1,0.0864,0.000679,0.574,0.85,0.138,158.988,4,282240
5MyeThWDjAzMxQCVJfl9wj,"Going Out (Technical Breakdown) - Live at Rock City, Nottingham, 18/1/1998",0,False,14,3,0sHeX8oQ6o7xic3wMf4NBU,Supergrass,4eskbEqGfhyOV3ILrneK4G,In It for the Money (2021 Remaster - Deluxe Expanded Edition),1997-04-21,album,0.219,0.626,2,-6.958,1,0.0545,0.285,0.252,0.388,0.188,90.179,3,115427
2EoDd5gUHGc7DpaG3Ksv5N,"Caught By the Fuzz - Live at Rock City, Nottingham, 18/1/1998",0,False,15,3,0sHeX8oQ6o7xic3wMf4NBU,Supergrass,4eskbEqGfhyOV3ILrneK4G,In It for the Money (2021 Remaster - Deluxe Expanded Edition),1997-04-21,album,0.299,0.879,9,-5.55,1,0.446,0.343,1.44e-05,0.312,0.233,166.341,4,242893
2n8wKbFEd17HdlHSQianoP,"It's Not Me - Live at Rock City, Nottingham, 18/1/1998",0,False,16,3,0sHeX8oQ6o7xic3wMf4NBU,Supergrass,4eskbEqGfhyOV3ILrneK4G,In It for the Money (2021 Remaster - Deluxe Expanded Edition),1997-04-21,album,0.188,0.531,11,-7.848,1,0.0332,0.406,5.16e-06,0.979,0.0772,65.74,3,192867
2igFHbhHhsv7oOnhVJ0D55,"Going Out - Live at Rock City, Nottingham, 18/1/1998",0,False,17,3,0sHeX8oQ6o7xic3wMf4NBU,Supergrass,4eskbEqGfhyOV3ILrneK4G,In It for the Money (2021 Remaster - Deluxe Expanded Edition),1997-04-21,album,0.0606,0.935,2,-3.288,1,0.162,0.00599,0.0154,0.867,0.0957,198.676,4,307987
2duLaicfmMkgaSI4w5MB6V,I'd Like To Know - Demo,0,False,22,1,0sHeX8oQ6o7xic3wMf4NBU,Supergrass,1CD4bX4fXByt9nmCQrvMzN,I Should Coco (20th Anniversary Collector's Edition),1995-05-15,album,0.246,0.906,5,-8.331,0,0.0661,0.329,0.882,0.183,0.497,164.085,4,167027
4bLM8jgUZUYdZa9uEUzUH0,Alright - Demo,0,False,25,1,0sHeX8oQ6o7xic3wMf4NBU,Supergrass,1CD4bX4fXByt9nmCQrvMzN,I Should Coco (20th Anniversary Collector's Edition),1995-05-15,album,0.378,0.875,6,-7.068,1,0.0462,0.104,4.19e-05,0.196,0.89,146.373,4,165787
3ywE6fMQx7FgIC4MlGTmTw,Lose It - Demo,0,False,26,1,0sHeX8oQ6o7xic3wMf4NBU,Supergrass,1CD4bX4fXByt9nmCQrvMzN,I Should Coco (20th Anniversary Collector's Edition),1995-05-15,album,0.231,0.942,9,-3.363,1,0.0625,0.00029,0.0166,0.374,0.411,153.448,4,155080
1bwPRQZeyFW9xeCfQyDNoF,Lenny - Demo,0,False,27,1,0sHeX8oQ6o7xic3wMf4NBU,Supergrass,1CD4bX4fXByt9nmCQrvMzN,I Should Coco (20th Anniversary Collector's Edition),1995-05-15,album,0.404,0.557,7,-10.966,0,0.0355,0.654,0.956,0.262,0.401,79.795,4,162827
2qsbSetlKRCclAZcI9sQ0y,She's So Loose - Demo,0,False,30,1,0sHeX8oQ6o7xic3wMf4NBU,Supergrass,1CD4bX4fXByt9nmCQrvMzN,I Should Coco (20th Anniversary Collector's Edition),1995-05-15,album,0.342,0.753,1,-11.398,1,0.0454,0.85,0.913,0.323,0.502,172.914,4,166107
33OwQfFMYbItbFOIuVr8OB,We're Not Supposed To - Demo,0,False,31,1,0sHeX8oQ6o7xic3wMf4NBU,Supergrass,1CD4bX4fXByt9nmCQrvMzN,I Should Coco (20th Anniversary Collector's Edition),1995-05-15,album,0.366,0.911,7,-5.45,1,0.0718,5.61e-05,0.699,0.215,0.606,143.324,4,126533
5Uv9cFQKYKuRutszBEHwfa,Time - Demo,0,False,32,1,0sHeX8oQ6o7xic3wMf4NBU,Supergrass,1CD4bX4fXByt9nmCQrvMzN,I Should Coco (20th Anniversary Collector's Edition),1995-05-15,album,0.647,0.118,10,-16.645,1,0.0316,0.965,0.924,0.112,0.352,115.489,3,230600
21ZgvsGUGmt7EccrhQBUMX,Time To Go - Demo,0,False,34,1,0sHeX8oQ6o7xic3wMf4NBU,Supergrass,1CD4bX4fXByt9nmCQrvMzN,I Should Coco (20th Anniversary Collector's Edition),1995-05-15,album,0.283,0.451,7,-14.321,1,0.0283,0.906,0.166,0.347,0.651,116.693,4,117347
0MeXALRxeqO3dcWQtq8xhs,Strange Ones - Live At Bath Moles,0,False,35,1,0sHeX8oQ6o7xic3wMf4NBU,Supergrass,1CD4bX4fXByt9nmCQrvMzN,I Should Coco (20th Anniversary Collector's Edition),1995-05-15,album,0.212,0.857,11,-7.13,0,0.0685,0.0021,0.278,0.397,0.381,166.426,4,225213
1i55rD3gMZJlXtewNEpLIY,Sitting Up Straight - Live At Bath Moles,0,False,36,1,0sHeX8oQ6o7xic3wMf4NBU,Supergrass,1CD4bX4fXByt9nmCQrvMzN,I Should Coco (20th Anniversary Collector's Edition),1995-05-15,album,0.198,0.832,7,-8.571,1,0.104,0.000138,0.287,0.11,0.223,166.884,4,156173
0RGYfpmMPvoiMqD8BRax0S,Mansize Rooster - Live At Bath Moles,0,False,37,1,0sHeX8oQ6o7xic3wMf4NBU,Supergrass,1CD4bX4fXByt9nmCQrvMzN,I Should Coco (20th Anniversary Collector's Edition),1995-05-15,album,0.264,0.841,2,-8.989,1,0.0811,0.000596,0.00636,0.638,0.339,170.071,4,188467
6cNULwwkRz2l4sJBTYcYpf,Time - Live At Bath Moles,0,False,38,1,0sHeX8oQ6o7xic3wMf4NBU,Supergrass,1CD4bX4fXByt9nmCQrvMzN,I Should Coco (20th Anniversary Collector's Edition),1995-05-15,album,0.433,0.748,11,-10.927,0,0.0586,0.0159,0.717,0.486,0.274,141.835,3,219120
35zFz2WsAIVibHROiCeU2w,I'd Like To Know - Live At Bath Moles,0,False,39,1,0sHeX8oQ6o7xic3wMf4NBU,Supergrass,1CD4bX4fXByt9nmCQrvMzN,I Should Coco (20th Anniversary Collector's Edition),1995-05-15,album,0.187,0.914,2,-10.239,1,0.0922,0.000335,0.287,0.133,0.169,175.942,4,270347
5VeTiIgGRS0EzEU1jBLPJv,Time To Go (Technical Fault) - Live At Bath Moles,0,False,40,1,0sHeX8oQ6o7xic3wMf4NBU,Supergrass,1CD4bX4fXByt9nmCQrvMzN,I Should Coco (20th Anniversary Collector's Edition),1995-05-15,album,0.466,0.22,0,-21.157,1,0.043,0.486,0.000806,0.136,0.645,105.315,4,66280
5ojzcdUt3St0BcDMAEGFvn,She's So Loose - Live At Bath Moles,0,False,41,1,0sHeX8oQ6o7xic3wMf4NBU,Supergrass,1CD4bX4fXByt9nmCQrvMzN,I Should Coco (20th Anniversary Collector's Edition),1995-05-15,album,0.248,0.932,0,-9.09,1,0.12,0.000244,0.0486,0.115,0.159,170.314,4,204200
6TzkyssEVh8KuCFsQF4xhG,Caught By The Fuzz (Crowd Surge) - Live At Bath Moles,0,False,42,1,0sHeX8oQ6o7xic3wMf4NBU,Supergrass,1CD4bX4fXByt9nmCQrvMzN,I Should Coco (20th Anniversary Collector's Edition),1995-05-15,album,0.329,0.65,9,-12.833,1,0.0711,0.0621,0.00346,0.264,0.219,174.835,4,78400
5qYXnIO7dHrtj1bbF7MXSi,Caught By The Fuzz - Live At Bath Moles,0,False,43,1,0sHeX8oQ6o7xic3wMf4NBU,Supergrass,1CD4bX4fXByt9nmCQrvMzN,I Should Coco (20th Anniversary Collector's Edition),1995-05-15,album,0.193,0.924,9,-7.992,1,0.0878,0.00439,0.0349,0.275,0.144,177.149,4,141547
5MP4SYbL8NPKjdS5f6u88P,Lenny - Live At Bath Moles,0,False,44,1,0sHeX8oQ6o7xic3wMf4NBU,Supergrass,1CD4bX4fXByt9nmCQrvMzN,I Should Coco (20th Anniversary Collector's Edition),1995-05-15,album,0.232,0.891,4,-8.511,1,0.141,0.000494,0.256,0.703,0.317,173.135,4,180747
0y2b0Nq2DzvyhgNU4ANn8H,"Sitting Up Straight - Live at Route Du Rock, St. Malo",0,False,46,1,0sHeX8oQ6o7xic3wMf4NBU,Supergrass,1CD4bX4fXByt9nmCQrvMzN,I Should Coco (20th Anniversary Collector's Edition),1995-05-15,album,0.195,0.957,11,-8.79,0,0.087,0.000213,0.0299,0.875,0.331,162.062,4,136000
3L0TNIOr283ZuaAgcWFaFb,"Mansize Rooster - Live at Route Du Rock, St. Malo",0,False,47,1,0sHeX8oQ6o7xic3wMf4NBU,Supergrass,1CD4bX4fXByt9nmCQrvMzN,I Should Coco (20th Anniversary Collector's Edition),1995-05-15,album,0.284,0.943,7,-6.592,1,0.0875,0.00711,0.0144,0.932,0.35,158.845,4,174720
4KSMnoxfJJo8deay1Qn8M7,"I'd Like To Know - Live at Route Du Rock, St. Malo",0,False,48,1,0sHeX8oQ6o7xic3wMf4NBU,Supergrass,1CD4bX4fXByt9nmCQrvMzN,I Should Coco (20th Anniversary Collector's Edition),1995-05-15,album,0.245,0.957,9,-6.909,1,0.0858,0.00255,0.066,0.103,0.377,167.673,4,261333
7uMuE78wIO5O366tqM3C0e,"Time - Live at Route Du Rock, St. Malo",0,False,49,1,0sHeX8oQ6o7xic3wMf4NBU,Supergrass,1CD4bX4fXByt9nmCQrvMzN,I Should Coco (20th Anniversary Collector's Edition),1995-05-15,album,0.355,0.855,9,-7.371,1,0.0546,0.0259,0.0448,0.831,0.408,137.902,3,207093
6VQey5UDW1YZS46Yu32o5H,"Alright - Live at Route Du Rock, St. Malo",0,False,50,1,0sHeX8oQ6o7xic3wMf4NBU,Supergrass,1CD4bX4fXByt9nmCQrvMzN,I Should Coco (20th Anniversary Collector's Edition),1995-05-15,album,0.283,0.926,4,-7.246,0,0.0677,0.000986,0.165,0.192,0.7,155.852,4,178360
6AJqiwOzDDpMWn6xAsWvRK,Getting Better - Liquid Gold Version,0,False,1,1,3iejrAcqxYoVgyxp6zkWgs,Shed Seven,25QKBTY20S0Zxbcmf8LjeR,Liquid Gold (Live at York Museum Gardens Edition),2025-05-23,album,0.446,0.905,2,-6.532,1,0.0583,0.00289,0.0,0.113,0.505,138.97,4,292760
1PHQWsOlXKOPcqxjB76qdZ,Speakeasy - Liquid Gold Version,0,False,2,1,3iejrAcqxYoVgyxp6zkWgs,Shed Seven,25QKBTY20S0Zxbcmf8LjeR,Liquid Gold (Live at York Museum Gardens Edition),2025-05-23,album,0.499,0.898,9,-6.709,0,0.0405,0.000252,0.000373,0.175,0.577,117.018,4,215347
4fzyeJWpFoq8UGxseNQISX,Devil in Your Shoes - Liquid Gold Version,0,False,3,1,3iejrAcqxYoVgyxp6zkWgs,Shed Seven,25QKBTY20S0Zxbcmf8LjeR,Liquid Gold (Live at York Museum Gardens Edition),2025-05-23,album,0.344,0.659,10,-6.816,1,0.0405,0.274,0.0,0.106,0.428,177.862,4,260760
3MFodTs9kOCjWmT8v8Cud9,On Standby - Liquid Gold Version,0,False,4,1,3iejrAcqxYoVgyxp6zkWgs,Shed Seven,25QKBTY20S0Zxbcmf8LjeR,Liquid Gold (Live at York Museum Gardens Edition),2025-05-23,album,0.502,0.858,1,-6.844,1,0.0344,0.000442,8.89e-05,0.241,0.647,128.968,4,246907
5Zqjay8f6h4cJLRwaEWjk2,Going for Gold - Liquid Gold Version,0,False,5,1,3iejrAcqxYoVgyxp6zkWgs,Shed Seven,25QKBTY20S0Zxbcmf8LjeR,Liquid Gold (Live at York Museum Gardens Edition),2025-05-23,album,0.449,0.764,9,-6.434,1,0.028,0.08,0.000105,0.828,0.528,97.003,4,273480
3X7jkQKwIlwYvNsyuR45l9,Waiting for the Catch - Ft. Issy Ferris - Liquid Gold Version,0,False,6,1,3iejrAcqxYoVgyxp6zkWgs,Shed Seven,25QKBTY20S0Zxbcmf8LjeR,Liquid Gold (Live at York Museum Gardens Edition),2025-05-23,album,0.453,0.828,5,-6.949,1,0.0334,0.000687,0.000518,0.0652,0.191,99.993,4,252947
7cKSbpTqdQZAHtG9aFXIIh,Better Days - Liquid Gold Version,0,False,7,1,3iejrAcqxYoVgyxp6zkWgs,Shed Seven,25QKBTY20S0Zxbcmf8LjeR,Liquid Gold (Live at York Museum Gardens Edition),2025-05-23,album,0.347,0.389,0,-7.58,1,0.0287,0.782,0.0,0.173,0.236,145.612,3,237907
2yForgnFhVUtZ3UPDhVpQh,Parallel Lines - Liquid Gold Version,0,False,8,1,3iejrAcqxYoVgyxp6zkWgs,Shed Seven,25QKBTY20S0Zxbcmf8LjeR,Liquid Gold (Live at York Museum Gardens Edition),2025-05-23,album,0.239,0.681,9,-6.449,1,0.034,0.0112,1.15e-05,0.406,0.42,178.194,4,372920
7duNd0nB05jT8oDoSfjvTq,Disco Down - Liquid Gold Version,0,False,9,1,3iejrAcqxYoVgyxp6zkWgs,Shed Seven,25QKBTY20S0Zxbcmf8LjeR,Liquid Gold (Live at York Museum Gardens Edition),2025-05-23,album,0.582,0.873,7,-7.068,1,0.0455,0.0295,3.09e-06,0.115,0.557,114.066,4,242480
6JFG4flJAAHH9H5bZ68TgZ,Ocean Pie - Liquid Gold Version,0,False,10,1,3iejrAcqxYoVgyxp6zkWgs,Shed Seven,25QKBTY20S0Zxbcmf8LjeR,Liquid Gold (Live at York Museum Gardens Edition),2025-05-23,album,0.407,0.682,7,-6.615,1,0.0311,0.00445,1.52e-05,0.161,0.381,142.004,4,297253
0rcG8lXbX0gChfKxH7XkYH,Chasing Rainbows - Liquid Gold Version,0,False,12,1,3iejrAcqxYoVgyxp6zkWgs,Shed Seven,25QKBTY20S0Zxbcmf8LjeR,Liquid Gold (Live at York Museum Gardens Edition),2025-05-23,album,0.245,0.606,4,-8.914,1,0.048,0.00984,0.000383,0.116,0.181,130.848,5,319613
7lX3Bxepd0PnfuSq3yFFbv,Let's Go - Live from York Museum Gardens,0,False,1,2,3iejrAcqxYoVgyxp6zkWgs,Shed Seven,25QKBTY20S0Zxbcmf8LjeR,Liquid Gold (Live at York Museum Gardens Edition),2025-05-23,album,0.316,0.953,5,-9.006,1,0.0708,2.95e-06,0.242,0.564,0.529,173.897,4,148960
3sWynNXk3IRqaVWcGu2614,Speakeasy - Live from York Museum Gardens,0,False,2,2,3iejrAcqxYoVgyxp6zkWgs,Shed Seven,25QKBTY20S0Zxbcmf8LjeR,Liquid Gold (Live at York Museum Gardens Edition),2025-05-23,album,0.479,0.816,9,-11.092,0,0.0558,0.00105,0.00934,0.863,0.399,116.898,4,265867
4NxqqrBVcWDuwc8DnfB4El,Tripping with You - Live from York Museum Gardens,0,False,3,2,3iejrAcqxYoVgyxp6zkWgs,Shed Seven,25QKBTY20S0Zxbcmf8LjeR,Liquid Gold (Live at York Museum Gardens Edition),2025-05-23,album,0.412,0.624,7,-9.943,1,0.035,0.00424,0.00026,0.804,0.338,96.972,3,335000
11l6qCf5WPipXVesTAp2yn,Bully Boy - Live from York Museum Gardens,0,False,4,2,3iejrAcqxYoVgyxp6zkWgs,Shed Seven,25QKBTY20S0Zxbcmf8LjeR,Liquid Gold (Live at York Museum Gardens Edition),2025-05-23,album,0.281,0.913,7,-10.448,1,0.0751,7.01e-05,1.16e-05,0.954,0.547,157.609,4,198320
6vmYCSChOgo4ko7WMkSaBN,Parallel Lines - Live from York Museum Gardens,0,False,5,2,3iejrAcqxYoVgyxp6zkWgs,Shed Seven,25QKBTY20S0Zxbcmf8LjeR,Liquid Gold (Live at York Museum Gardens Edition),2025-05-23,album,0.133,0.725,9,-9.63,1,0.0483,0.00138,0.00242,0.959,0.386,89.061,4,397720
2qZh5caQuyGCMuCqqvQ3nu,In Ecstasy - Live from York Museum Gardens,0,False,6,2,3iejrAcqxYoVgyxp6zkWgs,Shed Seven,25QKBTY20S0Zxbcmf8LjeR,Liquid Gold (Live at York Museum Gardens Edition),2025-05-23,album,0.404,0.915,6,-9.965,0,0.0802,4.47e-05,0.114,0.614,0.441,160.06,4,302613
4zkwM84UdPeXkJ4cq4Iobh,Talk of the Town - Live from York Museum Gardens,0,False,8,2,3iejrAcqxYoVgyxp6zkWgs,Shed Seven,25QKBTY20S0Zxbcmf8LjeR,Liquid Gold (Live at York Museum Gardens Edition),2025-05-23,album,0.272,0.893,2,-8.81,1,0.107,0.0293,0.0217,0.934,0.453,212.101,4,324067
7xAO2af9vVLimnryEhyvj4,Getting Better - Live from York Museum Gardens,0,False,9,2,3iejrAcqxYoVgyxp6zkWgs,Shed Seven,25QKBTY20S0Zxbcmf8LjeR,Liquid Gold (Live at York Museum Gardens Edition),2025-05-23,album,0.414,0.942,2,-8.562,1,0.0707,0.00561,0.0117,0.889,0.462,139.018,4,307573
5jcdj0EijLSRl1oXGHBoZL,Let's Go Dancing - Live from York Museum Gardens,0,False,10,2,3iejrAcqxYoVgyxp6zkWgs,Shed Seven,25QKBTY20S0Zxbcmf8LjeR,Liquid Gold (Live at York Museum Gardens Edition),2025-05-23,album,0.432,0.571,6,-10.365,0,0.033,0.103,3.03e-05,0.699,0.267,80.025,3,328440
5qE9FZJEsugKXuM5uzFz3u,Throwaways - Live from York Museum Gardens,0,False,11,2,3iejrAcqxYoVgyxp6zkWgs,Shed Seven,25QKBTY20S0Zxbcmf8LjeR,Liquid Gold (Live at York Museum Gardens Edition),2025-05-23,album,0.389,0.586,9,-10.189,1,0.0313,0.000386,0.0238,0.812,0.326,135.993,4,379107
46okJ3iufcwbLFeSbu5ZZL,Disco Down - Live from York Museum Gardens,0,False,12,2,3iejrAcqxYoVgyxp6zkWgs,Shed Seven,25QKBTY20S0Zxbcmf8LjeR,Liquid Gold (Live at York Museum Gardens Edition),2025-05-23,album,0.518,0.855,7,-9.242,1,0.0451,0.000492,0.0044,0.944,0.542,114.001,4,330667
72ayeDBKVs4xLbXX1xdhu8,Chasing Rainbows - Live from York Museum Gardens,0,False,13,2,3iejrAcqxYoVgyxp6zkWgs,Shed Seven,25QKBTY20S0Zxbcmf8LjeR,Liquid Gold (Live at York Museum Gardens Edition),2025-05-23,album,0.101,0.766,4,-9.695,1,0.0747,0.02,1.82e-05,0.492,0.336,202.133,4,463960
1VbKwbH032ZjnHvDhJlXWZ,Dirty Soul - Revisited,15,False,1,1,3iejrAcqxYoVgyxp6zkWgs,Shed Seven,5wNrZxddFOgpSndGsxvcSm,Changed Giver,2024-12-13,album,0.66,0.743,9,-7.09,1,0.0391,0.0651,1.1e-05,0.132,0.594,135.113,4,212387
31VhTtmUI9mB0mmPWfUBVa,Speakeasy - Revisited,19,False,2,1,3iejrAcqxYoVgyxp6zkWgs,Shed Seven,5wNrZxddFOgpSndGsxvcSm,Changed Giver,2024-12-13,album,0.644,0.754,9,-6.822,0,0.0324,0.0682,0.00299,0.122,0.664,116.958,4,208627
0K1c9DPpUimhy4NdPZkI2B,Long Time Dead - Revisited,13,False,3,1,3iejrAcqxYoVgyxp6zkWgs,Shed Seven,5wNrZxddFOgpSndGsxvcSm,Changed Giver,2024-12-13,album,0.53,0.537,7,-7.813,1,0.0264,0.22,0.0,0.245,0.409,140.171,4,230120
3IdtbJ7eJnGU4qE8PPmCvn,Casino Girl - Revisited,14,False,5,1,3iejrAcqxYoVgyxp6zkWgs,Shed Seven,5wNrZxddFOgpSndGsxvcSm,Changed Giver,2024-12-13,album,0.472,0.603,4,-7.915,1,0.0267,0.165,0.000593,0.128,0.37,80.001,4,289880
1gWISdWgnRIqJFbhpr9Oz4,Missing Out - Revisited,12,False,6,1,3iejrAcqxYoVgyxp6zkWgs,Shed Seven,5wNrZxddFOgpSndGsxvcSm,Changed Giver,2024-12-13,album,0.291,0.564,4,-7.153,1,0.0282,0.152,0.00245,0.188,0.182,133.345,4,181747
1F42yQTQ8WYjiYFjeXhcUp,Dolphin - Revisited,11,False,7,1,3iejrAcqxYoVgyxp6zkWgs,Shed Seven,5wNrZxddFOgpSndGsxvcSm,Changed Giver,2024-12-13,album,0.658,0.761,6,-6.939,0,0.0606,0.175,0.000982,0.107,0.781,117.027,4,240960
6xU1FJsv7v7fknvwCQe18V,Stars in Your Eyes - Revisited,15,False,8,1,3iejrAcqxYoVgyxp6zkWgs,Shed Seven,5wNrZxddFOgpSndGsxvcSm,Changed Giver,2024-12-13,album,0.467,0.642,4,-7.143,1,0.0264,0.0883,0.00165,0.114,0.366,83.009,4,273587
4ACRFZ1GM4lVqtDufjore7,Mark - Revisited,8,False,9,1,3iejrAcqxYoVgyxp6zkWgs,Shed Seven,5wNrZxddFOgpSndGsxvcSm,Changed Giver,2024-12-13,album,0.62,0.587,2,-7.817,1,0.026,0.18,2.26e-06,0.116,0.694,137.032,4,208093
1lz9o3ksSAw8KfZCfDH1Px,Let's Go,0,False,1,1,3iejrAcqxYoVgyxp6zkWgs,Shed Seven,0VaKa6bhCwPR1Mx3qyCdjp,A Matter of Time (Deluxe Edition),2024-05-03,album,0.0,0.0,0,0.0,0,0.0,0.0,0.0,0.0,0.0,0.0,0,0
5xLGNPPkL8tQWysYiTJ2yc,Kissing California,0,False,2,1,3iejrAcqxYoVgyxp6zkWgs,Shed Seven,0VaKa6bhCwPR1Mx3qyCdjp,A Matter of Time (Deluxe Edition),2024-05-03,album,0.0,0.0,0,0.0,0,0.0,0.0,0.0,0.0,0.0,0.0,0,0
6HC6KN4PpKBWydpo8q2ADQ,Talk of the Town,0,False,3,1,3iejrAcqxYoVgyxp6zkWgs,Shed Seven,0VaKa6bhCwPR1Mx3qyCdjp,A Matter of Time (Deluxe Edition),2024-05-03,album,0.0,0.0,0,0.0,0,0.0,0.0,0.0,0.0,0.0,0.0,0,0
2sgO3RipoAHokWLPYDLdHN,Let's Go Dancing,0,False,4,1,3iejrAcqxYoVgyxp6zkWgs,Shed Seven,0VaKa6bhCwPR1Mx3qyCdjp,A Matter of Time (Deluxe Edition),2024-05-03,album,0.0,0.0,0,0.0,0,0.0,0.0,0.0,0.0,0.0,0.0,0,0
2oTHRpYvM21ZoUzvX5wMNp,In Ecstasy,0,False,5,1,3iejrAcqxYoVgyxp6zkWgs,Shed Seven,0VaKa6bhCwPR1Mx3qyCdjp,A Matter of Time (Deluxe Edition),2024-05-03,album,0.0,0.0,0,0.0,0,0.0,0.0,0.0,0.0,0.0,0.0,0,0
0wVyDK9WGTBDQyPMIp1g52,Tripping with You,0,False,6,1,3iejrAcqxYoVgyxp6zkWgs,Shed Seven,0VaKa6bhCwPR1Mx3qyCdjp,A Matter of Time (Deluxe Edition),2024-05-03,album,0.0,0.0,0,0.0,0,0.0,0.0,0.0,0.0,0.0,0.0,0,0
4Td1cLYdd1YxHNSqvtNqoB,Let's Go (Again),0,False,7,1,3iejrAcqxYoVgyxp6zkWgs,Shed Seven,0VaKa6bhCwPR1Mx3qyCdjp,A Matter of Time (Deluxe Edition),2024-05-03,album,0.0,0.0,0,0.0,0,0.0,0.0,0.0,0.0,0.0,0.0,0,0
30ArhaOS63bAMULPsTcYlR,Real Love,0,False,8,1,3iejrAcqxYoVgyxp6zkWgs,Shed Seven,0VaKa6bhCwPR1Mx3qyCdjp,A Matter of Time (Deluxe Edition),2024-05-03,album,0.0,0.0,0,0.0,0,0.0,0.0,0.0,0.0,0.0,0.0,0,0
13xLyuMsp49wI8LtzFZLzP,F: K: H,0,False,9,1,3iejrAcqxYoVgyxp6zkWgs,Shed Seven,0VaKa6bhCwPR1Mx3qyCdjp,A Matter of Time (Deluxe Edition),2024-05-03,album,0.0,0.0,0,0.0,0,0.0,0.0,0.0,0.0,0.0,0.0,0,0
4UQBEceiVponia2MX0QhUt,Starlings,0,False,10,1,3iejrAcqxYoVgyxp6zkWgs,Shed Seven,0VaKa6bhCwPR1Mx3qyCdjp,A Matter of Time (Deluxe Edition),2024-05-03,album,0.0,0.0,0,0.0,0,0.0,0.0,0.0,0.0,0.0,0.0,0,0
2WtazHuqpHxJB9LCAx5j69,Ring the Changes,0,False,11,1,3iejrAcqxYoVgyxp6zkWgs,Shed Seven,0VaKa6bhCwPR1Mx3qyCdjp,A Matter of Time (Deluxe Edition),2024-05-03,album,0.0,0.0,0,0.0,0,0.0,0.0,0.0,0.0,0.0,0.0,0,0
5HnAjXfXBmamKlm4ZH7xfR,Throwaways,0,False,12,1,3iejrAcqxYoVgyxp6zkWgs,Shed Seven,0VaKa6bhCwPR1Mx3qyCdjp,A Matter of Time (Deluxe Edition),2024-05-03,album,0.0,0.0,0,0.0,0,0.0,0.0,0.0,0.0,0.0,0.0,0,0
17OMs4lUCXDR6c1UvDtqNF,"Room in My House - Live, Leeds Millennium Square",0,False,15,1,3iejrAcqxYoVgyxp6zkWgs,Shed Seven,0VaKa6bhCwPR1Mx3qyCdjp,A Matter of Time (Deluxe Edition),2024-05-03,album,0.0,0.0,0,0.0,0,0.0,0.0,0.0,0.0,0.0,0.0,0,0
7a8MEMb7FX9t9UoYS6nadB,"Kissing California - Live, London Shepherd's Bush Empire",0,False,17,1,3iejrAcqxYoVgyxp6zkWgs,Shed Seven,0VaKa6bhCwPR1Mx3qyCdjp,A Matter of Time (Deluxe Edition),2024-05-03,album,0.0,0.0,0,0.0,0,0.0,0.0,0.0,0.0,0.0,0.0,0,0
5DLu2DEQQFQ9YnU7AvYuYQ,"High Hopes - Live, Leeds Millennium Square",0,False,18,1,3iejrAcqxYoVgyxp6zkWgs,Shed Seven,0VaKa6bhCwPR1Mx3qyCdjp,A Matter of Time (Deluxe Edition),2024-05-03,album,0.0,0.0,0,0.0,0,0.0,0.0,0.0,0.0,0.0,0.0,0,0
2AaWCLQSKp3lSdtcDO39Yr,"Dolphin - Live, Leeds Millennium Square",0,False,19,1,3iejrAcqxYoVgyxp6zkWgs,Shed Seven,0VaKa6bhCwPR1Mx3qyCdjp,A Matter of Time (Deluxe Edition),2024-05-03,album,0.0,0.0,0,0.0,0,0.0,0.0,0.0,0.0,0.0,0.0,0,0
5iw4IaBIM8a5cH2Rcfn36g,"F: K: H - Live, Nottingham Rock City",0,False,22,1,3iejrAcqxYoVgyxp6zkWgs,Shed Seven,0VaKa6bhCwPR1Mx3qyCdjp,A Matter of Time (Deluxe Edition),2024-05-03,album,0.0,0.0,0,0.0,0,0.0,0.0,0.0,0.0,0.0,0.0,0,0
1g6Fmc3wvRnMPUv6BheQyB,"Long Time Dead - Live, Manchester Albert Hall",0,False,23,1,3iejrAcqxYoVgyxp6zkWgs,Shed Seven,0VaKa6bhCwPR1Mx3qyCdjp,A Matter of Time (Deluxe Edition),2024-05-03,album,0.0,0.0,0,0.0,0,0.0,0.0,0.0,0.0,0.0,0.0,0,0
6lbRuuso5fxHc7GumMMmC6,"In Ecstasy - Live, Manchester Albert Hall",0,False,24,1,3iejrAcqxYoVgyxp6zkWgs,Shed Seven,0VaKa6bhCwPR1Mx3qyCdjp,A Matter of Time (Deluxe Edition),2024-05-03,album,0.0,0.0,0,0.0,0,0.0,0.0,0.0,0.0,0.0,0.0,0,0
4Yk0Gi8l7YKMHiReXj9cSa,"The Heroes - Live, Leeds Millennium Square",0,False,25,1,3iejrAcqxYoVgyxp6zkWgs,Shed Seven,0VaKa6bhCwPR1Mx3qyCdjp,A Matter of Time (Deluxe Edition),2024-05-03,album,0.0,0.0,0,0.0,0,0.0,0.0,0.0,0.0,0.0,0.0,0,0
6nPJw1QQltHHoV0obhgnlF,"Disco Down - Live, Glasgow Barrowlands",0,False,26,1,3iejrAcqxYoVgyxp6zkWgs,Shed Seven,0VaKa6bhCwPR1Mx3qyCdjp,A Matter of Time (Deluxe Edition),2024-05-03,album,0.0,0.0,0,0.0,0,0.0,0.0,0.0,0.0,0.0,0.0,0,0
64njpve19aw6Rv6hrM11r8,"Starlings - Live, Manchester Albert Hall",0,False,27,1,3iejrAcqxYoVgyxp6zkWgs,Shed Seven,0VaKa6bhCwPR1Mx3qyCdjp,A Matter of Time (Deluxe Edition),2024-05-03,album,0.0,0.0,0,0.0,0,0.0,0.0,0.0,0.0,0.0,0.0,0,0
6jwkEITbQl1TzDIlAyX5Fy,"Bully Boy - Live, Leeds Millennium Square",0,False,29,1,3iejrAcqxYoVgyxp6zkWgs,Shed Seven,0VaKa6bhCwPR1Mx3qyCdjp,A Matter of Time (Deluxe Edition),2024-05-03,album,0.0,0.0,0,0.0,0,0.0,0.0,0.0,0.0,0.0,0.0,0,0
0EVCmUKQoX9yc9Drb9krje,"It's Not Easy - Live, Leeds Millennium Square",0,False,30,1,3iejrAcqxYoVgyxp6zkWgs,Shed Seven,0VaKa6bhCwPR1Mx3qyCdjp,A Matter of Time (Deluxe Edition),2024-05-03,album,0.0,0.0,0,0.0,0,0.0,0.0,0.0,0.0,0.0,0.0,0,0
5n9FhAgUu7U81Dx7o4fSsr,"Ocean Pie - Live, Leeds Millennium Square",0,False,31,1,3iejrAcqxYoVgyxp6zkWgs,Shed Seven,0VaKa6bhCwPR1Mx3qyCdjp,A Matter of Time (Deluxe Edition),2024-05-03,album,0.0,0.0,0,0.0,0,0.0,0.0,0.0,0.0,0.0,0.0,0,0
02UmsMngu3eHHtQcpZpoJT,"On Standby - Live, Leeds Millennium Square",0,False,32,1,3iejrAcqxYoVgyxp6zkWgs,Shed Seven,0VaKa6bhCwPR1Mx3qyCdjp,A Matter of Time (Deluxe Edition),2024-05-03,album,0.0,0.0,0,0.0,0,0.0,0.0,0.0,0.0,0.0,0.0,0,0
2LA1gmvtx8g8luf5zY2syL,"She Left Me on Friday - Live, Leeds Millennium Square",0,False,33,1,3iejrAcqxYoVgyxp6zkWgs,Shed Seven,0VaKa6bhCwPR1Mx3qyCdjp,A Matter of Time (Deluxe Edition),2024-05-03,album,0.0,0.0,0,0.0,0,0.0,0.0,0.0,0.0,0.0,0.0,0,0
1OpWAQUzWusxq8c0otKk3I,"Where Have You Been Tonight - Live, Leeds Millennium Square",0,False,34,1,3iejrAcqxYoVgyxp6zkWgs,Shed Seven,0VaKa6bhCwPR1Mx3qyCdjp,A Matter of Time (Deluxe Edition),2024-05-03,album,0.0,0.0,0,0.0,0,0.0,0.0,0.0,0.0,0.0,0.0,0,0
4ADVT1XTeau383EjOfKYbH,Talk of the Town - Demo,0,False,35,1,3iejrAcqxYoVgyxp6zkWgs,Shed Seven,0VaKa6bhCwPR1Mx3qyCdjp,A Matter of Time (Deluxe Edition),2024-05-03,album,0.0,0.0,0,0.0,0,0.0,0.0,0.0,0.0,0.0,0.0,0,0
08hCXuOCDRxzItRAfF7Ko5,Ring the Changes - Demo,0,False,36,1,3iejrAcqxYoVgyxp6zkWgs,Shed Seven,0VaKa6bhCwPR1Mx3qyCdjp,A Matter of Time (Deluxe Edition),2024-05-03,album,0.0,0.0,0,0.0,0,0.0,0.0,0.0,0.0,0.0,0.0,0,0
7cUDBgl2deEoGZLFte9bMT,Real Love - Demo,0,False,37,1,3iejrAcqxYoVgyxp6zkWgs,Shed Seven,0VaKa6bhCwPR1Mx3qyCdjp,A Matter of Time (Deluxe Edition),2024-05-03,album,0.0,0.0,0,0.0,0,0.0,0.0,0.0,0.0,0.0,0.0,0,0
3svLF5txrv9TzpOCIXiIfY,Let's Go Dancing - Demo,0,False,38,1,3iejrAcqxYoVgyxp6zkWgs,Shed Seven,0VaKa6bhCwPR1Mx3qyCdjp,A Matter of Time (Deluxe Edition),2024-05-03,album,0.0,0.0,0,0.0,0,0.0,0.0,0.0,0.0,0.0,0.0,0,0
2VuAzUVQ14UAhVkAeJTTEc,Starlings - Demo,0,False,39,1,3iejrAcqxYoVgyxp6zkWgs,Shed Seven,0VaKa6bhCwPR1Mx3qyCdjp,A Matter of Time (Deluxe Edition),2024-05-03,album,0.0,0.0,0,0.0,0,0.0,0.0,0.0,0.0,0.0,0.0,0,0
1qscg5HOilL7g3qqtRHvFd,F: K: H - Jagz Kooner Remix,0,False,40,1,3iejrAcqxYoVgyxp6zkWgs,Shed Seven,0VaKa6bhCwPR1Mx3qyCdjp,A Matter of Time (Deluxe Edition),2024-05-03,album,0.0,0.0,0,0.0,0,0.0,0.0,0.0,0.0,0.0,0.0,0,0
5QSmev99mlmrORPm7q6jK2,F: K: H - Jagz Kooner Dub Remix,0,False,41,1,3iejrAcqxYoVgyxp6zkWgs,Shed Seven,0VaKa6bhCwPR1Mx3qyCdjp,A Matter of Time (Deluxe Edition),2024-05-03,album,0.0,0.0,0,0.0,0,0.0,0.0,0.0,0.0,0.0,0.0,0,0
38ALQ59YiZVIzwXzufp8kb,Let's Go (Again),0,False,7,1,3iejrAcqxYoVgyxp6zkWgs,Shed Seven,1MubHea0GIiXMyvcZZ3lel,A Matter of Time,2024-01-05,album,0.249,0.429,5,-12.452,1,0.0513,0.39,0.0,0.105,0.0369,105.731,5,27947
3IiQWQMLlvksT2vSMXUmsu,Room in My House - Live,8,False,1,1,3iejrAcqxYoVgyxp6zkWgs,Shed Seven,4sVLDW9qSDQ8tdYM2oN8x2,"Another Night, Another Town (Live)",2020-12-18,album,0.341,0.95,11,-4.917,0,0.0754,0.000144,0.523,0.484,0.326,97.994,4,328821
4IdIgicmBhUDjBlJ4Hq9ut,Mark - Live,6,False,2,1,3iejrAcqxYoVgyxp6zkWgs,Shed Seven,4sVLDW9qSDQ8tdYM2oN8x2,"Another Night, Another Town (Live)",2020-12-18,album,0.292,0.976,2,-4.679,1,0.193,7.84e-05,0.763,0.975,0.291,141.854,4,171773
6PDSe2tKYtKun2UFt0j9ty,Where Have You Been Tonight - Live,7,False,3,1,3iejrAcqxYoVgyxp6zkWgs,Shed Seven,4sVLDW9qSDQ8tdYM2oN8x2,"Another Night, Another Town (Live)",2020-12-18,album,0.268,0.955,2,-5.423,1,0.271,3.31e-05,0.105,0.992,0.244,102.998,4,237030
2nXzGnOEWKv8cbcbA1VNNV,People Will Talk - Live,5,False,4,1,3iejrAcqxYoVgyxp6zkWgs,Shed Seven,4sVLDW9qSDQ8tdYM2oN8x2,"Another Night, Another Town (Live)",2020-12-18,album,0.337,0.941,9,-5.485,1,0.233,0.00364,0.000482,0.976,0.299,101.246,4,264050
7rvDyNzpmQMzpqgCcsYaEH,Devil in Your Shoes - Live,6,False,5,1,3iejrAcqxYoVgyxp6zkWgs,Shed Seven,4sVLDW9qSDQ8tdYM2oN8x2,"Another Night, Another Town (Live)",2020-12-18,album,0.113,0.918,10,-4.949,1,0.0793,0.012,0.273,0.944,0.274,178.227,4,373055
2Et0R1wjaqfeymM8TL6za3,Butterfly on a Wheel - Live,4,False,6,1,3iejrAcqxYoVgyxp6zkWgs,Shed Seven,4sVLDW9qSDQ8tdYM2oN8x2,"Another Night, Another Town (Live)",2020-12-18,album,0.299,0.906,7,-5.946,1,0.106,0.000132,0.0946,0.941,0.271,143.035,4,252375
6Wqm5gycsTtYNUVzzNqrAf,Better Days - Live,5,False,8,1,3iejrAcqxYoVgyxp6zkWgs,Shed Seven,4sVLDW9qSDQ8tdYM2oN8x2,"Another Night, Another Town (Live)",2020-12-18,album,0.189,0.677,0,-4.256,1,0.0424,0.086,0.00785,0.827,0.192,150.32,3,254784
24JAOb53fzuSXu0Zg4cy7o,On Standby - Live,6,False,9,1,3iejrAcqxYoVgyxp6zkWgs,Shed Seven,4sVLDW9qSDQ8tdYM2oN8x2,"Another Night, Another Town (Live)",2020-12-18,album,0.274,0.941,10,-6.004,0,0.258,0.0035,0.369,0.912,0.209,131.407,4,297016
6oBrivmBylGIuRhqp8StJY,It's Not Easy - Live,4,False,10,1,3iejrAcqxYoVgyxp6zkWgs,Shed Seven,4sVLDW9qSDQ8tdYM2oN8x2,"Another Night, Another Town (Live)",2020-12-18,album,0.128,0.841,9,-4.385,1,0.0594,0.00779,0.608,0.907,0.483,169.825,3,299014
3VFSBOOB4dKifiPP1W1aix,Getting Better - Live,5,False,11,1,3iejrAcqxYoVgyxp6zkWgs,Shed Seven,4sVLDW9qSDQ8tdYM2oN8x2,"Another Night, Another Town (Live)",2020-12-18,album,0.175,0.983,2,-4.58,1,0.306,0.00167,0.367,0.977,0.137,145.061,4,293904
31UDMio5KYgnjEz5UITiCC,Enemies and Friends - Live,4,False,12,1,3iejrAcqxYoVgyxp6zkWgs,Shed Seven,4sVLDW9qSDQ8tdYM2oN8x2,"Another Night, Another Town (Live)",2020-12-18,album,0.419,0.908,2,-5.29,1,0.104,0.000142,0.12,0.347,0.106,141.974,4,272661
3He0HfEenRGqeOTQn0gcI9,Ocean Pie - Live,4,False,13,1,3iejrAcqxYoVgyxp6zkWgs,Shed Seven,4sVLDW9qSDQ8tdYM2oN8x2,"Another Night, Another Town (Live)",2020-12-18,album,0.221,0.895,2,-4.656,1,0.067,0.00737,0.294,0.974,0.292,142.773,4,279144
3Akyi4v4nudBUWPhWhf5SO,Dolphin - Live,7,False,14,1,3iejrAcqxYoVgyxp6zkWgs,Shed Seven,4sVLDW9qSDQ8tdYM2oN8x2,"Another Night, Another Town (Live)",2020-12-18,album,0.44,0.982,6,-5.059,0,0.241,0.00285,0.268,0.899,0.266,125.153,4,371300
0t5s19mRv2mm4HjmOaJDZ1,High Hopes - Live,5,False,15,1,3iejrAcqxYoVgyxp6zkWgs,Shed Seven,4sVLDW9qSDQ8tdYM2oN8x2,"Another Night, Another Town (Live)",2020-12-18,album,0.318,0.681,5,-5.919,1,0.0401,0.251,0.00765,0.821,0.184,86.131,4,296859
5rA3A7ooKZobOz9n5eyXTu,Disco Down - Live,10,False,16,1,3iejrAcqxYoVgyxp6zkWgs,Shed Seven,4sVLDW9qSDQ8tdYM2oN8x2,"Another Night, Another Town (Live)",2020-12-18,album,0.414,0.957,4,-4.291,0,0.116,0.0218,0.191,0.986,0.255,113.893,4,319148
7hQfLtCc5zSbdr3aoC0M43,Bully Boy - Live,7,False,17,1,3iejrAcqxYoVgyxp6zkWgs,Shed Seven,4sVLDW9qSDQ8tdYM2oN8x2,"Another Night, Another Town (Live)",2020-12-18,album,0.287,0.971,7,-5.19,1,0.239,0.000122,0.0754,0.991,0.268,152.968,4,200065
0HAVmxYUdzN2yaxU2wenDn,Going for Gold - Live,4,False,18,1,3iejrAcqxYoVgyxp6zkWgs,Shed Seven,4sVLDW9qSDQ8tdYM2oN8x2,"Another Night, Another Town (Live)",2020-12-18,album,0.109,0.937,9,-4.684,1,0.168,0.00266,0.469,0.912,0.322,198.507,4,297667
7wnrGZ3VfpCdibhR48pa3r,Parallel Lines - Live,4,False,19,1,3iejrAcqxYoVgyxp6zkWgs,Shed Seven,4sVLDW9qSDQ8tdYM2oN8x2,"Another Night, Another Town (Live)",2020-12-18,album,0.11,0.926,9,-4.534,1,0.144,0.0336,0.708,0.977,0.171,168.583,3,553299
6ZAD5KbdIhqyW9CAO4DgS4,Invincible - Live,4,False,20,1,3iejrAcqxYoVgyxp6zkWgs,Shed Seven,4sVLDW9qSDQ8tdYM2oN8x2,"Another Night, Another Town (Live)",2020-12-18,album,0.148,0.926,9,-4.987,1,0.116,0.335,0.306,0.98,0.278,87.427,4,249036
3fcUBVjzyPM8Ng4hCRQrYB,Chasing Rainbows - Live,9,False,21,1,3iejrAcqxYoVgyxp6zkWgs,Shed Seven,4sVLDW9qSDQ8tdYM2oN8x2,"Another Night, Another Town (Live)",2020-12-18,album,0.0928,0.92,4,-6.435,1,0.246,0.151,0.218,0.746,0.198,199.291,4,537044
1Q1doa7eywo7KAjxuFB6iM,Going For Gold,7,False,1,1,3iejrAcqxYoVgyxp6zkWgs,Shed Seven,5pI0xiAcNEgVQYEvUJoKi4,Going For Gold (Deluxe Edition),2019-11-22,album,0.365,0.824,9,-4.018,1,0.0346,0.0338,0.643,0.126,0.485,96.336,4,264179
7D5DZFFD96OKLigKJPw7eN,Disco Down,9,False,2,1,3iejrAcqxYoVgyxp6zkWgs,Shed Seven,5pI0xiAcNEgVQYEvUJoKi4,Going For Gold (Deluxe Edition),2019-11-22,album,0.586,0.923,7,-5.395,1,0.0609,0.0485,1.58e-06,0.186,0.609,113.945,4,229873
58jWKvSREJi0CUT46Nkmu8,Getting Better,7,False,3,1,3iejrAcqxYoVgyxp6zkWgs,Shed Seven,5pI0xiAcNEgVQYEvUJoKi4,Going For Gold (Deluxe Edition),2019-11-22,album,0.319,0.976,9,-4.013,1,0.0869,0.000212,0.143,0.0691,0.343,141.973,4,253449
4I0cEEEM9gFuqpFe2nMlq4,Chasing Rainbows,8,False,4,1,3iejrAcqxYoVgyxp6zkWgs,Shed Seven,5pI0xiAcNEgVQYEvUJoKi4,Going For Gold (Deluxe Edition),2019-11-22,album,0.234,0.889,4,-5.0,1,0.0517,0.0729,3.08e-05,0.246,0.325,100.832,4,262818
4Wv00oEzMcJPeIrtaqQ4la,Speakeasy - Chris Sheldon Mix,4,False,5,1,3iejrAcqxYoVgyxp6zkWgs,Shed Seven,5pI0xiAcNEgVQYEvUJoKi4,Going For Gold (Deluxe Edition),2019-11-22,album,0.57,0.897,0,-4.528,1,0.0373,0.00404,0.00013,0.212,0.579,115.544,4,200027
6U3O1nHXMGkThXiEEOwd40,She Left Me On Friday,6,False,6,1,3iejrAcqxYoVgyxp6zkWgs,Shed Seven,5pI0xiAcNEgVQYEvUJoKi4,Going For Gold (Deluxe Edition),2019-11-22,album,0.464,0.963,4,-4.767,1,0.103,0.00176,0.0,0.121,0.561,101.837,4,209267
3m9Aj62lnjZyJiT1AuSoNA,On Standby,6,False,7,1,3iejrAcqxYoVgyxp6zkWgs,Shed Seven,5pI0xiAcNEgVQYEvUJoKi4,Going For Gold (Deluxe Edition),2019-11-22,album,0.418,0.922,1,-4.592,1,0.0547,0.00301,0.00467,0.17,0.528,129.001,4,232830
3rVvBg32fWkRerM5UiP1s0,Dolphin - Chris Sheldon Mix,5,False,8,1,3iejrAcqxYoVgyxp6zkWgs,Shed Seven,5pI0xiAcNEgVQYEvUJoKi4,Going For Gold (Deluxe Edition),2019-11-22,album,0.562,0.945,6,-5.675,0,0.0591,0.0193,4.53e-05,0.102,0.725,124.968,4,230757
26abzNNiTNGIfohXGm06cW,High Hopes,9,False,9,1,3iejrAcqxYoVgyxp6zkWgs,Shed Seven,5pI0xiAcNEgVQYEvUJoKi4,Going For Gold (Deluxe Edition),2019-11-22,album,0.28,0.619,5,-7.279,1,0.0334,0.322,0.000419,0.137,0.364,178.592,3,244198
3Wm1XclSDYWDlJ6exQDry1,Bully Boy,5,False,10,1,3iejrAcqxYoVgyxp6zkWgs,Shed Seven,5pI0xiAcNEgVQYEvUJoKi4,Going For Gold (Deluxe Edition),2019-11-22,album,0.366,0.971,7,-4.098,1,0.077,0.000536,0.239,0.308,0.338,145.357,4,192445
5LB7GyFD0TF6qcSPqKr5nj,Devil In Your Shoes,5,False,11,1,3iejrAcqxYoVgyxp6zkWgs,Shed Seven,5pI0xiAcNEgVQYEvUJoKi4,Going For Gold (Deluxe Edition),2019-11-22,album,0.171,0.721,10,-6.691,1,0.0333,0.0178,1.5e-05,0.102,0.428,171.638,4,324428
5Ktx6xMCfeGTy4EowcGkM7,Where Have You Been Tonight,6,False,12,1,3iejrAcqxYoVgyxp6zkWgs,Shed Seven,5pI0xiAcNEgVQYEvUJoKi4,Going For Gold (Deluxe Edition),2019-11-22,album,0.501,0.921,9,-4.974,0,0.0566,0.00272,3.04e-05,0.0843,0.687,104.137,4,223395
1vfD1fda9QRmfZkHOspsdT,Ocean Pie,3,False,13,1,3iejrAcqxYoVgyxp6zkWgs,Shed Seven,5pI0xiAcNEgVQYEvUJoKi4,Going For Gold (Deluxe Edition),2019-11-22,album,0.415,0.768,2,-5.501,1,0.0334,0.213,0.00965,0.0708,0.372,136.108,4,287205
1xegZmNEeFEVGNTjm6yz9r,Mark,2,False,14,1,3iejrAcqxYoVgyxp6zkWgs,Shed Seven,5pI0xiAcNEgVQYEvUJoKi4,Going For Gold (Deluxe Edition),2019-11-22,album,0.48,0.94,2,-6.904,1,0.0589,0.000395,0.341,0.132,0.67,140.171,4,220204
6ukyiyJWgkzqJC2x8jxsxl,The Heroes,2,False,15,1,3iejrAcqxYoVgyxp6zkWgs,Shed Seven,5pI0xiAcNEgVQYEvUJoKi4,Going For Gold (Deluxe Edition),2019-11-22,album,0.283,0.682,6,-7.86,0,0.0433,0.0266,3.26e-05,0.158,0.35,105.795,3,340320
00CgfbRgxOUvaZoHbOamvr,Disco Down - Parr Street Session Version,1,False,16,1,3iejrAcqxYoVgyxp6zkWgs,Shed Seven,5pI0xiAcNEgVQYEvUJoKi4,Going For Gold (Deluxe Edition),2019-11-22,album,0.519,0.896,7,-6.869,1,0.0454,0.00965,1.46e-06,0.0925,0.747,114.294,4,229918
7eg2eDZymXWdrNjgokJyzj,Going For Gold - Parr Street Session Version,3,False,17,1,3iejrAcqxYoVgyxp6zkWgs,Shed Seven,5pI0xiAcNEgVQYEvUJoKi4,Going For Gold (Deluxe Edition),2019-11-22,album,0.494,0.622,9,-8.909,1,0.0275,0.54,0.0136,0.107,0.563,94.813,4,257348
0Hegnxe4vcGwwZ0KfsBEDy,The Heroes - Parr Street Session Version,1,False,18,1,3iejrAcqxYoVgyxp6zkWgs,Shed Seven,5pI0xiAcNEgVQYEvUJoKi4,Going For Gold (Deluxe Edition),2019-11-22,album,0.276,0.744,9,-6.062,1,0.0339,0.0579,9.62e-05,0.145,0.54,191.601,3,258780
2Hrx7RyZOvN6Q7u22CS2uu,Missing Out - Parr Street Session Version,1,False,19,1,3iejrAcqxYoVgyxp6zkWgs,Shed Seven,5pI0xiAcNEgVQYEvUJoKi4,Going For Gold (Deluxe Edition),2019-11-22,album,0.152,0.604,4,-7.794,1,0.0329,0.24,0.00084,0.27,0.337,68.12,4,202599
2ruzdUIcXXUaoyT5PrRLlg,"Dolphin - Live From The Forum, London / 1996",1,False,20,1,3iejrAcqxYoVgyxp6zkWgs,Shed Seven,5pI0xiAcNEgVQYEvUJoKi4,Going For Gold (Deluxe Edition),2019-11-22,album,0.437,0.899,6,-10.881,0,0.0614,0.00119,0.0203,0.915,0.221,124.475,4,367640
4cD1FQTY6mv51HgXsLwyBC,"Magic Streets - Live From The Forum, London / 1996",1,False,21,1,3iejrAcqxYoVgyxp6zkWgs,Shed Seven,5pI0xiAcNEgVQYEvUJoKi4,Going For Gold (Deluxe Edition),2019-11-22,album,0.296,0.962,2,-7.501,1,0.108,8.75e-05,1.69e-05,0.968,0.222,125.648,4,253800
7CIaTf6zOF0NuVRjvhEkTL,"Long Time Dead - Live From The Forum, London / 1996",1,False,22,1,3iejrAcqxYoVgyxp6zkWgs,Shed Seven,5pI0xiAcNEgVQYEvUJoKi4,Going For Gold (Deluxe Edition),2019-11-22,album,0.286,0.782,7,-8.066,1,0.0441,0.000201,2.02e-05,0.776,0.152,133.372,1,243933
2aqthR3pS0NVq5akc2nkop,"Bully Boy - Live From The Forum, London / 1996",1,False,23,1,3iejrAcqxYoVgyxp6zkWgs,Shed Seven,5pI0xiAcNEgVQYEvUJoKi4,Going For Gold (Deluxe Edition),2019-11-22,album,0.373,0.975,7,-7.218,1,0.0881,5.39e-05,0.00105,0.929,0.399,145.757,4,203440
6d8G4tFB6NE7inroQrm3fy,"Lies - Live From The Forum, London / 1996",1,False,24,1,3iejrAcqxYoVgyxp6zkWgs,Shed Seven,5pI0xiAcNEgVQYEvUJoKi4,Going For Gold (Deluxe Edition),2019-11-22,album,0.365,0.852,4,-8.241,0,0.0636,0.000543,0.0282,0.832,0.0966,110.814,4,250293
2iABUj6nE3MPoOUz0T8A4A,"Where Have You Been Tonight - Live From The Forum, London / 1996",1,False,25,1,3iejrAcqxYoVgyxp6zkWgs,Shed Seven,5pI0xiAcNEgVQYEvUJoKi4,Going For Gold (Deluxe Edition),2019-11-22,album,0.397,0.886,9,-8.628,0,0.0766,0.000104,0.0432,0.975,0.55,99.343,4,258160
2jE2o1kLcMo9ARTgKPETWL,"Chasing Rainbows - Live From The Forum, London / 1996",2,False,26,1,3iejrAcqxYoVgyxp6zkWgs,Shed Seven,5pI0xiAcNEgVQYEvUJoKi4,Going For Gold (Deluxe Edition),2019-11-22,album,0.188,0.865,4,-7.876,1,0.101,0.00152,0.00257,0.986,0.359,205.553,4,288307
0sqcPVSnnZuXuxRhJ41Amw,"Falling From The Sky - Live From The Forum, London / 1996",0,False,27,1,3iejrAcqxYoVgyxp6zkWgs,Shed Seven,5pI0xiAcNEgVQYEvUJoKi4,Going For Gold (Deluxe Edition),2019-11-22,album,0.411,0.837,9,-6.751,1,0.0343,2.42e-05,0.00314,0.654,0.669,106.203,4,243187
5O7h2V7t8oJT7qaxpFTNdS,"On Standby - Live From The Forum, London / 1996",1,False,28,1,3iejrAcqxYoVgyxp6zkWgs,Shed Seven,5pI0xiAcNEgVQYEvUJoKi4,Going For Gold (Deluxe Edition),2019-11-22,album,0.375,0.911,1,-7.663,1,0.0709,3.99e-05,0.00107,0.952,0.355,127.798,4,262413
1BCp0YCa5C0CJpgICDd7k4,"In Command - Live From The Forum, London / 1996",0,False,29,1,3iejrAcqxYoVgyxp6zkWgs,Shed Seven,5pI0xiAcNEgVQYEvUJoKi4,Going For Gold (Deluxe Edition),2019-11-22,album,0.406,0.874,1,-7.499,1,0.0438,0.000123,0.00025,0.634,0.597,144.97,4,209640
5ugWtyGiJP27022dKIYqAk,"Speakeasy - Live From The Forum, London / 1996",1,False,30,1,3iejrAcqxYoVgyxp6zkWgs,Shed Seven,5pI0xiAcNEgVQYEvUJoKi4,Going For Gold (Deluxe Edition),2019-11-22,album,0.504,0.922,9,-8.069,0,0.0558,0.000181,0.0379,0.772,0.54,121.767,4,222213
465ajnsOUwZhfKWS6t5b6S,"Going For Gold - Live From The Forum, London / 1996",1,False,31,1,3iejrAcqxYoVgyxp6zkWgs,Shed Seven,5pI0xiAcNEgVQYEvUJoKi4,Going For Gold (Deluxe Edition),2019-11-22,album,0.177,0.831,2,-9.145,1,0.065,0.000575,0.038,0.922,0.287,199.727,4,285787
2G8Y7XZyL884AXRRHPzo7a,"Parallel Lines - Live From The Forum, London / 1996",0,False,32,1,3iejrAcqxYoVgyxp6zkWgs,Shed Seven,5pI0xiAcNEgVQYEvUJoKi4,Going For Gold (Deluxe Edition),2019-11-22,album,0.22,0.812,9,-8.514,1,0.0716,0.000604,0.000406,0.852,0.108,152.201,4,566853
4xZkTABX8PrwMGPReaUsWs,"Out By My Side - Live From The Forum, London / 1996",1,False,33,1,3iejrAcqxYoVgyxp6zkWgs,Shed Seven,5pI0xiAcNEgVQYEvUJoKi4,Going For Gold (Deluxe Edition),2019-11-22,album,0.294,0.53,7,-11.75,1,0.048,0.00738,7.88e-06,0.954,0.248,183.008,3,165253
2Rkgl3jbSda7Sl8eCJm3Ag,"Killing Time - Live From The Forum, London / 1996",0,False,34,1,3iejrAcqxYoVgyxp6zkWgs,Shed Seven,5pI0xiAcNEgVQYEvUJoKi4,Going For Gold (Deluxe Edition),2019-11-22,album,0.43,0.917,2,-8.021,1,0.0517,8.34e-05,0.0195,0.986,0.491,118.793,4,263560
2oa4uJZCNbjw1W9bEnmxW8,"Getting Better - Live From The Forum, London / 1996",0,False,35,1,3iejrAcqxYoVgyxp6zkWgs,Shed Seven,5pI0xiAcNEgVQYEvUJoKi4,Going For Gold (Deluxe Edition),2019-11-22,album,0.323,0.988,2,-6.214,1,0.109,1.58e-05,0.0753,0.824,0.36,141.443,4,267853
3tJ0vS00E0s8qbYXpsRDKt,Room in My House,0,False,1,1,3iejrAcqxYoVgyxp6zkWgs,Shed Seven,3C7joK9sC39OMc2CU6bS3T,Instant Pleasures (Deluxe),2017-11-10,album,0.455,0.827,4,-5.425,1,0.0392,9.83e-06,0.0118,0.117,0.309,98.009,4,306693
225ZMbcUBjGMhKAyPA6EKG,Nothing to Live Down,0,False,2,1,3iejrAcqxYoVgyxp6zkWgs,Shed Seven,3C7joK9sC39OMc2CU6bS3T,Instant Pleasures (Deluxe),2017-11-10,album,0.419,0.917,0,-5.027,1,0.0635,1.68e-05,1.7e-06,0.12,0.474,144.058,4,238319
29D3vTg11VismVp9LjO6CX,It's Not Easy,0,False,3,1,3iejrAcqxYoVgyxp6zkWgs,Shed Seven,3C7joK9sC39OMc2CU6bS3T,Instant Pleasures (Deluxe),2017-11-10,album,0.223,0.719,9,-4.904,1,0.0426,0.00401,1.45e-06,0.0767,0.426,77.924,3,303410
3r7eDS4Ijsy09myymctd2X,Said I'm Sorry,0,False,4,1,3iejrAcqxYoVgyxp6zkWgs,Shed Seven,3C7joK9sC39OMc2CU6bS3T,Instant Pleasures (Deluxe),2017-11-10,album,0.54,0.725,2,-5.532,1,0.0546,0.000101,0.000144,0.119,0.276,112.023,4,256769
5c5ycfJn6NipM5ExX8JbX0,Victoria,0,False,5,1,3iejrAcqxYoVgyxp6zkWgs,Shed Seven,3C7joK9sC39OMc2CU6bS3T,Instant Pleasures (Deluxe),2017-11-10,album,0.542,0.697,2,-5.381,1,0.0565,0.00369,0.0,0.0751,0.602,129.185,4,227259
4RmPT8gDWtc4tqqnjnbluw,Better Days,0,False,6,1,3iejrAcqxYoVgyxp6zkWgs,Shed Seven,3C7joK9sC39OMc2CU6bS3T,Instant Pleasures (Deluxe),2017-11-10,album,0.317,0.564,0,-5.166,1,0.033,0.151,0.0,0.279,0.202,145.606,3,245572
0V1bdU5Wr1gl97Rl6oM7WW,Star Crossed Lovers,0,False,8,1,3iejrAcqxYoVgyxp6zkWgs,Shed Seven,3C7joK9sC39OMc2CU6bS3T,Instant Pleasures (Deluxe),2017-11-10,album,0.487,0.866,4,-5.1,1,0.0417,0.000196,3.65e-05,0.142,0.463,127.027,4,233149
7lWCDGN63VbwpDldufEnCH,Hang on,0,False,9,1,3iejrAcqxYoVgyxp6zkWgs,Shed Seven,3C7joK9sC39OMc2CU6bS3T,Instant Pleasures (Deluxe),2017-11-10,album,0.266,0.689,2,-5.661,1,0.0505,0.00198,0.0,0.104,0.318,155.088,3,316997
0gd5zDeI5EPieLUnkHh3pB,Butterfly on a Wheel,0,False,10,1,3iejrAcqxYoVgyxp6zkWgs,Shed Seven,3C7joK9sC39OMc2CU6bS3T,Instant Pleasures (Deluxe),2017-11-10,album,0.457,0.824,7,-5.058,1,0.0393,3.03e-05,0.0,0.081,0.335,140.078,4,240621
5IzlXGqpzKqMH8SxIeZWcE,People Will Talk,0,False,11,1,3iejrAcqxYoVgyxp6zkWgs,Shed Seven,3C7joK9sC39OMc2CU6bS3T,Instant Pleasures (Deluxe),2017-11-10,album,0.457,0.881,9,-5.881,1,0.0495,3.53e-05,1.14e-05,0.117,0.515,101.013,4,236230
2HYYEXcmgUP40zv6HSN2Ck,Invincible,0,False,12,1,3iejrAcqxYoVgyxp6zkWgs,Shed Seven,3C7joK9sC39OMc2CU6bS3T,Instant Pleasures (Deluxe),2017-11-10,album,0.26,0.779,9,-5.785,1,0.0386,0.0019,0.0,0.155,0.353,174.082,4,238655
5m1VJDQBrJf5Pu5yJONqoO,Better Days - Home Demo,0,False,17,1,3iejrAcqxYoVgyxp6zkWgs,Shed Seven,3C7joK9sC39OMc2CU6bS3T,Instant Pleasures (Deluxe),2017-11-10,album,0.378,0.258,0,-8.399,1,0.0321,0.852,6.86e-05,0.118,0.0792,137.771,3,226680
5CCqXFsZSquCm5oqEPX8uv,It's Not Easy - Demo,0,False,18,1,3iejrAcqxYoVgyxp6zkWgs,Shed Seven,3C7joK9sC39OMc2CU6bS3T,Instant Pleasures (Deluxe),2017-11-10,album,0.189,0.649,9,-6.062,1,0.0414,0.00316,0.000541,0.107,0.457,52.887,4,294957
6xntPs9rBazXyc8LgE4RoY,Room in My House - Youth + Luke's Bingo Wings Beach House Mix,0,False,20,1,3iejrAcqxYoVgyxp6zkWgs,Shed Seven,3C7joK9sC39OMc2CU6bS3T,Instant Pleasures (Deluxe),2017-11-10,album,0.648,0.866,11,-6.994,1,0.0344,0.000176,0.0213,0.097,0.532,114.981,4,217408
5hZSUBMbRCgLn1BuywRzYq,Nothing to Live Down - Youth + Luke's Autobahn Remix,0,False,21,1,3iejrAcqxYoVgyxp6zkWgs,Shed Seven,3C7joK9sC39OMc2CU6bS3T,Instant Pleasures (Deluxe),2017-11-10,album,0.57,0.796,0,-7.063,1,0.0363,0.00022,0.157,0.0843,0.0472,144.004,4,346761
7FSyzmSl5Hxt8OB2aQN3TJ,People Will Talk - Youth + Michael's Berlin Disco Extended Mix,0,False,22,1,3iejrAcqxYoVgyxp6zkWgs,Shed Seven,3C7joK9sC39OMc2CU6bS3T,Instant Pleasures (Deluxe),2017-11-10,album,0.686,0.871,1,-7.13,0,0.0311,0.00019,0.447,0.143,0.346,101.009,4,405989
6BnSL6sL41LcVoCe5gV0gY,Return,3,False,1,1,3iejrAcqxYoVgyxp6zkWgs,Shed Seven,2xfivIUwS4Sa2qLMnvmZWv,Let It Ride (Re-Presents),2014-01-01,album,0.329,0.885,2,-6.762,1,0.0514,0.00168,0.0171,0.122,0.153,98.703,4,387387
4vRk9iObtm3Ty6AKaB036d,Let It Ride,4,False,2,1,3iejrAcqxYoVgyxp6zkWgs,Shed Seven,2xfivIUwS4Sa2qLMnvmZWv,Let It Ride (Re-Presents),2014-01-01,album,0.43,0.944,4,-4.805,1,0.0598,0.000247,0.00569,0.133,0.61,115.935,4,298507
0JZP8LqfRUsK1bjvjRPIz3,The Heroes,3,False,3,1,3iejrAcqxYoVgyxp6zkWgs,Shed Seven,2xfivIUwS4Sa2qLMnvmZWv,Let It Ride (Re-Presents),2014-01-01,album,0.306,0.751,6,-5.954,0,0.0495,0.0226,3.12e-05,0.237,0.337,108.267,3,341667
1oVePWbkF2mgiGGfFX11Ve,Halfway Home,2,False,4,1,3iejrAcqxYoVgyxp6zkWgs,Shed Seven,2xfivIUwS4Sa2qLMnvmZWv,Let It Ride (Re-Presents),2014-01-01,album,0.403,0.853,2,-5.047,1,0.0351,0.0145,1.32e-06,0.223,0.435,104.447,4,220480
7DzitgL5yDbjcOkKKayqt9,Devil In Your Shoes,10,False,5,1,3iejrAcqxYoVgyxp6zkWgs,Shed Seven,2xfivIUwS4Sa2qLMnvmZWv,Let It Ride (Re-Presents),2014-01-01,album,0.177,0.746,10,-5.716,1,0.0321,0.0189,1.13e-05,0.118,0.472,171.301,4,325693
1TRjIZ06I6xfiSZcTI1CSz,She Left Me On Friday,9,False,6,1,3iejrAcqxYoVgyxp6zkWgs,Shed Seven,2xfivIUwS4Sa2qLMnvmZWv,Let It Ride (Re-Presents),2014-01-01,album,0.459,0.964,6,-4.622,0,0.104,0.000593,0.0,0.103,0.589,101.752,4,209280
0zIpUjVGBYD0y79LRxVPQU,A Hole,2,False,7,1,3iejrAcqxYoVgyxp6zkWgs,Shed Seven,2xfivIUwS4Sa2qLMnvmZWv,Let It Ride (Re-Presents),2014-01-01,album,0.525,0.61,3,-10.029,1,0.0262,0.215,5.46e-05,0.107,0.731,104.345,4,250440
78jSGtcSpD7GpW3ZsJgjTE,Drink Your Love,7,False,8,1,3iejrAcqxYoVgyxp6zkWgs,Shed Seven,2xfivIUwS4Sa2qLMnvmZWv,Let It Ride (Re-Presents),2014-01-01,album,0.234,0.809,4,-5.042,1,0.0451,0.0953,5.33e-05,0.183,0.561,127.629,4,302733
4nkbHD7uiPS7jNRsVbOlEc,Stand Up And Be Counted,2,False,9,1,3iejrAcqxYoVgyxp6zkWgs,Shed Seven,2xfivIUwS4Sa2qLMnvmZWv,Let It Ride (Re-Presents),2014-01-01,album,0.258,0.85,6,-5.552,0,0.0397,0.000558,0.000163,0.102,0.61,169.135,4,290680
34DTWztzeOX62kXhA2SOvx,Chasing Rainbows,16,False,10,1,3iejrAcqxYoVgyxp6zkWgs,Shed Seven,2xfivIUwS4Sa2qLMnvmZWv,Let It Ride (Re-Presents),2014-01-01,album,0.233,0.842,4,-6.268,1,0.0484,0.0164,0.000123,0.187,0.332,99.314,4,265080
3yiwTptC1p83W0Jp634Opy,Goodbye,2,False,11,1,3iejrAcqxYoVgyxp6zkWgs,Shed Seven,2xfivIUwS4Sa2qLMnvmZWv,Let It Ride (Re-Presents),2014-01-01,album,0.504,0.341,7,-10.914,1,0.0307,0.074,0.0732,0.104,0.353,151.316,4,136507
1DeI12PlYRNJ9wpVs1k6tP,The Skin I'm In,3,False,1,2,3iejrAcqxYoVgyxp6zkWgs,Shed Seven,2xfivIUwS4Sa2qLMnvmZWv,Let It Ride (Re-Presents),2014-01-01,album,0.533,0.769,2,-6.195,1,0.0257,0.00161,0.301,0.0992,0.721,101.34,3,167600
5D0jAWucii5L8raa6jC4vq,She Left Me On Friday - Demo,1,False,6,2,3iejrAcqxYoVgyxp6zkWgs,Shed Seven,2xfivIUwS4Sa2qLMnvmZWv,Let It Ride (Re-Presents),2014-01-01,album,0.39,0.912,4,-5.328,1,0.0484,0.00271,0.0,0.0397,0.736,100.758,4,221027
7B86kW9gZN5OzmMWjDIzZZ,"Disco Down - Live On Top Of The Pops, London / 1999",0,False,7,2,3iejrAcqxYoVgyxp6zkWgs,Shed Seven,2xfivIUwS4Sa2qLMnvmZWv,Let It Ride (Re-Presents),2014-01-01,album,0.433,0.943,7,-4.472,1,0.0614,0.000265,0.000829,0.504,0.514,114.025,4,218413
7kmEopnM7WsE7FuHXoe7yA,Chasing Rainbows - Demo Version,2,False,8,2,3iejrAcqxYoVgyxp6zkWgs,Shed Seven,2xfivIUwS4Sa2qLMnvmZWv,Let It Ride (Re-Presents),2014-01-01,album,0.331,0.847,4,-5.944,1,0.0294,0.00304,0.0,0.105,0.503,102.004,4,287107
2OuuuMVhUERfhLPRaG442H,Devil In Your Shoes - Demo Version,1,False,9,2,3iejrAcqxYoVgyxp6zkWgs,Shed Seven,2xfivIUwS4Sa2qLMnvmZWv,Let It Ride (Re-Presents),2014-01-01,album,0.146,0.67,10,-6.873,1,0.0329,0.0213,3.26e-06,0.12,0.526,171.889,4,319187
3ik5zKrxIH6FfBox1yWgNp,She Left Me On Friday - Adrian Sherwood Dub Remix,1,False,11,2,3iejrAcqxYoVgyxp6zkWgs,Shed Seven,2xfivIUwS4Sa2qLMnvmZWv,Let It Ride (Re-Presents),2014-01-01,album,0.592,0.985,1,-4.385,0,0.0423,6.56e-05,0.00905,0.275,0.567,100.959,4,314800
27TeLFichRP8pnfmgEMPop,The Heroes - 99 Version,1,False,12,2,3iejrAcqxYoVgyxp6zkWgs,Shed Seven,2xfivIUwS4Sa2qLMnvmZWv,Let It Ride (Re-Presents),2014-01-01,album,0.26,0.781,9,-4.846,1,0.0357,0.084,1.11e-05,0.0691,0.5,191.403,3,262027
1uhBdmzNGksG5AJtBw7Nis,Chasing Rainbows - Anniversary Version,7,False,13,2,3iejrAcqxYoVgyxp6zkWgs,Shed Seven,2xfivIUwS4Sa2qLMnvmZWv,Let It Ride (Re-Presents),2014-01-01,album,0.275,0.297,4,-7.985,1,0.0315,0.667,6.15e-05,0.093,0.0567,120.511,4,236400
1pBqZwbQ2ND190U1SvVwbi,Dirty Soul,13,False,1,1,3iejrAcqxYoVgyxp6zkWgs,Shed Seven,5CR50zyPEsVgldmscjQvZV,Change Giver (Re-Presents),2014-01-01,album,0.533,0.83,9,-7.54,1,0.0431,0.00195,0.000564,0.0613,0.534,139.769,4,218347
26fnbpaoGRldBdR3zRCjJk,Speakeasy,14,False,2,1,3iejrAcqxYoVgyxp6zkWgs,Shed Seven,5CR50zyPEsVgldmscjQvZV,Change Giver (Re-Presents),2014-01-01,album,0.504,0.8,0,-6.673,1,0.0406,0.000338,0.000955,0.0839,0.643,115.819,4,199667
77vUMEVFFJhzljttdYbbc7,Long Time Dead,11,False,3,1,3iejrAcqxYoVgyxp6zkWgs,Shed Seven,5CR50zyPEsVgldmscjQvZV,Change Giver (Re-Presents),2014-01-01,album,0.454,0.789,7,-6.971,1,0.0408,0.00104,0.0,0.114,0.383,140.848,4,230307
64N7iJNm45jSg5eE7iYQFC,Head And Hands,10,False,4,1,3iejrAcqxYoVgyxp6zkWgs,Shed Seven,5CR50zyPEsVgldmscjQvZV,Change Giver (Re-Presents),2014-01-01,album,0.456,0.832,9,-7.289,1,0.032,5.35e-05,0.00487,0.0772,0.645,150.714,4,238760
6Hh4t9eFLUAlkKsGWFhFVA,Casino Girl,10,False,5,1,3iejrAcqxYoVgyxp6zkWgs,Shed Seven,5CR50zyPEsVgldmscjQvZV,Change Giver (Re-Presents),2014-01-01,album,0.314,0.88,4,-6.444,1,0.0439,0.000916,0.0293,0.345,0.371,157.619,4,238693
5rnA58nJiLPnsIn3FxV2sk,Missing Out,10,False,6,1,3iejrAcqxYoVgyxp6zkWgs,Shed Seven,5CR50zyPEsVgldmscjQvZV,Change Giver (Re-Presents),2014-01-01,album,0.279,0.702,4,-9.779,1,0.0427,0.0112,0.000183,0.113,0.281,103.691,3,193013
3TRnq4h99Tnd7CQGevyycx,Dolphin,15,False,7,1,3iejrAcqxYoVgyxp6zkWgs,Shed Seven,5CR50zyPEsVgldmscjQvZV,Change Giver (Re-Presents),2014-01-01,album,0.591,0.943,9,-7.532,1,0.0574,0.00208,0.00125,0.0906,0.846,125.675,4,217893
6AIG8Mi4p4areb0pMQS9X8,Stars In Your Eyes,5,False,8,1,3iejrAcqxYoVgyxp6zkWgs,Shed Seven,5CR50zyPEsVgldmscjQvZV,Change Giver (Re-Presents),2014-01-01,album,0.338,0.777,4,-7.393,1,0.0433,0.00108,0.000355,0.0856,0.456,165.691,4,247280
4jq5qnVnf2LHC2eTZ6cbEk,Mark,10,False,9,1,3iejrAcqxYoVgyxp6zkWgs,Shed Seven,5CR50zyPEsVgldmscjQvZV,Change Giver (Re-Presents),2014-01-01,album,0.477,0.942,2,-6.8,1,0.0688,0.00023,0.17,0.125,0.633,140.092,4,221347
7zAMsbSq9VvOUmp3XCi4iN,Ocean Pie,12,False,10,1,3iejrAcqxYoVgyxp6zkWgs,Shed Seven,5CR50zyPEsVgldmscjQvZV,Change Giver (Re-Presents),2014-01-01,album,0.481,0.689,7,-8.058,1,0.0299,0.00909,0.000172,0.479,0.382,137.815,4,279760
3wj4vw50YcuP1EErEDZq5K,On An Island With You,8,False,11,1,3iejrAcqxYoVgyxp6zkWgs,Shed Seven,5CR50zyPEsVgldmscjQvZV,Change Giver (Re-Presents),2014-01-01,album,0.502,0.786,9,-7.567,1,0.0359,0.00156,0.141,0.373,0.479,149.689,4,496400
2Wf1IbOh9bnQp53IBK7Aoz,Sleep Easy,4,False,3,2,3iejrAcqxYoVgyxp6zkWgs,Shed Seven,5CR50zyPEsVgldmscjQvZV,Change Giver (Re-Presents),2014-01-01,album,0.627,0.556,2,-9.68,1,0.0296,0.00328,0.0011,0.311,0.282,125.89,4,203453
4v9jHoqzNO3YSKddgHliiS,"Head And Hands - Radio 1 Session, London / 1994",0,False,6,2,3iejrAcqxYoVgyxp6zkWgs,Shed Seven,5CR50zyPEsVgldmscjQvZV,Change Giver (Re-Presents),2014-01-01,album,0.386,0.86,2,-5.905,1,0.042,0.000702,0.0661,0.108,0.451,149.25,4,238680
7dcZqJSbPLVFdeIakJqYsN,"Long Time Dead - Live At Zap Club, Brighton, UK / 1994",0,False,7,2,3iejrAcqxYoVgyxp6zkWgs,Shed Seven,5CR50zyPEsVgldmscjQvZV,Change Giver (Re-Presents),2014-01-01,album,0.335,0.744,7,-6.087,1,0.0338,0.0818,6.92e-05,0.481,0.268,141.421,4,240627
5KFbVhdTSsHVqKqWo9axR7,Dolphin - Demo Version,2,False,8,2,3iejrAcqxYoVgyxp6zkWgs,Shed Seven,5CR50zyPEsVgldmscjQvZV,Change Giver (Re-Presents),2014-01-01,album,0.595,0.921,6,-7.224,0,0.0446,0.000493,0.00112,0.092,0.784,123.962,4,211387
5prRgk0C4hh2EX0kk1pPOj,Immobilise - Demo Version,1,False,10,2,3iejrAcqxYoVgyxp6zkWgs,Shed Seven,5CR50zyPEsVgldmscjQvZV,Change Giver (Re-Presents),2014-01-01,album,0.528,0.889,7,-6.019,1,0.0373,8.75e-05,0.00891,0.0846,0.386,126.774,4,235547
279XKHMy6PcQpySYVXpbKN,Missing Out - Parr Street Session Version,2,False,13,2,3iejrAcqxYoVgyxp6zkWgs,Shed Seven,5CR50zyPEsVgldmscjQvZV,Change Giver (Re-Presents),2014-01-01,album,0.234,0.562,4,-9.106,1,0.0304,0.215,0.000209,0.272,0.274,101.652,3,205533
3ffwH616qO8Oy9LZkcN8iv,Getting Better,18,False,1,1,3iejrAcqxYoVgyxp6zkWgs,Shed Seven,4gxUFIOBuo8RiTGWRzsusW,A Maximum High (Re-Presents),2014-01-01,album,0.306,0.968,2,-4.401,1,0.0772,8.27e-05,0.222,0.562,0.336,141.845,4,253027
049bvOAkSm56C79Hx8A2li,Where Have You Been Tonight,17,False,3,1,3iejrAcqxYoVgyxp6zkWgs,Shed Seven,4gxUFIOBuo8RiTGWRzsusW,A Maximum High (Re-Presents),2014-01-01,album,0.494,0.938,9,-4.368,0,0.0682,0.00164,4.26e-05,0.371,0.626,104.031,4,224787
6a4GriL2y0dYKPrvIixEtd,Going For Gold,20,False,4,1,3iejrAcqxYoVgyxp6zkWgs,Shed Seven,4gxUFIOBuo8RiTGWRzsusW,A Maximum High (Re-Presents),2014-01-01,album,0.352,0.813,9,-5.238,1,0.036,0.0172,0.576,0.316,0.483,96.111,4,265347
2jAua1pcdGJdVRxG1JpsPM,On Standby,19,False,5,1,3iejrAcqxYoVgyxp6zkWgs,Shed Seven,4gxUFIOBuo8RiTGWRzsusW,A Maximum High (Re-Presents),2014-01-01,album,0.412,0.869,1,-5.965,1,0.0524,0.000926,0.0118,0.17,0.565,128.837,4,234947
5T9EfObDULfyb4xhNmoFZG,Out By My Side,21,False,6,1,3iejrAcqxYoVgyxp6zkWgs,Shed Seven,4gxUFIOBuo8RiTGWRzsusW,A Maximum High (Re-Presents),2014-01-01,album,0.517,0.539,7,-8.448,1,0.0249,0.203,0.0,0.125,0.496,97.979,1,148013
2s1uvF9rbsQYYOcMfmHIJd,Lies,18,False,7,1,3iejrAcqxYoVgyxp6zkWgs,Shed Seven,4gxUFIOBuo8RiTGWRzsusW,A Maximum High (Re-Presents),2014-01-01,album,0.355,0.915,4,-5.929,0,0.0571,0.00552,0.00583,0.261,0.246,107.51,4,252307
1OTp8H48LAlti4lszIjygS,Falling From The Sky,9,False,10,1,3iejrAcqxYoVgyxp6zkWgs,Shed Seven,4gxUFIOBuo8RiTGWRzsusW,A Maximum High (Re-Presents),2014-01-01,album,0.35,0.8,9,-4.478,1,0.0352,1.85e-05,0.0217,0.068,0.646,105.241,4,235760
1OgpleOdcXVCe9fZfcD5QJ,Bully Boy,17,False,11,1,3iejrAcqxYoVgyxp6zkWgs,Shed Seven,4gxUFIOBuo8RiTGWRzsusW,A Maximum High (Re-Presents),2014-01-01,album,0.351,0.951,7,-4.629,1,0.0742,0.000174,0.498,0.312,0.329,145.155,4,195067
5ZVMqRAYuJ3YPFAKh32IDG,Parallel Lines,20,False,12,1,3iejrAcqxYoVgyxp6zkWgs,Shed Seven,4gxUFIOBuo8RiTGWRzsusW,A Maximum High (Re-Presents),2014-01-01,album,0.159,0.859,2,-6.371,1,0.0558,0.00229,0.134,0.403,0.309,159.778,4,525147
7sWgos0bOu1v5Vje2s4is1,Killing Time,8,False,1,2,3iejrAcqxYoVgyxp6zkWgs,Shed Seven,4gxUFIOBuo8RiTGWRzsusW,A Maximum High (Re-Presents),2014-01-01,album,0.519,0.938,2,-5.957,1,0.039,0.00131,1.28e-05,0.108,0.508,110.078,4,258920
3ksvr7rw3kRIx7EK9IVqGA,Swing My Wave,6,False,3,2,3iejrAcqxYoVgyxp6zkWgs,Shed Seven,4gxUFIOBuo8RiTGWRzsusW,A Maximum High (Re-Presents),2014-01-01,album,0.593,0.863,9,-4.699,0,0.0306,0.0271,0.000442,0.334,0.675,134.985,4,282080
5pmJp8NhgrGRy9wSdfGUKP,Barracuda,6,False,4,2,3iejrAcqxYoVgyxp6zkWgs,Shed Seven,4gxUFIOBuo8RiTGWRzsusW,A Maximum High (Re-Presents),2014-01-01,album,0.617,0.628,2,-7.443,0,0.0285,0.0025,0.0522,0.0868,0.692,121.161,4,232227
4xUF8w7XFBzAYrr7DvoZ32,Only Dreaming,5,False,5,2,3iejrAcqxYoVgyxp6zkWgs,Shed Seven,4gxUFIOBuo8RiTGWRzsusW,A Maximum High (Re-Presents),2014-01-01,album,0.456,0.839,9,-4.769,0,0.0327,0.000352,0.184,0.259,0.362,137.093,4,335960
5yKNv637cJcFYAP2rfMs0a,"Where Have You Been Tonight - Mark Radcliffe BBC Session, London / 1996",6,False,6,2,3iejrAcqxYoVgyxp6zkWgs,Shed Seven,4gxUFIOBuo8RiTGWRzsusW,A Maximum High (Re-Presents),2014-01-01,album,0.16,0.92,9,-4.425,0,0.0584,4.27e-05,0.0141,0.163,0.819,47.552,4,227560
2VumM18obTbiybukw9CMn9,"Bully Boy - Live At Glastonbury, UK / 1995",0,False,7,2,3iejrAcqxYoVgyxp6zkWgs,Shed Seven,4gxUFIOBuo8RiTGWRzsusW,A Maximum High (Re-Presents),2014-01-01,album,0.317,0.96,7,-4.357,1,0.0751,0.000332,0.000555,0.953,0.41,147.698,4,193947
2mRPAKPTq4K1fZHFKxY3P2,"Parallel Lines - BBC Concert / Leeds Sound City, UK / 1996",5,False,8,2,3iejrAcqxYoVgyxp6zkWgs,Shed Seven,4gxUFIOBuo8RiTGWRzsusW,A Maximum High (Re-Presents),2014-01-01,album,0.123,0.899,2,-6.077,1,0.123,0.000256,0.136,0.824,0.191,156.668,4,523160
6STS7ozolkXtFacW8ZiS1U,Getting Better - Demo Version,4,False,9,2,3iejrAcqxYoVgyxp6zkWgs,Shed Seven,4gxUFIOBuo8RiTGWRzsusW,A Maximum High (Re-Presents),2014-01-01,album,0.366,0.952,2,-6.033,1,0.0505,0.000733,0.0,0.373,0.659,139.746,4,248773
2LAmyXrVdlvv2SlBKocJuS,On Standby - Demo Version,4,False,10,2,3iejrAcqxYoVgyxp6zkWgs,Shed Seven,4gxUFIOBuo8RiTGWRzsusW,A Maximum High (Re-Presents),2014-01-01,album,0.358,0.896,10,-4.583,0,0.0368,0.000164,2.6e-06,0.385,0.546,130.052,4,221747
6tbwEoRqVx7hGNQSqcWdKE,Out By My Side - Demo Version,5,False,11,2,3iejrAcqxYoVgyxp6zkWgs,Shed Seven,4gxUFIOBuo8RiTGWRzsusW,A Maximum High (Re-Presents),2014-01-01,album,0.28,0.581,7,-7.964,1,0.0307,0.141,2.39e-06,0.112,0.654,191.426,3,150000
5rXw3CPg3LRExROeCUboK7,Magic Streets - Demo Version,4,False,12,2,3iejrAcqxYoVgyxp6zkWgs,Shed Seven,4gxUFIOBuo8RiTGWRzsusW,A Maximum High (Re-Presents),2014-01-01,album,0.362,0.953,2,-5.667,1,0.0405,3.15e-05,0.00678,0.27,0.482,124.079,4,255640
3MChVv9SR30MOL3luFVrqL,Going For Gold - A Maximum High 15th Anniversary Version,6,False,13,2,3iejrAcqxYoVgyxp6zkWgs,Shed Seven,4gxUFIOBuo8RiTGWRzsusW,A Maximum High (Re-Presents),2014-01-01,album,0.494,0.657,9,-7.586,1,0.024,0.31,0.0273,0.158,0.384,95.66,4,265813
2XFvtoeoqOLDmUPrg8dAQW,Return,2,False,1,1,3iejrAcqxYoVgyxp6zkWgs,Shed Seven,7BBaGcKNU5y9tzurNHStzM,See Youse at the Barras,2008-06-03,album,0.293,0.886,2,-8.577,1,0.0724,0.000133,7.2e-05,0.556,0.359,110.874,4,342413
1N0wcGANg2oXkkRqTfv2Rz,Cry for Help,4,False,2,1,3iejrAcqxYoVgyxp6zkWgs,Shed Seven,7BBaGcKNU5y9tzurNHStzM,See Youse at the Barras,2008-06-03,album,0.279,0.831,9,-9.215,1,0.105,0.0383,0.0,0.735,0.591,101.576,4,238237
2zIBoLtqslPidjIgrCKnn6,Getting Better,2,False,3,1,3iejrAcqxYoVgyxp6zkWgs,Shed Seven,7BBaGcKNU5y9tzurNHStzM,See Youse at the Barras,2008-06-03,album,0.198,0.967,9,-8.242,1,0.176,3.59e-05,3.13e-05,0.637,0.283,149.786,4,235520
61kSfARcT5xigB81DvyKRh,Devil in Your Shoes,4,False,5,1,3iejrAcqxYoVgyxp6zkWgs,Shed Seven,7BBaGcKNU5y9tzurNHStzM,See Youse at the Barras,2008-06-03,album,0.169,0.806,3,-8.439,1,0.0719,0.0492,0.0,0.665,0.453,180.073,4,320575
2Jrww6YWAv8whSJMzdG53F,She Left Me on Friday,3,False,6,1,3iejrAcqxYoVgyxp6zkWgs,Shed Seven,7BBaGcKNU5y9tzurNHStzM,See Youse at the Barras,2008-06-03,album,0.309,0.954,9,-8.497,1,0.191,0.00111,1.96e-05,0.677,0.302,112.388,4,225541
3cA7UmugTYuulO1bpkAQv7,Long Time Dead,2,False,7,1,3iejrAcqxYoVgyxp6zkWgs,Shed Seven,7BBaGcKNU5y9tzurNHStzM,See Youse at the Barras,2008-06-03,album,0.22,0.893,7,-8.055,1,0.201,0.00618,0.0,0.771,0.354,144.613,1,234606
4Pc94zewPHfCwQKXz2A9C1,Dolphin,4,False,8,1,3iejrAcqxYoVgyxp6zkWgs,Shed Seven,7BBaGcKNU5y9tzurNHStzM,See Youse at the Barras,2008-06-03,album,0.267,0.926,9,-9.482,1,0.289,0.00352,2.62e-05,0.76,0.343,133.343,4,271517
4Mx452uUxufZNWUQBE06hn,Feathers,2,False,9,1,3iejrAcqxYoVgyxp6zkWgs,Shed Seven,7BBaGcKNU5y9tzurNHStzM,See Youse at the Barras,2008-06-03,album,0.251,0.873,4,-9.14,1,0.15,0.00791,0.0,0.967,0.49,169.836,4,272901
7jsivb3QcOOmKHeSDoTpiu,On Standby,4,False,10,1,3iejrAcqxYoVgyxp6zkWgs,Shed Seven,7BBaGcKNU5y9tzurNHStzM,See Youse at the Barras,2008-06-03,album,0.309,0.88,1,-9.346,1,0.123,0.000499,0.0,0.716,0.501,135.539,4,248294
1KvXPGRks88OQs86lj6ir8,Step Inside Your Love,1,False,11,1,3iejrAcqxYoVgyxp6zkWgs,Shed Seven,7BBaGcKNU5y9tzurNHStzM,See Youse at the Barras,2008-06-03,album,0.187,0.943,4,-9.573,1,0.142,3.64e-05,0.00312,0.95,0.236,104.079,4,359706
7FRgEuthj90hEBkUrBZJtu,Chasing Rainbows,5,False,12,1,3iejrAcqxYoVgyxp6zkWgs,Shed Seven,7BBaGcKNU5y9tzurNHStzM,See Youse at the Barras,2008-06-03,album,0.261,0.932,4,-9.657,1,0.266,0.00652,0.00282,0.971,0.478,105.76,4,366550
4gdrZ3vczNf2JTNv4a1dyb,Going for Gold,4,False,13,1,3iejrAcqxYoVgyxp6zkWgs,Shed Seven,7BBaGcKNU5y9tzurNHStzM,See Youse at the Barras,2008-06-03,album,0.255,0.686,9,-9.234,1,0.0382,0.0638,2.91e-06,0.967,0.452,95.634,4,260075
5kaDkh9TSckV0QE95RqffL,If the Music Don't Move Yer,2,False,14,1,3iejrAcqxYoVgyxp6zkWgs,Shed Seven,7BBaGcKNU5y9tzurNHStzM,See Youse at the Barras,2008-06-03,album,0.162,0.943,2,-8.584,1,0.161,9.23e-05,1.78e-05,0.716,0.361,150.033,4,240274
1j99tObOSq7EHYCzG1oyUS,Disco Down,3,False,15,1,3iejrAcqxYoVgyxp6zkWgs,Shed Seven,7BBaGcKNU5y9tzurNHStzM,See Youse at the Barras,2008-06-03,album,0.384,0.796,4,-8.924,0,0.057,0.000325,0.0,0.735,0.577,120.572,4,252056
3Lqj8gZPRYBBBsn6S7qE2Z,Speakeasy - BBC Session-Mark Radcliffe Live 27/9/94,0,False,1,1,3iejrAcqxYoVgyxp6zkWgs,Shed Seven,0uGledUdGukTbyBXRD5Trr,Live at the BBC,2007-01-01,album,0.586,0.863,0,-6.131,1,0.032,0.0021,4.32e-05,0.252,0.749,117.321,4,198920
5G2AxFXjeUmdz2vQ5SxC6N,Never Again - BBC Session-Mark Radcliffe Live 27/09/94,0,False,2,1,3iejrAcqxYoVgyxp6zkWgs,Shed Seven,0uGledUdGukTbyBXRD5Trr,Live at the BBC,2007-01-01,album,0.439,0.83,2,-6.991,1,0.0295,0.000702,0.0178,0.114,0.334,133.761,4,195653
55oHznNOlRLT8kBMVybHwq,Ocean Pie - BBC Session-Mark Radcliffe Live 27/09/94,0,False,3,1,3iejrAcqxYoVgyxp6zkWgs,Shed Seven,0uGledUdGukTbyBXRD5Trr,Live at the BBC,2007-01-01,album,0.432,0.625,2,-8.139,1,0.029,0.0158,1.12e-05,0.0914,0.413,139.59,4,279120
4yXXbfpWsriFOp3hJ01PZE,Dirty Soul - BBC Session-Mark Radcliffe Live 27/9/94,0,False,4,1,3iejrAcqxYoVgyxp6zkWgs,Shed Seven,0uGledUdGukTbyBXRD5Trr,Live at the BBC,2007-01-01,album,0.488,0.77,9,-7.475,1,0.032,0.0117,0.000137,0.161,0.634,140.366,4,209733
7yDTKTWj0MBRFW6tzG7yM6,"Where Have You Been Tonight - Mark Radcliffe BBC Session, London / 1996",0,False,5,1,3iejrAcqxYoVgyxp6zkWgs,Shed Seven,0uGledUdGukTbyBXRD5Trr,Live at the BBC,2007-01-01,album,0.342,0.882,9,-6.007,0,0.0463,4.33e-05,0.0341,0.29,0.799,153.104,3,226093
5H3R0MskbY8s53rv0x9gfq,Getting Better - BBC Session-Mark Radcliffe Live 4/3/96,0,False,6,1,3iejrAcqxYoVgyxp6zkWgs,Shed Seven,0uGledUdGukTbyBXRD5Trr,Live at the BBC,2007-01-01,album,0.331,0.916,4,-6.213,0,0.0507,8.37e-06,0.895,0.373,0.734,144.286,4,244667
74W01ij51PXCQunzNMLzK2,Going For Gold - BBC Session-Mark Radcliffe Live 4/3/96,0,False,8,1,3iejrAcqxYoVgyxp6zkWgs,Shed Seven,0uGledUdGukTbyBXRD5Trr,Live at the BBC,2007-01-01,album,0.387,0.771,2,-6.801,1,0.0283,0.000234,0.785,0.207,0.64,96.273,4,259173
2i2caRqZ0ZKEAUZ1S2tE8D,Where Have You Been Tonight - BBC Session-Evening Session 16/9/96,0,False,9,1,3iejrAcqxYoVgyxp6zkWgs,Shed Seven,0uGledUdGukTbyBXRD5Trr,Live at the BBC,2007-01-01,album,0.187,0.896,11,-6.142,0,0.106,3.93e-05,0.268,0.0293,0.38,98.786,4,233707
33ZW0DQq7EVQ65FTwWdttR,Ocean Pie - BBC Session-Evening Session 16/09/96,0,False,12,1,3iejrAcqxYoVgyxp6zkWgs,Shed Seven,0uGledUdGukTbyBXRD5Trr,Live at the BBC,2007-01-01,album,0.377,0.772,2,-6.312,1,0.0382,0.0022,0.209,0.127,0.197,130.143,4,301453
1jKMqh1uRnVSSRmXBfI85B,Let It Ride - BBC Session-Evening Session 25/2/98,0,False,13,1,3iejrAcqxYoVgyxp6zkWgs,Shed Seven,0uGledUdGukTbyBXRD5Trr,Live at the BBC,2007-01-01,album,0.384,0.905,4,-4.856,1,0.0653,0.000499,0.000115,0.151,0.585,114.932,4,298347
5BQS1YAIJ059OaD0XhK0Q1,The Heroes - BBC Session-Evening Session 25/2/98,0,False,14,1,3iejrAcqxYoVgyxp6zkWgs,Shed Seven,0uGledUdGukTbyBXRD5Trr,Live at the BBC,2007-01-01,album,0.161,0.756,6,-7.551,0,0.0643,0.00279,0.00473,0.154,0.397,201.162,3,334480
2KKdR3ASiPO8lEIzRL3Psh,She Left Me On Friday - BBC Session-Evening Session 25/2/98,0,False,15,1,3iejrAcqxYoVgyxp6zkWgs,Shed Seven,0uGledUdGukTbyBXRD5Trr,Live at the BBC,2007-01-01,album,0.404,0.928,9,-7.204,1,0.0638,0.000372,0.00017,0.0412,0.68,101.72,4,211707
7KwzqFksdBLNiPfWOsYtpN,Devil In Your Shoes - BBC Session-Evening Session 25/2/98,0,False,16,1,3iejrAcqxYoVgyxp6zkWgs,Shed Seven,0uGledUdGukTbyBXRD5Trr,Live at the BBC,2007-01-01,album,0.183,0.771,10,-6.918,1,0.0372,0.00221,0.0,0.103,0.593,173.359,4,308667
3ofVM9U6JTbLnTTUFMN2x0,"Dolphin - BBC Concert-Glastonbury ""95"" 23/06/95",0,False,1,2,3iejrAcqxYoVgyxp6zkWgs,Shed Seven,0uGledUdGukTbyBXRD5Trr,Live at the BBC,2007-01-01,album,0.37,0.96,6,-6.326,0,0.0765,0.00132,4.72e-05,0.982,0.514,125.565,4,246453
1xs0kxZNAjrKMw6YMKcgbs,Chasing Rainbows - BBC Concert-Wolverhampton 13/12/96,0,False,2,2,3iejrAcqxYoVgyxp6zkWgs,Shed Seven,0uGledUdGukTbyBXRD5Trr,Live at the BBC,2007-01-01,album,0.171,0.884,4,-6.06,1,0.0761,0.00087,0.237,0.985,0.398,99.928,4,268800
4g7jvBt9TytMB4LUFceUgo,On Standby - BBC Concert-Wolverhampton 13/12/96,0,False,5,2,3iejrAcqxYoVgyxp6zkWgs,Shed Seven,0uGledUdGukTbyBXRD5Trr,Live at the BBC,2007-01-01,album,0.242,0.913,1,-4.557,1,0.0655,2.6e-05,0.348,0.619,0.257,127.863,4,236227
0d6iJMAOrBpFxLwj0Jkx5e,Going For Gold - BBC Concert-Leeds Sound City 09/04/96,0,False,6,2,3iejrAcqxYoVgyxp6zkWgs,Shed Seven,0uGledUdGukTbyBXRD5Trr,Live at the BBC,2007-01-01,album,0.248,0.928,2,-5.384,1,0.0685,0.00101,0.659,0.982,0.485,101.093,4,255002
5yK1cNSPbBedYX0M0XWUKa,"Parallel Lines - BBC Concert / Leeds Sound City, UK / 1996",0,False,7,2,3iejrAcqxYoVgyxp6zkWgs,Shed Seven,0uGledUdGukTbyBXRD5Trr,Live at the BBC,2007-01-01,album,0.126,0.903,9,-5.891,1,0.0969,0.000257,0.176,0.6,0.227,156.55,3,518173
3Ev9TWBONDLx7AdpZz7xzw,Bully Boy - BBC Concert- Phoenix 19/7/97,0,False,8,2,3iejrAcqxYoVgyxp6zkWgs,Shed Seven,0uGledUdGukTbyBXRD5Trr,Live at the BBC,2007-01-01,album,0.217,0.973,7,-6.205,1,0.0912,2.77e-05,0.00603,0.981,0.276,146.986,4,193840
3RcVKrTHvlvVjJecKb6oQZ,Where Have You Been Tonight - BBC Concert-Phoenix 19/7/97,0,False,9,2,3iejrAcqxYoVgyxp6zkWgs,Shed Seven,0uGledUdGukTbyBXRD5Trr,Live at the BBC,2007-01-01,album,0.158,0.918,9,-6.628,0,0.12,0.000136,0.000968,0.749,0.504,150.076,3,244400
26JnGPQTK2pWTB82o2RssO,Devil In Your Shoes - BBC Concert-Phoenix 19/7/97,0,False,10,2,3iejrAcqxYoVgyxp6zkWgs,Shed Seven,0uGledUdGukTbyBXRD5Trr,Live at the BBC,2007-01-01,album,0.2,0.692,10,-7.383,1,0.0322,0.00303,0.00157,0.852,0.429,181.217,4,303438
4quVYcRtKxvxURIhZPzTnY,She Left Me On Friday - BBC Concert-Phoenix 19/7/97,0,False,11,2,3iejrAcqxYoVgyxp6zkWgs,Shed Seven,0uGledUdGukTbyBXRD5Trr,Live at the BBC,2007-01-01,album,0.282,0.932,4,-6.731,1,0.0744,0.000141,0.0157,0.855,0.669,105.432,4,225747
1WzKp2HYaxiMa8w3PWJKsL,If The Music Don't Move Yer,7,False,1,1,3iejrAcqxYoVgyxp6zkWgs,Shed Seven,4t9d2YI2uCkB4YTsRuT08C,Truth Be Told,2006-05-30,album,0.27,0.947,2,-7.682,1,0.0812,0.000197,0.0889,0.0757,0.332,143.937,4,228160
5AYDcWOxIuynJ2l1toNSE3,Eyes Before,8,False,2,1,3iejrAcqxYoVgyxp6zkWgs,Shed Seven,4t9d2YI2uCkB4YTsRuT08C,Truth Be Told,2006-05-30,album,0.269,0.851,0,-8.085,1,0.0434,0.00987,0.000194,0.117,0.362,153.52,4,245973
3EFnegNgq9l0pPDV7EGAGl,Cry for Help,19,False,3,1,3iejrAcqxYoVgyxp6zkWgs,Shed Seven,4t9d2YI2uCkB4YTsRuT08C,Truth Be Told,2006-05-30,album,0.382,0.761,9,-8.382,1,0.0354,0.0231,8.88e-05,0.211,0.524,94.662,4,233733
0D2wP5OxPQVhoZ1JfJgdr5,Step Inside Your Love,4,False,11,1,3iejrAcqxYoVgyxp6zkWgs,Shed Seven,4t9d2YI2uCkB4YTsRuT08C,Truth Be Told,2006-05-30,album,0.165,0.817,4,-7.713,1,0.0573,0.0111,0.0,0.442,0.373,196.387,4,317640
6s9wwpjplXD5E682a6qsZI,Disco Down,0,False,1,1,3iejrAcqxYoVgyxp6zkWgs,Shed Seven,0xAtsEa77Cnva1Nq5rr2pA,The Collection,2004-01-01,album,0.584,0.925,7,-4.767,1,0.0674,0.0911,1.27e-06,0.26,0.546,113.758,4,231240
41eZiNjgKM1f7qx9WuokG5,Speakeasy,0,False,6,1,3iejrAcqxYoVgyxp6zkWgs,Shed Seven,0xAtsEa77Cnva1Nq5rr2pA,The Collection,2004-01-01,album,0.566,0.876,0,-4.735,1,0.0362,0.00237,7.06e-05,0.189,0.594,115.34,4,201680
24JlhtgOynTeBzaKjeauRs,Going For Gold,0,False,7,1,3iejrAcqxYoVgyxp6zkWgs,Shed Seven,0xAtsEa77Cnva1Nq5rr2pA,The Collection,2004-01-01,album,0.356,0.802,9,-4.924,1,0.0358,0.0125,0.528,0.259,0.49,96.049,4,265987
6fWuHki4FqaEDtfSAjyDYv,Bully Boy,0,False,12,1,3iejrAcqxYoVgyxp6zkWgs,Shed Seven,0xAtsEa77Cnva1Nq5rr2pA,The Collection,2004-01-01,album,0.353,0.95,7,-3.966,1,0.0702,0.000212,0.338,0.307,0.405,145.019,4,193427
36BaPESrLFAQv9EhPYUxZ6,Stand Up And Be Counted,0,False,15,1,3iejrAcqxYoVgyxp6zkWgs,Shed Seven,0xAtsEa77Cnva1Nq5rr2pA,The Collection,2004-01-01,album,0.294,0.834,6,-6.169,0,0.0363,0.000598,8.63e-05,0.0985,0.576,83.456,4,290840
6Uw6JfnEvpsTs1wlZ7miYu,Let It Ride,0,False,16,1,3iejrAcqxYoVgyxp6zkWgs,Shed Seven,0xAtsEa77Cnva1Nq5rr2pA,The Collection,2004-01-01,album,0.44,0.93,4,-5.387,1,0.0578,0.000322,0.00496,0.0646,0.69,115.918,4,300420
7MbIDtue5oBJsvt8tGrkYk,Casino Girl,0,False,17,1,3iejrAcqxYoVgyxp6zkWgs,Shed Seven,0xAtsEa77Cnva1Nq5rr2pA,The Collection,2004-01-01,album,0.364,0.81,9,-7.101,0,0.0395,0.000495,0.0146,0.246,0.464,158.778,4,231213
14xzexbYakFR7K2WXD6zhN,Getting Better - Live,0,False,1,1,3iejrAcqxYoVgyxp6zkWgs,Shed Seven,1tXuerZ2GJwp8sT7944zVt,Where Have You Been Tonight? (Live),2003-05-26,album,0.212,0.961,4,-5.26,0,0.12,8.26e-06,0.904,0.522,0.389,146.554,4,258893
13fFOfZXJry8cIdJpSGCrM,Where Have You Been Tonight - Live,0,False,2,1,3iejrAcqxYoVgyxp6zkWgs,Shed Seven,1tXuerZ2GJwp8sT7944zVt,Where Have You Been Tonight? (Live),2003-05-26,album,0.202,0.896,9,-5.359,0,0.147,4.68e-05,0.0823,0.9,0.477,160.12,3,243920
1iV5gDmWJE513DmdiD6aEE,Devil In Your Shoes - Live,0,False,3,1,3iejrAcqxYoVgyxp6zkWgs,Shed Seven,1tXuerZ2GJwp8sT7944zVt,Where Have You Been Tonight? (Live),2003-05-26,album,0.217,0.877,3,-5.367,1,0.0453,0.0026,0.000975,0.96,0.388,174.696,4,312867
6fjmQvMAY9yudpvcccCdSM,She Left Me On Friday - Live,0,False,4,1,3iejrAcqxYoVgyxp6zkWgs,Shed Seven,1tXuerZ2GJwp8sT7944zVt,Where Have You Been Tonight? (Live),2003-05-26,album,0.297,0.946,6,-4.874,0,0.186,0.000488,0.445,0.971,0.373,112.924,4,214453
5VYRzEFWREGBi6cqSNHimO,Long Time Dead - Live,0,False,5,1,3iejrAcqxYoVgyxp6zkWgs,Shed Seven,1tXuerZ2GJwp8sT7944zVt,Where Have You Been Tonight? (Live),2003-05-26,album,0.228,0.898,7,-5.6,1,0.0848,0.000353,0.00694,0.981,0.3,144.138,4,240200
2lwkpGZ90BVPIngonsKEe8,Return - Live,0,False,8,1,3iejrAcqxYoVgyxp6zkWgs,Shed Seven,1tXuerZ2GJwp8sT7944zVt,Where Have You Been Tonight? (Live),2003-05-26,album,0.288,0.915,7,-4.984,1,0.0752,7.53e-05,0.0281,0.469,0.365,114.212,4,315000
1jtVkGbjOo2VE0tqmyp14m,Dolphin - Live,0,False,10,1,3iejrAcqxYoVgyxp6zkWgs,Shed Seven,1tXuerZ2GJwp8sT7944zVt,Where Have You Been Tonight? (Live),2003-05-26,album,0.319,0.951,6,-5.133,0,0.132,0.00103,0.0522,0.959,0.58,131.318,4,226707
7Kt5Sk40HOfGpXNIWQxtpv,Chasing Rainbows - Live,0,False,13,1,3iejrAcqxYoVgyxp6zkWgs,Shed Seven,1tXuerZ2GJwp8sT7944zVt,Where Have You Been Tonight? (Live),2003-05-26,album,0.327,0.95,4,-6.862,1,0.32,0.00175,0.00906,0.962,0.386,104.457,4,331933
6fZF0f4DC8FBwAlZBJPvIQ,Going For Gold - Live,0,False,14,1,3iejrAcqxYoVgyxp6zkWgs,Shed Seven,1tXuerZ2GJwp8sT7944zVt,Where Have You Been Tonight? (Live),2003-05-26,album,0.276,0.627,9,-7.578,1,0.0337,0.0251,0.00122,0.946,0.215,95.431,4,253293
7l9h9TmP4SBmlVop9QbgjW,On Standby - Live,0,False,15,1,3iejrAcqxYoVgyxp6zkWgs,Shed Seven,1tXuerZ2GJwp8sT7944zVt,Where Have You Been Tonight? (Live),2003-05-26,album,0.354,0.893,10,-5.35,0,0.0716,6.25e-05,0.00015,0.98,0.516,133.707,4,245973
4cUCFgFCGmxgphGyDCl25K,Disco Down - Live,0,False,17,1,3iejrAcqxYoVgyxp6zkWgs,Shed Seven,1tXuerZ2GJwp8sT7944zVt,Where Have You Been Tonight? (Live),2003-05-26,album,0.369,0.93,7,-6.325,1,0.135,0.000172,0.000897,0.949,0.436,120.395,4,297827
5aLkGrFqlGA72R7ZB35utD,Chasing Rainbows,0,False,4,1,3iejrAcqxYoVgyxp6zkWgs,Shed Seven,31ecsOgZxowxwp717fYqIu,Going For Gold,1999-01-01,album,0.203,0.876,4,-5.305,1,0.0488,0.0888,0.000102,0.141,0.376,100.626,4,264733
5KAAsEiHZfdfGHu18gjH33,Speakeasy - Chris Sheldon Mix,0,False,5,1,3iejrAcqxYoVgyxp6zkWgs,Shed Seven,31ecsOgZxowxwp717fYqIu,Going For Gold,1999-01-01,album,0.566,0.876,0,-4.653,1,0.0351,0.00242,0.000163,0.233,0.582,115.339,4,202467
5QCI9ujZXMQvl4pHNdFG9w,She Left Me On Friday,0,False,6,1,3iejrAcqxYoVgyxp6zkWgs,Shed Seven,31ecsOgZxowxwp717fYqIu,Going For Gold,1999-01-01,album,0.436,0.95,4,-5.268,1,0.104,0.00295,1.29e-06,0.113,0.624,101.442,4,210640
0ERBbo10DG2o7zVW8gQTon,Dolphin - Chris Sheldon Mix,0,False,8,1,3iejrAcqxYoVgyxp6zkWgs,Shed Seven,31ecsOgZxowxwp717fYqIu,Going For Gold,1999-01-01,album,0.583,0.937,6,-5.905,0,0.0692,0.0257,6.55e-05,0.077,0.706,124.767,4,231067
0gWZGHmaHaka3N7J76HWrN,Devil In Your Shoes,0,False,11,1,3iejrAcqxYoVgyxp6zkWgs,Shed Seven,31ecsOgZxowxwp717fYqIu,Going For Gold,1999-01-01,album,0.17,0.718,10,-6.407,1,0.0325,0.0317,8.51e-05,0.136,0.43,168.681,4,325973
2EyG9CIszv1WbA3UeWZfZS,Ocean Pie,0,False,13,1,3iejrAcqxYoVgyxp6zkWgs,Shed Seven,31ecsOgZxowxwp717fYqIu,Going For Gold,1999-01-01,album,0.409,0.787,2,-4.854,1,0.0348,0.255,0.0016,0.0667,0.345,135.914,4,289667
27Wu2EhQg1jSAW80VE4xz6,Mark,0,False,14,1,3iejrAcqxYoVgyxp6zkWgs,Shed Seven,31ecsOgZxowxwp717fYqIu,Going For Gold,1999-01-01,album,0.464,0.952,2,-5.752,1,0.069,0.000462,0.554,0.0952,0.67,139.946,4,221840
2UFRAQPVwEAsv1vuNyR7DL,The Heroes,0,False,15,1,3iejrAcqxYoVgyxp6zkWgs,Shed Seven,31ecsOgZxowxwp717fYqIu,Going For Gold,1999-01-01,album,0.267,0.718,6,-6.341,0,0.0449,0.0239,5.81e-05,0.17,0.369,100.386,3,346867
2PJUvan4Lb2GT3dEpKNQEq,Bedhead (BBC Session - JOHN PEEL 1994),0,False,1,1,0NbfEPYRgMczimdfM3skmH,Sleeper,0cg6BWC3Acj3m3UnR6PWCi,Live at the BBC,2020-07-02,album,0.369,0.721,4,-11.08,1,0.0395,0.00202,3.3e-05,0.0858,0.703,155.833,4,188225
4DSjBtTSVkug9AkgNaOCem,Inbetweener (BBC Session - JOHN PEEL 1994),0,False,3,1,0NbfEPYRgMczimdfM3skmH,Sleeper,0cg6BWC3Acj3m3UnR6PWCi,Live at the BBC,2020-07-02,album,0.489,0.843,5,-10.917,1,0.0318,0.00508,0.0,0.256,0.962,134.395,4,198862
43htEIsrSDs27hALqjHXkr,Delicious (BBC Session - MARK RADCLIFFE 1994),0,False,4,1,0NbfEPYRgMczimdfM3skmH,Sleeper,0cg6BWC3Acj3m3UnR6PWCi,Live at the BBC,2020-07-02,album,0.466,0.477,4,-15.925,1,0.031,0.000157,5.78e-06,0.171,0.686,90.381,4,164421
6sy87hVD1uBOAhKFTb4r1x,Twisted (BBC Session - JOHN PEEL 1994),0,False,5,1,0NbfEPYRgMczimdfM3skmH,Sleeper,0cg6BWC3Acj3m3UnR6PWCi,Live at the BBC,2020-07-02,album,0.413,0.741,9,-12.788,1,0.0367,0.000233,4.31e-05,0.114,0.458,95.135,4,197224
2ePXaXRQbISiaJ0CFy6wHQ,Hunch (BBC Session - JOHN PEEL 1994),0,False,8,1,0NbfEPYRgMczimdfM3skmH,Sleeper,0cg6BWC3Acj3m3UnR6PWCi,Live at the BBC,2020-07-02,album,0.409,0.41,6,-12.962,0,0.0287,0.00259,0.0,0.116,0.322,83.425,4,187475
2sjm7tm25X58X3qEi1Ma23,Statuesque (BBC Session - EVENING SESSION 1995),0,False,10,1,0NbfEPYRgMczimdfM3skmH,Sleeper,0cg6BWC3Acj3m3UnR6PWCi,Live at the BBC,2020-07-02,album,0.345,0.814,11,-11.525,1,0.0568,0.0414,9.49e-06,0.16,0.745,142.031,4,198541
3CnlKsRvpaBIOe3J734OFr,Lie Detector (BBC Session - EVENING SESSION 1995),0,False,11,1,0NbfEPYRgMczimdfM3skmH,Sleeper,0cg6BWC3Acj3m3UnR6PWCi,Live at the BBC,2020-07-02,album,0.267,0.771,6,-11.736,1,0.0499,0.0256,0.0,0.839,0.685,144.804,4,152549
3ecx9gVCqVcZEBay9WI6mP,I'll Manage Somehow - EMI Demo,1,False,1,1,414ztMLgMt8KAC6Ap5IZtN,Menswear,2IoiZcNyIv4IKaGK33FYs4,Rarities: 1994 - 1998,2020-10-23,album,0.36,0.934,1,-6.588,0,0.075,0.00244,0.0156,0.273,0.594,109.228,4,144014
5Ed8YHQfJ8DqxKeUR2dPU9,Daydreamer - EMI Demo,1,False,2,1,414ztMLgMt8KAC6Ap5IZtN,Menswear,2IoiZcNyIv4IKaGK33FYs4,Rarities: 1994 - 1998,2020-10-23,album,0.57,0.742,0,-6.778,0,0.063,0.0166,0.529,0.0716,0.846,111.772,4,138829
6NL0r6FB0kqUtcybBq9H58,Stardust - EMI Demo,1,False,3,1,414ztMLgMt8KAC6Ap5IZtN,Menswear,2IoiZcNyIv4IKaGK33FYs4,Rarities: 1994 - 1998,2020-10-23,album,0.266,0.808,2,-5.818,1,0.0587,6.98e-06,0.575,0.123,0.386,132.845,4,161834
0TnSxVBzyW1O3u6pwdaKfv,Daydreamer - Student Union Remix,1,False,5,1,414ztMLgMt8KAC6Ap5IZtN,Menswear,2IoiZcNyIv4IKaGK33FYs4,Rarities: 1994 - 1998,2020-10-23,album,0.851,0.718,0,-9.025,1,0.0566,0.0151,0.211,0.113,0.374,119.887,4,379439
2j9AhKwBGgz8W5iyEJsJwE,We Love You - Demo,0,False,8,1,414ztMLgMt8KAC6Ap5IZtN,Menswear,2IoiZcNyIv4IKaGK33FYs4,Rarities: 1994 - 1998,2020-10-23,album,0.452,0.669,2,-6.129,1,0.0396,0.28,0.000157,0.267,0.598,126.487,4,261787
6w8ty0n8lPVSbOvBjqAFMW,The One - Live,0,False,5,1,414ztMLgMt8KAC6Ap5IZtN,Menswear,66AXmlO5aQxKCgatjyww28,We Love You,1996-08-26,album,0.197,0.98,4,-6.045,1,0.0878,0.000622,0.845,0.962,0.363,162.16,4,199960
4mW5KLJW99nmomMGZXhJFK,Sleeping In - Live,0,False,6,1,414ztMLgMt8KAC6Ap5IZtN,Menswear,66AXmlO5aQxKCgatjyww28,We Love You,1996-08-26,album,0.132,0.99,2,-4.627,1,0.122,0.000799,0.522,0.792,0.147,176.506,4,297173
2XqpNex037OPrPMosWKah9,Little Miss Pinpoint Eyes - Live,0,False,7,1,414ztMLgMt8KAC6Ap5IZtN,Menswear,66AXmlO5aQxKCgatjyww28,We Love You,1996-08-26,album,0.38,0.993,7,-5.505,1,0.167,0.00721,0.0438,0.623,0.248,119.649,4,131160
2NyrGw3BmHRlOf6JMFfQOw,Stardust - Reprise,0,False,12,1,414ztMLgMt8KAC6Ap5IZtN,Menswear,0XIpGTIgkVPL9aQEsyzmka,Nuisance,1995-08-16,album,0.186,2.03e-05,1,-5.223,1,0.068,0.0241,0.00311,0.3,0.231,173.73,3,878227
2rtPrL8aXqyQjGxfJbwi9F,Dark Therapy,8,False,1,1,6bEiU0j4lC3yh2D1kHzFpb,Echobelly,4JtBrJnH0ZSsUZiNj1rqNO,Black Heart Lullabies,2018-01-01,album,0.337,0.275,9,-12.65,1,0.0356,0.907,0.000841,0.148,0.188,118.715,5,293933
3BzcfxZTET1CFdSp2IpXwJ,Dying,6,False,2,1,6bEiU0j4lC3yh2D1kHzFpb,Echobelly,4JtBrJnH0ZSsUZiNj1rqNO,Black Heart Lullabies,2018-01-01,album,0.571,0.32,9,-12.276,0,0.0276,0.356,0.117,0.0986,0.158,100.67,4,299360
6ulFjJBCXH5uk3xRVKiQL5,Bleed,3,False,5,1,6bEiU0j4lC3yh2D1kHzFpb,Echobelly,4JtBrJnH0ZSsUZiNj1rqNO,Black Heart Lullabies,2018-01-01,album,0.628,0.186,7,-13.762,1,0.0322,0.867,0.0,0.0963,0.206,133.929,4,162013
6GviejZjeyZ3tRrYgimn6D,Strangely Drawn,2,False,10,1,6bEiU0j4lC3yh2D1kHzFpb,Echobelly,4JtBrJnH0ZSsUZiNj1rqNO,Black Heart Lullabies,2018-01-01,album,0.422,0.131,0,-15.91,1,0.0347,0.851,0.0278,0.0879,0.178,117.334,4,180173
3hFnDmzs4WITK4xPKRUf4h,Ondine,2,False,13,1,6bEiU0j4lC3yh2D1kHzFpb,Echobelly,4JtBrJnH0ZSsUZiNj1rqNO,Black Heart Lullabies,2018-01-01,album,0.407,0.297,5,-9.217,1,0.0296,0.284,1.81e-05,0.137,0.216,128.495,4,249907
5lIKTxsHkCyq8qALG2UvIS,All Tomorrow Brings,2,False,15,1,6bEiU0j4lC3yh2D1kHzFpb,Echobelly,4JtBrJnH0ZSsUZiNj1rqNO,Black Heart Lullabies,2018-01-01,album,0.391,0.281,7,-11.868,1,0.0322,0.299,1.23e-06,0.241,0.223,153.867,4,279720
0QzkKKVPNRfNmvL6gcCE87,1985 - Steven Wilson's Extended Eighties Mix,15,False,13,2,2uH0RyPcX7fnCcT90HFDQX,Manic Street Preachers,4TFO0RX3VGM2pdXyjjcAUW,Lifeblood 20,2024-04-12,album,0.578,0.845,4,-5.131,1,0.0326,2.48e-05,0.338,0.334,0.217,122.021,4,507469
2MsGlCf6ysUQ2idJ9jWLHP,1985 - Gwenno Mix,8,False,14,2,2uH0RyPcX7fnCcT90HFDQX,Manic Street Preachers,4TFO0RX3VGM2pdXyjjcAUW,Lifeblood 20,2024-04-12,album,0.519,0.912,4,-4.94,1,0.119,3.35e-05,0.674,0.234,0.128,121.921,4,273531
2F3hCXmp4hAt0U5zXYqgxG,1985 - Alternate Version,8,False,1,3,2uH0RyPcX7fnCcT90HFDQX,Manic Street Preachers,4TFO0RX3VGM2pdXyjjcAUW,Lifeblood 20,2024-04-12,album,0.469,0.795,2,-5.275,1,0.0475,0.98,0.166,0.376,0.7,139.955,4,202025
0U2LAZOcTbUfGZtRjEw4hh,1985 - Demo,7,False,2,3,2uH0RyPcX7fnCcT90HFDQX,Manic Street Preachers,4TFO0RX3VGM2pdXyjjcAUW,Lifeblood 20,2024-04-12,album,0.556,0.916,9,-4.478,1,0.0379,9.06e-06,0.212,0.103,0.305,121.939,4,230344
4iIpXvznVIFlcRWL1aCuS8,The Love of Richard Nixon - Drum Machine Demo,7,False,3,3,2uH0RyPcX7fnCcT90HFDQX,Manic Street Preachers,4TFO0RX3VGM2pdXyjjcAUW,Lifeblood 20,2024-04-12,album,0.397,0.565,6,-4.493,0,0.053,0.0551,0.0545,0.0221,0.818,102.537,4,235555
1ZwatEcibBXyeWy8zs4jAx,The Love of Richard Nixon - Live Rehearsal Demo,7,False,4,3,2uH0RyPcX7fnCcT90HFDQX,Manic Street Preachers,4TFO0RX3VGM2pdXyjjcAUW,Lifeblood 20,2024-04-12,album,0.512,0.81,7,-3.337,0,0.035,0.00261,0.00151,0.11,0.362,130.481,4,238819
2lSOYAU0o72jqTEYb0Oytr,A Song for Departure - Demo,7,False,5,3,2uH0RyPcX7fnCcT90HFDQX,Manic Street Preachers,4TFO0RX3VGM2pdXyjjcAUW,Lifeblood 20,2024-04-12,album,0.628,0.754,1,-5.225,0,0.0321,0.000701,0.113,0.0816,0.821,122.956,4,257787
0LSSbXekO1xKwF37C3Z9o3,I Live to Fall Asleep - Cassette Demo,6,False,6,3,2uH0RyPcX7fnCcT90HFDQX,Manic Street Preachers,4TFO0RX3VGM2pdXyjjcAUW,Lifeblood 20,2024-04-12,album,0.564,0.599,5,-7.311,1,0.0296,0.986,0.875,0.247,0.607,93.963,4,184716
4e95DftJT5QQACCXbKPiXz,To Repel Ghosts - Demo,6,False,7,3,2uH0RyPcX7fnCcT90HFDQX,Manic Street Preachers,4TFO0RX3VGM2pdXyjjcAUW,Lifeblood 20,2024-04-12,album,0.419,0.96,0,-3.167,0,0.0413,0.0022,0.195,0.356,0.496,136.472,1,218778
5ZQu0ZmOLzefQxjqxgrRap,Emily - Demo,6,False,8,3,2uH0RyPcX7fnCcT90HFDQX,Manic Street Preachers,4TFO0RX3VGM2pdXyjjcAUW,Lifeblood 20,2024-04-12,album,0.565,0.742,7,-5.843,0,0.0274,0.133,0.000236,0.277,0.352,134.888,4,214158
7cLycS6wCb6b8r4yN5osi4,Solitude Sometimes Is - Demo,6,False,9,3,2uH0RyPcX7fnCcT90HFDQX,Manic Street Preachers,4TFO0RX3VGM2pdXyjjcAUW,Lifeblood 20,2024-04-12,album,0.439,0.805,9,-3.252,1,0.0276,0.0757,5.39e-05,0.117,0.256,96.054,4,187551
0UbY0u6l1CnkMhxK7dNjQv,Fragments - Demo,5,False,10,3,2uH0RyPcX7fnCcT90HFDQX,Manic Street Preachers,4TFO0RX3VGM2pdXyjjcAUW,Lifeblood 20,2024-04-12,album,0.492,0.671,5,-9.271,0,0.0487,0.0198,0.0526,0.111,0.35,120.819,3,272711
0tyHY8RoNmwoPbLJ9fwGrB,Cardiff Afterlife - Cassette Demo,5,False,11,3,2uH0RyPcX7fnCcT90HFDQX,Manic Street Preachers,4TFO0RX3VGM2pdXyjjcAUW,Lifeblood 20,2024-04-12,album,0.461,0.608,9,-8.207,0,0.0334,0.983,0.427,0.197,0.64,132.792,3,243310
4EZkxiaQ5ZtRupY5HzrTGJ,Cardiff Afterlife - Demo,5,False,12,3,2uH0RyPcX7fnCcT90HFDQX,Manic Street Preachers,4TFO0RX3VGM2pdXyjjcAUW,Lifeblood 20,2024-04-12,album,0.525,0.844,11,-4.333,0,0.0331,0.0782,0.00367,0.105,0.394,131.004,4,234915
3HCT50BQKPmpUEWxGxlLNv,Solitude Sometimes Is - Tony Visconti Mix,6,False,13,3,2uH0RyPcX7fnCcT90HFDQX,Manic Street Preachers,4TFO0RX3VGM2pdXyjjcAUW,Lifeblood 20,2024-04-12,album,0.597,0.844,9,-3.32,1,0.0237,0.0174,0.0,0.109,0.393,96.275,4,210777
4sRnlShFVmUrbt2t4JYPlp,Emily - Tony Visconti Mix,6,False,14,3,2uH0RyPcX7fnCcT90HFDQX,Manic Street Preachers,4TFO0RX3VGM2pdXyjjcAUW,Lifeblood 20,2024-04-12,album,0.602,0.752,7,-3.426,0,0.029,0.0719,0.00106,0.0828,0.444,132.273,4,219751
0DaXyLShlIJyAahE6HGL9Y,Cardiff Afterlife - Tony Visconti Mix,5,False,15,3,2uH0RyPcX7fnCcT90HFDQX,Manic Street Preachers,4TFO0RX3VGM2pdXyjjcAUW,Lifeblood 20,2024-04-12,album,0.547,0.862,9,-3.357,0,0.0286,0.0213,1.18e-05,0.144,0.602,129.124,4,225754
0iFcVX6AIdQkwLtPUI0HsA,Empty Souls - Live at BBC Maida Vale,6,False,16,3,2uH0RyPcX7fnCcT90HFDQX,Manic Street Preachers,4TFO0RX3VGM2pdXyjjcAUW,Lifeblood 20,2024-04-12,album,0.506,0.867,9,-3.374,1,0.0312,0.00872,0.00399,0.579,0.357,130.128,4,255539
44ImdODc2A9ge4N0sxxF4w,The Love of Richard Nixon - Live at BBC Maida Vale,6,False,17,3,2uH0RyPcX7fnCcT90HFDQX,Manic Street Preachers,4TFO0RX3VGM2pdXyjjcAUW,Lifeblood 20,2024-04-12,album,0.478,0.871,9,-4.269,1,0.0391,0.12,0.00839,0.294,0.623,130.033,4,227765
5LBXEhgGrU8kb08ePCar3A,I Live to Fall Asleep - Live at BBC Maida Vale,6,False,18,3,2uH0RyPcX7fnCcT90HFDQX,Manic Street Preachers,4TFO0RX3VGM2pdXyjjcAUW,Lifeblood 20,2024-04-12,album,0.634,0.636,5,-6.1,1,0.0266,0.303,0.00037,0.12,0.371,103.021,4,248157
2IcUyqJeVmxcjzveksqlt9,A Song for Departure - Live at BBC Maida Vale,6,False,19,3,2uH0RyPcX7fnCcT90HFDQX,Manic Street Preachers,4TFO0RX3VGM2pdXyjjcAUW,Lifeblood 20,2024-04-12,album,0.549,0.668,1,-5.797,0,0.0297,0.0448,0.022,0.675,0.652,122.982,4,260361
7qCwpXkzlZzAnHFAzpytXn,Fragments - Live at BBC Maida Vale,5,False,20,3,2uH0RyPcX7fnCcT90HFDQX,Manic Street Preachers,4TFO0RX3VGM2pdXyjjcAUW,Lifeblood 20,2024-04-12,album,0.557,0.649,5,-8.25,1,0.0476,0.11,0.0383,0.922,0.379,120.072,3,255995
0TT376pWsGUSXtjTm8lAiN,Borderline,0,False,1,1,2uH0RyPcX7fnCcT90HFDQX,Manic Street Preachers,52x10xMUzYToEITtTHUUwq,Covers,2022-06-30,album,0.635,0.857,2,-4.699,1,0.0371,0.00324,0.015,0.236,0.66,119.971,4,248832
6OXo4ylgOZvfptJxlsrXuG,Jeans Not Happening (feat. Finlay George),0,False,2,1,2uH0RyPcX7fnCcT90HFDQX,Manic Street Preachers,52x10xMUzYToEITtTHUUwq,Covers,2022-06-30,album,0.458,0.864,9,-4.798,1,0.042,0.000313,3.52e-05,0.165,0.652,135.341,4,242135
3G6ifRHV1Zj9skhIZsopJ0,(Feels Like) Heaven - Live at the BBC,0,False,3,1,2uH0RyPcX7fnCcT90HFDQX,Manic Street Preachers,52x10xMUzYToEITtTHUUwq,Covers,2022-06-30,album,0.469,0.85,2,-5.379,1,0.0394,3.61e-05,0.000184,0.192,0.646,115.969,4,255413
1H6Hcbqorv9MNIkblKP6Db,Pennyroyal Tea - Live at the BBC,0,False,4,1,2uH0RyPcX7fnCcT90HFDQX,Manic Street Preachers,52x10xMUzYToEITtTHUUwq,Covers,2022-06-30,album,0.402,0.641,2,-11.296,0,0.0353,1.52e-05,0.0056,0.113,0.359,120.847,4,196876
1u8n4Xjv9LEbNx7fu1x7xK,Let's Stay Together - Live at the BBC,0,False,5,1,2uH0RyPcX7fnCcT90HFDQX,Manic Street Preachers,52x10xMUzYToEITtTHUUwq,Covers,2022-06-30,album,0.672,0.168,5,-13.409,1,0.0536,0.626,0.0,0.135,0.41,111.522,4,164537
7h06za15SUtHIBVlPoNgI5,Vision Blurred,0,False,6,1,2uH0RyPcX7fnCcT90HFDQX,Manic Street Preachers,52x10xMUzYToEITtTHUUwq,Covers,2022-06-30,album,0.456,0.876,9,-10.165,1,0.0494,4.68e-06,0.278,0.369,0.626,134.941,4,179427
7hzkAU5CpWeRy6GVsl6w4c,Wake Up Alone,0,False,7,1,2uH0RyPcX7fnCcT90HFDQX,Manic Street Preachers,52x10xMUzYToEITtTHUUwq,Covers,2022-06-30,album,0.384,0.54,7,-11.415,1,0.0342,0.0134,0.00295,0.0822,0.522,205.05,3,216000
58nlkVmrhxNoPRufPAbExf,Bright Eyes - Full Band Version,0,False,8,1,2uH0RyPcX7fnCcT90HFDQX,Manic Street Preachers,52x10xMUzYToEITtTHUUwq,Covers,2022-06-30,album,0.328,0.64,7,-7.923,1,0.0388,0.0222,0.0454,0.216,0.387,135.968,4,209830
2LFWdkkMSa1GOEv0n2xjaV,In Between Days - Live at the BBC,0,False,9,1,2uH0RyPcX7fnCcT90HFDQX,Manic Street Preachers,52x10xMUzYToEITtTHUUwq,Covers,2022-06-30,album,0.658,0.46,5,-12.211,1,0.0315,0.00334,5.9e-06,0.7,0.819,142.063,4,137941
0gozmRFhU5lFbGN5Yx6as7,Sweet Child O' Mine - Live at Cardiff Castle,0,False,10,1,2uH0RyPcX7fnCcT90HFDQX,Manic Street Preachers,52x10xMUzYToEITtTHUUwq,Covers,2022-06-30,album,0.202,0.854,1,-8.534,0,0.0972,6.99e-05,0.000872,0.431,0.34,134.825,4,372445
7GPO8qDbNB7YZ84KDMOA6T,All or Nothing - Live at the BBC,0,False,11,1,2uH0RyPcX7fnCcT90HFDQX,Manic Street Preachers,52x10xMUzYToEITtTHUUwq,Covers,2022-06-30,album,0.708,0.479,2,-10.009,1,0.028,0.0713,2.4e-06,0.296,0.503,107.702,4,213420
7eAlfNgptVQJk9cdysPyn9,Bring on the Dancing Horses - Live at the BBC,0,False,12,1,2uH0RyPcX7fnCcT90HFDQX,Manic Street Preachers,52x10xMUzYToEITtTHUUwq,Covers,2022-06-30,album,0.504,0.817,2,-9.608,1,0.0491,0.00023,0.00531,0.97,0.443,119.975,4,225728
31W1QpMWCx1mk3VnD4znK5,Under My Wheels - Live at the BBC,0,False,13,1,2uH0RyPcX7fnCcT90HFDQX,Manic Street Preachers,52x10xMUzYToEITtTHUUwq,Covers,2022-06-30,album,0.385,0.9,9,-7.891,0,0.0443,0.000357,0.365,0.06,0.446,152.581,4,179916
6kwXifajj7jcBtz8o8sbiJ,The Instrumental,0,False,14,1,2uH0RyPcX7fnCcT90HFDQX,Manic Street Preachers,52x10xMUzYToEITtTHUUwq,Covers,2022-06-30,album,0.503,0.826,10,-6.132,1,0.0403,9.17e-05,0.189,0.101,0.478,128.004,4,202653
1KLqCBNYCC4rWEDL29zQdx,Summer Wind - Live at the BBC,0,False,15,1,2uH0RyPcX7fnCcT90HFDQX,Manic Street Preachers,52x10xMUzYToEITtTHUUwq,Covers,2022-06-30,album,0.601,0.249,2,-17.509,1,0.0504,0.449,0.000758,0.125,0.263,127.269,4,115840
6w7YwZd8aIhtM5i5kGkBpA,Still Snowing in Sapporo,24,False,1,1,2uH0RyPcX7fnCcT90HFDQX,Manic Street Preachers,3eFFfYM3KHrxhq09LDFUiG,The Ultra Vivid Lament (Deluxe Edition),2021-09-10,album,0.45,0.673,2,-7.788,1,0.0433,0.0705,0.00077,0.11,0.148,140.05,4,369373
2mR3Nj2hZQFDBHxBEVgC0G,Orwellian,26,False,2,1,2uH0RyPcX7fnCcT90HFDQX,Manic Street Preachers,3eFFfYM3KHrxhq09LDFUiG,The Ultra Vivid Lament (Deluxe Edition),2021-09-10,album,0.542,0.888,0,-6.32,1,0.0447,0.0273,0.000337,0.136,0.755,130.006,4,229027
7erZJvcIScx2irHRG0DGgU,The Secret He Had Missed (feat. Julia Cumming),27,False,3,1,2uH0RyPcX7fnCcT90HFDQX,Manic Street Preachers,3eFFfYM3KHrxhq09LDFUiG,The Ultra Vivid Lament (Deluxe Edition),2021-09-10,album,0.517,0.886,11,-6.109,0,0.0555,0.155,0.0,0.169,0.549,135.965,4,219227
0hR8P024Nv2VLzaPYxbqLu,Quest for Ancient Colour,18,False,4,1,2uH0RyPcX7fnCcT90HFDQX,Manic Street Preachers,3eFFfYM3KHrxhq09LDFUiG,The Ultra Vivid Lament (Deluxe Edition),2021-09-10,album,0.372,0.739,4,-5.906,1,0.0363,0.14,0.00193,0.345,0.437,129.142,4,248333
5KaJebyKlqaPW2lbFIwIh7,Don't Let the Night Divide Us,17,False,5,1,2uH0RyPcX7fnCcT90HFDQX,Manic Street Preachers,3eFFfYM3KHrxhq09LDFUiG,The Ultra Vivid Lament (Deluxe Edition),2021-09-10,album,0.362,0.883,9,-5.853,0,0.0466,0.0179,0.0,0.286,0.837,145.672,4,222573
6zOEtd1gIT1eUbIFsMCv2I,Diapause,18,False,6,1,2uH0RyPcX7fnCcT90HFDQX,Manic Street Preachers,3eFFfYM3KHrxhq09LDFUiG,The Ultra Vivid Lament (Deluxe Edition),2021-09-10,album,0.354,0.741,4,-6.957,0,0.0443,0.503,0.00625,0.0914,0.45,125.722,4,299533
0UTZ30MXMWQL2Ep63OMUA1,Complicated Illusions,23,False,7,1,2uH0RyPcX7fnCcT90HFDQX,Manic Street Preachers,3eFFfYM3KHrxhq09LDFUiG,The Ultra Vivid Lament (Deluxe Edition),2021-09-10,album,0.503,0.726,4,-6.577,1,0.0328,0.188,5.32e-05,0.122,0.628,103.206,4,203067
7nVqV64c1ngFEuPULkvpaO,Into the Waves of Love,15,False,8,1,2uH0RyPcX7fnCcT90HFDQX,Manic Street Preachers,3eFFfYM3KHrxhq09LDFUiG,The Ultra Vivid Lament (Deluxe Edition),2021-09-10,album,0.484,0.906,7,-6.191,1,0.0462,0.0484,0.000244,0.272,0.638,145.987,4,190400
4Ikhty5uTx9x0QPK65f0OJ,Blank Diary Entry (feat. Mark Lanegan),16,False,9,1,2uH0RyPcX7fnCcT90HFDQX,Manic Street Preachers,3eFFfYM3KHrxhq09LDFUiG,The Ultra Vivid Lament (Deluxe Edition),2021-09-10,album,0.545,0.675,0,-8.493,1,0.0373,0.184,0.00127,0.132,0.301,115.031,4,278267
6EsAUR1eSqWwba3qOcZ3Z8,Happy Bored Alone,15,False,10,1,2uH0RyPcX7fnCcT90HFDQX,Manic Street Preachers,3eFFfYM3KHrxhq09LDFUiG,The Ultra Vivid Lament (Deluxe Edition),2021-09-10,album,0.606,0.791,4,-5.718,1,0.0293,0.0644,0.000664,0.225,0.512,117.01,4,189760
2cxTSjz3dYxI8GJ9ny658G,Afterending,19,False,11,1,2uH0RyPcX7fnCcT90HFDQX,Manic Street Preachers,3eFFfYM3KHrxhq09LDFUiG,The Ultra Vivid Lament (Deluxe Edition),2021-09-10,album,0.535,0.721,4,-6.526,1,0.0331,0.059,6.6e-05,0.308,0.595,88.019,4,234147
4YlQRpo1Q7vXJTzOJWJQSZ,Still Snowing in Sapporo - Demo,12,False,1,2,2uH0RyPcX7fnCcT90HFDQX,Manic Street Preachers,3eFFfYM3KHrxhq09LDFUiG,The Ultra Vivid Lament (Deluxe Edition),2021-09-10,album,0.721,0.319,2,-10.173,1,0.0544,0.551,2.02e-06,0.157,0.179,139.888,4,315547
0UKmUHL4wYz3UN1tfmt1ji,Orwellian - Demo,8,False,2,2,2uH0RyPcX7fnCcT90HFDQX,Manic Street Preachers,3eFFfYM3KHrxhq09LDFUiG,The Ultra Vivid Lament (Deluxe Edition),2021-09-10,album,0.68,0.84,0,-7.79,1,0.03,0.0,0.04,0.15,0.91,130.0,4,229000
3JiKRDh2jBxW8KEaaLmcZR,The Secret He Had Missed - Demo,10,False,3,2,2uH0RyPcX7fnCcT90HFDQX,Manic Street Preachers,3eFFfYM3KHrxhq09LDFUiG,The Ultra Vivid Lament (Deluxe Edition),2021-09-10,album,0.64,0.76,11,-6.94,0,0.03,0.04,0.0,0.25,0.75,135.95,4,219000
5U8pmShgf3UmuEsukkwmEe,Quest for Ancient Colour - Demo,8,False,4,2,2uH0RyPcX7fnCcT90HFDQX,Manic Street Preachers,3eFFfYM3KHrxhq09LDFUiG,The Ultra Vivid Lament (Deluxe Edition),2021-09-10,album,0.4,0.35,4,-11.63,1,0.04,0.92,0.0,0.3,0.15,135.29,4,221000
1wVzSYY9pJuvPHXrQpudvv,Don't Let the Night Divide Us - Nicky Wire Home Demo,6,False,5,2,2uH0RyPcX7fnCcT90HFDQX,Manic Street Preachers,3eFFfYM3KHrxhq09LDFUiG,The Ultra Vivid Lament (Deluxe Edition),2021-09-10,album,0.68,0.28,9,-15.98,1,0.19,0.96,0.79,0.34,0.55,133.04,4,65000
56lfwc0FcleuJwecOS0ZM0,Don't Let the Night Divide Us - Demo,7,False,6,2,2uH0RyPcX7fnCcT90HFDQX,Manic Street Preachers,3eFFfYM3KHrxhq09LDFUiG,The Ultra Vivid Lament (Deluxe Edition),2021-09-10,album,0.43,0.75,0,-5.42,1,0.04,0.07,0.0,0.09,0.67,148.68,4,219000
0G2UqZQtqzftpR20GM76h5,Diapause - Demo,7,False,7,2,2uH0RyPcX7fnCcT90HFDQX,Manic Street Preachers,3eFFfYM3KHrxhq09LDFUiG,The Ultra Vivid Lament (Deluxe Edition),2021-09-10,album,0.45,0.66,4,-8.11,0,0.04,0.77,0.0,0.11,0.38,125.62,4,302000
7txeyJoTWCbJ3pUcl8Ng8o,Complicated Illusions - Nicky Wire Home Demo,6,False,8,2,2uH0RyPcX7fnCcT90HFDQX,Manic Street Preachers,3eFFfYM3KHrxhq09LDFUiG,The Ultra Vivid Lament (Deluxe Edition),2021-09-10,album,0.78,0.15,9,-17.06,1,0.07,0.76,0.0,0.12,0.4,109.91,4,79000
42IHRsAJeGNk9O3CezmXiD,Complicated Illusions - Demo,8,False,9,2,2uH0RyPcX7fnCcT90HFDQX,Manic Street Preachers,3eFFfYM3KHrxhq09LDFUiG,The Ultra Vivid Lament (Deluxe Edition),2021-09-10,album,0.47,0.37,4,-9.64,1,0.08,0.79,0.0,0.09,0.19,203.08,4,190000
3sGzqDTz0XC5pgVK9M3QgE,Into the Waves of Love - Demo,5,False,10,2,2uH0RyPcX7fnCcT90HFDQX,Manic Street Preachers,3eFFfYM3KHrxhq09LDFUiG,The Ultra Vivid Lament (Deluxe Edition),2021-09-10,album,0.51,0.71,7,-7.79,1,0.05,0.01,0.0,0.24,0.61,146.0,4,190000
48dJm0DYnMh3OKyXc0Wpw6,Happy Bored Alone - Demo,5,False,12,2,2uH0RyPcX7fnCcT90HFDQX,Manic Street Preachers,3eFFfYM3KHrxhq09LDFUiG,The Ultra Vivid Lament (Deluxe Edition),2021-09-10,album,0.67,0.69,11,-8.82,0,0.03,0.01,0.19,0.11,0.47,116.99,4,197000
57vI2SD3f2usAmmqccBcRc,Afterending - Demo,5,False,13,2,2uH0RyPcX7fnCcT90HFDQX,Manic Street Preachers,3eFFfYM3KHrxhq09LDFUiG,The Ultra Vivid Lament (Deluxe Edition),2021-09-10,album,0.48,0.35,4,-10.34,1,0.06,0.5,0.0,0.17,0.35,81.32,4,243000
3m1mtCPiqFD1LMFcJVutnE,Still Snowing in Sapporo (Demo),1,False,12,1,2uH0RyPcX7fnCcT90HFDQX,Manic Street Preachers,0DKpbNqHU9FDvs6YlQxlwZ,The Ultra Vivid Lament,2021-09-10,album,0.717,0.286,2,-11.485,1,0.0581,0.55,1.22e-06,0.218,0.215,139.906,4,314547
0lZxyhnpom5ZMlDzwK5lqS,Orwellian (Demo),0,False,13,1,2uH0RyPcX7fnCcT90HFDQX,Manic Street Preachers,0DKpbNqHU9FDvs6YlQxlwZ,The Ultra Vivid Lament,2021-09-10,album,0.678,0.841,0,-7.789,1,0.03,0.0009,0.0368,0.154,0.911,129.995,4,229227
0iQjgLFj8STmhDobFrey8A,The Secret He Had Missed (Demo),0,False,14,1,2uH0RyPcX7fnCcT90HFDQX,Manic Street Preachers,0DKpbNqHU9FDvs6YlQxlwZ,The Ultra Vivid Lament,2021-09-10,album,0.638,0.759,11,-6.942,0,0.0299,0.0412,0.000511,0.249,0.746,135.952,4,219227
59vX6IQ4aorduOgMR0gZ2G,Quest for Ancient Colour (Demo),0,False,15,1,2uH0RyPcX7fnCcT90HFDQX,Manic Street Preachers,0DKpbNqHU9FDvs6YlQxlwZ,The Ultra Vivid Lament,2021-09-10,album,0.396,0.348,4,-11.634,1,0.0416,0.922,6.24e-06,0.299,0.153,135.288,4,221547
01s1p7r2pLGFXlukODpdJC,Don't Let the Night Divide Us (Demo),0,False,16,1,2uH0RyPcX7fnCcT90HFDQX,Manic Street Preachers,0DKpbNqHU9FDvs6YlQxlwZ,The Ultra Vivid Lament,2021-09-10,album,0.681,0.257,9,-17.433,1,0.13,0.957,0.903,0.321,0.537,133.06,4,65933
6pa1qGtrhE2nmNVqUbotkc,Don't Let the Night Divide Us (Nicky Wire Demo),0,False,17,1,2uH0RyPcX7fnCcT90HFDQX,Manic Street Preachers,0DKpbNqHU9FDvs6YlQxlwZ,The Ultra Vivid Lament,2021-09-10,album,0.437,0.709,0,-6.789,1,0.0352,0.0691,1.32e-06,0.0975,0.681,147.884,4,219640
02XpaDllpdG8tRk1J3NFot,Diapause (Demo),0,False,18,1,2uH0RyPcX7fnCcT90HFDQX,Manic Street Preachers,0DKpbNqHU9FDvs6YlQxlwZ,The Ultra Vivid Lament,2021-09-10,album,0.451,0.655,4,-8.107,0,0.0424,0.772,1.08e-06,0.105,0.383,125.615,4,302413
6oofIdnUSdBBe4TAg0dfqr,Complicated Illusions (Nicky Wire Home Demo),0,False,19,1,2uH0RyPcX7fnCcT90HFDQX,Manic Street Preachers,0DKpbNqHU9FDvs6YlQxlwZ,The Ultra Vivid Lament,2021-09-10,album,0.781,0.145,9,-17.057,1,0.0725,0.764,1.82e-06,0.119,0.399,109.905,4,79760
4U54cdF9BqtgzbONPUzIll,Complicated Illusions (Demo),0,False,20,1,2uH0RyPcX7fnCcT90HFDQX,Manic Street Preachers,0DKpbNqHU9FDvs6YlQxlwZ,The Ultra Vivid Lament,2021-09-10,album,0.465,0.367,4,-9.639,1,0.0826,0.794,0.0,0.0882,0.19,203.081,4,190440
4Aedln5LejkW0qAmxRR1pC,Into the Waves of Love (Demo),0,False,21,1,2uH0RyPcX7fnCcT90HFDQX,Manic Street Preachers,0DKpbNqHU9FDvs6YlQxlwZ,The Ultra Vivid Lament,2021-09-10,album,0.508,0.714,7,-7.789,1,0.0475,0.0089,0.00176,0.244,0.613,146.003,4,190893
7vrFhnR6wISO1v0gu8hLvJ,Happy Bored Alone (Demo),0,False,23,1,2uH0RyPcX7fnCcT90HFDQX,Manic Street Preachers,0DKpbNqHU9FDvs6YlQxlwZ,The Ultra Vivid Lament,2021-09-10,album,0.669,0.688,11,-8.815,0,0.0256,0.0053,0.185,0.106,0.47,116.993,4,197333
0qwFP3sfrk7XmPr5AcVEo7,Afterending (Demo),0,False,24,1,2uH0RyPcX7fnCcT90HFDQX,Manic Street Preachers,0DKpbNqHU9FDvs6YlQxlwZ,The Ultra Vivid Lament,2021-09-10,album,0.479,0.353,4,-10.338,1,0.0628,0.501,1.36e-05,0.174,0.354,81.319,4,243453
2y2kSfDtBYoYdMMOhoy2Zq,La Tristesse Durera (Scream to a Sigh) - Chemical Brothers Vocal Remix,7,False,34,1,2uH0RyPcX7fnCcT90HFDQX,Manic Street Preachers,4QIAEm87hloNTUrYecuGQF,Gold Against the Soul (Remastered),2020-06-12,album,0.182,0.969,7,-2.627,1,0.209,0.00313,0.0872,0.268,0.21,97.987,4,392680
5QlSDN8DYZyyXqxaTD44q9,People Give In,25,False,1,1,2uH0RyPcX7fnCcT90HFDQX,Manic Street Preachers,1R2rsEUqXjIvAbzM0yHrxA,Resistance Is Futile (Deluxe),2018-04-13,album,0.55,0.78,9,-4.815,1,0.0263,0.00178,1.82e-05,0.144,0.395,85.002,4,234720
2CidLT03RN3OlKUOsmAFWI,International Blue,30,False,2,1,2uH0RyPcX7fnCcT90HFDQX,Manic Street Preachers,1R2rsEUqXjIvAbzM0yHrxA,Resistance Is Futile (Deluxe),2018-04-13,album,0.45,0.972,5,-2.948,1,0.0699,3.19e-05,0.0376,0.0717,0.322,136.885,4,232147
5CJtUf5X5HyEWMinEamzMh,Distant Colours,22,False,3,1,2uH0RyPcX7fnCcT90HFDQX,Manic Street Preachers,1R2rsEUqXjIvAbzM0yHrxA,Resistance Is Futile (Deluxe),2018-04-13,album,0.504,0.921,6,-3.365,0,0.0647,0.0166,0.0,0.339,0.667,128.442,4,209827
0tmCDvWM6SWYUUJlcuwNC0,Vivian,17,False,4,1,2uH0RyPcX7fnCcT90HFDQX,Manic Street Preachers,1R2rsEUqXjIvAbzM0yHrxA,Resistance Is Futile (Deluxe),2018-04-13,album,0.513,0.821,8,-5.695,1,0.0486,0.00392,3.15e-05,0.0748,0.42,142.028,4,255027
6aNfYYdAmc60g8ap7LnSwb,Dylan & Caitlin (feat. The Anchoress),18,False,5,1,2uH0RyPcX7fnCcT90HFDQX,Manic Street Preachers,1R2rsEUqXjIvAbzM0yHrxA,Resistance Is Futile (Deluxe),2018-04-13,album,0.575,0.805,2,-4.642,1,0.0324,0.0174,0.0,0.0844,0.375,130.074,4,233827
1sa2Rqltz5h1bcu6xf6rjP,Liverpool Revisited,17,False,6,1,2uH0RyPcX7fnCcT90HFDQX,Manic Street Preachers,1R2rsEUqXjIvAbzM0yHrxA,Resistance Is Futile (Deluxe),2018-04-13,album,0.487,0.899,0,-2.73,1,0.0524,0.00021,0.00016,0.0988,0.634,117.346,4,151387
4lzWTOY4MTbjX9BtgIX4uW,Hold Me Like a Heaven,22,False,8,1,2uH0RyPcX7fnCcT90HFDQX,Manic Street Preachers,1R2rsEUqXjIvAbzM0yHrxA,Resistance Is Futile (Deluxe),2018-04-13,album,0.419,0.828,11,-4.289,1,0.0482,0.0236,0.0,0.357,0.581,177.982,4,258240
1520TkLpt2sWzlpEc94QzL,In Eternity,15,False,9,1,2uH0RyPcX7fnCcT90HFDQX,Manic Street Preachers,1R2rsEUqXjIvAbzM0yHrxA,Resistance Is Futile (Deluxe),2018-04-13,album,0.454,0.922,2,-3.693,1,0.0675,0.000227,0.000855,0.0973,0.378,127.996,4,256613
5b9YSKSrKm1Nt1yI32lkOe,Broken Algorithms,13,False,10,1,2uH0RyPcX7fnCcT90HFDQX,Manic Street Preachers,1R2rsEUqXjIvAbzM0yHrxA,Resistance Is Futile (Deluxe),2018-04-13,album,0.447,0.975,4,-4.036,1,0.0846,3.77e-05,0.00385,0.0901,0.558,162.919,4,232560
3k9P2F9tGoHJU2HKRYTKuh,A Song for the Sadness,14,False,11,1,2uH0RyPcX7fnCcT90HFDQX,Manic Street Preachers,1R2rsEUqXjIvAbzM0yHrxA,Resistance Is Futile (Deluxe),2018-04-13,album,0.47,0.961,0,-3.312,1,0.0702,0.0232,1.37e-05,0.672,0.249,132.026,4,260840
0sFIeuoEaPayvOKN6eP4E8,The Left Behind,13,False,12,1,2uH0RyPcX7fnCcT90HFDQX,Manic Street Preachers,1R2rsEUqXjIvAbzM0yHrxA,Resistance Is Futile (Deluxe),2018-04-13,album,0.504,0.678,6,-5.978,0,0.028,0.0126,4.52e-05,0.15,0.587,167.989,4,188360
4RrjA856OarKygzqJv62bu,People Give In - Demo,9,False,1,2,2uH0RyPcX7fnCcT90HFDQX,Manic Street Preachers,1R2rsEUqXjIvAbzM0yHrxA,Resistance Is Futile (Deluxe),2018-04-13,album,0.655,0.695,9,-4.419,1,0.0367,0.296,2.82e-05,0.352,0.53,84.996,4,233080
1Ir8IQh849vjb9vK86fZbX,International Blue - Demo,9,False,2,2,2uH0RyPcX7fnCcT90HFDQX,Manic Street Preachers,1R2rsEUqXjIvAbzM0yHrxA,Resistance Is Futile (Deluxe),2018-04-13,album,0.579,0.93,5,-4.501,1,0.0411,0.000344,0.00661,0.352,0.686,136.96,4,235733
0bysGnGGcEUCv9mZC0wZ6O,Distant Colours - Demo,8,False,3,2,2uH0RyPcX7fnCcT90HFDQX,Manic Street Preachers,1R2rsEUqXjIvAbzM0yHrxA,Resistance Is Futile (Deluxe),2018-04-13,album,0.721,0.361,4,-7.031,1,0.0317,0.734,0.0,0.121,0.434,127.197,4,222747
6MM9AON8pK3I3XNUQFDmjh,Vivian - Demo,8,False,4,2,2uH0RyPcX7fnCcT90HFDQX,Manic Street Preachers,1R2rsEUqXjIvAbzM0yHrxA,Resistance Is Futile (Deluxe),2018-04-13,album,0.576,0.651,5,-6.418,0,0.0446,0.0213,2.67e-06,0.113,0.225,141.994,4,268507
21RjtumDlikQQlVr0ewVME,Dylan & Caitlin - Demo,8,False,5,2,2uH0RyPcX7fnCcT90HFDQX,Manic Street Preachers,1R2rsEUqXjIvAbzM0yHrxA,Resistance Is Futile (Deluxe),2018-04-13,album,0.492,0.463,2,-4.252,1,0.0287,0.473,1.57e-05,0.0963,0.33,86.053,5,224400
2PqXdQJHsRMPj7foVUBlXH,Liverpool Revisited - Demo,6,False,6,2,2uH0RyPcX7fnCcT90HFDQX,Manic Street Preachers,1R2rsEUqXjIvAbzM0yHrxA,Resistance Is Futile (Deluxe),2018-04-13,album,0.562,0.593,9,-3.765,0,0.0308,0.557,0.0,0.112,0.439,115.263,4,153493
3NwXJxBR0wru6atcpRhQSM,Sequels of Forgotten Wars - Demo,7,False,7,2,2uH0RyPcX7fnCcT90HFDQX,Manic Street Preachers,1R2rsEUqXjIvAbzM0yHrxA,Resistance Is Futile (Deluxe),2018-04-13,album,0.672,0.79,11,-5.445,0,0.0376,0.0145,0.000882,0.104,0.477,141.887,4,258360
5HjQ3c8kwQGuR1sP3V8qIh,Hold Me Like a Heaven - Demo,7,False,8,2,2uH0RyPcX7fnCcT90HFDQX,Manic Street Preachers,1R2rsEUqXjIvAbzM0yHrxA,Resistance Is Futile (Deluxe),2018-04-13,album,0.552,0.843,11,-4.026,1,0.0413,0.0589,0.000111,0.333,0.608,88.982,4,258400
48MgLdKCD13HyX8ruZof5P,In Eternity - Demo,6,False,9,2,2uH0RyPcX7fnCcT90HFDQX,Manic Street Preachers,1R2rsEUqXjIvAbzM0yHrxA,Resistance Is Futile (Deluxe),2018-04-13,album,0.497,0.848,2,-5.154,1,0.0418,0.000295,0.0237,0.344,0.453,127.963,4,259200
0VUVTANltZt5a7CwlsDPhm,Broken Algorithms - Demo,6,False,10,2,2uH0RyPcX7fnCcT90HFDQX,Manic Street Preachers,1R2rsEUqXjIvAbzM0yHrxA,Resistance Is Futile (Deluxe),2018-04-13,album,0.583,0.618,4,-6.929,1,0.0319,0.664,6.15e-06,0.376,0.564,81.327,4,240013
6gOkIQrXoqAUVU2KsJnIqa,A Song for the Sadness - Demo,6,False,11,2,2uH0RyPcX7fnCcT90HFDQX,Manic Street Preachers,1R2rsEUqXjIvAbzM0yHrxA,Resistance Is Futile (Deluxe),2018-04-13,album,0.555,0.623,0,-3.192,1,0.0279,0.394,0.00033,0.0994,0.287,129.887,4,278720
6fkvwCUElTexyenOkAG77e,The Left Behind - Demo,5,False,12,2,2uH0RyPcX7fnCcT90HFDQX,Manic Street Preachers,1R2rsEUqXjIvAbzM0yHrxA,Resistance Is Futile (Deluxe),2018-04-13,album,0.341,0.641,6,-7.405,0,0.038,0.601,3.12e-05,0.308,0.377,167.918,4,180040
4FAVQ9m5XjXhJy7SjNsWRZ,People Give In,1,False,1,1,2uH0RyPcX7fnCcT90HFDQX,Manic Street Preachers,3YIxCobTpZ7Hh7sNAHBw1M,Resistance is Futile (Deluxe Version),2018-04-13,album,0.552,0.745,9,-5.738,1,0.0261,0.0022,2.11e-05,0.141,0.408,84.991,4,234720
68hIAOwMinyQeNnqumGeLl,International Blue,2,False,2,1,2uH0RyPcX7fnCcT90HFDQX,Manic Street Preachers,3YIxCobTpZ7Hh7sNAHBw1M,Resistance is Futile (Deluxe Version),2018-04-13,album,0.451,0.961,5,-3.918,1,0.067,3.04e-05,0.0276,0.0784,0.288,136.826,4,232147
2VG9m3Dt1uOZJCnqrmwVP6,Distant Colours,1,False,3,1,2uH0RyPcX7fnCcT90HFDQX,Manic Street Preachers,3YIxCobTpZ7Hh7sNAHBw1M,Resistance is Futile (Deluxe Version),2018-04-13,album,0.504,0.911,6,-4.321,0,0.0645,0.0184,1.18e-06,0.336,0.67,128.453,4,209827
2GIQG9BU9qdu39sIPq2Hm7,Vivian,0,False,4,1,2uH0RyPcX7fnCcT90HFDQX,Manic Street Preachers,3YIxCobTpZ7Hh7sNAHBw1M,Resistance is Futile (Deluxe Version),2018-04-13,album,0.512,0.792,8,-6.681,1,0.0479,0.00466,2.3e-05,0.0743,0.442,142.008,4,255027
1jGdILRLgdyXALudEMenb4,Dylan & Caitlin,1,False,5,1,2uH0RyPcX7fnCcT90HFDQX,Manic Street Preachers,3YIxCobTpZ7Hh7sNAHBw1M,Resistance is Futile (Deluxe Version),2018-04-13,album,0.575,0.778,2,-5.577,1,0.0317,0.0167,0.0,0.0783,0.379,130.085,4,233827
3K1CiX9jhd8UxkSgGdonzZ,Liverpool Revisited,0,False,6,1,2uH0RyPcX7fnCcT90HFDQX,Manic Street Preachers,3YIxCobTpZ7Hh7sNAHBw1M,Resistance is Futile (Deluxe Version),2018-04-13,album,0.483,0.882,0,-3.664,1,0.0503,0.000199,0.000208,0.108,0.635,117.413,4,151387
1Dk9oQhvBqTVCiEpQFtoJt,Sequals of Forgotten Wars,0,False,7,1,2uH0RyPcX7fnCcT90HFDQX,Manic Street Preachers,3YIxCobTpZ7Hh7sNAHBw1M,Resistance is Futile (Deluxe Version),2018-04-13,album,0.552,0.966,0,-5.571,1,0.0513,0.000105,0.00384,0.247,0.161,142.007,4,261720
5wgJNgOfoBzle2RXEy2J6r,Hold Me Like a Heaven,1,False,8,1,2uH0RyPcX7fnCcT90HFDQX,Manic Street Preachers,3YIxCobTpZ7Hh7sNAHBw1M,Resistance is Futile (Deluxe Version),2018-04-13,album,0.419,0.804,11,-5.244,1,0.0449,0.0201,0.0,0.353,0.588,178.01,4,258240
4Fq96xnThQHyLbD4rFNiOk,In Eternity,0,False,9,1,2uH0RyPcX7fnCcT90HFDQX,Manic Street Preachers,3YIxCobTpZ7Hh7sNAHBw1M,Resistance is Futile (Deluxe Version),2018-04-13,album,0.457,0.909,2,-4.659,1,0.064,0.00019,0.000679,0.11,0.427,128.008,4,256613
20zCV2FWCeFswAZM9H62Uu,Broken Algorithms,0,False,10,1,2uH0RyPcX7fnCcT90HFDQX,Manic Street Preachers,3YIxCobTpZ7Hh7sNAHBw1M,Resistance is Futile (Deluxe Version),2018-04-13,album,0.446,0.97,4,-4.996,1,0.0788,3.37e-05,0.00302,0.0835,0.598,162.915,4,232560
1YsnLO6W28bD3IvwDbj32j,A Song for the Sadness,0,False,11,1,2uH0RyPcX7fnCcT90HFDQX,Manic Street Preachers,3YIxCobTpZ7Hh7sNAHBw1M,Resistance is Futile (Deluxe Version),2018-04-13,album,0.472,0.95,0,-4.286,1,0.0671,0.021,9.31e-06,0.67,0.253,132.025,4,260840
041DTPoM1SK6rsoXcuRCST,The Left Behind,0,False,12,1,2uH0RyPcX7fnCcT90HFDQX,Manic Street Preachers,3YIxCobTpZ7Hh7sNAHBw1M,Resistance is Futile (Deluxe Version),2018-04-13,album,0.507,0.651,6,-6.945,0,0.0287,0.0112,3.35e-05,0.138,0.613,168.004,4,188360
27zJN13ntZoYEM5Rcdf9ju,People Give In - Demo,0,False,1,2,2uH0RyPcX7fnCcT90HFDQX,Manic Street Preachers,3YIxCobTpZ7Hh7sNAHBw1M,Resistance is Futile (Deluxe Version),2018-04-13,album,0.651,0.652,9,-5.465,1,0.0415,0.297,3.02e-05,0.352,0.51,85.024,4,233080
5hYnnyfa8RfpndX034BSl9,International Blue - Demo,0,False,2,2,2uH0RyPcX7fnCcT90HFDQX,Manic Street Preachers,3YIxCobTpZ7Hh7sNAHBw1M,Resistance is Futile (Deluxe Version),2018-04-13,album,0.579,0.913,5,-5.558,1,0.0392,0.000361,0.00447,0.356,0.702,136.961,4,235733
2uorP3XuY6PZCQbs92uFrg,Distant Colours - Demo,0,False,3,2,2uH0RyPcX7fnCcT90HFDQX,Manic Street Preachers,3YIxCobTpZ7Hh7sNAHBw1M,Resistance is Futile (Deluxe Version),2018-04-13,album,0.717,0.336,4,-8.073,1,0.0321,0.739,0.0,0.12,0.444,127.228,4,222747
2M0F3MnaMdVsZj5uIfBPZM,Vivian - Demo,0,False,4,2,2uH0RyPcX7fnCcT90HFDQX,Manic Street Preachers,3YIxCobTpZ7Hh7sNAHBw1M,Resistance is Futile (Deluxe Version),2018-04-13,album,0.571,0.623,5,-7.471,0,0.0472,0.021,3.34e-06,0.114,0.219,141.969,4,268507
0crv4Cri3dafdSsh0mjkZI,Dylan & Caitlin - Demo,0,False,5,2,2uH0RyPcX7fnCcT90HFDQX,Manic Street Preachers,3YIxCobTpZ7Hh7sNAHBw1M,Resistance is Futile (Deluxe Version),2018-04-13,album,0.578,0.445,2,-5.305,1,0.0287,0.481,7.67e-06,0.0869,0.337,130.048,4,224400
1F4aAhccebqBSlrVLTTzZb,Liverpool Revisited - Demo,0,False,6,2,2uH0RyPcX7fnCcT90HFDQX,Manic Street Preachers,3YIxCobTpZ7Hh7sNAHBw1M,Resistance is Futile (Deluxe Version),2018-04-13,album,0.564,0.564,9,-4.827,0,0.0308,0.58,0.0,0.108,0.417,115.265,4,153493
6dKtDjv2aO45fqFsBboNpq,Sequels of Forgotten Wars - Demo,0,False,7,2,2uH0RyPcX7fnCcT90HFDQX,Manic Street Preachers,3YIxCobTpZ7Hh7sNAHBw1M,Resistance is Futile (Deluxe Version),2018-04-13,album,0.672,0.756,11,-6.513,0,0.0384,0.0137,0.00108,0.101,0.468,141.882,4,258360
4wdUgEyxU0S5sNgAgfNZeS,Hold Me Like a Heaven - Demo,4,False,8,2,2uH0RyPcX7fnCcT90HFDQX,Manic Street Preachers,3YIxCobTpZ7Hh7sNAHBw1M,Resistance is Futile (Deluxe Version),2018-04-13,album,0.548,0.814,11,-5.091,1,0.0399,0.0545,0.000123,0.342,0.613,88.988,4,258400
5t7CykCawdFnYzmFFUVMTy,In Eternity - Demo,0,False,9,2,2uH0RyPcX7fnCcT90HFDQX,Manic Street Preachers,3YIxCobTpZ7Hh7sNAHBw1M,Resistance is Futile (Deluxe Version),2018-04-13,album,0.501,0.821,2,-6.184,1,0.0418,0.000235,0.0306,0.331,0.415,127.948,4,259200
4k5wZZw9VIZFSk2tivrBaQ,Broken Algorithms - Demo,0,False,10,2,2uH0RyPcX7fnCcT90HFDQX,Manic Street Preachers,3YIxCobTpZ7Hh7sNAHBw1M,Resistance is Futile (Deluxe Version),2018-04-13,album,0.594,0.592,4,-7.997,1,0.031,0.67,5.15e-06,0.377,0.574,81.332,4,240013
5wK57C2ligjT0NvZEkHcNC,The Left Behind - Demo,0,False,12,2,2uH0RyPcX7fnCcT90HFDQX,Manic Street Preachers,3YIxCobTpZ7Hh7sNAHBw1M,Resistance is Futile (Deluxe Version),2018-04-13,album,0.503,0.602,2,-8.44,1,0.0294,0.575,2.3e-05,0.338,0.399,83.935,4,180040
1tE4Rs20I7xppBalG28w5t,Concrete Fields,0,False,13,2,2uH0RyPcX7fnCcT90HFDQX,Manic Street Preachers,3YIxCobTpZ7Hh7sNAHBw1M,Resistance is Futile (Deluxe Version),2018-04-13,album,0.626,0.934,10,-5.201,1,0.0272,0.00159,0.000751,0.111,0.705,108.025,4,237853
58iyYCEeloxb411Y682K5s,A Soundtrack to Complete Withdrawal,0,False,14,2,2uH0RyPcX7fnCcT90HFDQX,Manic Street Preachers,3YIxCobTpZ7Hh7sNAHBw1M,Resistance is Futile (Deluxe Version),2018-04-13,album,0.549,0.852,4,-6.822,0,0.0296,0.0152,0.00124,0.847,0.686,164.043,4,238653
490kpoTOn2lX31aRv6p4ar,Futurology,15,False,1,1,2uH0RyPcX7fnCcT90HFDQX,Manic Street Preachers,1lGeS8ejAXYtPzgnSv25ZY,Futurology (Deluxe),2014-07-07,album,0.439,0.832,2,-5.542,1,0.0435,0.00187,0.00133,0.151,0.376,138.799,4,185960
6PyXxAbu1V1KgHJXBRVJnC,Walk Me to the Bridge,20,False,2,1,2uH0RyPcX7fnCcT90HFDQX,Manic Street Preachers,1lGeS8ejAXYtPzgnSv25ZY,Futurology (Deluxe),2014-07-07,album,0.541,0.685,2,-6.353,1,0.0484,0.000346,0.015,0.17,0.672,136.174,3,194787
3JYTZj2c0B591fBYtZrPB6,Let's Go to War,13,False,3,1,2uH0RyPcX7fnCcT90HFDQX,Manic Street Preachers,1lGeS8ejAXYtPzgnSv25ZY,Futurology (Deluxe),2014-07-07,album,0.538,0.951,8,-5.191,1,0.112,0.00258,0.01,0.194,0.277,113.748,4,178480
4qG7Uc8wCuVSpKe4pYbVei,The Next Jet to Leave Moscow,13,False,4,1,2uH0RyPcX7fnCcT90HFDQX,Manic Street Preachers,1lGeS8ejAXYtPzgnSv25ZY,Futurology (Deluxe),2014-07-07,album,0.583,0.915,7,-9.087,1,0.0494,0.000931,0.0124,0.0809,0.502,156.075,4,202640
6wUGEyos1NPVb3cdW80uB8,Europa Geht Durch Mich (feat. Nina Hoss),17,False,5,1,2uH0RyPcX7fnCcT90HFDQX,Manic Street Preachers,1lGeS8ejAXYtPzgnSv25ZY,Futurology (Deluxe),2014-07-07,album,0.528,0.888,9,-4.359,1,0.066,0.000939,0.0,0.0742,0.448,134.036,4,204373
6wjlMPQm8fnOUQ139ZIFUh,Divine Youth (feat. Georgia Ruth Williams),11,False,6,1,2uH0RyPcX7fnCcT90HFDQX,Manic Street Preachers,1lGeS8ejAXYtPzgnSv25ZY,Futurology (Deluxe),2014-07-07,album,0.461,0.782,7,-6.325,1,0.0423,0.115,0.000265,0.139,0.504,142.061,4,202880
0EUnx6VfU4nMSR01sRQAUv,"Sex, Power, Love and Money",10,False,7,1,2uH0RyPcX7fnCcT90HFDQX,Manic Street Preachers,1lGeS8ejAXYtPzgnSv25ZY,Futurology (Deluxe),2014-07-07,album,0.556,0.97,9,-4.322,1,0.129,0.0012,0.00371,0.127,0.488,127.053,4,193933
4r209QT3ZnNxkR35pmqCa3,Dreaming a City (Hugheskova),10,False,8,1,2uH0RyPcX7fnCcT90HFDQX,Manic Street Preachers,1lGeS8ejAXYtPzgnSv25ZY,Futurology (Deluxe),2014-07-07,album,0.482,0.914,6,-5.814,0,0.0633,0.000259,0.0225,0.645,0.239,117.98,4,280173
2KpNi1WTMTPzKiCSpA8ZTg,Black Square,10,False,9,1,2uH0RyPcX7fnCcT90HFDQX,Manic Street Preachers,1lGeS8ejAXYtPzgnSv25ZY,Futurology (Deluxe),2014-07-07,album,0.255,0.848,0,-8.286,1,0.206,0.00246,2.99e-05,0.388,0.356,220.217,4,247600
5S3ahHTdfyp38ntllyFZuf,Between the Clock and the Bed (feat. Green Gartside),11,False,10,1,2uH0RyPcX7fnCcT90HFDQX,Manic Street Preachers,1lGeS8ejAXYtPzgnSv25ZY,Futurology (Deluxe),2014-07-07,album,0.54,0.841,2,-4.793,1,0.0288,0.000378,0.000243,0.0618,0.672,97.006,4,215053
0ZZuZfXBDQa0edn0OgbjPs,Misguided Missile,10,False,11,1,2uH0RyPcX7fnCcT90HFDQX,Manic Street Preachers,1lGeS8ejAXYtPzgnSv25ZY,Futurology (Deluxe),2014-07-07,album,0.565,0.939,9,-5.98,0,0.111,0.0255,0.0281,0.118,0.524,159.981,4,259707
1N9unh2MMYTSWa0FxeANoU,The View from Stow Hill,10,False,12,1,2uH0RyPcX7fnCcT90HFDQX,Manic Street Preachers,1lGeS8ejAXYtPzgnSv25ZY,Futurology (Deluxe),2014-07-07,album,0.621,0.722,9,-7.589,0,0.0282,0.00325,0.0147,0.144,0.506,107.001,4,248573
5lNAyVCFExAspRdPECsgJw,Mayakovsky,7,False,13,1,2uH0RyPcX7fnCcT90HFDQX,Manic Street Preachers,1lGeS8ejAXYtPzgnSv25ZY,Futurology (Deluxe),2014-07-07,album,0.569,0.917,9,-7.46,0,0.0513,0.000763,0.823,0.372,0.275,126.914,4,220453
4ObciJvizg76gcAsNPIntQ,Futurology - Demo,4,False,1,2,2uH0RyPcX7fnCcT90HFDQX,Manic Street Preachers,1lGeS8ejAXYtPzgnSv25ZY,Futurology (Deluxe),2014-07-07,album,0.555,0.923,11,-5.387,0,0.035,0.000627,0.466,0.122,0.698,136.638,4,184120
2JotUS02lFgdWGfQSgVdiC,Walk Me to the Bridge - Demo,4,False,2,2,2uH0RyPcX7fnCcT90HFDQX,Manic Street Preachers,1lGeS8ejAXYtPzgnSv25ZY,Futurology (Deluxe),2014-07-07,album,0.676,0.774,2,-5.767,1,0.0694,0.000874,0.00834,0.052,0.928,136.367,4,196187
4JLY8OVlhabs7zFn1VjsIx,Let's Go to War - Demo,3,False,3,2,2uH0RyPcX7fnCcT90HFDQX,Manic Street Preachers,1lGeS8ejAXYtPzgnSv25ZY,Futurology (Deluxe),2014-07-07,album,0.823,0.991,9,-4.549,1,0.113,0.00583,0.622,0.784,0.562,114.016,4,111880
1Xo8nkBHPmFhN73EggEaMv,The Next Jet to Leave Moscow - Demo,4,False,4,2,2uH0RyPcX7fnCcT90HFDQX,Manic Street Preachers,1lGeS8ejAXYtPzgnSv25ZY,Futurology (Deluxe),2014-07-07,album,0.664,0.728,11,-9.788,0,0.0485,0.0611,0.56,0.114,0.918,155.975,4,185320
5XVUimbAliNi0YHgMIjk09,"Sex, Power, Love and Money - Demo",3,False,7,2,2uH0RyPcX7fnCcT90HFDQX,Manic Street Preachers,1lGeS8ejAXYtPzgnSv25ZY,Futurology (Deluxe),2014-07-07,album,0.6,0.984,2,-2.707,1,0.0651,0.0683,9.05e-05,0.48,0.466,127.02,4,194880
3b8KxbiwbSkwG0vFbft1NY,Dreaming a City (Hugheskova) - Demo,3,False,8,2,2uH0RyPcX7fnCcT90HFDQX,Manic Street Preachers,1lGeS8ejAXYtPzgnSv25ZY,Futurology (Deluxe),2014-07-07,album,0.538,0.773,9,-4.681,1,0.0372,0.000253,0.2,0.536,0.473,117.997,4,260013
1RcYngepcEtaJNABKQiPZV,Black Square - Demo,3,False,9,2,2uH0RyPcX7fnCcT90HFDQX,Manic Street Preachers,1lGeS8ejAXYtPzgnSv25ZY,Futurology (Deluxe),2014-07-07,album,0.78,0.42,0,-9.946,1,0.0461,0.52,1.79e-06,0.136,0.367,109.967,4,222133
6Dgu4k0Jr3tDUrGSjQzw3Y,Misguided Missile - Demo,3,False,11,2,2uH0RyPcX7fnCcT90HFDQX,Manic Street Preachers,1lGeS8ejAXYtPzgnSv25ZY,Futurology (Deluxe),2014-07-07,album,0.679,0.831,9,-9.435,0,0.0706,0.0663,0.355,0.109,0.9,161.078,4,251413
2mafHshUQGSx6ok28lruHk,The View from Stow Hill - Demo,3,False,12,2,2uH0RyPcX7fnCcT90HFDQX,Manic Street Preachers,1lGeS8ejAXYtPzgnSv25ZY,Futurology (Deluxe),2014-07-07,album,0.702,0.34,7,-9.588,1,0.0264,0.439,0.00398,0.122,0.124,106.958,4,248747
1yOIkaXuBQShl7rZ0A9F60,Mayakovsky - Demo,2,False,13,2,2uH0RyPcX7fnCcT90HFDQX,Manic Street Preachers,1lGeS8ejAXYtPzgnSv25ZY,Futurology (Deluxe),2014-07-07,album,0.617,0.908,0,-5.773,1,0.0358,0.000759,0.874,0.356,0.63,127.0,4,184613
0WylDWzCJ2n4CmWHR8WYIc,Show Me the Wonder - Demo,7,False,14,1,2uH0RyPcX7fnCcT90HFDQX,Manic Street Preachers,2BnILbb4wJR2qp9qZbSUDr,Rewind the Film,2013-09-16,album,0.591,0.858,2,-5.994,1,0.0267,0.107,7.46e-05,0.122,0.812,130.406,4,199920
6J2HeCNSSVmIMnAG5MnvFc,Builder of Routines - Demo,5,False,16,1,2uH0RyPcX7fnCcT90HFDQX,Manic Street Preachers,2BnILbb4wJR2qp9qZbSUDr,Rewind the Film,2013-09-16,album,0.63,0.636,0,-7.884,0,0.028,0.305,4.53e-05,0.14,0.53,116.035,4,162373
6siksO65V5C5d58neyBETp,(I Miss the) Tokyo Skyline - Demo,5,False,18,1,2uH0RyPcX7fnCcT90HFDQX,Manic Street Preachers,2BnILbb4wJR2qp9qZbSUDr,Rewind the Film,2013-09-16,album,0.577,0.351,4,-12.662,1,0.0341,0.357,0.00858,0.105,0.189,157.369,4,192640
00deDLfwgjxOuQqr5LV015,Anthem for a Lost Cause - Demo,6,False,19,1,2uH0RyPcX7fnCcT90HFDQX,Manic Street Preachers,2BnILbb4wJR2qp9qZbSUDr,Rewind the Film,2013-09-16,album,0.644,0.463,11,-9.404,1,0.0312,0.0957,0.104,0.109,0.268,85.898,4,202453
6a7Uy47TjzrCopaevuQCfa,As Holy As the Soil (That Buries Your Skin) - Demo,5,False,20,1,2uH0RyPcX7fnCcT90HFDQX,Manic Street Preachers,2BnILbb4wJR2qp9qZbSUDr,Rewind the Film,2013-09-16,album,0.601,0.348,0,-10.208,1,0.0507,0.378,7.93e-05,0.108,0.263,177.998,4,199920
4BraMQZV9JG6sdis0EOvZR,3 Ways To See Despair - Demo,5,False,21,1,2uH0RyPcX7fnCcT90HFDQX,Manic Street Preachers,2BnILbb4wJR2qp9qZbSUDr,Rewind the Film,2013-09-16,album,0.568,0.567,9,-9.884,0,0.0414,0.617,9.14e-05,0.119,0.181,142.08,4,194347
4XFENRzrbx7vfv3K7Fxc6k,Running Out of Fantasy - Demo,4,False,22,1,2uH0RyPcX7fnCcT90HFDQX,Manic Street Preachers,2BnILbb4wJR2qp9qZbSUDr,Rewind the Film,2013-09-16,album,0.637,0.278,7,-15.417,1,0.0452,0.675,0.0112,0.119,0.576,149.923,4,245267
2XGHhOsb40VI0LYMBicMr5,Manorbier - Demo,3,False,23,1,2uH0RyPcX7fnCcT90HFDQX,Manic Street Preachers,2BnILbb4wJR2qp9qZbSUDr,Rewind the Film,2013-09-16,album,0.525,0.281,2,-15.019,0,0.437,0.172,0.883,0.0995,0.494,242.708,3,207653
1MewPhhAdaXnoG2gXzwyNm,30-Year War - Demo,4,False,24,1,2uH0RyPcX7fnCcT90HFDQX,Manic Street Preachers,2BnILbb4wJR2qp9qZbSUDr,Rewind the Film,2013-09-16,album,0.559,0.454,9,-9.406,0,0.031,0.692,0.000255,0.122,0.149,142.943,4,294800
5GyA68JOoeoKInRGuThVWA,Peeled Apples - Andrew Weatherall Remix,7,False,1,1,2uH0RyPcX7fnCcT90HFDQX,Manic Street Preachers,3doPalwBWAITMK1gA8La2a,Journal For Plague Lovers Remixes,2009-09-10,album,0.643,0.743,4,-10.019,1,0.0332,0.00132,0.821,0.314,0.653,125.004,4,458040
0IrRA5X4k5HwixIOt29yFr,Me And Stephen Hawking - British Sea Power Remix,2,False,2,1,2uH0RyPcX7fnCcT90HFDQX,Manic Street Preachers,3doPalwBWAITMK1gA8La2a,Journal For Plague Lovers Remixes,2009-09-10,album,0.375,0.811,9,-6.149,1,0.0453,0.0611,0.0161,0.0871,0.684,143.356,4,267520
0rZ7dU5L5IJRSTlrefxVeI,This Joke Sport Severed - Patrick Wolf's Love Letter To Richey Remix,2,False,4,1,2uH0RyPcX7fnCcT90HFDQX,Manic Street Preachers,3doPalwBWAITMK1gA8La2a,Journal For Plague Lovers Remixes,2009-09-10,album,0.62,0.75,1,-9.396,1,0.135,0.571,0.0185,0.0822,0.237,117.637,4,258880
6fSkFoqsyoYsb61E0KBWpV,She Bathed Herself In A Bath Of Bleach - Pariahs Remix,1,False,5,1,2uH0RyPcX7fnCcT90HFDQX,Manic Street Preachers,3doPalwBWAITMK1gA8La2a,Journal For Plague Lovers Remixes,2009-09-10,album,0.652,0.7,11,-7.287,0,0.0318,7.09e-05,0.16,0.189,0.637,121.03,4,136107
0XXjwA7TlY1osKqLboHm6P,Journal For Plague Lovers - Optimo (Espacio) Remix,2,False,6,1,2uH0RyPcX7fnCcT90HFDQX,Manic Street Preachers,3doPalwBWAITMK1gA8La2a,Journal For Plague Lovers Remixes,2009-09-10,album,0.716,0.978,1,-4.623,1,0.0485,0.0014,0.771,0.146,0.898,114.0,4,433467
10jFbP4JRN3iCryHCLIsZb,Jackie Collins Existential Question Time - Saint Etienne Remix,3,False,7,1,2uH0RyPcX7fnCcT90HFDQX,Manic Street Preachers,3doPalwBWAITMK1gA8La2a,Journal For Plague Lovers Remixes,2009-09-10,album,0.669,0.741,7,-6.195,1,0.0266,0.0486,6.25e-05,0.47,0.455,135.009,4,144440
6mPFwOVU7irptrlGAmmAwN,Marlon J.D. - NYPC's Wire Up Mix,1,False,8,1,2uH0RyPcX7fnCcT90HFDQX,Manic Street Preachers,3doPalwBWAITMK1gA8La2a,Journal For Plague Lovers Remixes,2009-09-10,album,0.661,0.835,9,-5.389,1,0.119,0.132,0.233,0.0301,0.523,138.041,4,294773
6X7SdTFxqKcUxxHaFLHFLk,Facing Page: Top Left - Adem Remix,1,False,9,1,2uH0RyPcX7fnCcT90HFDQX,Manic Street Preachers,3doPalwBWAITMK1gA8La2a,Journal For Plague Lovers Remixes,2009-09-10,album,0.456,0.565,10,-6.368,1,0.0347,0.855,0.000779,0.0863,0.0531,156.099,4,215787
4IZfSJg6TUPX18GAJNP4yj,All Is Vanity - Errors Remix,1,False,10,1,2uH0RyPcX7fnCcT90HFDQX,Manic Street Preachers,3doPalwBWAITMK1gA8La2a,Journal For Plague Lovers Remixes,2009-09-10,album,0.659,0.724,5,-6.725,1,0.0729,0.00554,0.00709,0.113,0.29,142.997,4,189480
3SqSYdNQRVJNJBIbi3xVCP,Virginia State Epileptic Colony - Fuck Buttons Remix,2,False,11,1,2uH0RyPcX7fnCcT90HFDQX,Manic Street Preachers,3doPalwBWAITMK1gA8La2a,Journal For Plague Lovers Remixes,2009-09-10,album,0.542,0.898,0,-3.348,1,0.0431,0.402,0.712,0.517,0.0856,134.0,4,328293
2lN6WISwO1jludnhjGdR0K,Doors Closing Slowly - The Horrors Remix,1,False,13,1,2uH0RyPcX7fnCcT90HFDQX,Manic Street Preachers,3doPalwBWAITMK1gA8La2a,Journal For Plague Lovers Remixes,2009-09-10,album,0.45,0.686,9,-8.44,0,0.0756,0.593,0.921,0.131,0.313,86.944,4,206947
0HmEJBlOwDzsLFyGivgSDM,William's Last Words - Underworld Remix,2,False,14,1,2uH0RyPcX7fnCcT90HFDQX,Manic Street Preachers,3doPalwBWAITMK1gA8La2a,Journal For Plague Lovers Remixes,2009-09-10,album,0.471,0.528,0,-9.254,1,0.035,0.0316,0.324,0.167,0.186,88.016,4,376453
0OIygTWB5sRFwjkBL1ZoYo,Send Away the Tigers - Demo,5,False,12,1,2uH0RyPcX7fnCcT90HFDQX,Manic Street Preachers,4BHLSWoYEXfvPdv1t349sF,Send Away the Tigers: 10 Year Collectors Edition,2007-05-07,album,0.609,0.817,6,-2.983,0,0.0282,0.00809,3.28e-06,0.194,0.482,96.043,4,198768
0jg5UFRr8qbwgbnwtyqCNN,Underdogs - Demo,4,False,13,1,2uH0RyPcX7fnCcT90HFDQX,Manic Street Preachers,4BHLSWoYEXfvPdv1t349sF,Send Away the Tigers: 10 Year Collectors Edition,2007-05-07,album,0.732,0.716,10,-4.566,1,0.0794,0.00351,0.0853,0.434,0.614,146.988,4,171508
6DcVVFKt2dO8Fox9PUglJ9,Your Love Alone Is Not Enough (feat. Nina Persson) - Demo,7,False,14,1,2uH0RyPcX7fnCcT90HFDQX,Manic Street Preachers,4BHLSWoYEXfvPdv1t349sF,Send Away the Tigers: 10 Year Collectors Edition,2007-05-07,album,0.402,0.91,2,-3.172,1,0.0617,0.023,0.0,0.311,0.507,127.346,4,241553
0M7EF5GMKJG4WmiOBbXMhz,Indian Summer - Demo,3,False,15,1,2uH0RyPcX7fnCcT90HFDQX,Manic Street Preachers,4BHLSWoYEXfvPdv1t349sF,Send Away the Tigers: 10 Year Collectors Edition,2007-05-07,album,0.522,0.663,0,-7.375,1,0.042,0.904,0.453,0.121,0.376,112.179,3,203254
3JvOHuV4JzlBwwUZzX0jJ7,The Second Great Depression - Demo,3,False,16,1,2uH0RyPcX7fnCcT90HFDQX,Manic Street Preachers,4BHLSWoYEXfvPdv1t349sF,Send Away the Tigers: 10 Year Collectors Edition,2007-05-07,album,0.394,0.778,4,-3.157,1,0.0308,0.00677,0.0009,0.257,0.266,83.986,4,278946
6RxE8CuQbpBVNiGKgSlewH,Rendition - Demo,3,False,17,1,2uH0RyPcX7fnCcT90HFDQX,Manic Street Preachers,4BHLSWoYEXfvPdv1t349sF,Send Away the Tigers: 10 Year Collectors Edition,2007-05-07,album,0.736,0.703,9,-6.764,1,0.0542,0.966,0.844,0.0983,0.946,137.179,4,126854
1sFNfUGdG2sgZs8OhEO5Qa,Autumnsong - Demo,3,False,18,1,2uH0RyPcX7fnCcT90HFDQX,Manic Street Preachers,4BHLSWoYEXfvPdv1t349sF,Send Away the Tigers: 10 Year Collectors Edition,2007-05-07,album,0.499,0.835,2,-1.342,1,0.0285,0.0191,0.000154,0.304,0.39,93.008,4,234673
1H2P7cqHv1zZHOqdSZ9gFm,I'm Just a Patsy - Demo,2,False,19,1,2uH0RyPcX7fnCcT90HFDQX,Manic Street Preachers,4BHLSWoYEXfvPdv1t349sF,Send Away the Tigers: 10 Year Collectors Edition,2007-05-07,album,0.586,0.889,0,-7.004,1,0.11,0.958,0.129,0.137,0.682,85.976,1,111363
7AurnPbMzikGv79HStoxzZ,Imperial Bodybags - Demo,3,False,20,1,2uH0RyPcX7fnCcT90HFDQX,Manic Street Preachers,4BHLSWoYEXfvPdv1t349sF,Send Away the Tigers: 10 Year Collectors Edition,2007-05-07,album,0.347,0.787,0,-3.687,1,0.0408,7.09e-05,0.00264,0.391,0.164,183.201,4,210873
1xxfUeXZ1ncPaPQwT5hVu4,Winterlovers - Demo,2,False,21,1,2uH0RyPcX7fnCcT90HFDQX,Manic Street Preachers,4BHLSWoYEXfvPdv1t349sF,Send Away the Tigers: 10 Year Collectors Edition,2007-05-07,album,0.508,0.61,7,-4.038,1,0.0244,0.0194,0.00266,0.342,0.35,92.983,4,189592
0kIGmOOj7QS7CWhMmE8Mzw,Enola / Alone - Live,17,False,13,1,2uH0RyPcX7fnCcT90HFDQX,Manic Street Preachers,3jvKfPU4A2j7tVOFkhcEi2,Everything Must Go 10th Anniversary Edition,1996-05-20,album,0.154,0.85,2,-3.716,1,0.0578,0.0535,0.751,0.828,0.24,137.842,4,210440
6sQXmhf4jMBdnnRZx1IamR,Kevin Carter - Live,16,False,14,1,2uH0RyPcX7fnCcT90HFDQX,Manic Street Preachers,3jvKfPU4A2j7tVOFkhcEi2,Everything Must Go 10th Anniversary Edition,1996-05-20,album,0.217,0.827,8,-3.925,1,0.0479,0.425,0.764,0.779,0.252,135.383,4,186520
1OqZLAdPTQAiFyVV58M64O,Interiors (Song For Willem De Kooning) - Live,13,False,15,1,2uH0RyPcX7fnCcT90HFDQX,Manic Street Preachers,3jvKfPU4A2j7tVOFkhcEi2,Everything Must Go 10th Anniversary Edition,1996-05-20,album,0.3,0.867,9,-3.008,1,0.0364,0.322,0.014,0.569,0.705,144.706,4,219813
3OdS9fgnZM54RVcIHRpZ1R,Elvis Impersonator: Blackpool Pier - Live,13,False,16,1,2uH0RyPcX7fnCcT90HFDQX,Manic Street Preachers,3jvKfPU4A2j7tVOFkhcEi2,Everything Must Go 10th Anniversary Edition,1996-05-20,album,0.307,0.843,11,-3.714,0,0.044,0.343,0.000297,0.228,0.203,104.102,4,168533
0YkCezrUbyZkw37A3CWsQ6,Everything Must Go - Live,14,False,17,1,2uH0RyPcX7fnCcT90HFDQX,Manic Street Preachers,3jvKfPU4A2j7tVOFkhcEi2,Everything Must Go 10th Anniversary Edition,1996-05-20,album,0.136,0.943,9,-2.488,1,0.143,0.0164,0.00155,0.899,0.351,143.757,4,210133
3EsebSxY7NqvrkqB7vzyMZ,A Design for Life - Live,16,False,18,1,2uH0RyPcX7fnCcT90HFDQX,Manic Street Preachers,3jvKfPU4A2j7tVOFkhcEi2,Everything Must Go 10th Anniversary Edition,1996-05-20,album,0.196,0.904,0,-3.065,1,0.079,0.0189,4.02e-05,0.966,0.393,136.075,4,271853
34Cce2cOlEcDULKg6ifdOc,A Design for Life - Stealth Sonic Orchestra Remix,13,False,19,1,2uH0RyPcX7fnCcT90HFDQX,Manic Street Preachers,3jvKfPU4A2j7tVOFkhcEi2,Everything Must Go 10th Anniversary Edition,1996-05-20,album,0.355,0.47,0,-8.484,1,0.0376,0.0175,7.08e-06,0.183,0.406,132.036,3,292613
6602UOJJbpMm6inFjilDBK,No Surface All Feeling - Demo,12,False,2,2,2uH0RyPcX7fnCcT90HFDQX,Manic Street Preachers,3jvKfPU4A2j7tVOFkhcEi2,Everything Must Go 10th Anniversary Edition,1996-05-20,album,0.432,0.824,6,-5.109,0,0.0373,0.00181,0.0538,0.148,0.533,157.538,4,218613
56VeeoHzkNiRlnYH8jAbkP,Further Away - Demo,10,False,3,2,2uH0RyPcX7fnCcT90HFDQX,Manic Street Preachers,3jvKfPU4A2j7tVOFkhcEi2,Everything Must Go 10th Anniversary Edition,1996-05-20,album,0.336,0.896,0,-3.028,1,0.0612,0.00017,0.0,0.136,0.403,139.095,4,211147
7DEDHpC3EkpGtLDEQxzhur,Small Black Flowers That Grow In The Sky - Demo,11,False,4,2,2uH0RyPcX7fnCcT90HFDQX,Manic Street Preachers,3jvKfPU4A2j7tVOFkhcEi2,Everything Must Go 10th Anniversary Edition,1996-05-20,album,0.7,0.313,0,-10.95,1,0.0328,0.682,0.0,0.0976,0.555,117.822,4,183693
1NxzYs3TgYhzoAkJQv1iGE,Australia - Acoustic Demo,10,False,6,2,2uH0RyPcX7fnCcT90HFDQX,Manic Street Preachers,3jvKfPU4A2j7tVOFkhcEi2,Everything Must Go 10th Anniversary Edition,1996-05-20,album,0.435,0.566,4,-6.528,1,0.0318,0.531,0.735,0.487,0.493,137.119,4,252507
6cHb1ulIhoHIN5zVxYDVLC,No Surface All Feeling - Acoustic Demo,11,False,7,2,2uH0RyPcX7fnCcT90HFDQX,Manic Street Preachers,3jvKfPU4A2j7tVOFkhcEi2,Everything Must Go 10th Anniversary Edition,1996-05-20,album,0.493,0.543,4,-6.783,1,0.0276,0.818,0.0294,0.138,0.392,135.154,4,240253
1TKMqXIl0BjWHQwuK0x7tQ,Interiors (Song For Willem De Kooning) - Acoustic Demo,8,False,8,2,2uH0RyPcX7fnCcT90HFDQX,Manic Street Preachers,3jvKfPU4A2j7tVOFkhcEi2,Everything Must Go 10th Anniversary Edition,1996-05-20,album,0.638,0.63,8,-5.893,1,0.0297,0.308,4.55e-05,0.232,0.602,129.662,4,175333
3Mr7jrNciZqnAFUOQuicUl,A Design for Life - First Rehersal,7,False,10,2,2uH0RyPcX7fnCcT90HFDQX,Manic Street Preachers,3jvKfPU4A2j7tVOFkhcEi2,Everything Must Go 10th Anniversary Edition,1996-05-20,album,0.402,0.614,0,-7.936,1,0.0324,0.857,0.0942,0.0643,0.453,125.646,3,235720
0hvn8GWnmECHQZaaF4kQYW,Kevin Carter - First Rehersal,6,False,11,2,2uH0RyPcX7fnCcT90HFDQX,Manic Street Preachers,3jvKfPU4A2j7tVOFkhcEi2,Everything Must Go 10th Anniversary Edition,1996-05-20,album,0.226,0.78,8,-5.267,1,0.0491,0.742,0.854,0.3,0.443,125.669,4,200760
6RiOT1laslR4QxVXndB7tK,No One Knows What It's Like to Be Me,10,False,17,2,2uH0RyPcX7fnCcT90HFDQX,Manic Street Preachers,3jvKfPU4A2j7tVOFkhcEi2,Everything Must Go 10th Anniversary Edition,1996-05-20,album,0.426,0.764,0,-5.711,1,0.0557,0.0203,9e-06,0.0632,0.205,127.175,4,183653
4a71tCQWhmRTgDMRj4xhle,Australia - Stephen Hague Production,9,False,21,2,2uH0RyPcX7fnCcT90HFDQX,Manic Street Preachers,3jvKfPU4A2j7tVOFkhcEi2,Everything Must Go 10th Anniversary Edition,1996-05-20,album,0.479,0.943,4,-3.528,1,0.0329,0.000386,0.000489,0.0999,0.765,137.012,4,236760
7txhAI4QJagj4ZWjYsv7Rt,The Girl Who Wanted To Be God - Stephen Hague Production,9,False,22,2,2uH0RyPcX7fnCcT90HFDQX,Manic Street Preachers,3jvKfPU4A2j7tVOFkhcEi2,Everything Must Go 10th Anniversary Edition,1996-05-20,album,0.583,0.965,0,-3.446,1,0.0394,0.00215,0.00118,0.223,0.442,109.634,4,210107
48pD8aVHd16iJtMuu7oBbW,You Love Us - Heavenly Version,6,False,4,3,2uH0RyPcX7fnCcT90HFDQX,Manic Street Preachers,1nBOPldj3RnJJ2JN4a62v1,The Holy Bible 20 (Deluxe),1994-08-29,album,0.321,0.861,0,-6.122,1,0.0583,3.66e-05,0.509,0.376,0.364,153.702,4,268387
3LMK5fRZnQqxvbsA5sHyOh,Love's Sweet Exile - Bangkok Live,6,False,5,3,2uH0RyPcX7fnCcT90HFDQX,Manic Street Preachers,1nBOPldj3RnJJ2JN4a62v1,The Holy Bible 20 (Deluxe),1994-08-29,album,0.269,0.938,9,-5.386,1,0.0521,0.00026,0.558,0.929,0.46,144.043,4,186280
5cyVf2mOuRO4xYPwhxAmh3,Drug Drug Druggy - Live at Glastonbury,6,False,6,3,2uH0RyPcX7fnCcT90HFDQX,Manic Street Preachers,1nBOPldj3RnJJ2JN4a62v1,The Holy Bible 20 (Deluxe),1994-08-29,album,0.284,0.879,1,-9.925,0,0.0587,0.00864,1.19e-06,0.494,0.426,129.04,4,207707
13GeXgmYArZzbG9dwRa5xK,Roses in the Hospital - Live at Glastonbury,7,False,7,3,2uH0RyPcX7fnCcT90HFDQX,Manic Street Preachers,1nBOPldj3RnJJ2JN4a62v1,The Holy Bible 20 (Deluxe),1994-08-29,album,0.395,0.815,10,-9.734,1,0.0451,0.00628,0.0,0.491,0.531,121.078,4,286613
58Jfe6YWHGKIjKSb5XNgxK,You Love Us - Live at Glastonbury,7,False,8,3,2uH0RyPcX7fnCcT90HFDQX,Manic Street Preachers,1nBOPldj3RnJJ2JN4a62v1,The Holy Bible 20 (Deluxe),1994-08-29,album,0.0989,0.929,0,-9.035,1,0.0808,0.000589,0.000154,0.668,0.193,183.425,4,185240
0SaBzDBeGIO6Xhujh2TbN6,La Tristesse Durera (Scream to a Sigh) - Vocal Mix,5,False,12,3,2uH0RyPcX7fnCcT90HFDQX,Manic Street Preachers,1nBOPldj3RnJJ2JN4a62v1,The Holy Bible 20 (Deluxe),1994-08-29,album,0.44,0.811,7,-11.293,1,0.0678,0.000482,0.109,0.84,0.405,98.083,4,364640
4uY0g1SRfMeuY3FNtxRZF5,La Tristesse Durera (Scream to a Sigh) - Dub Mix,3,False,13,3,2uH0RyPcX7fnCcT90HFDQX,Manic Street Preachers,1nBOPldj3RnJJ2JN4a62v1,The Holy Bible 20 (Deluxe),1994-08-29,album,0.493,0.702,7,-14.886,1,0.0397,0.00177,0.556,0.879,0.164,98.022,4,349547
3MFJwEEtA7QQ6LGn7Cm6g7,Faster - Dub Mix,3,False,14,3,2uH0RyPcX7fnCcT90HFDQX,Manic Street Preachers,1nBOPldj3RnJJ2JN4a62v1,The Holy Bible 20 (Deluxe),1994-08-29,album,0.569,0.649,2,-14.149,1,0.0495,0.000497,0.668,0.0857,0.0979,137.048,4,401747
1xebqHIJ5P3txiwd3ClEqF,Faster - The Dust Brothers Vocal Mix,4,False,15,3,2uH0RyPcX7fnCcT90HFDQX,Manic Street Preachers,1nBOPldj3RnJJ2JN4a62v1,The Holy Bible 20 (Deluxe),1994-08-29,album,0.484,0.868,2,-8.665,1,0.0409,2.78e-05,0.83,0.113,0.111,137.0,4,346733
3JFEY1vPT38SR32fwAJeXS,Revol - Spoken Middle 8,5,False,16,3,2uH0RyPcX7fnCcT90HFDQX,Manic Street Preachers,1nBOPldj3RnJJ2JN4a62v1,The Holy Bible 20 (Deluxe),1994-08-29,album,0.414,0.959,7,-3.071,1,0.181,0.00562,0.000333,0.163,0.375,150.927,4,193933
4BxCeukOmmhZX733BaYLyI,"P.C.P. - Live at the Astoria, December 1994",6,False,1,4,2uH0RyPcX7fnCcT90HFDQX,Manic Street Preachers,1nBOPldj3RnJJ2JN4a62v1,The Holy Bible 20 (Deluxe),1994-08-29,album,0.341,0.917,0,-7.603,1,0.0668,3.1e-05,1.03e-05,0.763,0.333,90.002,4,228400
6My9S0fdqPNXaagyiYm0eQ,"From Despair to Where - Live at the Astoria, December 1994",7,False,2,4,2uH0RyPcX7fnCcT90HFDQX,Manic Street Preachers,1nBOPldj3RnJJ2JN4a62v1,The Holy Bible 20 (Deluxe),1994-08-29,album,0.254,0.929,0,-7.585,1,0.0623,2.81e-05,0.00135,0.934,0.465,146.9,4,202413
6uze1mFB8qvHKZ28N7m0mC,"Yes - Live at the Astoria, December 1994",6,False,3,4,2uH0RyPcX7fnCcT90HFDQX,Manic Street Preachers,1nBOPldj3RnJJ2JN4a62v1,The Holy Bible 20 (Deluxe),1994-08-29,album,0.266,0.969,1,-5.713,0,0.0978,0.000258,2.18e-06,0.497,0.401,156.531,4,277413
0FjbmGKtb8mrcnFaRnggpq,"Faster - Live at the Astoria, December 1994",7,False,4,4,2uH0RyPcX7fnCcT90HFDQX,Manic Street Preachers,1nBOPldj3RnJJ2JN4a62v1,The Holy Bible 20 (Deluxe),1994-08-29,album,0.284,0.971,9,-5.065,1,0.0987,1.61e-05,7.84e-06,0.26,0.326,164.084,4,215920
1EP4H6b3062Zo30d7pYcqu,"She Is Suffering - Live at the Astoria, December 1994",5,False,5,4,2uH0RyPcX7fnCcT90HFDQX,Manic Street Preachers,1nBOPldj3RnJJ2JN4a62v1,The Holy Bible 20 (Deluxe),1994-08-29,album,0.509,0.831,1,-7.596,0,0.0317,0.000122,2.71e-05,0.817,0.602,116.633,4,261427
37yIo2moYKvmgNTAaHzWFV,"La Tristesse Durera (Scream to a Sigh) - Live at the Astoria, December 1994",6,False,6,4,2uH0RyPcX7fnCcT90HFDQX,Manic Street Preachers,1nBOPldj3RnJJ2JN4a62v1,The Holy Bible 20 (Deluxe),1994-08-29,album,0.337,0.847,7,-6.524,1,0.044,0.000826,5.11e-06,0.693,0.55,104.818,4,235920
4FThxMHMwvWqd7riATu1FS,"Slash 'n' Burn - Live at the Astoria, December 1994",6,False,7,4,2uH0RyPcX7fnCcT90HFDQX,Manic Street Preachers,1nBOPldj3RnJJ2JN4a62v1,The Holy Bible 20 (Deluxe),1994-08-29,album,0.247,0.948,1,-6.58,0,0.0762,0.000155,6.68e-05,0.907,0.406,160.603,4,211920
6AAVu1VF5gDk4vjyxcROrs,"Motorcycle Emptiness - Live at the Astoria, December 1994",9,False,8,4,2uH0RyPcX7fnCcT90HFDQX,Manic Street Preachers,1nBOPldj3RnJJ2JN4a62v1,The Holy Bible 20 (Deluxe),1994-08-29,album,0.309,0.863,1,-6.643,0,0.0474,0.000147,8.6e-05,0.341,0.416,119.808,4,348920
4LULOK92zwJ9qY2o9decnj,Yes,0,False,1,1,2uH0RyPcX7fnCcT90HFDQX,Manic Street Preachers,4LFir9jift1iINKWLAblS8,The Holy Bible - 10th Anniversary Edition,1994-08-29,album,0.517,0.822,4,-5.842,1,0.0302,0.00104,0.000122,0.409,0.625,140.968,4,300627
6rqfPnmfUA4Fzuhv7bWA1W,Ifwhiteamericatoldthetruthforonedayit'sworldwouldfallapart,0,False,2,1,2uH0RyPcX7fnCcT90HFDQX,Manic Street Preachers,4LFir9jift1iINKWLAblS8,The Holy Bible - 10th Anniversary Edition,1994-08-29,album,0.355,0.811,6,-5.024,0,0.0771,0.0011,0.0,0.21,0.501,148.045,4,220000
6jiUKFuUWlmTl7MgjQoNFz,Of Walking Abortion,0,False,3,1,2uH0RyPcX7fnCcT90HFDQX,Manic Street Preachers,4LFir9jift1iINKWLAblS8,The Holy Bible - 10th Anniversary Edition,1994-08-29,album,0.519,0.921,2,-5.675,1,0.0658,0.000547,0.00363,0.411,0.37,139.048,4,241293
3ao340MJCQ2zQQHrgmHXi0,She Is Suffering,0,False,4,1,2uH0RyPcX7fnCcT90HFDQX,Manic Street Preachers,4LFir9jift1iINKWLAblS8,The Holy Bible - 10th Anniversary Edition,1994-08-29,album,0.563,0.629,4,-7.032,1,0.0277,0.0104,0.0428,0.165,0.188,111.97,4,282973
5UelM6swtnHsVE414yQXyI,Archives Of Pain,0,False,5,1,2uH0RyPcX7fnCcT90HFDQX,Manic Street Preachers,4LFir9jift1iINKWLAblS8,The Holy Bible - 10th Anniversary Edition,1994-08-29,album,0.376,0.826,10,-5.453,1,0.0389,9.65e-05,0.324,0.124,0.347,126.659,4,329000
7mbxrJg6oFE6LZf5SdNEZ4,Revol,0,False,6,1,2uH0RyPcX7fnCcT90HFDQX,Manic Street Preachers,4LFir9jift1iINKWLAblS8,The Holy Bible - 10th Anniversary Edition,1994-08-29,album,0.422,0.937,7,-3.93,1,0.111,0.0017,0.0409,0.511,0.34,151.051,4,184093
3IbEDjiyo6IgnV5MeFFmGW,4st 7lb,0,False,7,1,2uH0RyPcX7fnCcT90HFDQX,Manic Street Preachers,4LFir9jift1iINKWLAblS8,The Holy Bible - 10th Anniversary Edition,1994-08-29,album,0.375,0.936,7,-4.642,1,0.0815,0.0347,0.0,0.37,0.231,146.901,4,305013
7qNKK87fcDeNZitpCNWdqP,Mausoleum,0,False,8,1,2uH0RyPcX7fnCcT90HFDQX,Manic Street Preachers,4LFir9jift1iINKWLAblS8,The Holy Bible - 10th Anniversary Edition,1994-08-29,album,0.507,0.93,8,-3.54,1,0.0369,0.00263,0.665,0.0746,0.498,124.345,4,252720
4zgrIOozicstxkdJeZZkHm,Faster,0,False,9,1,2uH0RyPcX7fnCcT90HFDQX,Manic Street Preachers,4LFir9jift1iINKWLAblS8,The Holy Bible - 10th Anniversary Edition,1994-08-29,album,0.448,0.972,9,-2.658,1,0.0658,0.0397,0.00505,0.157,0.459,151.946,4,235093
6yZeGpb8XJDfwSIEGbpOnv,This Is Yesterday,0,False,10,1,2uH0RyPcX7fnCcT90HFDQX,Manic Street Preachers,4LFir9jift1iINKWLAblS8,The Holy Bible - 10th Anniversary Edition,1994-08-29,album,0.612,0.761,7,-8.336,1,0.0513,0.0468,8.98e-05,0.104,0.372,115.166,4,237253
15zZzSXPdAIba9z8qfJL4w,Die in the Summertime,0,False,11,1,2uH0RyPcX7fnCcT90HFDQX,Manic Street Preachers,4LFir9jift1iINKWLAblS8,The Holy Bible - 10th Anniversary Edition,1994-08-29,album,0.458,0.841,2,-4.923,1,0.0294,0.000375,0.000548,0.106,0.494,116.514,4,185333
7yXrT95DWW9EN0x1vKLgiH,The Intense Humming Of Evil,0,False,12,1,2uH0RyPcX7fnCcT90HFDQX,Manic Street Preachers,4LFir9jift1iINKWLAblS8,The Holy Bible - 10th Anniversary Edition,1994-08-29,album,0.632,0.818,0,-6.59,1,0.0532,0.000659,0.59,0.209,0.307,121.035,4,372253
11jOAEmLDocj8rv94CypYE,P.C.P.,0,False,13,1,2uH0RyPcX7fnCcT90HFDQX,Manic Street Preachers,4LFir9jift1iINKWLAblS8,The Holy Bible - 10th Anniversary Edition,1994-08-29,album,0.316,0.921,7,-3.915,1,0.0715,0.000132,0.17,0.24,0.507,172.903,4,235933
3ehDJeJTvwXJ789IQ896G0,The Intense Humming Of Evil - Live,0,False,14,1,2uH0RyPcX7fnCcT90HFDQX,Manic Street Preachers,4LFir9jift1iINKWLAblS8,The Holy Bible - 10th Anniversary Edition,1994-08-29,album,0.56,0.742,4,-6.545,0,0.0394,0.000553,0.161,0.223,0.52,129.222,4,298480
649tMFOvOYfZnomoOmHMLX,4st 7lb - Live,0,False,15,1,2uH0RyPcX7fnCcT90HFDQX,Manic Street Preachers,4LFir9jift1iINKWLAblS8,The Holy Bible - 10th Anniversary Edition,1994-08-29,album,0.264,0.919,2,-5.103,1,0.128,0.0111,4.24e-06,0.206,0.245,160.561,4,284573
4rgKlk2QEZm8oxyZBuOZpu,Yes - Live,0,False,16,1,2uH0RyPcX7fnCcT90HFDQX,Manic Street Preachers,4LFir9jift1iINKWLAblS8,The Holy Bible - 10th Anniversary Edition,1994-08-29,album,0.232,0.981,1,-4.549,0,0.142,0.00117,0.118,0.381,0.476,158.883,4,270440
42QiPQpg8pNjZjV7UpOOsC,Of Walking Abortion - Live,0,False,17,1,2uH0RyPcX7fnCcT90HFDQX,Manic Street Preachers,4LFir9jift1iINKWLAblS8,The Holy Bible - 10th Anniversary Edition,1994-08-29,album,0.288,0.995,2,-4.609,1,0.0852,0.000352,0.0163,0.496,0.32,152.023,4,228040
0ZMnXJYJ5K4rKFaeN7Lukm,Yes - US Mix,0,False,1,2,2uH0RyPcX7fnCcT90HFDQX,Manic Street Preachers,4LFir9jift1iINKWLAblS8,The Holy Bible - 10th Anniversary Edition,1994-08-29,album,0.45,0.96,4,-4.897,1,0.0773,0.0027,6.33e-06,0.347,0.488,141.039,4,319107
2EuQ7HghuRmPDUHOqXLC2O,Ifwhiteamericatoldthetruthforonedayit'sworldwouldfallapart - US Mix,0,False,2,2,2uH0RyPcX7fnCcT90HFDQX,Manic Street Preachers,4LFir9jift1iINKWLAblS8,The Holy Bible - 10th Anniversary Edition,1994-08-29,album,0.339,0.879,6,-5.091,0,0.154,0.000451,0.0,0.175,0.429,147.99,4,223573
3rfwm7wRJ4grhgOmh2wqLR,Of Walking Abortion - US Mix,0,False,3,2,2uH0RyPcX7fnCcT90HFDQX,Manic Street Preachers,4LFir9jift1iINKWLAblS8,The Holy Bible - 10th Anniversary Edition,1994-08-29,album,0.482,0.966,2,-4.295,1,0.0901,0.000186,0.00012,0.222,0.293,139.106,4,247520
06t5V6pW1hvgC9oQT6a1PA,She Is Suffering - US Mix,0,False,4,2,2uH0RyPcX7fnCcT90HFDQX,Manic Street Preachers,4LFir9jift1iINKWLAblS8,The Holy Bible - 10th Anniversary Edition,1994-08-29,album,0.488,0.746,4,-5.981,0,0.0287,0.000362,0.000552,0.0989,0.3,112.531,4,297867
5uAWSiRrvMWuAb80E0gsxG,Archives Of Pain - US Mix,0,False,5,2,2uH0RyPcX7fnCcT90HFDQX,Manic Street Preachers,4LFir9jift1iINKWLAblS8,The Holy Bible - 10th Anniversary Edition,1994-08-29,album,0.354,0.87,10,-5.127,1,0.0785,0.000292,0.00394,0.128,0.3,125.785,4,330373
3YEmJI2Pfgom3YxBQjyaw6,Revol - US Mix,0,False,6,2,2uH0RyPcX7fnCcT90HFDQX,Manic Street Preachers,4LFir9jift1iINKWLAblS8,The Holy Bible - 10th Anniversary Edition,1994-08-29,album,0.415,0.948,2,-4.879,1,0.0831,1.66e-05,0.0218,0.188,0.416,150.42,4,184533
4Cxanuu9b9AUxrMcUpC833,4st 7lb - US Mix,0,False,7,2,2uH0RyPcX7fnCcT90HFDQX,Manic Street Preachers,4LFir9jift1iINKWLAblS8,The Holy Bible - 10th Anniversary Edition,1994-08-29,album,0.314,0.954,5,-4.922,1,0.0864,0.000254,0.0,0.374,0.204,146.965,4,309360
3qQIYfim9ZBMn1DhYGXz24,Mausoleum - US Mix,0,False,8,2,2uH0RyPcX7fnCcT90HFDQX,Manic Street Preachers,4LFir9jift1iINKWLAblS8,The Holy Bible - 10th Anniversary Edition,1994-08-29,album,0.51,0.958,8,-3.919,1,0.0407,0.000315,3.39e-05,0.164,0.464,124.489,4,253867
3JSWJ2t8UA6mrWNxq7tFoC,Faster - US Mix,0,False,9,2,2uH0RyPcX7fnCcT90HFDQX,Manic Street Preachers,4LFir9jift1iINKWLAblS8,The Holy Bible - 10th Anniversary Edition,1994-08-29,album,0.465,0.975,9,-3.725,1,0.0958,4.08e-05,0.236,0.0437,0.369,152.0,4,233067
5mcJLRffwhTK46Ea0tekMy,This Is Yesterday - US Mix,0,False,10,2,2uH0RyPcX7fnCcT90HFDQX,Manic Street Preachers,4LFir9jift1iINKWLAblS8,The Holy Bible - 10th Anniversary Edition,1994-08-29,album,0.587,0.734,7,-7.808,1,0.0344,0.000474,8.76e-06,0.284,0.262,114.813,4,238053
3YIMhZpAyrBVyopDFmOEdT,Die in the Summertime - US Mix,0,False,11,2,2uH0RyPcX7fnCcT90HFDQX,Manic Street Preachers,4LFir9jift1iINKWLAblS8,The Holy Bible - 10th Anniversary Edition,1994-08-29,album,0.445,0.835,2,-4.527,1,0.035,5.2e-05,0.000763,0.0989,0.338,116.438,4,187093
2LhYuu6UpbW3r1RNDS85Lq,The Intense Humming Of Evil - US Mix,0,False,12,2,2uH0RyPcX7fnCcT90HFDQX,Manic Street Preachers,4LFir9jift1iINKWLAblS8,The Holy Bible - 10th Anniversary Edition,1994-08-29,album,0.58,0.903,2,-5.623,1,0.0509,0.000225,0.00333,0.135,0.171,121.013,4,373467
6QGP4AhgSriwuHRRkmVuu7,P.C.P. - US Mix,0,False,13,2,2uH0RyPcX7fnCcT90HFDQX,Manic Street Preachers,4LFir9jift1iINKWLAblS8,The Holy Bible - 10th Anniversary Edition,1994-08-29,album,0.303,0.962,7,-4.025,1,0.15,6.6e-05,0.0006,0.309,0.418,172.731,4,235000
0HtKwWjWkqSujHIGJgzakS,Die in the Summertime - Demo,0,False,14,2,2uH0RyPcX7fnCcT90HFDQX,Manic Street Preachers,4LFir9jift1iINKWLAblS8,The Holy Bible - 10th Anniversary Edition,1994-08-29,album,0.425,0.903,6,-3.839,1,0.0358,0.00722,0.000144,0.112,0.677,115.194,4,145200
0omvAtEdhK1JOuF6Ag1rsU,Mausoleum - Demo,0,False,15,2,2uH0RyPcX7fnCcT90HFDQX,Manic Street Preachers,4LFir9jift1iINKWLAblS8,The Holy Bible - 10th Anniversary Edition,1994-08-29,album,0.613,0.95,7,-3.661,1,0.036,0.00146,0.0124,0.0805,0.654,123.815,4,209027
4cUeaPgUGIccSTqMcLAGUz,Of Walking Abortion - Radio 1 Evening Session,0,False,16,2,2uH0RyPcX7fnCcT90HFDQX,Manic Street Preachers,4LFir9jift1iINKWLAblS8,The Holy Bible - 10th Anniversary Edition,1994-08-29,album,0.471,0.963,9,-4.422,1,0.0695,5.82e-05,9.41e-06,0.105,0.349,142.528,4,218640
7l1up9AQlNYgDklfB6XTqF,She Is Suffering - Radio 1 Evening Session,0,False,17,2,2uH0RyPcX7fnCcT90HFDQX,Manic Street Preachers,4LFir9jift1iINKWLAblS8,The Holy Bible - 10th Anniversary Edition,1994-08-29,album,0.439,0.851,4,-4.641,1,0.0392,0.00103,0.0,0.0862,0.267,112.8,4,265307
13HRLBLJT5pDd6TcWGFsUw,Yes - Radio 1 Evening Session,0,False,18,2,2uH0RyPcX7fnCcT90HFDQX,Manic Street Preachers,4LFir9jift1iINKWLAblS8,The Holy Bible - 10th Anniversary Edition,1994-08-29,album,0.394,0.947,4,-3.875,1,0.0818,0.00831,3.92e-05,0.0765,0.461,143.624,4,280960
6ZZXXqnjAQrEH6FR8lseny,Love Is Noise,34,False,13,1,2cGwlqi3k18jFpUyTrsR84,The Verve,4hZJmZmLVyR7KE4CFyK9S3,This Is Music: The Singles,2025-01-24,album,0.431,0.878,7,-4.039,1,0.0413,0.000437,0.0,0.366,0.313,123.028,4,327748
0goqfR2cXBbKRJMwEyGsIs,Rather Be,27,False,14,1,2cGwlqi3k18jFpUyTrsR84,The Verve,4hZJmZmLVyR7KE4CFyK9S3,This Is Music: The Singles,2025-01-24,album,0.439,0.688,9,-5.558,0,0.0253,0.0115,4.41e-06,0.0682,0.523,81.746,4,337019
6fChIIXcIXVq5NTWLuD9yC,Sit and Wonder - Live,0,False,1,1,2cGwlqi3k18jFpUyTrsR84,The Verve,29MvT9PHo8KP7aGdu3j3f6,The Verve in BBC Radio 1 Session (Live),2008,album,0.176,0.739,11,-9.373,0,0.0343,0.00134,0.181,0.305,0.317,99.222,4,339391
4vQW19PdyBMt2qOWhkV9mw,Rather Be - Live,0,False,2,1,2cGwlqi3k18jFpUyTrsR84,The Verve,29MvT9PHo8KP7aGdu3j3f6,The Verve in BBC Radio 1 Session (Live),2008,album,0.412,0.643,9,-9.142,0,0.0299,0.00458,0.0163,0.438,0.445,82.238,4,321949
2FE8pZJdxAUjXaU3PqQAt3,Lucky Man - Live,0,False,3,1,2cGwlqi3k18jFpUyTrsR84,The Verve,29MvT9PHo8KP7aGdu3j3f6,The Verve in BBC Radio 1 Session (Live),2008,album,0.368,0.629,2,-9.749,1,0.0297,0.000988,0.317,0.683,0.253,75.939,4,281536
0zVcgA0ug30pW6hBXtXKUL,Bitter Sweet Symphony,0,False,1,1,2cGwlqi3k18jFpUyTrsR84,The Verve,04VeVKVfD6rWeRavrqUzM6,Urban Hymns (Remastered 2016),1997-09-29,album,0.361,0.911,9,-5.974,1,0.049,0.0299,0.0,0.498,0.51,171.183,4,357267
4heNeKxmF0zbeTIYVAPqDs,Sonnet,0,False,2,1,2cGwlqi3k18jFpUyTrsR84,The Verve,04VeVKVfD6rWeRavrqUzM6,Urban Hymns (Remastered 2016),1997-09-29,album,0.432,0.753,0,-7.261,1,0.0253,0.123,4.74e-05,0.213,0.349,88.235,4,261360
6c7WOidEyosGAI68XiHrQc,The Rolling People,0,False,3,1,2cGwlqi3k18jFpUyTrsR84,The Verve,04VeVKVfD6rWeRavrqUzM6,Urban Hymns (Remastered 2016),1997-09-29,album,0.195,0.942,7,-6.764,1,0.0934,0.017,0.000811,0.347,0.438,166.544,4,421893
2EqWocPk5xNyFuT26kRN0q,The Drugs Don't Work,0,False,4,1,2cGwlqi3k18jFpUyTrsR84,The Verve,04VeVKVfD6rWeRavrqUzM6,Urban Hymns (Remastered 2016),1997-09-29,album,0.407,0.527,0,-8.65,1,0.0272,0.178,0.0,0.139,0.186,154.874,4,304880
1Iyw15c44MKrWStxdIc4tQ,Catching The Butterfly,0,False,5,1,2cGwlqi3k18jFpUyTrsR84,The Verve,04VeVKVfD6rWeRavrqUzM6,Urban Hymns (Remastered 2016),1997-09-29,album,0.32,0.842,2,-8.927,1,0.0369,0.214,0.721,0.288,0.401,92.491,4,386907
1W3YeqmC8OTBsSGUBd9xDI,Neon Wilderness,0,False,6,1,2cGwlqi3k18jFpUyTrsR84,The Verve,04VeVKVfD6rWeRavrqUzM6,Urban Hymns (Remastered 2016),1997-09-29,album,0.379,0.582,4,-10.63,0,0.0342,0.0713,0.354,0.0735,0.0582,123.122,5,157627
1I4rg9griUIDfTqmjeq34I,Space And Time,0,False,7,1,2cGwlqi3k18jFpUyTrsR84,The Verve,04VeVKVfD6rWeRavrqUzM6,Urban Hymns (Remastered 2016),1997-09-29,album,0.21,0.727,2,-8.771,1,0.0388,0.045,0.00754,0.147,0.341,165.961,4,336640
3mkTqBKgY04UKpBxTAn6EQ,Weeping Willow,0,False,8,1,2cGwlqi3k18jFpUyTrsR84,The Verve,04VeVKVfD6rWeRavrqUzM6,Urban Hymns (Remastered 2016),1997-09-29,album,0.33,0.729,4,-6.803,0,0.0301,0.0133,0.000326,0.0586,0.412,152.094,4,289907
5rsSWBPx0K4IhPosHJqd6z,Lucky Man,0,False,9,1,2cGwlqi3k18jFpUyTrsR84,The Verve,04VeVKVfD6rWeRavrqUzM6,Urban Hymns (Remastered 2016),1997-09-29,album,0.412,0.652,2,-7.564,1,0.0299,0.292,0.000155,0.0915,0.182,76.053,4,293587
6mgEFtu8stBoQhgoE2kui2,One Day,0,False,10,1,2cGwlqi3k18jFpUyTrsR84,The Verve,04VeVKVfD6rWeRavrqUzM6,Urban Hymns (Remastered 2016),1997-09-29,album,0.449,0.473,7,-8.843,1,0.0266,0.789,0.023,0.129,0.3,156.119,4,302747
6UlDXZQbZ2VfJCZTNgWy2H,This Time,0,False,11,1,2cGwlqi3k18jFpUyTrsR84,The Verve,04VeVKVfD6rWeRavrqUzM6,Urban Hymns (Remastered 2016),1997-09-29,album,0.506,0.842,0,-6.857,1,0.0346,0.016,0.0,0.205,0.652,103.01,4,231000
5sEu0ajHEbo7oXC7b3wvPt,Velvet Morning,0,False,12,1,2cGwlqi3k18jFpUyTrsR84,The Verve,04VeVKVfD6rWeRavrqUzM6,Urban Hymns (Remastered 2016),1997-09-29,album,0.438,0.539,9,-7.504,1,0.026,0.104,0.176,0.0995,0.216,87.061,4,297587
1HA7LCzDOrTfMvisZCxYAB,Sonnet,37,False,2,1,2cGwlqi3k18jFpUyTrsR84,The Verve,4uWmfuW68AR0mGFpYlUDjL,Urban Hymns (Deluxe / Remastered 2016),1997-09-29,album,0.433,0.725,0,-7.296,1,0.0244,0.12,4.34e-05,0.225,0.376,89.059,4,261360
3dPSPaolTvtOvSCKo1ProN,The Rolling People,30,False,3,1,2cGwlqi3k18jFpUyTrsR84,The Verve,4uWmfuW68AR0mGFpYlUDjL,Urban Hymns (Deluxe / Remastered 2016),1997-09-29,album,0.195,0.937,7,-6.814,1,0.0927,0.0204,0.000875,0.356,0.436,164.739,4,421893
15kLz0zNFdtsaJdXKSGmTU,The Drugs Don't Work,66,False,4,1,2cGwlqi3k18jFpUyTrsR84,The Verve,4uWmfuW68AR0mGFpYlUDjL,Urban Hymns (Deluxe / Remastered 2016),1997-09-29,album,0.442,0.52,0,-8.648,1,0.0261,0.184,0.0,0.154,0.177,77.437,4,304880
1gZNSMxopZP6ub37Afl6bU,Catching The Butterfly,27,False,5,1,2cGwlqi3k18jFpUyTrsR84,The Verve,4uWmfuW68AR0mGFpYlUDjL,Urban Hymns (Deluxe / Remastered 2016),1997-09-29,album,0.315,0.851,2,-8.957,1,0.0361,0.228,0.74,0.274,0.448,92.355,4,386907
6a2jJqTlwQ0CV9WNmAA8o4,Neon Wilderness,23,False,6,1,2cGwlqi3k18jFpUyTrsR84,The Verve,4uWmfuW68AR0mGFpYlUDjL,Urban Hymns (Deluxe / Remastered 2016),1997-09-29,album,0.362,0.602,4,-10.653,0,0.033,0.0875,0.128,0.0588,0.0603,123.103,5,157627
5LLNmbRzBCT3cfrmHg6jR7,Space And Time,44,False,7,1,2cGwlqi3k18jFpUyTrsR84,The Verve,4uWmfuW68AR0mGFpYlUDjL,Urban Hymns (Deluxe / Remastered 2016),1997-09-29,album,0.21,0.723,2,-8.803,1,0.0366,0.0419,0.00457,0.138,0.326,165.495,4,336640
5MFO9lwRDQy2Z85AvdwsL3,Weeping Willow,41,False,8,1,2cGwlqi3k18jFpUyTrsR84,The Verve,4uWmfuW68AR0mGFpYlUDjL,Urban Hymns (Deluxe / Remastered 2016),1997-09-29,album,0.323,0.749,4,-6.833,0,0.0304,0.00878,0.000412,0.0655,0.459,152.087,4,289907
2mxPSHEwjJWOQS7lGw6btF,Lucky Man,70,False,9,1,2cGwlqi3k18jFpUyTrsR84,The Verve,4uWmfuW68AR0mGFpYlUDjL,Urban Hymns (Deluxe / Remastered 2016),1997-09-29,album,0.407,0.663,2,-7.591,1,0.0305,0.255,0.000166,0.0913,0.211,75.989,4,293587
3uQyFxXK5szpnfJzsgp3vK,One Day,26,False,10,1,2cGwlqi3k18jFpUyTrsR84,The Verve,4uWmfuW68AR0mGFpYlUDjL,Urban Hymns (Deluxe / Remastered 2016),1997-09-29,album,0.457,0.487,7,-8.975,1,0.0256,0.787,0.0349,0.13,0.259,156.142,4,302747
3g5NB1xweKrbgGcsDIij5Q,This Time,24,False,11,1,2cGwlqi3k18jFpUyTrsR84,The Verve,4uWmfuW68AR0mGFpYlUDjL,Urban Hymns (Deluxe / Remastered 2016),1997-09-29,album,0.511,0.825,0,-6.975,1,0.0335,0.0207,0.0,0.213,0.615,103.002,4,231000
5hFAVg3ozJDq8ulTSdOyjg,Velvet Morning,39,False,12,1,2cGwlqi3k18jFpUyTrsR84,The Verve,4uWmfuW68AR0mGFpYlUDjL,Urban Hymns (Deluxe / Remastered 2016),1997-09-29,album,0.438,0.547,9,-7.584,1,0.0265,0.108,0.0735,0.0994,0.18,87.076,4,297587
5lb7JAOLC5M9BphCmyuDpU,Come On / Deep Freeze - Hidden Track,23,False,13,1,2cGwlqi3k18jFpUyTrsR84,The Verve,4uWmfuW68AR0mGFpYlUDjL,Urban Hymns (Deluxe / Remastered 2016),1997-09-29,album,0.126,9.77e-05,4,-6.882,1,0.0888,0.00614,0.00378,0.622,0.0951,84.758,4,914613
6dSaviKQicPNs5E5B2eZz5,This Is Music - Live,19,False,1,2,2cGwlqi3k18jFpUyTrsR84,The Verve,4uWmfuW68AR0mGFpYlUDjL,Urban Hymns (Deluxe / Remastered 2016),1997-09-29,album,0.178,0.959,2,-5.924,1,0.394,0.00434,0.000102,0.983,0.272,160.259,4,239440
6uBfCX3ZzV7ytBrkAGzhjV,Space And Time - Live,19,False,2,2,2cGwlqi3k18jFpUyTrsR84,The Verve,4uWmfuW68AR0mGFpYlUDjL,Urban Hymns (Deluxe / Remastered 2016),1997-09-29,album,0.147,0.862,2,-7.905,1,0.112,0.00647,0.00142,0.986,0.177,164.125,4,360387
1mCE4Y9VLx0G3xIUHwBDZv,Catching The Butterfly - Live,16,False,3,2,2cGwlqi3k18jFpUyTrsR84,The Verve,4uWmfuW68AR0mGFpYlUDjL,Urban Hymns (Deluxe / Remastered 2016),1997-09-29,album,0.265,0.903,2,-7.222,1,0.0593,0.00108,0.00288,0.844,0.293,94.038,4,388733
0OwcsyQTOlvsrKC0P8rY44,Sonnet - Live,30,False,4,2,2cGwlqi3k18jFpUyTrsR84,The Verve,4uWmfuW68AR0mGFpYlUDjL,Urban Hymns (Deluxe / Remastered 2016),1997-09-29,album,0.179,0.794,0,-7.333,1,0.0626,0.0275,8.23e-05,0.987,0.207,175.871,4,273560
4PIgIln1T4hoevE8VO0Dea,The Rolling People - Live,17,False,5,2,2cGwlqi3k18jFpUyTrsR84,The Verve,4uWmfuW68AR0mGFpYlUDjL,Urban Hymns (Deluxe / Remastered 2016),1997-09-29,album,0.176,0.929,9,-6.784,1,0.146,0.000593,0.000414,0.923,0.498,173.093,4,364747
7AaKHvKsGOODKkYMlKWMOj,Weeping Willow - Live,18,False,6,2,2cGwlqi3k18jFpUyTrsR84,The Verve,4uWmfuW68AR0mGFpYlUDjL,Urban Hymns (Deluxe / Remastered 2016),1997-09-29,album,0.208,0.819,4,-8.113,0,0.0447,0.000838,1.82e-05,0.83,0.398,168.343,4,277827
2wW7S9qLTSZqLiyGgIm8sR,The Drugs Don't Work - Live,27,False,7,2,2cGwlqi3k18jFpUyTrsR84,The Verve,4uWmfuW68AR0mGFpYlUDjL,Urban Hymns (Deluxe / Remastered 2016),1997-09-29,album,0.226,0.544,0,-8.905,1,0.0328,0.235,0.0,0.98,0.16,140.829,4,360173
4JQSHQY9FAY3kABboQYkEK,Lucky Man - Live,34,False,8,2,2cGwlqi3k18jFpUyTrsR84,The Verve,4uWmfuW68AR0mGFpYlUDjL,Urban Hymns (Deluxe / Remastered 2016),1997-09-29,album,0.104,0.664,2,-7.948,1,0.0441,0.165,0.00045,0.99,0.137,72.194,4,330440
5y8JXdIelbcAPt0ixINqLm,Life's An Ocean - Live,18,False,9,2,2cGwlqi3k18jFpUyTrsR84,The Verve,4uWmfuW68AR0mGFpYlUDjL,Urban Hymns (Deluxe / Remastered 2016),1997-09-29,album,0.223,0.801,2,-9.409,1,0.104,0.0394,0.0937,0.916,0.428,181.618,4,409093
0GinEEqoTlIm7fS3kVBUKd,Velvet Morning - Live,16,False,10,2,2cGwlqi3k18jFpUyTrsR84,The Verve,4uWmfuW68AR0mGFpYlUDjL,Urban Hymns (Deluxe / Remastered 2016),1997-09-29,album,0.195,0.562,9,-8.618,1,0.0418,0.268,1.81e-06,0.874,0.117,82.064,4,360747
3MpLeyY1HFGqUm9f2je64a,Bitter Sweet Symphony - Live,35,False,11,2,2cGwlqi3k18jFpUyTrsR84,The Verve,4uWmfuW68AR0mGFpYlUDjL,Urban Hymns (Deluxe / Remastered 2016),1997-09-29,album,0.136,0.825,9,-6.224,1,0.0529,0.00287,0.000258,0.978,0.305,171.103,4,609813
4ZzqatfGEttE0RhOCyt8eL,A New Decade - Live,15,False,12,2,2cGwlqi3k18jFpUyTrsR84,The Verve,4uWmfuW68AR0mGFpYlUDjL,Urban Hymns (Deluxe / Remastered 2016),1997-09-29,album,0.259,0.608,9,-7.785,1,0.037,0.0962,0.0,0.993,0.342,152.139,4,224387
406Fr90l5G22xdyi3V0mQK,History - Live,20,False,13,2,2cGwlqi3k18jFpUyTrsR84,The Verve,4uWmfuW68AR0mGFpYlUDjL,Urban Hymns (Deluxe / Remastered 2016),1997-09-29,album,0.193,0.718,2,-7.473,1,0.0423,0.256,2.85e-06,0.982,0.15,155.008,4,293987
21vIZuuXAcs2fk2Lo2Ne8B,Bitter Sweet Symphony,0,False,1,1,2cGwlqi3k18jFpUyTrsR84,The Verve,4Wx07YW6hrwBSGOOPdDERt,Urban Hymns (Super Deluxe / Remastered 2016),1997-09-29,album,0.352,0.916,9,-5.967,1,0.0567,0.0314,0.0,0.468,0.494,171.132,4,357267
3gqHxvvMHxvaf1sh2LdjQR,Sonnet,0,False,2,1,2cGwlqi3k18jFpUyTrsR84,The Verve,4Wx07YW6hrwBSGOOPdDERt,Urban Hymns (Super Deluxe / Remastered 2016),1997-09-29,album,0.427,0.738,0,-7.314,1,0.0251,0.131,8.01e-05,0.224,0.326,88.015,4,261360
1QACB1KxFYm5hgwrtWzYLz,The Rolling People,0,False,3,1,2cGwlqi3k18jFpUyTrsR84,The Verve,4Wx07YW6hrwBSGOOPdDERt,Urban Hymns (Super Deluxe / Remastered 2016),1997-09-29,album,0.197,0.941,7,-6.784,1,0.0878,0.0186,0.000725,0.349,0.438,165.948,4,421893
1lriKDRxkKJf55txSWCxi7,The Drugs Don't Work,0,False,4,1,2cGwlqi3k18jFpUyTrsR84,The Verve,4Wx07YW6hrwBSGOOPdDERt,Urban Hymns (Super Deluxe / Remastered 2016),1997-09-29,album,0.405,0.529,0,-8.639,1,0.027,0.183,0.0,0.139,0.186,154.844,4,304880
197w4QtXtIjqJBAgxniyiH,Catching The Butterfly,0,False,5,1,2cGwlqi3k18jFpUyTrsR84,The Verve,4Wx07YW6hrwBSGOOPdDERt,Urban Hymns (Super Deluxe / Remastered 2016),1997-09-29,album,0.323,0.846,2,-8.916,1,0.0368,0.23,0.681,0.284,0.416,92.22,4,386907
3KzRJ5DmQT3GGp0w6Zf5kg,Neon Wilderness,0,False,6,1,2cGwlqi3k18jFpUyTrsR84,The Verve,4Wx07YW6hrwBSGOOPdDERt,Urban Hymns (Super Deluxe / Remastered 2016),1997-09-29,album,0.359,0.577,4,-10.582,0,0.0336,0.0679,0.362,0.0642,0.0514,123.142,5,157627
16Nxof86mzGaAniktyCniW,Space And Time,0,False,7,1,2cGwlqi3k18jFpUyTrsR84,The Verve,4Wx07YW6hrwBSGOOPdDERt,Urban Hymns (Super Deluxe / Remastered 2016),1997-09-29,album,0.211,0.729,2,-8.737,1,0.0398,0.0458,0.0104,0.132,0.317,166.008,4,336640
7s3a5RLvJJGfB9pwBQjTRa,Weeping Willow,0,False,8,1,2cGwlqi3k18jFpUyTrsR84,The Verve,4Wx07YW6hrwBSGOOPdDERt,Urban Hymns (Super Deluxe / Remastered 2016),1997-09-29,album,0.329,0.723,4,-6.803,0,0.0302,0.0126,0.000294,0.0589,0.442,152.111,4,289907
79er3gMNKf1vI34dW33op7,Lucky Man,0,False,9,1,2cGwlqi3k18jFpUyTrsR84,The Verve,4Wx07YW6hrwBSGOOPdDERt,Urban Hymns (Super Deluxe / Remastered 2016),1997-09-29,album,0.413,0.655,2,-7.5,1,0.0299,0.287,0.000119,0.0839,0.177,76.052,4,293587
7rAbAutCnl3RhNnKWb306L,One Day,0,False,10,1,2cGwlqi3k18jFpUyTrsR84,The Verve,4Wx07YW6hrwBSGOOPdDERt,Urban Hymns (Super Deluxe / Remastered 2016),1997-09-29,album,0.449,0.472,7,-8.896,1,0.0266,0.776,0.022,0.129,0.302,156.144,4,302747
4vQzZhbvAWSFTiEgBiK26z,This Time,0,False,11,1,2cGwlqi3k18jFpUyTrsR84,The Verve,4Wx07YW6hrwBSGOOPdDERt,Urban Hymns (Super Deluxe / Remastered 2016),1997-09-29,album,0.512,0.838,0,-6.898,1,0.0349,0.0162,0.0,0.204,0.646,103.013,4,231000
2Qf9AkbZS65m2r265IGonp,Velvet Morning,0,False,12,1,2cGwlqi3k18jFpUyTrsR84,The Verve,4Wx07YW6hrwBSGOOPdDERt,Urban Hymns (Super Deluxe / Remastered 2016),1997-09-29,album,0.435,0.556,9,-7.519,1,0.0263,0.0972,0.118,0.0982,0.18,87.079,4,297587
0velbPnCSg3FzGQsI9SmOu,Come On / Deep Freeze - Hidden Track,0,False,13,1,2cGwlqi3k18jFpUyTrsR84,The Verve,4Wx07YW6hrwBSGOOPdDERt,Urban Hymns (Super Deluxe / Remastered 2016),1997-09-29,album,0.123,0.000101,4,-6.827,1,0.0892,0.00603,0.00457,0.622,0.0848,172.921,4,914613
4e3nK0FQpN0DDFgJF6qtqY,Bitter Sweet Symphony - James Lavelle Remix,0,False,3,2,2cGwlqi3k18jFpUyTrsR84,The Verve,4Wx07YW6hrwBSGOOPdDERt,Urban Hymns (Super Deluxe / Remastered 2016),1997-09-29,album,0.489,0.897,9,-6.69,1,0.0729,0.00212,0.0151,0.0973,0.741,167.56,4,351573
4C2wbFo3mxqOCtBPw1WSHQ,The Drugs Don't Work - Demo,0,False,7,2,2cGwlqi3k18jFpUyTrsR84,The Verve,4Wx07YW6hrwBSGOOPdDERt,Urban Hymns (Super Deluxe / Remastered 2016),1997-09-29,album,0.467,0.202,0,-11.09,1,0.0313,0.819,1.17e-05,0.124,0.13,132.713,4,285667
30t7ce5Y84pXwTHUwYMCRb,Bitter Sweet Symphony - MSG Version,0,False,11,2,2cGwlqi3k18jFpUyTrsR84,The Verve,4Wx07YW6hrwBSGOOPdDERt,Urban Hymns (Super Deluxe / Remastered 2016),1997-09-29,album,0.527,0.697,9,-8.565,1,0.0335,0.00134,0.829,0.0623,0.723,170.666,4,422693
3xQiqzihgpC8EDEmEG8eNh,Lucky Man - Happiness More Or Less Mix,0,False,13,2,2cGwlqi3k18jFpUyTrsR84,The Verve,4Wx07YW6hrwBSGOOPdDERt,Urban Hymns (Super Deluxe / Remastered 2016),1997-09-29,album,0.394,0.51,2,-11.045,1,0.0293,0.0241,0.82,0.0855,0.277,76.153,4,296240
3kh4kMPCJt9vI06D3nXA3v,Bitter Sweet Symphony - Extended Version,0,False,1,3,2cGwlqi3k18jFpUyTrsR84,The Verve,4Wx07YW6hrwBSGOOPdDERt,Urban Hymns (Super Deluxe / Remastered 2016),1997-09-29,album,0.386,0.857,9,-7.222,1,0.0476,0.0265,2.77e-06,0.125,0.397,171.025,4,469733
6vMQZHeXBDIlb2uMdadsDB,Life's An Ocean - BBC Evening Session,0,False,4,3,2cGwlqi3k18jFpUyTrsR84,The Verve,4Wx07YW6hrwBSGOOPdDERt,Urban Hymns (Super Deluxe / Remastered 2016),1997-09-29,album,0.38,0.561,11,-11.344,0,0.0265,0.544,0.671,0.0912,0.501,89.26,4,364427
4N0LmqRvlt6a0sFYijFPxl,The Drugs Don't Work - BBC Evening Session,0,False,6,3,2cGwlqi3k18jFpUyTrsR84,The Verve,4Wx07YW6hrwBSGOOPdDERt,Urban Hymns (Super Deluxe / Remastered 2016),1997-09-29,album,0.468,0.355,0,-9.85,1,0.026,0.364,1.55e-05,0.123,0.269,137.859,4,331413
5l92iGWAtutE84OBQ92ced,On Your Own - BBC Evening Session,0,False,7,3,2cGwlqi3k18jFpUyTrsR84,The Verve,4Wx07YW6hrwBSGOOPdDERt,Urban Hymns (Super Deluxe / Remastered 2016),1997-09-29,album,0.534,0.272,4,-10.663,0,0.0275,0.758,0.0,0.109,0.181,74.989,4,197787
3Vl11dye7JbEnqq5Qe7FWt,So Sister - BBC Evening Session,0,False,8,3,2cGwlqi3k18jFpUyTrsR84,The Verve,4Wx07YW6hrwBSGOOPdDERt,Urban Hymns (Super Deluxe / Remastered 2016),1997-09-29,album,0.415,0.219,4,-11.72,0,0.0313,0.716,0.0,0.194,0.195,153.478,4,200560
2hrVmgcfwSsCuYMrBD8ey3,This Is Music - Live From The Haigh Hall Concert Hall,0,False,1,4,2cGwlqi3k18jFpUyTrsR84,The Verve,4Wx07YW6hrwBSGOOPdDERt,Urban Hymns (Super Deluxe / Remastered 2016),1997-09-29,album,0.178,0.964,2,-5.991,1,0.455,0.00534,0.000252,0.98,0.253,158.353,4,239440
4FfaC3c9gGNgimOyqPUiGj,Space And Time - Live From The Haigh Hall Concert Hall,0,False,2,4,2cGwlqi3k18jFpUyTrsR84,The Verve,4Wx07YW6hrwBSGOOPdDERt,Urban Hymns (Super Deluxe / Remastered 2016),1997-09-29,album,0.149,0.864,2,-7.905,1,0.109,0.00646,0.00126,0.987,0.193,163.969,4,360387
46uuoM2To0KCZqu6lcsSkp,Catching The Butterfly - Live From The Haigh Hall Concert Hall,0,False,3,4,2cGwlqi3k18jFpUyTrsR84,The Verve,4Wx07YW6hrwBSGOOPdDERt,Urban Hymns (Super Deluxe / Remastered 2016),1997-09-29,album,0.255,0.905,2,-7.163,1,0.0667,0.00117,0.00316,0.824,0.342,94.116,4,388733
2IM5k69EOkr9KAOiwAMaMo,Sonnet - Live From The Haigh Hall Concert Hall,0,False,4,4,2cGwlqi3k18jFpUyTrsR84,The Verve,4Wx07YW6hrwBSGOOPdDERt,Urban Hymns (Super Deluxe / Remastered 2016),1997-09-29,album,0.169,0.848,0,-7.431,1,0.0868,0.0387,6.46e-05,0.982,0.212,175.635,4,281133
5WYebDzrygpx6u7YpKWlck,The Rolling People - Live From The Haigh Hall Concert Hall,0,False,5,4,2cGwlqi3k18jFpUyTrsR84,The Verve,4Wx07YW6hrwBSGOOPdDERt,Urban Hymns (Super Deluxe / Remastered 2016),1997-09-29,album,0.17,0.927,9,-6.867,1,0.195,0.000988,0.000278,0.978,0.468,178.6,4,375640
54NSnYTIecEexSttTM0bpq,Neon Wilderness - Live From The Haigh Hall Concert Hall,0,False,6,4,2cGwlqi3k18jFpUyTrsR84,The Verve,4Wx07YW6hrwBSGOOPdDERt,Urban Hymns (Super Deluxe / Remastered 2016),1997-09-29,album,0.248,0.688,11,-10.011,0,0.0435,0.0153,0.00478,0.414,0.196,152.132,4,163360
6iWcLsYsw2L4KxrRJzWedX,Weeping Willow - Live From The Haigh Hall Concert Hall,0,False,7,4,2cGwlqi3k18jFpUyTrsR84,The Verve,4Wx07YW6hrwBSGOOPdDERt,Urban Hymns (Super Deluxe / Remastered 2016),1997-09-29,album,0.215,0.811,4,-8.076,0,0.0417,0.000837,1.26e-05,0.742,0.407,167.479,4,277653
5bcOpdoKsEpOH54zwmD4Y9,The Drugs Don't Work - Live From The Haigh Hall Concert Hall,0,False,8,4,2cGwlqi3k18jFpUyTrsR84,The Verve,4Wx07YW6hrwBSGOOPdDERt,Urban Hymns (Super Deluxe / Remastered 2016),1997-09-29,album,0.225,0.544,0,-8.859,1,0.033,0.22,0.0,0.988,0.162,141.361,4,360173
0s7CnOGn0HTdKEXgvwSQe8,Lucky Man - Live From The Haigh Hall Concert Hall,0,False,9,4,2cGwlqi3k18jFpUyTrsR84,The Verve,4Wx07YW6hrwBSGOOPdDERt,Urban Hymns (Super Deluxe / Remastered 2016),1997-09-29,album,0.149,0.667,2,-7.889,1,0.0415,0.183,0.000463,0.99,0.158,153.033,4,330440
0OYFUOBT1kA9REtDvNlfb8,Life's An Ocean - Live From The Haigh Hall Concert Hall,0,False,10,4,2cGwlqi3k18jFpUyTrsR84,The Verve,4Wx07YW6hrwBSGOOPdDERt,Urban Hymns (Super Deluxe / Remastered 2016),1997-09-29,album,0.221,0.817,2,-9.407,1,0.119,0.0416,0.0682,0.908,0.459,184.048,4,409080
2QR2jFOl7j0uFKwpU5UbPE,Velvet Morning - Live From The Haigh Hall Concert Hall,0,False,11,4,2cGwlqi3k18jFpUyTrsR84,The Verve,4Wx07YW6hrwBSGOOPdDERt,Urban Hymns (Super Deluxe / Remastered 2016),1997-09-29,album,0.187,0.567,9,-8.543,1,0.0423,0.262,1.08e-06,0.876,0.0986,80.98,4,360760
2YXd7hfeEFDpsfCe3YDwj9,Bitter Sweet Symphony - Live From The Haigh Hall Concert Hall,0,False,12,4,2cGwlqi3k18jFpUyTrsR84,The Verve,4Wx07YW6hrwBSGOOPdDERt,Urban Hymns (Super Deluxe / Remastered 2016),1997-09-29,album,0.135,0.824,9,-6.192,1,0.0505,0.00327,0.00047,0.976,0.296,171.815,4,607973
1p3adSgNMu5RLCxaezbN0m,One Day - Live From The Haigh Hall Concert Hall,0,False,1,5,2cGwlqi3k18jFpUyTrsR84,The Verve,4Wx07YW6hrwBSGOOPdDERt,Urban Hymns (Super Deluxe / Remastered 2016),1997-09-29,album,0.234,0.472,7,-12.719,1,0.036,0.119,0.0,0.985,0.283,161.854,4,333347
4drivVyxAJsjw7sw0FYifS,History - Live From The Haigh Hall Concert Hall,0,False,2,5,2cGwlqi3k18jFpUyTrsR84,The Verve,4Wx07YW6hrwBSGOOPdDERt,Urban Hymns (Super Deluxe / Remastered 2016),1997-09-29,album,0.209,0.64,2,-11.13,1,0.056,0.13,0.0,0.98,0.122,156.217,4,332280
21JhVYUCFyNctfdmGCNYeN,Come On - Live From The Haigh Hall Concert Hall,0,False,3,5,2cGwlqi3k18jFpUyTrsR84,The Verve,4Wx07YW6hrwBSGOOPdDERt,Urban Hymns (Super Deluxe / Remastered 2016),1997-09-29,album,0.195,0.939,4,-7.472,1,0.123,0.00128,0.0029,0.948,0.322,102.68,4,643973
7MgTXOk3DBikHK5eF6BuYf,A New Decade - Live From The 9:30 Club,0,False,4,5,2cGwlqi3k18jFpUyTrsR84,The Verve,4Wx07YW6hrwBSGOOPdDERt,Urban Hymns (Super Deluxe / Remastered 2016),1997-09-29,album,0.252,0.652,9,-7.762,1,0.0429,0.0799,1.14e-06,0.986,0.318,152.53,4,222893
6Q2U4NerUqgF8SPB7BoVxa,Come In Number 21,18,False,1,1,5fScAXreYFnuqwOgBsJgSd,The Charlatans,57UYfZZSVTX9xrE1ARp88j,Up to Our Hips (30th Anniversary Expanded Edition),2024-11-08,album,0.591,0.8,7,-9.532,1,0.025,0.128,0.629,0.235,0.572,101.921,4,266093
6Y466ySwBsrNZDkituNDxH,I Never Want an Easy Life If Me and He Were Ever to Get There,16,False,2,1,5fScAXreYFnuqwOgBsJgSd,The Charlatans,57UYfZZSVTX9xrE1ARp88j,Up to Our Hips (30th Anniversary Expanded Edition),2024-11-08,album,0.345,0.775,0,-7.761,1,0.0293,0.000171,0.241,0.189,0.703,177.904,4,250213
3YUDpKHa7jFiiiwAUe8yt2,Can't Get Out of Bed,16,False,3,1,5fScAXreYFnuqwOgBsJgSd,The Charlatans,57UYfZZSVTX9xrE1ARp88j,Up to Our Hips (30th Anniversary Expanded Edition),2024-11-08,album,0.57,0.7,5,-7.26,1,0.0267,0.00167,0.0,0.0796,0.63,95.978,4,191053
4MUSB9RoB6srRRu53PhHyV,Feel Flows,15,False,4,1,5fScAXreYFnuqwOgBsJgSd,The Charlatans,57UYfZZSVTX9xrE1ARp88j,Up to Our Hips (30th Anniversary Expanded Edition),2024-11-08,album,0.439,0.766,9,-7.956,0,0.0261,7.29e-06,0.862,0.206,0.453,91.13,4,377573
3YPgUO7JI6kmiL2cpCVghA,Autograph,14,False,5,1,5fScAXreYFnuqwOgBsJgSd,The Charlatans,57UYfZZSVTX9xrE1ARp88j,Up to Our Hips (30th Anniversary Expanded Edition),2024-11-08,album,0.636,0.558,2,-9.058,1,0.0297,0.348,0.365,0.0952,0.504,149.866,4,271093
0r96X4FYDFXihEi6UpxY6M,Jesus Hairdo,13,False,6,1,5fScAXreYFnuqwOgBsJgSd,The Charlatans,57UYfZZSVTX9xrE1ARp88j,Up to Our Hips (30th Anniversary Expanded Edition),2024-11-08,album,0.534,0.946,6,-7.793,0,0.0358,0.000298,0.00116,0.108,0.772,104.158,4,193600
17xJ2uWSX1LeYy00e0Ja2z,Up to Our Hips,13,False,7,1,5fScAXreYFnuqwOgBsJgSd,The Charlatans,57UYfZZSVTX9xrE1ARp88j,Up to Our Hips (30th Anniversary Expanded Edition),2024-11-08,album,0.437,0.686,5,-9.588,0,0.0389,0.0113,0.0083,0.322,0.495,82.657,4,272027
1BC5x4FBQYHmfQIqj0Jo2u,Patrol,13,False,8,1,5fScAXreYFnuqwOgBsJgSd,The Charlatans,57UYfZZSVTX9xrE1ARp88j,Up to Our Hips (30th Anniversary Expanded Edition),2024-11-08,album,0.536,0.709,7,-11.595,1,0.0334,0.00111,0.193,0.0828,0.804,89.265,4,366067
7j9K15o84JmFURvLU4fSCm,Another Rider Up in Flames,15,False,9,1,5fScAXreYFnuqwOgBsJgSd,The Charlatans,57UYfZZSVTX9xrE1ARp88j,Up to Our Hips (30th Anniversary Expanded Edition),2024-11-08,album,0.534,0.763,9,-8.375,0,0.0255,0.000238,0.000424,0.134,0.575,79.835,4,202080
4knU8ZbH0h8rfEw3vuQfGJ,Inside-looking Out,14,False,10,1,5fScAXreYFnuqwOgBsJgSd,The Charlatans,57UYfZZSVTX9xrE1ARp88j,Up to Our Hips (30th Anniversary Expanded Edition),2024-11-08,album,0.332,0.56,1,-10.723,1,0.0353,0.025,0.436,0.0638,0.294,167.851,4,308280
56yh0IMbSb2E4J5YaiCyfE,Out,10,False,3,2,5fScAXreYFnuqwOgBsJgSd,The Charlatans,57UYfZZSVTX9xrE1ARp88j,Up to Our Hips (30th Anniversary Expanded Edition),2024-11-08,album,0.36,0.817,0,-8.391,1,0.0319,0.000206,0.908,0.171,0.972,169.333,4,120427
4ARL2s3pOVEVvNA24gJoQA,Up to Our Hips - Recorded live for the Steve Lamacq and Jo Whiley Show,11,False,4,2,5fScAXreYFnuqwOgBsJgSd,The Charlatans,57UYfZZSVTX9xrE1ARp88j,Up to Our Hips (30th Anniversary Expanded Edition),2024-11-08,album,0.42,0.674,10,-10.495,0,0.0583,0.188,0.00899,0.28,0.421,171.342,4,264293
2j3HtjkcHmA0GIb8Pxvdyv,Feel Flows - Alternate Mix,9,False,7,2,5fScAXreYFnuqwOgBsJgSd,The Charlatans,57UYfZZSVTX9xrE1ARp88j,Up to Our Hips (30th Anniversary Expanded Edition),2024-11-08,album,0.439,0.833,7,-11.279,0,0.0288,0.000873,0.89,0.111,0.678,91.341,4,532800
0TPYh8O8BvU8RfRtySzBiK,Another Rider Up in Flames - Recorded live for the Steve Lamacq and Jo Whiley Show,7,False,10,2,5fScAXreYFnuqwOgBsJgSd,The Charlatans,57UYfZZSVTX9xrE1ARp88j,Up to Our Hips (30th Anniversary Expanded Edition),2024-11-08,album,0.355,0.67,9,-9.677,0,0.035,0.0108,0.000355,0.119,0.826,166.738,4,191293
1dUysEj9BNcUQqFqfMANsW,Talking in Tones,7,False,1,1,5fScAXreYFnuqwOgBsJgSd,The Charlatans,1v2o1XoEzGEdMzLQCCyLRr,Modern Nature (Expanded Deluxe),2024-02-02,album,0.565,0.87,9,-4.863,0,0.0459,0.000627,0.00176,0.0841,0.212,102.009,4,281187
5KW37bJWijYviGR2u16DBJ,So Oh,8,False,2,1,5fScAXreYFnuqwOgBsJgSd,The Charlatans,1v2o1XoEzGEdMzLQCCyLRr,Modern Nature (Expanded Deluxe),2024-02-02,album,0.475,0.932,2,-4.376,1,0.0437,1.22e-05,0.27,0.37,0.681,104.021,4,249507
6bcA2kQZr1a8dKf9QgPKdc,Come Home Baby,8,False,3,1,5fScAXreYFnuqwOgBsJgSd,The Charlatans,1v2o1XoEzGEdMzLQCCyLRr,Modern Nature (Expanded Deluxe),2024-02-02,album,0.6,0.863,5,-5.359,0,0.0286,0.00256,0.000266,0.257,0.523,94.011,4,236427
1wi8O4zLF6uc0i88YNHEaG,Keep Enough,6,False,4,1,5fScAXreYFnuqwOgBsJgSd,The Charlatans,1v2o1XoEzGEdMzLQCCyLRr,Modern Nature (Expanded Deluxe),2024-02-02,album,0.554,0.611,9,-3.969,0,0.0249,0.00468,0.0941,0.161,0.391,172.01,4,258667
0uyZjSl0ejaDnuHLjZm2G0,In the Tall Grass,6,False,5,1,5fScAXreYFnuqwOgBsJgSd,The Charlatans,1v2o1XoEzGEdMzLQCCyLRr,Modern Nature (Expanded Deluxe),2024-02-02,album,0.591,0.584,11,-7.108,0,0.0321,0.0144,0.0161,0.148,0.667,94.025,4,230080
7t7wpJGmCkkP0d2C04fKSi,Emilie,6,False,6,1,5fScAXreYFnuqwOgBsJgSd,The Charlatans,1v2o1XoEzGEdMzLQCCyLRr,Modern Nature (Expanded Deluxe),2024-02-02,album,0.608,0.891,2,-4.947,1,0.0346,0.00959,0.00625,0.0773,0.373,128.0,4,198160
1V0wq69tiBi5vAuWiWB3lM,Let the Good Times Be Never Ending,7,False,7,1,5fScAXreYFnuqwOgBsJgSd,The Charlatans,1v2o1XoEzGEdMzLQCCyLRr,Modern Nature (Expanded Deluxe),2024-02-02,album,0.624,0.718,0,-5.799,1,0.0267,2.18e-05,0.0698,0.118,0.338,131.985,4,390507
15qzaHGl7MM71qJJFj3ogI,I Need You to Know,5,False,8,1,5fScAXreYFnuqwOgBsJgSd,The Charlatans,1v2o1XoEzGEdMzLQCCyLRr,Modern Nature (Expanded Deluxe),2024-02-02,album,0.258,0.909,11,-3.933,0,0.0656,0.000427,0.00435,0.301,0.463,176.331,4,279080
1vO4FK82U7P2NtXL5H1xGY,Lean In,5,False,9,1,5fScAXreYFnuqwOgBsJgSd,The Charlatans,1v2o1XoEzGEdMzLQCCyLRr,Modern Nature (Expanded Deluxe),2024-02-02,album,0.42,0.883,7,-3.901,1,0.0355,9.49e-06,0.000488,0.0825,0.56,134.016,4,224480
5Afg3fIfwPcWY6FeyQlZKq,Trouble Understanding,5,False,10,1,5fScAXreYFnuqwOgBsJgSd,The Charlatans,1v2o1XoEzGEdMzLQCCyLRr,Modern Nature (Expanded Deluxe),2024-02-02,album,0.454,0.89,0,-4.96,1,0.0555,6.62e-05,0.0307,0.118,0.711,180.014,4,247160
2nqrPit8In7T6gzrGWPNrf,Lot to Say,4,False,11,1,5fScAXreYFnuqwOgBsJgSd,The Charlatans,1v2o1XoEzGEdMzLQCCyLRr,Modern Nature (Expanded Deluxe),2024-02-02,album,0.425,0.879,7,-5.972,0,0.046,0.00186,0.0301,0.279,0.502,180.105,4,213507
5a0VUY76PFnVYk39cNM30y,We Sleep on Borrowed Time,4,False,12,1,5fScAXreYFnuqwOgBsJgSd,The Charlatans,1v2o1XoEzGEdMzLQCCyLRr,Modern Nature (Expanded Deluxe),2024-02-02,album,0.568,0.559,2,-7.661,1,0.0268,0.000102,0.00203,0.0925,0.159,135.034,4,267768
5vkmkNLwGSssV1hmQMRfSU,Walk with Me,5,False,13,1,5fScAXreYFnuqwOgBsJgSd,The Charlatans,1v2o1XoEzGEdMzLQCCyLRr,Modern Nature (Expanded Deluxe),2024-02-02,album,0.61,0.913,5,-6.659,1,0.0416,0.00189,1.3e-06,0.0694,0.754,105.02,4,247793
1h0iMFZQLrY6VNZBmD8Y5n,Keep Enough - Peter Bjorn and John Remix,3,False,16,1,5fScAXreYFnuqwOgBsJgSd,The Charlatans,1v2o1XoEzGEdMzLQCCyLRr,Modern Nature (Expanded Deluxe),2024-02-02,album,0.76,0.841,9,-6.389,0,0.0318,0.108,0.0648,0.0728,0.728,120.001,4,291314
6QhWzybMhSqfHYJ9ER7IYW,Talking in Tones - Grumbling Fur Tonal Nagual Fur Star Liner Aquatic Ape Mix,2,False,17,1,5fScAXreYFnuqwOgBsJgSd,The Charlatans,1v2o1XoEzGEdMzLQCCyLRr,Modern Nature (Expanded Deluxe),2024-02-02,album,0.548,0.678,0,-8.255,1,0.0315,0.00685,0.844,0.159,0.221,102.016,4,295097
2189fAOI4HCYojxkqmEs6h,So Oh - Grumbling Fur Oh So Astral Ark Remix,2,False,18,1,5fScAXreYFnuqwOgBsJgSd,The Charlatans,1v2o1XoEzGEdMzLQCCyLRr,Modern Nature (Expanded Deluxe),2024-02-02,album,0.178,0.556,7,-7.599,1,0.0323,0.000986,0.721,0.106,0.191,103.204,3,364868
2vMQKtBYbQOqF3uHJauMLi,So Oh - Brian Jonestown Massacre Remix,3,False,19,1,5fScAXreYFnuqwOgBsJgSd,The Charlatans,1v2o1XoEzGEdMzLQCCyLRr,Modern Nature (Expanded Deluxe),2024-02-02,album,0.505,0.798,2,-4.487,1,0.0253,0.00625,0.782,0.725,0.61,98.776,4,344423
6dCqrUde30mQskefENeAxH,So Oh - Fabien Leisure Remix,2,False,20,1,5fScAXreYFnuqwOgBsJgSd,The Charlatans,1v2o1XoEzGEdMzLQCCyLRr,Modern Nature (Expanded Deluxe),2024-02-02,album,0.55,0.681,7,-7.529,1,0.0314,9.26e-06,0.809,0.316,0.356,98.725,4,342204
1C2Aq2gbshkOF9eOYWSIw5,So Oh - Peaking Lights Kick Down Remix,1,False,21,1,5fScAXreYFnuqwOgBsJgSd,The Charlatans,1v2o1XoEzGEdMzLQCCyLRr,Modern Nature (Expanded Deluxe),2024-02-02,album,0.687,0.775,7,-5.636,1,0.0561,0.00195,0.835,0.125,0.676,104.252,4,345633
3vF8JtdjEqsuIfIA6mH42Q,Come Home Baby - Factory Floor - Nik Colk Void Remix,1,False,22,1,5fScAXreYFnuqwOgBsJgSd,The Charlatans,1v2o1XoEzGEdMzLQCCyLRr,Modern Nature (Expanded Deluxe),2024-02-02,album,0.455,0.668,7,-18.145,1,0.0341,0.000106,0.623,0.116,0.323,124.028,4,442851
6u520f0WhE8G2mSKzwhQ8C,Come Home Baby - Simon Fisher Turner - Joy.Izzy Remix,1,False,23,1,5fScAXreYFnuqwOgBsJgSd,The Charlatans,1v2o1XoEzGEdMzLQCCyLRr,Modern Nature (Expanded Deluxe),2024-02-02,album,0.315,0.412,5,-15.112,1,0.0475,0.0651,0.385,0.143,0.131,114.079,5,385136
3vXhT5ZNM8evqr9vL7ISES,Emilie - Sinkane Remix,2,False,24,1,5fScAXreYFnuqwOgBsJgSd,The Charlatans,1v2o1XoEzGEdMzLQCCyLRr,Modern Nature (Expanded Deluxe),2024-02-02,album,0.525,0.308,11,-9.944,0,0.03,0.9,0.000152,0.108,0.287,128.074,4,207901
4AyV1YxPSi7Yn6oJlqko2E,Let the Good Times Be Never Ending - DJ Yoda Remix,2,False,25,1,5fScAXreYFnuqwOgBsJgSd,The Charlatans,1v2o1XoEzGEdMzLQCCyLRr,Modern Nature (Expanded Deluxe),2024-02-02,album,0.674,0.908,0,-6.178,1,0.0752,0.0136,8.7e-05,0.1,0.579,131.992,4,256000
7qIg926H4Sjya383TFrhU7,Trouble Understanding - Norman Cook Remix,2,False,26,1,5fScAXreYFnuqwOgBsJgSd,The Charlatans,1v2o1XoEzGEdMzLQCCyLRr,Modern Nature (Expanded Deluxe),2024-02-02,album,0.482,0.392,0,-9.467,1,0.0254,0.848,0.00208,0.276,0.0568,90.05,4,302336
0SRfN343XvwzA9QdrOsfZQ,Trouble Understanding - Norman Cook A Cappella,1,False,27,1,5fScAXreYFnuqwOgBsJgSd,The Charlatans,1v2o1XoEzGEdMzLQCCyLRr,Modern Nature (Expanded Deluxe),2024-02-02,album,0.296,0.109,0,-6.748,1,0.174,0.937,0.0,0.139,0.215,175.657,1,216158
2m4fUOkf7On2DbqoA4nmWy,Trouble Understanding - Factory Floor - Gabe Gurnsey Remix,1,False,28,1,5fScAXreYFnuqwOgBsJgSd,The Charlatans,1v2o1XoEzGEdMzLQCCyLRr,Modern Nature (Expanded Deluxe),2024-02-02,album,0.807,0.97,11,-11.311,0,0.0541,0.00132,0.921,0.0982,0.789,126.018,4,441905
7phaMGU17CJQEhwNnkgZzD,Talking in Tones - Instrumental,1,False,29,1,5fScAXreYFnuqwOgBsJgSd,The Charlatans,1v2o1XoEzGEdMzLQCCyLRr,Modern Nature (Expanded Deluxe),2024-02-02,album,0.556,0.783,7,-9.33,1,0.0407,0.000163,0.143,0.14,0.556,102.035,4,284706
0SelMjW3075A99K786cBXv,So Oh - Instrumental,1,False,30,1,5fScAXreYFnuqwOgBsJgSd,The Charlatans,1v2o1XoEzGEdMzLQCCyLRr,Modern Nature (Expanded Deluxe),2024-02-02,album,0.485,0.81,2,-9.62,1,0.0551,1.04e-05,0.83,0.0995,0.71,104.018,4,256154
1g6JN41cYXz8z9DjIj1YgB,Come Home Baby - Instrumental,1,False,31,1,5fScAXreYFnuqwOgBsJgSd,The Charlatans,1v2o1XoEzGEdMzLQCCyLRr,Modern Nature (Expanded Deluxe),2024-02-02,album,0.633,0.698,5,-10.274,0,0.0245,0.00355,0.768,0.25,0.498,94.005,4,240000
15las5CeFiIWSohf1DFwbo,Keep Enough - Instrumental,4,False,32,1,5fScAXreYFnuqwOgBsJgSd,The Charlatans,1v2o1XoEzGEdMzLQCCyLRr,Modern Nature (Expanded Deluxe),2024-02-02,album,0.569,0.425,9,-9.381,0,0.0306,0.00456,0.788,0.147,0.375,172.093,4,259535
1RmtAoxdcVH7ahzKEv3xzg,In the Tall Grass - Instrumental,1,False,33,1,5fScAXreYFnuqwOgBsJgSd,The Charlatans,1v2o1XoEzGEdMzLQCCyLRr,Modern Nature (Expanded Deluxe),2024-02-02,album,0.51,0.44,11,-13.667,0,0.0323,0.00023,0.823,0.139,0.658,94.035,4,232340
60zdl7BCSJI9Q8Zu1Jyfva,Emilie - Instrumental,1,False,34,1,5fScAXreYFnuqwOgBsJgSd,The Charlatans,1v2o1XoEzGEdMzLQCCyLRr,Modern Nature (Expanded Deluxe),2024-02-02,album,0.546,0.671,2,-10.906,1,0.029,0.0614,0.9,0.0807,0.526,128.026,4,198750
4zf7tGaV4EDxhjN3wmt8Wy,Let the Good Times Be Never Ending - Instrumental,1,False,35,1,5fScAXreYFnuqwOgBsJgSd,The Charlatans,1v2o1XoEzGEdMzLQCCyLRr,Modern Nature (Expanded Deluxe),2024-02-02,album,0.608,0.488,0,-11.919,1,0.0288,5.33e-06,0.887,0.148,0.355,132.002,4,390909
6yuAe1YqujFeagmZyYDfFk,I Need You to Know - Instrumental,1,False,36,1,5fScAXreYFnuqwOgBsJgSd,The Charlatans,1v2o1XoEzGEdMzLQCCyLRr,Modern Nature (Expanded Deluxe),2024-02-02,album,0.312,0.68,11,-11.476,0,0.127,0.000477,0.789,0.163,0.416,176.093,4,310909
2D8uuCW63M8xghRE4gdBzP,Lean In - Instrumental,0,False,37,1,5fScAXreYFnuqwOgBsJgSd,The Charlatans,1v2o1XoEzGEdMzLQCCyLRr,Modern Nature (Expanded Deluxe),2024-02-02,album,0.509,0.835,2,-8.816,1,0.0293,1.29e-06,0.868,0.315,0.395,134.044,4,225672
59bYu3KSarUVd6TPEMVjVD,Trouble Understanding - Instrumental,1,False,38,1,5fScAXreYFnuqwOgBsJgSd,The Charlatans,1v2o1XoEzGEdMzLQCCyLRr,Modern Nature (Expanded Deluxe),2024-02-02,album,0.425,0.79,0,-9.362,1,0.042,6.04e-06,0.879,0.603,0.74,180.092,4,248000
4Dut68FGCXw8T1d8QwA7e7,Lot to Say - Instrumental,1,False,39,1,5fScAXreYFnuqwOgBsJgSd,The Charlatans,1v2o1XoEzGEdMzLQCCyLRr,Modern Nature (Expanded Deluxe),2024-02-02,album,0.463,0.751,7,-12.877,0,0.0455,6.11e-05,0.881,0.25,0.367,179.973,4,213333
4rVV3smZMQpZPwxDqySQhv,Honesty - Instrumental Strings Version,1,False,40,1,5fScAXreYFnuqwOgBsJgSd,The Charlatans,1v2o1XoEzGEdMzLQCCyLRr,Modern Nature (Expanded Deluxe),2024-02-02,album,0.557,0.329,2,-10.748,1,0.0298,0.682,0.527,0.118,0.241,127.975,4,197502
4xL0NTisPEylx8bWv5CFXl,Marauder - Instrumental,1,False,41,1,5fScAXreYFnuqwOgBsJgSd,The Charlatans,1v2o1XoEzGEdMzLQCCyLRr,Modern Nature (Expanded Deluxe),2024-02-02,album,0.396,0.914,6,-7.086,0,0.0372,0.000306,0.887,0.104,0.939,180.091,4,219949
39wFL6LtspVhmoJ3pRaMyv,You're Not Very Well - Live at Reading Festival,4,False,2,1,5fScAXreYFnuqwOgBsJgSd,The Charlatans,67Kn6KHmkHaPbZAcrC4A8M,Live At Reading Festival 1992,2022-08-26,album,0.501,0.936,0,-5.213,1,0.0381,0.00467,0.00708,0.719,0.726,118.392,4,202311
5YK4d3kFSpecvEWVnDnyWt,Weirdo - Live at Reading Festival,5,False,3,1,5fScAXreYFnuqwOgBsJgSd,The Charlatans,67Kn6KHmkHaPbZAcrC4A8M,Live At Reading Festival 1992,2022-08-26,album,0.579,0.879,7,-6.284,1,0.0315,0.0168,0.485,0.937,0.742,125.077,4,237293
7tYHiQ3hDQH4cyHrWF5U4w,Tremelo Song - Live at Reading Festival,4,False,4,1,5fScAXreYFnuqwOgBsJgSd,The Charlatans,67Kn6KHmkHaPbZAcrC4A8M,Live At Reading Festival 1992,2022-08-26,album,0.599,0.9,4,-6.912,0,0.0455,0.0132,0.00305,0.94,0.488,119.993,4,320668
724iZX2FjJ5P172hQyb4Rm,Then - Live at Reading Festival,6,False,5,1,5fScAXreYFnuqwOgBsJgSd,The Charlatans,67Kn6KHmkHaPbZAcrC4A8M,Live At Reading Festival 1992,2022-08-26,album,0.277,0.904,9,-5.394,1,0.0424,0.00796,0.0781,0.681,0.56,76.008,3,257867
2kYfkV0UfVoEz1xPhvpXK4,Can't Even Be Bothered - Live at Reading Festival,4,False,6,1,5fScAXreYFnuqwOgBsJgSd,The Charlatans,67Kn6KHmkHaPbZAcrC4A8M,Live At Reading Festival 1992,2022-08-26,album,0.621,0.693,2,-5.913,1,0.0307,0.0485,0.03,0.435,0.512,118.033,4,241817
76XnHYXnlI4Y7JflmTSNbo,I Don't Want To See The Sights - Live at Reading Festival,4,False,7,1,5fScAXreYFnuqwOgBsJgSd,The Charlatans,67Kn6KHmkHaPbZAcrC4A8M,Live At Reading Festival 1992,2022-08-26,album,0.552,0.902,0,-6.246,1,0.0319,0.00251,0.183,0.791,0.706,103.999,4,304820
4k1wiTluVYx4dB3wPs9OFE,The Only One I Know - Live at Reading Festival,7,False,8,1,5fScAXreYFnuqwOgBsJgSd,The Charlatans,67Kn6KHmkHaPbZAcrC4A8M,Live At Reading Festival 1992,2022-08-26,album,0.29,0.887,10,-4.834,1,0.0377,0.00896,0.263,0.608,0.217,116.828,4,268994
6oDKNPVdv7kzQxsrpJ2vGP,Ignition - Live at Reading Festival,3,False,9,1,5fScAXreYFnuqwOgBsJgSd,The Charlatans,67Kn6KHmkHaPbZAcrC4A8M,Live At Reading Festival 1992,2022-08-26,album,0.501,0.783,0,-5.543,1,0.0287,0.000779,0.0395,0.368,0.23,130.981,4,192929
5bvjbaStdRBwrHvOKGmbhQ,Sproston Green - Live at Reading Festival,6,False,11,1,5fScAXreYFnuqwOgBsJgSd,The Charlatans,67Kn6KHmkHaPbZAcrC4A8M,Live At Reading Festival 1992,2022-08-26,album,0.23,0.909,9,-4.66,1,0.0502,0.000436,0.635,0.707,0.21,144.317,4,540469
3UcRHvUSumso3J38IIdxce,"Polar Bear - Blackburn, King Georges Hall. November 1990 - BBC Radio 1",3,False,1,1,5fScAXreYFnuqwOgBsJgSd,The Charlatans,3FdHn8J1sPaaCrPpBdOl7E,Trust Is For Believers (Live),2021-11-12,album,0.43,0.915,0,-7.436,1,0.0537,7.17e-05,0.0602,0.973,0.566,120.276,4,277093
2qlpsoZUILWkRo3zPF9rHc,Can't Even Be Bothered - Reading Festival 1992 - BBC Radio 1,2,False,3,1,5fScAXreYFnuqwOgBsJgSd,The Charlatans,3FdHn8J1sPaaCrPpBdOl7E,Trust Is For Believers (Live),2021-11-12,album,0.593,0.767,9,-6.705,1,0.045,0.388,0.00145,0.803,0.478,118.129,4,231960
7aTUowhbhV32RsrimvUBDJ,"Can't Get Out of Bed - Glasgow Tramway, Sound City 1994 - BBC Radio1",2,False,4,1,5fScAXreYFnuqwOgBsJgSd,The Charlatans,3FdHn8J1sPaaCrPpBdOl7E,Trust Is For Believers (Live),2021-11-12,album,0.424,0.825,5,-4.403,1,0.0349,0.295,0.0018,0.937,0.479,96.98,4,193040
0VjIKDqmN7sLlgDtgfrGZJ,Then - Glastonbury Festival 1995 - BBC Radio 1,2,False,6,1,5fScAXreYFnuqwOgBsJgSd,The Charlatans,3FdHn8J1sPaaCrPpBdOl7E,Trust Is For Believers (Live),2021-11-12,album,0.3,0.932,9,-6.014,1,0.0585,0.0573,1.97e-05,0.468,0.399,112.062,4,244840
2AdpyTl3aG6QVChDoP89E8,"Here Comes a Soul Saver - Hultsfred Festival, Sweden 1997",1,False,8,1,5fScAXreYFnuqwOgBsJgSd,The Charlatans,3FdHn8J1sPaaCrPpBdOl7E,Trust Is For Believers (Live),2021-11-12,album,0.0932,0.868,7,-7.392,1,0.0707,0.013,0.121,0.875,0.401,179.107,4,198640
1QkGQrdHYB06VPx8Syn3d9,"Just Lookin' - Hultsfred Festival, Sweden 1997",4,False,9,1,5fScAXreYFnuqwOgBsJgSd,The Charlatans,3FdHn8J1sPaaCrPpBdOl7E,Trust Is For Believers (Live),2021-11-12,album,0.121,0.84,9,-8.276,1,0.0654,0.0462,0.0759,0.947,0.47,190.853,4,233773
6eyqMKSTZlQ3iVjGGvMvNZ,"My Beautiful Friend - Delamare Forest, Cheshire 2007",4,False,10,1,5fScAXreYFnuqwOgBsJgSd,The Charlatans,3FdHn8J1sPaaCrPpBdOl7E,Trust Is For Believers (Live),2021-11-12,album,0.448,0.818,9,-5.875,0,0.0318,4.91e-05,0.00189,0.809,0.328,102.068,4,259053
6avKO0fgdolkb2knmWUMqq,"The Blind Stagger - Delamare Forest, Cheshire 2007",4,False,11,1,5fScAXreYFnuqwOgBsJgSd,The Charlatans,3FdHn8J1sPaaCrPpBdOl7E,Trust Is For Believers (Live),2021-11-12,album,0.192,0.862,7,-6.023,1,0.0384,3.46e-05,0.00266,0.934,0.502,157.648,4,261933
3jM53xluzfRcOu9BS8ggry,"Trouble Understanding - The Church Studios, London",1,False,12,1,5fScAXreYFnuqwOgBsJgSd,The Charlatans,3FdHn8J1sPaaCrPpBdOl7E,Trust Is For Believers (Live),2021-11-12,album,0.515,0.758,0,-6.328,1,0.0349,0.00184,0.0745,0.0962,0.398,94.136,4,237133
1xW1ARybH0TRklviLy2J28,Sproston Green - Reading Festival 1999 - BBC Radio 1,5,False,13,1,5fScAXreYFnuqwOgBsJgSd,The Charlatans,3FdHn8J1sPaaCrPpBdOl7E,Trust Is For Believers (Live),2021-11-12,album,0.153,0.898,9,-5.431,1,0.0664,0.13,0.509,0.41,0.0797,138.446,4,538413
2LN7ElD5OZ6B9qQMfhun9D,Sleepy Little Sunshine Boy - Desk Mix,12,False,2,1,5fScAXreYFnuqwOgBsJgSd,The Charlatans,5Ycn3rjpSWaziaP47hsfQf,Pleased To Meet You (Demos),2021-10-15,album,0.576,0.455,5,-9.221,1,0.0278,0.571,0.00636,0.102,0.557,156.274,4,335816
10qHMFuPswoV9eQbvxYtwo,White Shirt - Demo Version,7,False,10,1,5fScAXreYFnuqwOgBsJgSd,The Charlatans,5Ycn3rjpSWaziaP47hsfQf,Pleased To Meet You (Demos),2021-10-15,album,0.473,0.897,7,-5.379,1,0.144,0.00181,0.0,0.146,0.526,139.918,4,207587
1zdArPFEaskXT0PmbcqYUa,I Need You To Know - Demo Version,1,False,11,1,5fScAXreYFnuqwOgBsJgSd,The Charlatans,5Ycn3rjpSWaziaP47hsfQf,Pleased To Meet You (Demos),2021-10-15,album,0.808,0.645,11,-6.566,0,0.044,0.0531,0.879,0.0536,0.962,89.988,4,226667
7xCxA6voormEHluCkNPubO,Talking in Tones,18,False,1,1,5fScAXreYFnuqwOgBsJgSd,The Charlatans,4EZ01mJDrij5UYCDagrY5R,Modern Nature (Deluxe Edition),2015-01-26,album,0.569,0.87,9,-4.863,0,0.0448,0.000619,0.00171,0.0841,0.219,102.009,4,281187
05SlWj29lY8dQTuMLCbQqr,So Oh,24,False,2,1,5fScAXreYFnuqwOgBsJgSd,The Charlatans,4EZ01mJDrij5UYCDagrY5R,Modern Nature (Deluxe Edition),2015-01-26,album,0.475,0.932,2,-4.376,1,0.044,1.22e-05,0.295,0.37,0.681,104.026,4,249507
5J3uhomidQRJjNpTXnJz2H,Come Home Baby,24,False,3,1,5fScAXreYFnuqwOgBsJgSd,The Charlatans,4EZ01mJDrij5UYCDagrY5R,Modern Nature (Deluxe Edition),2015-01-26,album,0.6,0.862,5,-5.359,0,0.0286,0.00256,0.000278,0.257,0.525,94.011,4,236427
2r36ioo0dZmlCyjbMjUYx6,Keep Enough,13,False,4,1,5fScAXreYFnuqwOgBsJgSd,The Charlatans,4EZ01mJDrij5UYCDagrY5R,Modern Nature (Deluxe Edition),2015-01-26,album,0.552,0.611,9,-3.969,0,0.0249,0.00468,0.0976,0.161,0.391,172.009,4,258667
5grjEDJmLi2uGHqyf1yrU1,In the Tall Grass,15,False,5,1,5fScAXreYFnuqwOgBsJgSd,The Charlatans,4EZ01mJDrij5UYCDagrY5R,Modern Nature (Deluxe Edition),2015-01-26,album,0.591,0.584,11,-7.108,0,0.0321,0.0145,0.0163,0.148,0.668,94.025,4,230080
66ZTLzItAlXLUm0iGsFlc1,Emilie,17,False,6,1,5fScAXreYFnuqwOgBsJgSd,The Charlatans,4EZ01mJDrij5UYCDagrY5R,Modern Nature (Deluxe Edition),2015-01-26,album,0.607,0.891,2,-4.947,1,0.0346,0.00958,0.00625,0.0774,0.373,128.009,4,198160
5cDSLMsrCcooTh1WocSUSP,Let the Good Times Be Never Ending,24,False,7,1,5fScAXreYFnuqwOgBsJgSd,The Charlatans,4EZ01mJDrij5UYCDagrY5R,Modern Nature (Deluxe Edition),2015-01-26,album,0.624,0.718,0,-5.799,1,0.0267,2.18e-05,0.0696,0.118,0.342,131.986,4,390507
4zYgX1qXpDl4vjDHqRF7TO,I Need You to Know,10,False,8,1,5fScAXreYFnuqwOgBsJgSd,The Charlatans,4EZ01mJDrij5UYCDagrY5R,Modern Nature (Deluxe Edition),2015-01-26,album,0.257,0.908,11,-3.933,0,0.0647,0.000427,0.00437,0.301,0.464,176.326,4,279080
3VpZ9vcgEXwk0vl3uYaCV7,Lean In,9,False,9,1,5fScAXreYFnuqwOgBsJgSd,The Charlatans,4EZ01mJDrij5UYCDagrY5R,Modern Nature (Deluxe Edition),2015-01-26,album,0.42,0.883,7,-3.901,1,0.0355,9.49e-06,0.000506,0.0825,0.55,134.016,4,224480
2WYm4yGO3oeJAQJuOfH2nG,Trouble Understanding,10,False,10,1,5fScAXreYFnuqwOgBsJgSd,The Charlatans,4EZ01mJDrij5UYCDagrY5R,Modern Nature (Deluxe Edition),2015-01-26,album,0.453,0.889,0,-4.96,1,0.0555,6.62e-05,0.0306,0.118,0.71,180.005,4,247160
6kXZG0WvRAbtrSPyvSjpre,Lot to Say,10,False,11,1,5fScAXreYFnuqwOgBsJgSd,The Charlatans,4EZ01mJDrij5UYCDagrY5R,Modern Nature (Deluxe Edition),2015-01-26,album,0.429,0.878,7,-5.972,0,0.0463,0.00191,0.0295,0.279,0.502,180.101,4,213507
1pTvw0aNKs6BCzkQ29Sx8B,Come Home Baby - Factory Floor - Nik Colk Void Remix,3,False,16,1,5fScAXreYFnuqwOgBsJgSd,The Charlatans,4EZ01mJDrij5UYCDagrY5R,Modern Nature (Deluxe Edition),2015-01-26,album,0.455,0.668,7,-18.145,1,0.0341,0.000106,0.625,0.116,0.323,124.029,4,442851
1gRaGxuyLLIntLGh4tL2Bx,Trouble Understanding - Factory Floor - Gabe Gurnsey Remix,2,False,17,1,5fScAXreYFnuqwOgBsJgSd,The Charlatans,4EZ01mJDrij5UYCDagrY5R,Modern Nature (Deluxe Edition),2015-01-26,album,0.807,0.97,11,-11.311,0,0.0541,0.00131,0.921,0.0982,0.789,126.019,4,441905
5f4bJpE2K8dn40Ok6chgry,So Oh - Brian Jonestown Massacre Remix,9,False,18,1,5fScAXreYFnuqwOgBsJgSd,The Charlatans,4EZ01mJDrij5UYCDagrY5R,Modern Nature (Deluxe Edition),2015-01-26,album,0.505,0.798,2,-4.487,1,0.0253,0.00625,0.782,0.725,0.611,98.772,4,344423
5BG9RZzSnn7WkdqDy8TMm3,Come Home Baby - Simon Fisher Turner - Joy.Izzy Remix,2,False,19,1,5fScAXreYFnuqwOgBsJgSd,The Charlatans,4EZ01mJDrij5UYCDagrY5R,Modern Nature (Deluxe Edition),2015-01-26,album,0.317,0.412,5,-15.137,1,0.0488,0.0657,0.388,0.143,0.13,116.015,5,385136
0zTfPEbePxhybSUwf8ko5g,So Oh - Grumbling Fur Oh So Astral Ark Remix,2,False,20,1,5fScAXreYFnuqwOgBsJgSd,The Charlatans,4EZ01mJDrij5UYCDagrY5R,Modern Nature (Deluxe Edition),2015-01-26,album,0.2,0.557,7,-7.599,1,0.0322,0.001,0.701,0.106,0.19,103.631,4,364868
3VG2ZpgqdhKlaM7CtQBLIc,Talking in Tones - Grumbling Fur Tonal Nagual Fur Star Liner Aquatic Ape Mix,3,False,21,1,5fScAXreYFnuqwOgBsJgSd,The Charlatans,4EZ01mJDrij5UYCDagrY5R,Modern Nature (Deluxe Edition),2015-01-26,album,0.548,0.678,0,-8.255,1,0.0315,0.00685,0.845,0.159,0.221,102.016,4,295097
1E8xCh1zBKF06Lv1Nj0pr2,So Oh - Peaking Lights Kick Down Remix,2,False,22,1,5fScAXreYFnuqwOgBsJgSd,The Charlatans,4EZ01mJDrij5UYCDagrY5R,Modern Nature (Deluxe Edition),2015-01-26,album,0.687,0.775,7,-5.636,1,0.056,0.00194,0.836,0.125,0.676,104.252,4,345633
7Bfh4gfDrAeB625glCDX63,With No Shoes - Live,5,False,1,1,5fScAXreYFnuqwOgBsJgSd,The Charlatans,2Pxm4WDkS9nkn2ayhiOpup,Tellin' Stories Live 2012,2012-07-09,album,0.425,0.855,2,-7.754,1,0.0565,0.0809,9.37e-06,0.945,0.497,93.043,4,281013
4IfPixi6elxPDTAnAnPbET,North Country Boy - Live,6,False,2,1,5fScAXreYFnuqwOgBsJgSd,The Charlatans,2Pxm4WDkS9nkn2ayhiOpup,Tellin' Stories Live 2012,2012-07-09,album,0.32,0.901,11,-8.286,0,0.0611,0.0394,6.7e-06,0.789,0.368,94.201,4,238507
67EIUjJ8Osy5nKf4oFnnUI,Tellin' Stories - Live,6,False,3,1,5fScAXreYFnuqwOgBsJgSd,The Charlatans,2Pxm4WDkS9nkn2ayhiOpup,Tellin' Stories Live 2012,2012-07-09,album,0.227,0.779,0,-8.637,1,0.0396,0.0205,0.000684,0.96,0.388,98.092,4,295320
6HIncQrsTYTyWKyacejj5i,Clean Up Kid - Live,6,False,4,1,5fScAXreYFnuqwOgBsJgSd,The Charlatans,2Pxm4WDkS9nkn2ayhiOpup,Tellin' Stories Live 2012,2012-07-09,album,0.338,0.776,3,-7.904,1,0.0372,0.0343,0.000819,0.838,0.146,105.874,4,263027
3NLyJ2muxRxL2KNve3fHoC,One to Another - Live,7,False,5,1,5fScAXreYFnuqwOgBsJgSd,The Charlatans,2Pxm4WDkS9nkn2ayhiOpup,Tellin' Stories Live 2012,2012-07-09,album,0.465,0.871,10,-7.527,1,0.0438,0.00421,2.2e-06,0.988,0.301,102.98,4,278440
6kncPViEj4SZxACOJTqXAY,Don't Need a Gun - Live,3,False,6,1,5fScAXreYFnuqwOgBsJgSd,The Charlatans,2Pxm4WDkS9nkn2ayhiOpup,Tellin' Stories Live 2012,2012-07-09,album,0.318,0.728,4,-9.069,1,0.0376,0.136,0.000152,0.627,0.322,88.607,4,306493
1Q5WfOuAQdA75g9BeNoqV4,You're a Big Girl Now - Live,2,False,7,1,5fScAXreYFnuqwOgBsJgSd,The Charlatans,2Pxm4WDkS9nkn2ayhiOpup,Tellin' Stories Live 2012,2012-07-09,album,0.539,0.577,0,-9.646,1,0.0348,0.689,0.0,0.869,0.48,104.003,4,189333
4QRzTFbaTv7cYRNCz7mRXA,How Can You Leave Us - Live,3,False,8,1,5fScAXreYFnuqwOgBsJgSd,The Charlatans,2Pxm4WDkS9nkn2ayhiOpup,Tellin' Stories Live 2012,2012-07-09,album,0.376,0.857,2,-7.662,1,0.0394,0.0242,3.96e-06,0.974,0.462,111.05,4,213613
2ekd04P4oSVuNzo8qYK38m,Area 51 - Live,3,False,9,1,5fScAXreYFnuqwOgBsJgSd,The Charlatans,2Pxm4WDkS9nkn2ayhiOpup,Tellin' Stories Live 2012,2012-07-09,album,0.567,0.849,2,-9.918,1,0.0443,0.00458,0.852,0.817,0.325,105.075,4,218547
6RYyD0UyesfDml7yW2hX6q,Title Fight - Live,3,False,10,1,5fScAXreYFnuqwOgBsJgSd,The Charlatans,2Pxm4WDkS9nkn2ayhiOpup,Tellin' Stories Live 2012,2012-07-09,album,0.422,0.872,7,-6.603,1,0.0394,0.0132,0.205,0.822,0.358,89.106,4,307467
6cb5xKilsFIKopWztDYHCE,How High - Live,6,False,11,1,5fScAXreYFnuqwOgBsJgSd,The Charlatans,2Pxm4WDkS9nkn2ayhiOpup,Tellin' Stories Live 2012,2012-07-09,album,0.268,0.877,0,-8.347,1,0.0665,0.000697,1.54e-06,0.956,0.601,107.134,4,195973
782jlTIFox4D210VXQKYLi,Only Teethin' - Live,3,False,12,1,5fScAXreYFnuqwOgBsJgSd,The Charlatans,2Pxm4WDkS9nkn2ayhiOpup,Tellin' Stories Live 2012,2012-07-09,album,0.54,0.777,7,-8.428,1,0.0423,0.0932,6.16e-06,0.897,0.505,93.97,4,325373
470jYRAJB5ydQmJUxil3vH,Get On It - Live,3,False,13,1,5fScAXreYFnuqwOgBsJgSd,The Charlatans,2Pxm4WDkS9nkn2ayhiOpup,Tellin' Stories Live 2012,2012-07-09,album,0.311,0.78,4,-8.947,0,0.0349,0.00796,0.0104,0.831,0.231,110.775,4,414773
0SIQ1ESkbqa9f3K5nUcEwR,Weirdo - Live,3,False,15,1,5fScAXreYFnuqwOgBsJgSd,The Charlatans,2Pxm4WDkS9nkn2ayhiOpup,Tellin' Stories Live 2012,2012-07-09,album,0.59,0.945,2,-7.731,1,0.0415,0.012,0.0133,0.96,0.604,125.031,4,224653
70H7TdSbq8jFcpI1NsrAb1,Oh! Vanity - Live,4,False,16,1,5fScAXreYFnuqwOgBsJgSd,The Charlatans,2Pxm4WDkS9nkn2ayhiOpup,Tellin' Stories Live 2012,2012-07-09,album,0.41,0.858,0,-6.794,1,0.0338,0.000266,0.116,0.975,0.567,135.018,4,240413
4tUjmnmA4zJsnN5AZ1BTQd,Impossible - Live,4,False,17,1,5fScAXreYFnuqwOgBsJgSd,The Charlatans,2Pxm4WDkS9nkn2ayhiOpup,Tellin' Stories Live 2012,2012-07-09,album,0.328,0.665,9,-8.635,1,0.0271,0.0405,3.72e-06,0.825,0.316,103.929,4,341653
6LzyQy6dJaFx9jGO3idll1,Just When You're Thinkin' Things Over - Live,5,False,18,1,5fScAXreYFnuqwOgBsJgSd,The Charlatans,2Pxm4WDkS9nkn2ayhiOpup,Tellin' Stories Live 2012,2012-07-09,album,0.303,0.791,9,-8.376,1,0.0324,0.00111,2.48e-05,0.282,0.295,106.676,4,293520
4LPKa7jHYTKEQk8lo8l9P0,Here Comes a Soul Saver - Live,3,False,19,1,5fScAXreYFnuqwOgBsJgSd,The Charlatans,2Pxm4WDkS9nkn2ayhiOpup,Tellin' Stories Live 2012,2012-07-09,album,0.353,0.768,7,-8.197,1,0.0313,0.0178,6.7e-06,0.977,0.423,96.436,4,184387
6xSTN3E9KFqX5o0Pv8tKWU,Blackened Blue Eyes - Live,3,False,20,1,5fScAXreYFnuqwOgBsJgSd,The Charlatans,2Pxm4WDkS9nkn2ayhiOpup,Tellin' Stories Live 2012,2012-07-09,album,0.441,0.82,5,-7.072,0,0.0326,0.00809,1.92e-06,0.888,0.485,99.079,4,272320
2nZTgHJ8JLhZN044u3yvKm,The Only One I Know - Live,5,False,21,1,5fScAXreYFnuqwOgBsJgSd,The Charlatans,2Pxm4WDkS9nkn2ayhiOpup,Tellin' Stories Live 2012,2012-07-09,album,0.367,0.837,5,-7.626,1,0.0363,0.0353,0.00381,0.888,0.304,110.049,4,268360
3DaslO0wWSumCFWHTK0mQN,Sproston Green - Live,6,False,22,1,5fScAXreYFnuqwOgBsJgSd,The Charlatans,2Pxm4WDkS9nkn2ayhiOpup,Tellin' Stories Live 2012,2012-07-09,album,0.19,0.876,4,-8.937,1,0.0618,0.000256,0.305,0.974,0.139,142.038,4,535947
5TCkSoJGt3hIlPDbO7p18C,Love Is Ending,0,False,1,1,5fScAXreYFnuqwOgBsJgSd,The Charlatans,1dQemqjGJYrp0iRcH3heYK,Who We Touch (Deluxe),2010-09-06,album,0.358,0.943,9,-4.029,1,0.103,0.00012,0.181,0.383,0.331,147.987,4,228893
4MsPeT5yXNURaAa5u6gMuE,My Foolish Pride,0,False,2,1,5fScAXreYFnuqwOgBsJgSd,The Charlatans,1dQemqjGJYrp0iRcH3heYK,Who We Touch (Deluxe),2010-09-06,album,0.526,0.718,3,-5.031,1,0.0281,0.00388,0.00238,0.081,0.522,135.959,4,249080
0uW22sRDU3onWkCso28sOR,Your Pure Soul,0,False,3,1,5fScAXreYFnuqwOgBsJgSd,The Charlatans,1dQemqjGJYrp0iRcH3heYK,Who We Touch (Deluxe),2010-09-06,album,0.538,0.689,6,-5.215,0,0.0259,0.00709,4.88e-05,0.263,0.554,91.029,4,339720
0MVb3GkPL80OJaRMpk7x4r,Smash the System,0,False,4,1,5fScAXreYFnuqwOgBsJgSd,The Charlatans,1dQemqjGJYrp0iRcH3heYK,Who We Touch (Deluxe),2010-09-06,album,0.546,0.643,3,-5.881,1,0.0304,0.00175,3.31e-05,0.241,0.21,88.022,4,214613
293xlxhg4vfz3FVvwgPHkT,Intimacy,0,False,5,1,5fScAXreYFnuqwOgBsJgSd,The Charlatans,1dQemqjGJYrp0iRcH3heYK,Who We Touch (Deluxe),2010-09-06,album,0.477,0.545,6,-6.536,0,0.0263,0.000375,0.000542,0.137,0.411,174.089,4,312067
0N7Dq3mHkmMsUvtbgIZjaF,Sincerity,0,False,6,1,5fScAXreYFnuqwOgBsJgSd,The Charlatans,1dQemqjGJYrp0iRcH3heYK,Who We Touch (Deluxe),2010-09-06,album,0.404,0.735,2,-4.272,1,0.0412,0.000214,0.0452,0.0984,0.369,148.997,4,388800
2DJ4dyzbPHSis5Oy7XJ4uh,Trust In Desire,0,False,7,1,5fScAXreYFnuqwOgBsJgSd,The Charlatans,1dQemqjGJYrp0iRcH3heYK,Who We Touch (Deluxe),2010-09-06,album,0.426,0.608,2,-6.479,1,0.031,0.000667,0.0091,0.148,0.0754,126.079,4,309800
14Thoqsd5tMCuyLKaK4PtO,When I Wonder,0,False,8,1,5fScAXreYFnuqwOgBsJgSd,The Charlatans,1dQemqjGJYrp0iRcH3heYK,Who We Touch (Deluxe),2010-09-06,album,0.492,0.9,4,-5.975,1,0.0406,0.000113,0.234,0.118,0.355,133.995,4,219360
7p48mzoywHqcYyDB1b8Ml0,Oh!,0,False,9,1,5fScAXreYFnuqwOgBsJgSd,The Charlatans,1dQemqjGJYrp0iRcH3heYK,Who We Touch (Deluxe),2010-09-06,album,0.519,0.557,3,-6.163,0,0.0282,0.00738,0.000203,0.113,0.0675,123.923,4,356947
0xjma4oVsmWSJd5SfXOdnz,"You Can Swim - contains 2 hidden tracks: ""On The Threshold"" & ""I Sing The Body Eclectic""",0,False,10,1,5fScAXreYFnuqwOgBsJgSd,The Charlatans,1dQemqjGJYrp0iRcH3heYK,Who We Touch (Deluxe),2010-09-06,album,0.267,0.362,1,-8.148,1,0.0683,0.0982,0.00101,0.102,0.0948,130.778,4,782240
7EMsdqCW4b6gwnbNMEhCaZ,Love Is Ending - Early Version,0,False,11,1,5fScAXreYFnuqwOgBsJgSd,The Charlatans,1dQemqjGJYrp0iRcH3heYK,Who We Touch (Deluxe),2010-09-06,album,0.485,0.824,4,-8.545,1,0.0314,7.32e-06,0.852,0.135,0.778,136.013,4,208947
537swV2dfL9Tbo40iOAw0V,Intimacy - Early Version,0,False,12,1,5fScAXreYFnuqwOgBsJgSd,The Charlatans,1dQemqjGJYrp0iRcH3heYK,Who We Touch (Deluxe),2010-09-06,album,0.482,0.437,6,-9.602,0,0.0275,0.118,0.000427,0.104,0.483,136.122,4,233520
6lON736g33bIuKUyr0yRHb,Smash The System - Early Version,0,False,13,1,5fScAXreYFnuqwOgBsJgSd,The Charlatans,1dQemqjGJYrp0iRcH3heYK,Who We Touch (Deluxe),2010-09-06,album,0.452,0.532,3,-11.223,1,0.0323,0.102,0.232,0.214,0.419,77.98,4,195387
0KlwFGwJSwCSaq6DF0ynUT,Your Pure Soul - Early Version,0,False,15,1,5fScAXreYFnuqwOgBsJgSd,The Charlatans,1dQemqjGJYrp0iRcH3heYK,Who We Touch (Deluxe),2010-09-06,album,0.385,0.495,6,-9.096,0,0.0325,0.00632,1.57e-05,0.126,0.568,159.983,4,301893
1QPVGqAplhO5mcBUmWlh9C,Sincerity - Early Instrumental,0,False,16,1,5fScAXreYFnuqwOgBsJgSd,The Charlatans,1dQemqjGJYrp0iRcH3heYK,Who We Touch (Deluxe),2010-09-06,album,0.429,0.844,9,-6.835,1,0.0406,0.000391,0.952,0.0498,0.314,139.114,4,233987
626j1jPBjIaXUKPqHdVAVQ,Trust In Desire - Alternate Take,0,False,17,1,5fScAXreYFnuqwOgBsJgSd,The Charlatans,1dQemqjGJYrp0iRcH3heYK,Who We Touch (Deluxe),2010-09-06,album,0.458,0.619,2,-9.098,1,0.0305,0.000768,0.000182,0.148,0.143,125.944,4,311787
3HF4RZoFSS8Krd97n1bLWE,My Foolish Pride - Early Version,0,False,18,1,5fScAXreYFnuqwOgBsJgSd,The Charlatans,1dQemqjGJYrp0iRcH3heYK,Who We Touch (Deluxe),2010-09-06,album,0.619,0.709,3,-8.925,1,0.0277,0.598,0.317,0.137,0.642,137.979,4,250333
14Qmb6kynV2ExzxZ8QoR2o,Intimacy - Alternate Mix,0,False,22,1,5fScAXreYFnuqwOgBsJgSd,The Charlatans,1dQemqjGJYrp0iRcH3heYK,Who We Touch (Deluxe),2010-09-06,album,0.539,0.511,6,-8.248,0,0.0249,0.000823,0.000893,0.109,0.514,87.045,4,316040
3LxOIaC4eCe1E0XBpc4Zdr,Up At The Lake - Original Version,0,False,1,1,5fScAXreYFnuqwOgBsJgSd,The Charlatans,47gJTFhemJDRtigPaakekC,Up At The Lake (Non EU version),2004-05-17,album,0.33,0.858,11,-5.262,0,0.0362,0.00081,3.07e-06,0.131,0.345,164.235,4,225533
0jspsCuKSI00smDJgPGB1k,Feel The Pressure,0,False,2,1,5fScAXreYFnuqwOgBsJgSd,The Charlatans,47gJTFhemJDRtigPaakekC,Up At The Lake (Non EU version),2004-05-17,album,0.619,0.868,9,-6.54,0,0.0324,0.000923,4.13e-05,0.171,0.661,118.029,4,213627
0Py62qMSX1k38Px2XYj9Q5,As I Watch You In Disbelief,0,False,3,1,5fScAXreYFnuqwOgBsJgSd,The Charlatans,47gJTFhemJDRtigPaakekC,Up At The Lake (Non EU version),2004-05-17,album,0.417,0.882,9,-4.888,1,0.0706,0.00143,0.0,0.274,0.432,120.037,4,226907
1o9HjrSgY3WewrMtoBDWrn,Cry Yourself To Sleep,0,False,4,1,5fScAXreYFnuqwOgBsJgSd,The Charlatans,47gJTFhemJDRtigPaakekC,Up At The Lake (Non EU version),2004-05-17,album,0.35,0.501,9,-8.717,0,0.03,0.291,2.2e-06,0.111,0.14,160.55,3,262733
2aBzUdGYKAi0Kc4SPqBmXF,Bona Fide Treasure,0,False,5,1,5fScAXreYFnuqwOgBsJgSd,The Charlatans,47gJTFhemJDRtigPaakekC,Up At The Lake (Non EU version),2004-05-17,album,0.523,0.735,0,-6.777,1,0.0362,0.137,1.22e-06,0.126,0.616,146.897,4,202827
7FHybkbKiAXc5r4LLfwmoN,High Up Your Tree,0,False,6,1,5fScAXreYFnuqwOgBsJgSd,The Charlatans,47gJTFhemJDRtigPaakekC,Up At The Lake (Non EU version),2004-05-17,album,0.5,0.829,10,-5.891,1,0.03,0.252,0.000259,0.0877,0.597,103.532,4,241307
6QBhEuLXnYOHffDgHWFqGH,Blue For You,0,False,7,1,5fScAXreYFnuqwOgBsJgSd,The Charlatans,47gJTFhemJDRtigPaakekC,Up At The Lake (Non EU version),2004-05-17,album,0.124,0.782,4,-6.322,1,0.0602,0.0317,0.0242,0.418,0.191,67.753,4,235160
6azWgD9IYVf1YAy1dLtQ9O,Loving You Is Easy,0,False,8,1,5fScAXreYFnuqwOgBsJgSd,The Charlatans,47gJTFhemJDRtigPaakekC,Up At The Lake (Non EU version),2004-05-17,album,0.314,0.575,4,-8.446,0,0.0277,0.513,0.0765,0.122,0.121,90.561,4,300333
2QsMhgx1i0WHKhYqBwRrMB,Try Again Today,0,False,9,1,5fScAXreYFnuqwOgBsJgSd,The Charlatans,47gJTFhemJDRtigPaakekC,Up At The Lake (Non EU version),2004-05-17,album,0.335,0.75,2,-6.653,1,0.0496,0.00462,0.0,0.198,0.316,175.818,4,221067
6u9AnU4RJ2H6lhYTBrtUJl,Apples and Oranges,0,False,10,1,5fScAXreYFnuqwOgBsJgSd,The Charlatans,47gJTFhemJDRtigPaakekC,Up At The Lake (Non EU version),2004-05-17,album,0.342,0.754,4,-6.167,1,0.0314,0.0391,0.813,0.326,0.273,103.556,4,258867
4DUssGt2MiaaNIPxBBkNrK,Dead Love,0,False,11,1,5fScAXreYFnuqwOgBsJgSd,The Charlatans,47gJTFhemJDRtigPaakekC,Up At The Lake (Non EU version),2004-05-17,album,0.424,0.28,2,-9.049,1,0.0301,0.694,0.0,0.103,0.303,126.981,5,141227
60VQYpcbZj5UlrDLa8qdsk,"Love Is The Key - Live At The Manchester Arena, UK / 2001",4,False,1,1,5fScAXreYFnuqwOgBsJgSd,The Charlatans,32GunLQvw3lwzJHpF4qkGu,Live It Like You Love It,2002-01-01,album,0.26,0.866,3,-5.152,1,0.0469,0.0156,0.0328,0.951,0.207,112.011,4,323840
7nTS5884h5wCzH0YDyKp5b,"Judas - Live At The Manchester Arena, UK / 2001",5,False,2,1,5fScAXreYFnuqwOgBsJgSd,The Charlatans,32GunLQvw3lwzJHpF4qkGu,Live It Like You Love It,2002-01-01,album,0.519,0.925,0,-5.792,1,0.0356,0.00266,0.485,0.943,0.408,96.026,4,253667
4tQgOoXfRsijo9gWZaQltP,"Tellin' Stories - Live At The Manchester Arena, UK / 2001",3,False,3,1,5fScAXreYFnuqwOgBsJgSd,The Charlatans,32GunLQvw3lwzJHpF4qkGu,Live It Like You Love It,2002-01-01,album,0.385,0.896,0,-5.387,1,0.0389,0.003,0.00471,0.82,0.359,99.11,4,292520
7Fout5mNViVJCxLGgjry66,"A Man Needs To Be Told - Live At The Manchester Arena, UK / 2001",7,False,4,1,5fScAXreYFnuqwOgBsJgSd,The Charlatans,32GunLQvw3lwzJHpF4qkGu,Live It Like You Love It,2002-01-01,album,0.379,0.857,0,-5.1,1,0.0397,0.121,0.344,0.817,0.581,80.077,4,280960
5U6P4X48XZRcBx39RbA9eA,"One To Another - Live At The Manchester Arena, UK / 2001",4,False,5,1,5fScAXreYFnuqwOgBsJgSd,The Charlatans,32GunLQvw3lwzJHpF4qkGu,Live It Like You Love It,2002-01-01,album,0.46,0.94,10,-4.23,1,0.0405,0.00419,0.000993,0.83,0.378,103.088,4,267053
5W6ILQzzCtpXUGvNcoeb0x,"The Only One I Know - Live At The Manchester Arena, UK / 2001",4,False,6,1,5fScAXreYFnuqwOgBsJgSd,The Charlatans,32GunLQvw3lwzJHpF4qkGu,Live It Like You Love It,2002-01-01,album,0.388,0.831,5,-5.006,1,0.0313,0.0329,0.0,0.955,0.341,107.945,4,252973
6k7wPMD4buSZGdtHctn1Xf,"Impossible - Live At The Manchester Arena, UK / 2001",3,False,7,1,5fScAXreYFnuqwOgBsJgSd,The Charlatans,32GunLQvw3lwzJHpF4qkGu,Live It Like You Love It,2002-01-01,album,0.475,0.846,9,-5.421,1,0.0267,0.0736,0.0106,0.881,0.414,102.469,4,291000
2C7TKBEga6yBduX2Lue8UI,"North Country Boy - Live At The Manchester Arena, UK / 2001",2,False,8,1,5fScAXreYFnuqwOgBsJgSd,The Charlatans,32GunLQvw3lwzJHpF4qkGu,Live It Like You Love It,2002-01-01,album,0.284,0.959,9,-4.316,1,0.0815,0.188,0.672,0.945,0.334,93.431,4,240067
6hb4CkW8eOPnh5qbEdHsV5,"You're So Pretty - We're So Pretty - Live At The Manchester Arena, UK / 2001",5,False,9,1,5fScAXreYFnuqwOgBsJgSd,The Charlatans,32GunLQvw3lwzJHpF4qkGu,Live It Like You Love It,2002-01-01,album,0.636,0.87,5,-4.176,1,0.043,0.0371,0.00112,0.94,0.598,101.026,4,284827
6BZZKlqmDLNmQee732d1DD,"Weirdo - Live At The Manchester Arena, UK / 2001",3,False,10,1,5fScAXreYFnuqwOgBsJgSd,The Charlatans,32GunLQvw3lwzJHpF4qkGu,Live It Like You Love It,2002-01-01,album,0.542,0.956,2,-4.705,1,0.0591,0.000161,0.644,0.979,0.596,125.041,4,231800
6q9xmvo6Df7N6FOg8RhZ6o,"How High - Live At The Manchester Arena, UK / 2001",3,False,11,1,5fScAXreYFnuqwOgBsJgSd,The Charlatans,32GunLQvw3lwzJHpF4qkGu,Live It Like You Love It,2002-01-01,album,0.0972,0.959,0,-3.877,1,0.0877,0.018,0.0,0.524,0.507,211.707,4,185200
5ocnGmZCvMPTMuVCLGPpEZ,"And If I Fall - Live At The Manchester Arena, UK / 2001",4,False,13,1,5fScAXreYFnuqwOgBsJgSd,The Charlatans,32GunLQvw3lwzJHpF4qkGu,Live It Like You Love It,2002-01-01,album,0.556,0.718,4,-6.569,0,0.0377,0.0441,0.00937,0.909,0.462,84.015,4,284933
4Rbhdty7LyeJCTH9oMcK9p,"Sproston Green - Live At The Manchester Arena, UK / 2001",6,False,14,1,5fScAXreYFnuqwOgBsJgSd,The Charlatans,32GunLQvw3lwzJHpF4qkGu,Live It Like You Love It,2002-01-01,album,0.207,0.949,9,-3.828,1,0.0705,0.00173,0.786,0.704,0.151,139.693,4,596000
3Em4laJizgQuEERAJQ0dUJ,You're So Pretty - We're So Pretty,5,False,1,1,5fScAXreYFnuqwOgBsJgSd,The Charlatans,4I1ZmjAJ8Yprhn4ofolMI6,Wonderland (INTERNATIONAL),2001-09-10,album,0.693,0.845,7,-5.578,1,0.033,0.000107,0.669,0.39,0.577,103.19,4,284267
7DgT6zf48ufzojwWWtwEXT,Judas,2,False,2,1,5fScAXreYFnuqwOgBsJgSd,The Charlatans,4I1ZmjAJ8Yprhn4ofolMI6,Wonderland (INTERNATIONAL),2001-09-10,album,0.555,0.859,0,-5.296,1,0.047,1.58e-05,0.848,0.519,0.204,95.956,4,244667
6tV4y5yuAuFJPZdXqdoTFP,Love Is The Key,3,False,3,1,5fScAXreYFnuqwOgBsJgSd,The Charlatans,4I1ZmjAJ8Yprhn4ofolMI6,Wonderland (INTERNATIONAL),2001-09-10,album,0.576,0.924,0,-4.657,0,0.0383,0.00255,0.265,0.634,0.376,112.544,4,268027
6JuhMfHcki9tMDfWuPRGyO,A Man Needs To Be Told,5,False,4,1,5fScAXreYFnuqwOgBsJgSd,The Charlatans,4I1ZmjAJ8Yprhn4ofolMI6,Wonderland (INTERNATIONAL),2001-09-10,album,0.471,0.832,0,-7.371,1,0.0322,0.0162,0.0294,0.147,0.868,160.037,4,273173
1TTOhcZlkEel7PEXMQbGwN,I Just Can't Get Over Losing You,1,False,5,1,5fScAXreYFnuqwOgBsJgSd,The Charlatans,4I1ZmjAJ8Yprhn4ofolMI6,Wonderland (INTERNATIONAL),2001-09-10,album,0.628,0.823,4,-5.811,0,0.0307,0.00158,0.113,0.078,0.692,114.002,4,294667
13uimZyxJEXdWdrHQPagsv,The Bell And The Butterfly,1,False,6,1,5fScAXreYFnuqwOgBsJgSd,The Charlatans,4I1ZmjAJ8Yprhn4ofolMI6,Wonderland (INTERNATIONAL),2001-09-10,album,0.63,0.938,6,-5.919,0,0.0373,0.000249,0.842,0.106,0.835,126.536,4,257333
5BcMToYxQZXNqFIYABjW9j,And If I Fall,2,False,7,1,5fScAXreYFnuqwOgBsJgSd,The Charlatans,4I1ZmjAJ8Yprhn4ofolMI6,Wonderland (INTERNATIONAL),2001-09-10,album,0.588,0.733,4,-8.34,0,0.0529,0.0384,0.0244,0.101,0.628,170.503,4,318200
4qmqWKj5Z4Cxf4MLoTDNxQ,Wake Up,1,False,8,1,5fScAXreYFnuqwOgBsJgSd,The Charlatans,4I1ZmjAJ8Yprhn4ofolMI6,Wonderland (INTERNATIONAL),2001-09-10,album,0.678,0.735,9,-6.786,1,0.0287,0.00413,0.000995,0.104,0.787,109.567,4,310360
6ifIiLksIY7Z9GF1xcV8xl,Is It In You?,1,False,9,1,5fScAXreYFnuqwOgBsJgSd,The Charlatans,4I1ZmjAJ8Yprhn4ofolMI6,Wonderland (INTERNATIONAL),2001-09-10,album,0.463,0.888,7,-5.444,1,0.0297,2.73e-05,0.621,0.088,0.328,92.007,4,285933
3UGzv8fY3t4sJgAwuYbJ4L,Ballad Of The Band,1,False,10,1,5fScAXreYFnuqwOgBsJgSd,The Charlatans,4I1ZmjAJ8Yprhn4ofolMI6,Wonderland (INTERNATIONAL),2001-09-10,album,0.478,0.815,0,-4.837,1,0.0299,3.81e-05,0.0155,0.104,0.488,93.931,4,355107
0DiRJFKpA4yYrQBrfgwkuO,Forever - Full Length Version,14,False,1,1,5fScAXreYFnuqwOgBsJgSd,The Charlatans,0XSSV7KhGKcmWRTAnfvAc0,Us And Us Only Deluxe Edition,1999-10-18,album,0.441,0.855,4,-5.684,1,0.049,0.000147,0.121,0.301,0.21,144.671,4,445467
2catb79ry9Dnl6FaSZnHv0,Impossible,14,False,3,1,5fScAXreYFnuqwOgBsJgSd,The Charlatans,0XSSV7KhGKcmWRTAnfvAc0,Us And Us Only Deluxe Edition,1999-10-18,album,0.556,0.81,9,-6.131,1,0.0237,0.000314,0.716,0.146,0.555,95.665,4,305133
3sZQIhzovoYhfPQXMNH6x6,The Blonde Waltz,8,False,4,1,5fScAXreYFnuqwOgBsJgSd,The Charlatans,0XSSV7KhGKcmWRTAnfvAc0,Us And Us Only Deluxe Edition,1999-10-18,album,0.523,0.638,9,-6.303,0,0.0259,0.0417,0.0115,0.111,0.424,140.913,3,274000
4bKsnvgkiSPudQBeFp9zun,A House Is Not A Home,7,False,5,1,5fScAXreYFnuqwOgBsJgSd,The Charlatans,0XSSV7KhGKcmWRTAnfvAc0,Us And Us Only Deluxe Edition,1999-10-18,album,0.237,0.887,4,-3.839,1,0.0481,4.12e-05,0.188,0.251,0.405,172.69,4,292267
3NAlzhatT7QFYDpwPlrV5n,Senses,7,False,6,1,5fScAXreYFnuqwOgBsJgSd,The Charlatans,0XSSV7KhGKcmWRTAnfvAc0,Us And Us Only Deluxe Edition,1999-10-18,album,0.39,0.571,2,-5.299,1,0.0324,0.00214,0.299,0.164,0.0656,130.75,4,286267
1K8oLX9ti5UwAb6MRuuuwL,My Beautiful Friend,32,False,7,1,5fScAXreYFnuqwOgBsJgSd,The Charlatans,0XSSV7KhGKcmWRTAnfvAc0,Us And Us Only Deluxe Edition,1999-10-18,album,0.351,0.89,2,-5.287,1,0.055,5.37e-05,0.0953,0.348,0.128,191.049,4,275000
4PgBnFWkNTFYgN8aJwnK0m,I Don't Care Where You Live,6,False,8,1,5fScAXreYFnuqwOgBsJgSd,The Charlatans,0XSSV7KhGKcmWRTAnfvAc0,Us And Us Only Deluxe Edition,1999-10-18,album,0.553,0.626,9,-5.701,1,0.0281,0.0613,0.00862,0.13,0.593,115.255,4,178800
7EtA7ki3aZfPpmiSgwKUgP,The Blind Stagger,8,False,9,1,5fScAXreYFnuqwOgBsJgSd,The Charlatans,0XSSV7KhGKcmWRTAnfvAc0,Us And Us Only Deluxe Edition,1999-10-18,album,0.47,0.824,7,-5.865,1,0.0287,0.000212,0.549,0.18,0.571,147.709,4,299667
0gJtCSuaMei1wYsQyNgdAD,Watching You,7,False,11,1,5fScAXreYFnuqwOgBsJgSd,The Charlatans,0XSSV7KhGKcmWRTAnfvAc0,Us And Us Only Deluxe Edition,1999-10-18,album,0.411,0.754,8,-6.892,1,0.0333,0.0576,0.0121,0.205,0.224,143.095,4,337565
4ENwMgndTmABY4jbHr9tdu,"Good Witch, Bad Witch 3",4,False,12,1,5fScAXreYFnuqwOgBsJgSd,The Charlatans,0XSSV7KhGKcmWRTAnfvAc0,Us And Us Only Deluxe Edition,1999-10-18,album,0.494,0.171,10,-15.71,1,0.0316,0.9,0.958,0.154,0.0617,79.079,4,167728
2q5dwqTRROQyS4yuxGsKPf,My Beautiful Friend - Jagz Kooner Remix,4,False,13,1,5fScAXreYFnuqwOgBsJgSd,The Charlatans,0XSSV7KhGKcmWRTAnfvAc0,Us And Us Only Deluxe Edition,1999-10-18,album,0.419,0.834,7,-5.172,1,0.0612,1.32e-05,0.676,0.121,0.314,167.925,4,283205
4Af6oJUEWE2AjraXdmPcoW,My Beautiful Friend - Lionrock Mix - 103 BPM Vocal Mix,5,False,14,1,5fScAXreYFnuqwOgBsJgSd,The Charlatans,0XSSV7KhGKcmWRTAnfvAc0,Us And Us Only Deluxe Edition,1999-10-18,album,0.673,0.644,0,-7.761,1,0.0265,0.000752,0.0531,0.103,0.634,103.006,4,304475
4nLnD3O70e8D2dhKNQYicL,My Beautiful Friend - Lionrock Instrumental,2,False,15,1,5fScAXreYFnuqwOgBsJgSd,The Charlatans,0XSSV7KhGKcmWRTAnfvAc0,Us And Us Only Deluxe Edition,1999-10-18,album,0.728,0.63,0,-9.134,1,0.0292,0.000418,0.732,0.096,0.61,109.963,4,311456
47huXvqSuJ0nmgUMvlJt04,Impossible - Mark Radcliffe 15/10/99,3,False,9,2,5fScAXreYFnuqwOgBsJgSd,The Charlatans,0XSSV7KhGKcmWRTAnfvAc0,Us And Us Only Deluxe Edition,1999-10-18,album,0.61,0.87,9,-5.5,1,0.03,0.31,0.0,0.28,0.57,97.09,4,302000
6U4lkxzLFpJgY2hf6b8iNS,Senses - Evening Session Oct 99,2,False,10,2,5fScAXreYFnuqwOgBsJgSd,The Charlatans,0XSSV7KhGKcmWRTAnfvAc0,Us And Us Only Deluxe Edition,1999-10-18,album,0.28,0.48,2,-5.17,1,0.03,0.49,0.79,0.11,0.21,129.89,4,288000
3YRsELigEhH9pz98oAtdX0,My Beautiful Friend - Evening Session Oct 99,3,False,11,2,5fScAXreYFnuqwOgBsJgSd,The Charlatans,0XSSV7KhGKcmWRTAnfvAc0,Us And Us Only Deluxe Edition,1999-10-18,album,0.38,0.84,0,-6.95,1,0.04,0.0,0.0,0.39,0.44,94.17,4,282000
0en0fbOAnyeFqKjShtRxDZ,The Blind Stagger - Evening Session Oct 99,1,False,12,2,5fScAXreYFnuqwOgBsJgSd,The Charlatans,0XSSV7KhGKcmWRTAnfvAc0,Us And Us Only Deluxe Edition,1999-10-18,album,0.31,0.83,7,-5.97,1,0.04,0.03,0.0,0.3,0.55,146.78,3,271000
746atuFPvALMqbu7PILxRR,Senses - Live Reading Festival 28/08/99,1,False,14,2,5fScAXreYFnuqwOgBsJgSd,The Charlatans,0XSSV7KhGKcmWRTAnfvAc0,Us And Us Only Deluxe Edition,1999-10-18,album,0.34,0.67,2,-4.25,1,0.03,0.08,0.01,0.96,0.26,67.06,4,292000
02BJ2bNeTnC3T1cMl94VB2,A House Is Not A Home - Later With Jools Holland 23/10/99,2,False,15,2,5fScAXreYFnuqwOgBsJgSd,The Charlatans,0XSSV7KhGKcmWRTAnfvAc0,Us And Us Only Deluxe Edition,1999-10-18,album,0.12,0.89,4,-5.14,1,0.05,0.07,0.0,0.97,0.35,183.2,4,302000
28HsDPki8cXzux9LZr9DDJ,Then,0,False,2,1,5fScAXreYFnuqwOgBsJgSd,The Charlatans,635zMYbfMaEJx8YgPliLaV,Melting Pot,1997-09-29,album,0.259,0.84,9,-6.201,1,0.0513,0.00855,0.836,0.0512,0.528,111.516,4,253733
0zB2xyT3EwayA1eXJwKaoA,Sproston Green - US Version,0,False,5,1,5fScAXreYFnuqwOgBsJgSd,The Charlatans,635zMYbfMaEJx8YgPliLaV,Melting Pot,1997-09-29,album,0.408,0.888,9,-4.55,1,0.0424,0.000216,0.00885,0.0514,0.394,139.963,4,259907
0DODmtJd8y348H6gSYMlM4,Weirdo,0,False,6,1,5fScAXreYFnuqwOgBsJgSd,The Charlatans,635zMYbfMaEJx8YgPliLaV,Melting Pot,1997-09-29,album,0.639,0.941,2,-4.757,1,0.043,0.00127,0.847,0.341,0.845,122.963,4,224827
3vT4boTTdlrJbyKZ9Zdw95,Patrol (Chemical Brothers Mix),0,False,8,1,5fScAXreYFnuqwOgBsJgSd,The Charlatans,635zMYbfMaEJx8YgPliLaV,Melting Pot,1997-09-29,album,0.575,0.98,9,-4.798,0,0.067,0.00105,0.433,0.286,0.341,89.227,4,420160
4x3TUnv5TXmba6EXt8NPYq,Can't Get Out of Bed,0,False,9,1,5fScAXreYFnuqwOgBsJgSd,The Charlatans,635zMYbfMaEJx8YgPliLaV,Melting Pot,1997-09-29,album,0.544,0.844,5,-2.871,1,0.0271,0.04,0.0,0.0946,0.607,95.727,4,192800
51MfxR8e6zJaos1msVicKt,Jesus Hairdo,0,False,11,1,5fScAXreYFnuqwOgBsJgSd,The Charlatans,635zMYbfMaEJx8YgPliLaV,Melting Pot,1997-09-29,album,0.541,0.978,6,-4.116,0,0.039,0.000552,9.93e-05,0.162,0.707,104.181,4,193227
3O3sWlkHbyJ0Jz8aL2WuTy,Crashin' In,0,False,12,1,5fScAXreYFnuqwOgBsJgSd,The Charlatans,635zMYbfMaEJx8YgPliLaV,Melting Pot,1997-09-29,album,0.156,0.887,11,-3.638,0,0.0394,0.000293,0.0405,0.393,0.44,202.413,4,302400
69jgKKev8HBX3T9KTxEUaB,Just Lookin',0,False,13,1,5fScAXreYFnuqwOgBsJgSd,The Charlatans,635zMYbfMaEJx8YgPliLaV,Melting Pot,1997-09-29,album,0.355,0.88,9,-3.257,1,0.0346,0.00036,4.83e-06,0.304,0.496,179.03,4,231067
29arbdAmfhvN96x4IPL7C1,Here Comes a Soul Saver,0,False,14,1,5fScAXreYFnuqwOgBsJgSd,The Charlatans,635zMYbfMaEJx8YgPliLaV,Melting Pot,1997-09-29,album,0.29,0.772,7,-5.173,1,0.0332,0.000953,2.11e-06,0.187,0.372,165.749,4,204400
1zdK4Jm91KC4WN1z1IdszD,Just When You're Thinkin' Things Over,0,False,15,1,5fScAXreYFnuqwOgBsJgSd,The Charlatans,635zMYbfMaEJx8YgPliLaV,Melting Pot,1997-09-29,album,0.562,0.956,9,-4.443,1,0.0331,0.00112,0.0813,0.155,0.887,101.391,4,294800
0MueQqmbYprYUGoV0c5HXS,One to Another,0,False,16,1,5fScAXreYFnuqwOgBsJgSd,The Charlatans,635zMYbfMaEJx8YgPliLaV,Melting Pot,1997-09-29,album,0.443,0.897,10,-4.633,1,0.0488,0.000374,4.05e-05,0.423,0.335,102.428,4,270573
0XdBrzUe4qevdalNvosm98,North Country Boy,0,False,17,1,5fScAXreYFnuqwOgBsJgSd,The Charlatans,635zMYbfMaEJx8YgPliLaV,Melting Pot,1997-09-29,album,0.337,0.899,2,-5.084,1,0.046,0.00127,1.15e-06,0.0881,0.42,85.351,4,242600
1mp1KqCQDfRkvnEFrstMtd,Thank You - Live,2,False,9,2,5fScAXreYFnuqwOgBsJgSd,The Charlatans,4BL0hmHMlSyBr3d3gn5y6O,Tellin' Stories (Expanded Edition),1997-04-21,album,0.39,0.896,2,-6.615,1,0.0362,0.0121,0.411,0.55,0.357,106.474,4,286773
3Fshgas3hbFstkyxV8coPc,Two Of Us,0,False,1,2,5fScAXreYFnuqwOgBsJgSd,The Charlatans,62am3NUQVvmFOqLNy4EMBw,Tellin' Stories - Expanded Edition,1997-04-21,album,0.51,0.839,4,-5.575,1,0.029,0.00258,6.7e-05,0.158,0.883,115.794,4,247867
0j5ris1D1eRxQ4p3Z6F5S9,Reputation,0,False,2,2,5fScAXreYFnuqwOgBsJgSd,The Charlatans,62am3NUQVvmFOqLNy4EMBw,Tellin' Stories - Expanded Edition,1997-04-21,album,0.405,0.93,2,-4.851,1,0.0344,0.000721,4e-06,0.375,0.452,83.063,4,240800
6qPCEdnLF7txKNSDycqQck,Don't Need a Gun,0,False,3,2,5fScAXreYFnuqwOgBsJgSd,The Charlatans,62am3NUQVvmFOqLNy4EMBw,Tellin' Stories - Expanded Edition,1997-04-21,album,0.503,0.8,4,-6.228,1,0.0359,0.00123,0.000915,0.0917,0.301,85.3,4,309747
0JvkTqYgxEPnGktibSgQII,Down With The Mook,0,False,4,2,5fScAXreYFnuqwOgBsJgSd,The Charlatans,62am3NUQVvmFOqLNy4EMBw,Tellin' Stories - Expanded Edition,1997-04-21,album,0.643,0.796,11,-8.849,0,0.261,0.142,0.0854,0.045,0.872,194.487,4,177147
1pn8z3HO2x8JoCuI2aMpvM,Title Fight,0,False,5,2,5fScAXreYFnuqwOgBsJgSd,The Charlatans,62am3NUQVvmFOqLNy4EMBw,Tellin' Stories - Expanded Edition,1997-04-21,album,0.372,0.93,7,-5.533,1,0.0752,0.00186,1.37e-05,0.201,0.553,176.711,4,315013
3xs52yW4t4QkOrIAkl7uOl,Keep It To Yourself,0,False,6,2,5fScAXreYFnuqwOgBsJgSd,The Charlatans,62am3NUQVvmFOqLNy4EMBw,Tellin' Stories - Expanded Edition,1997-04-21,album,0.532,0.831,0,-6.255,1,0.0346,0.00508,0.000692,0.0831,0.801,170.774,4,136787
0pPNWRhoRlebvl6YieDw8b,Clean Up Kid,0,False,8,2,5fScAXreYFnuqwOgBsJgSd,The Charlatans,62am3NUQVvmFOqLNy4EMBw,Tellin' Stories - Expanded Edition,1997-04-21,album,0.29,0.935,5,-5.332,0,0.101,0.000993,0.000897,0.346,0.328,188.608,4,290600
5YiKGV3nHqEghzYokxKvc6,Thank You (live),0,False,9,2,5fScAXreYFnuqwOgBsJgSd,The Charlatans,62am3NUQVvmFOqLNy4EMBw,Tellin' Stories - Expanded Edition,1997-04-21,album,0.192,0.896,2,-6.615,1,0.0395,0.0121,0.419,0.55,0.357,106.007,4,286773
38bVoUG4IfN7Vvkf3Il3iv,I Don't Want To See The Sights,0,False,1,1,5fScAXreYFnuqwOgBsJgSd,The Charlatans,6B3JXbLrddw4UYEyhXIKkk,Between 10th and 11th (Expanded Edition),1992-03-23,album,0.524,0.891,2,-9.097,1,0.0379,7.15e-05,0.431,0.148,0.857,100.229,4,293147
6eQdmzoc6blJzXdAEXKVCW,Ignition,0,False,2,1,5fScAXreYFnuqwOgBsJgSd,The Charlatans,6B3JXbLrddw4UYEyhXIKkk,Between 10th and 11th (Expanded Edition),1992-03-23,album,0.455,0.603,0,-8.499,1,0.031,2.62e-05,0.0421,0.505,0.41,129.313,4,182920
0MbundI1kQQcJXURIgCINM,Page One,0,False,3,1,5fScAXreYFnuqwOgBsJgSd,The Charlatans,6B3JXbLrddw4UYEyhXIKkk,Between 10th and 11th (Expanded Edition),1992-03-23,album,0.608,0.724,5,-7.698,0,0.0288,0.00704,0.0831,0.111,0.712,110.297,4,252720
5eBI8d6RjcDW2nBy7nXgaZ,Tremelo Song,0,False,4,1,5fScAXreYFnuqwOgBsJgSd,The Charlatans,6B3JXbLrddw4UYEyhXIKkk,Between 10th and 11th (Expanded Edition),1992-03-23,album,0.574,0.812,9,-8.806,1,0.0302,9.33e-05,0.0216,0.225,0.765,119.309,4,277787
2xXmmhl4Dzzmbl6dWsrcE4,The End Of Everything,0,False,5,1,5fScAXreYFnuqwOgBsJgSd,The Charlatans,6B3JXbLrddw4UYEyhXIKkk,Between 10th and 11th (Expanded Edition),1992-03-23,album,0.199,0.724,7,-6.859,1,0.039,7.28e-05,0.0613,0.12,0.41,133.347,4,350867
6cWNsSUeGp7p1HAhcqyOy6,Subtitle,0,False,6,1,5fScAXreYFnuqwOgBsJgSd,The Charlatans,6B3JXbLrddw4UYEyhXIKkk,Between 10th and 11th (Expanded Edition),1992-03-23,album,0.318,0.501,0,-12.93,1,0.0375,0.173,0.561,0.123,0.198,106.752,4,252587
2j01fDIpdxUMkLiVPvb9JN,Can't Even Be Bothered,0,False,7,1,5fScAXreYFnuqwOgBsJgSd,The Charlatans,6B3JXbLrddw4UYEyhXIKkk,Between 10th and 11th (Expanded Edition),1992-03-23,album,0.658,0.481,2,-8.971,1,0.0365,0.000476,0.073,0.158,0.716,116.302,4,220560
4fvqNUWx1aD5k0XuMMO0ON,Weirdo,0,False,8,1,5fScAXreYFnuqwOgBsJgSd,The Charlatans,6B3JXbLrddw4UYEyhXIKkk,Between 10th and 11th (Expanded Edition),1992-03-23,album,0.657,0.809,11,-10.587,0,0.0402,0.00125,0.782,0.345,0.927,123.103,4,218493
0G8omWXO5Sr1jHENZ6a4rM,Chewing Gum Weekend,0,False,9,1,5fScAXreYFnuqwOgBsJgSd,The Charlatans,6B3JXbLrddw4UYEyhXIKkk,Between 10th and 11th (Expanded Edition),1992-03-23,album,0.556,0.776,2,-7.301,1,0.04,0.0695,0.0517,0.381,0.429,114.955,4,307347
6PpKyMaTpUDla5lVO2G0e6,(No One) Not Even The Rain,0,False,10,1,5fScAXreYFnuqwOgBsJgSd,The Charlatans,6B3JXbLrddw4UYEyhXIKkk,Between 10th and 11th (Expanded Edition),1992-03-23,album,0.588,0.699,10,-8.081,1,0.0282,6.98e-05,0.0392,0.724,0.885,110.262,4,267973
2QDXMFsjWp3tL8rmZzSf3M,The Only One I Know - Live at Chicago Metro,0,False,2,2,5fScAXreYFnuqwOgBsJgSd,The Charlatans,6B3JXbLrddw4UYEyhXIKkk,Between 10th and 11th (Expanded Edition),1992-03-23,album,0.176,0.796,0,-8.025,1,0.0404,0.00518,0.000215,0.697,0.36,172.522,3,248027
42Wyo4XeJaRlbDtnJM5QGe,Believe You Me - Live at Chicago Metro,0,False,4,2,5fScAXreYFnuqwOgBsJgSd,The Charlatans,6B3JXbLrddw4UYEyhXIKkk,Between 10th and 11th (Expanded Edition),1992-03-23,album,0.226,0.907,7,-7.685,0,0.103,0.0209,0.0,0.769,0.49,112.064,4,228333
2IbbxMM0YPyOGZMjoIi2Ut,Then - Live at Chicago Metro,0,False,5,2,5fScAXreYFnuqwOgBsJgSd,The Charlatans,6B3JXbLrddw4UYEyhXIKkk,Between 10th and 11th (Expanded Edition),1992-03-23,album,0.274,0.826,9,-8.696,1,0.0485,0.00463,6.48e-05,0.973,0.554,110.681,4,253613
3cXmLnk7k3gbJanX1PmmWx,Flower - Live at Chicago Metro,0,False,7,2,5fScAXreYFnuqwOgBsJgSd,The Charlatans,6B3JXbLrddw4UYEyhXIKkk,Between 10th and 11th (Expanded Edition),1992-03-23,album,0.352,0.766,9,-8.508,0,0.0394,0.000656,4.97e-06,0.862,0.359,98.995,4,319467
1eynsNADMLirxOZQYSvjvl,White Shirt - Live at Chicago Metro,0,False,8,2,5fScAXreYFnuqwOgBsJgSd,The Charlatans,6B3JXbLrddw4UYEyhXIKkk,Between 10th and 11th (Expanded Edition),1992-03-23,album,0.307,0.788,7,-9.207,1,0.0497,0.00364,0.0,0.82,0.488,141.503,4,214147
5ZPdz9vqYFUUddhp6wsJBe,Opportunity - Live at Chicago Metro,0,False,10,2,5fScAXreYFnuqwOgBsJgSd,The Charlatans,6B3JXbLrddw4UYEyhXIKkk,Between 10th and 11th (Expanded Edition),1992-03-23,album,0.333,0.651,3,-10.868,1,0.0376,0.316,0.00374,0.376,0.202,98.789,4,467427
0ISTZlgofDLzRl4ig40WKU,Sproston Green - Live at Chicago Metro,0,False,11,2,5fScAXreYFnuqwOgBsJgSd,The Charlatans,6B3JXbLrddw4UYEyhXIKkk,Between 10th and 11th (Expanded Edition),1992-03-23,album,0.163,0.836,9,-9.029,1,0.0722,0.0146,7.12e-05,0.677,0.207,139.669,4,476520
0j09laS8j1hDWnlYMD2Ywb,"Polar Bear - 12"" Mix",0,False,6,2,5fScAXreYFnuqwOgBsJgSd,The Charlatans,0wry4K6QwzIIAgCXzede2Y,Some Friendly - Expanded Edition,1990-10-08,album,0.538,0.943,0,-8.692,1,0.0362,0.000994,0.63,0.125,0.933,115.958,4,297333
0XrMDakfzGsDjPMlxxAn56,"The Only One I Know - 12"" Mix",0,False,11,2,5fScAXreYFnuqwOgBsJgSd,The Charlatans,0wry4K6QwzIIAgCXzede2Y,Some Friendly - Expanded Edition,1990-10-08,album,0.569,0.781,5,-6.257,1,0.0302,0.0156,0.0123,0.0747,0.532,113.347,4,239600
1VYC1t9Mu7yMudekZmYq10,"Then - 7"" Mix",0,False,12,2,5fScAXreYFnuqwOgBsJgSd,The Charlatans,0wry4K6QwzIIAgCXzede2Y,Some Friendly - Expanded Edition,1990-10-08,album,0.483,0.81,9,-7.283,1,0.0424,0.011,0.832,0.0527,0.528,111.524,4,253493
3wXZh0bm4gbwb6ggMKhki9,Sproston Green - Instrumental,0,False,14,2,5fScAXreYFnuqwOgBsJgSd,The Charlatans,0wry4K6QwzIIAgCXzede2Y,Some Friendly - Expanded Edition,1990-10-08,album,0.422,0.768,9,-8.275,1,0.0357,8.72e-05,0.656,0.186,0.155,139.87,4,362200
4bS5AIODvy19xO3Z0v0gWF,Race the Night,13,False,1,1,2evydP72Z45DouM4uMGsIE,Ash,3GAKCaDykFDkMjRroeOHTj,Race The Night (Expanded),2023-09-15,album,0.405,0.874,0,-3.969,1,0.0476,5.39e-05,0.000279,0.192,0.541,139.991,4,244685
6d9V4Ioelfpc8mvLVme98z,Usual Places,11,False,2,1,2evydP72Z45DouM4uMGsIE,Ash,3GAKCaDykFDkMjRroeOHTj,Race The Night (Expanded),2023-09-15,album,0.367,0.947,4,-3.768,1,0.0782,0.00518,0.000551,0.0553,0.334,135.656,4,218353
5cqWAVy8IAxb4pGMRZ7kpx,Reward In Mind,10,False,3,1,2evydP72Z45DouM4uMGsIE,Ash,3GAKCaDykFDkMjRroeOHTj,Race The Night (Expanded),2023-09-15,album,0.361,0.802,4,-3.867,1,0.0475,0.00202,3.29e-05,0.0686,0.493,143.934,4,229217
1mpVdKb16AEoIvuzDAJnCf,Oslo (feat. Démira),9,False,4,1,2evydP72Z45DouM4uMGsIE,Ash,3GAKCaDykFDkMjRroeOHTj,Race The Night (Expanded),2023-09-15,album,0.331,0.661,4,-5.629,1,0.0334,0.0701,0.0595,0.095,0.194,147.81,4,269825
7MrNb9xVz1sgOgpiTBcqp6,Like A God,10,False,5,1,2evydP72Z45DouM4uMGsIE,Ash,3GAKCaDykFDkMjRroeOHTj,Race The Night (Expanded),2023-09-15,album,0.475,0.987,9,-4.798,0,0.151,3.97e-05,0.00621,0.918,0.218,121.91,4,254605
7Jk66807gJWDnW97YNljzF,Peanut Brain,8,False,6,1,2evydP72Z45DouM4uMGsIE,Ash,3GAKCaDykFDkMjRroeOHTj,Race The Night (Expanded),2023-09-15,album,0.287,0.923,2,-3.054,1,0.076,0.00251,0.000327,0.231,0.227,142.058,4,99855
7EHAO1ppfOLz8pQzauTedm,Crashed Out Wasted,9,False,7,1,2evydP72Z45DouM4uMGsIE,Ash,3GAKCaDykFDkMjRroeOHTj,Race The Night (Expanded),2023-09-15,album,0.383,0.822,9,-5.488,1,0.049,0.000465,0.00649,0.116,0.279,125.996,4,398384
03H3XiUarlohhtr3S5gBgZ,Braindead,10,True,8,1,2evydP72Z45DouM4uMGsIE,Ash,3GAKCaDykFDkMjRroeOHTj,Race The Night (Expanded),2023-09-15,album,0.472,0.937,5,-3.48,1,0.119,0.000409,0.551,0.221,0.542,141.997,4,199650
3o4DR17OeCVP2xY1HycVV1,Double Dare,8,False,9,1,2evydP72Z45DouM4uMGsIE,Ash,3GAKCaDykFDkMjRroeOHTj,Race The Night (Expanded),2023-09-15,album,0.513,0.971,9,-3.414,0,0.0868,0.000971,1.65e-05,0.119,0.433,124.019,4,171822
5gapYjmoq1Iaiv7GgPKjya,Over & Out,8,True,10,1,2evydP72Z45DouM4uMGsIE,Ash,3GAKCaDykFDkMjRroeOHTj,Race The Night (Expanded),2023-09-15,album,0.425,0.913,9,-4.409,0,0.0769,0.00243,0.00338,0.123,0.265,121.955,4,281767
1UiRoICHwU1RVYqYscdZpD,Like A God - Reprise,6,False,11,1,2evydP72Z45DouM4uMGsIE,Ash,3GAKCaDykFDkMjRroeOHTj,Race The Night (Expanded),2023-09-15,album,0.205,0.996,4,-5.34,1,0.286,2.52e-06,0.831,0.483,0.0735,105.009,4,215522
24mS1TWhWczuFbFskiDTjP,Race The Night - Acoustic,7,False,12,1,2evydP72Z45DouM4uMGsIE,Ash,3GAKCaDykFDkMjRroeOHTj,Race The Night (Expanded),2023-09-15,album,0.519,0.692,0,-5.732,1,0.0287,0.305,0.0,0.0981,0.664,140.012,4,240961
1CLmDe3kCrvTBCfuwGXvMc,Usual Places - Acoustic,6,False,13,1,2evydP72Z45DouM4uMGsIE,Ash,3GAKCaDykFDkMjRroeOHTj,Race The Night (Expanded),2023-09-15,album,0.601,0.727,4,-5.935,1,0.0273,0.77,0.0,0.0471,0.909,135.953,4,219207
7eUsTf8yZusa8pPvOagmgx,Reward In Mind - Acoustic,6,False,14,1,2evydP72Z45DouM4uMGsIE,Ash,3GAKCaDykFDkMjRroeOHTj,Race The Night (Expanded),2023-09-15,album,0.564,0.526,4,-5.686,1,0.0284,0.336,6.01e-06,0.0987,0.485,144.055,4,220781
7w1WJzzO1t94aOCgGBmCiJ,Peanut Brain - Acoustic,6,False,15,1,2evydP72Z45DouM4uMGsIE,Ash,3GAKCaDykFDkMjRroeOHTj,Race The Night (Expanded),2023-09-15,album,0.48,0.87,9,-5.627,1,0.0512,0.187,0.0,0.0416,0.892,142.183,4,100516
6Uch2XydL7aX4lLjXIA7O3,Like A God - Extended Version,7,False,16,1,2evydP72Z45DouM4uMGsIE,Ash,3GAKCaDykFDkMjRroeOHTj,Race The Night (Expanded),2023-09-15,album,0.24,0.991,4,-4.796,1,0.199,1.21e-05,0.0823,0.533,0.154,121.632,4,463176
6jEotNHNHO8FlZoYIoQGb0,Like A God - Reprise,8,False,11,1,2evydP72Z45DouM4uMGsIE,Ash,5TmUKuohnkb7ndRNKdCgBE,Race the Night,2023-09-15,album,0.205,0.996,4,-5.34,1,0.286,2.52e-06,0.831,0.483,0.0735,105.009,4,215522
4XLlpxLn9GjJfSZJDmXJvV,"Petrol - John Peel Session, Live at Maida Vale Studios, 1994",4,False,1,1,2evydP72Z45DouM4uMGsIE,Ash,3Qwqf7OaqZKiq9oJ8lSfCa,BBC Live Sessions 1994-1999,2022-06-16,album,0.424,0.936,4,-9.078,1,0.0384,0.000205,0.659,0.355,0.94,155.457,4,245747
2v3fazWYbidM7VGYkLhhoB,"Girl from Mars - Evening Session, Live at Maida Vale Studios, 1994",4,False,4,1,2evydP72Z45DouM4uMGsIE,Ash,3Qwqf7OaqZKiq9oJ8lSfCa,BBC Live Sessions 1994-1999,2022-06-16,album,0.309,0.889,9,-7.688,1,0.0606,0.0593,0.0,0.142,0.82,174.3,4,178320
3q3Ylyydaw528PqiIZNTo4,"Coasting - Evening Session, Live at Maida Vale Studios, 1994",2,False,5,1,2evydP72Z45DouM4uMGsIE,Ash,3Qwqf7OaqZKiq9oJ8lSfCa,BBC Live Sessions 1994-1999,2022-06-16,album,0.516,0.698,2,-8.04,1,0.03,0.00229,0.0014,0.105,0.751,102.516,4,196840
6aJ47qBBICJIlza8ibMUnR,"Darkside Lightside - John Peel Session, Live at Maida Vale Studios, 1996",1,False,7,1,2evydP72Z45DouM4uMGsIE,Ash,3Qwqf7OaqZKiq9oJ8lSfCa,BBC Live Sessions 1994-1999,2022-06-16,album,0.232,0.916,7,-7.77,1,0.0699,4.67e-05,0.774,0.26,0.396,97.777,4,204480
45HydzXqaG0yJB6h7Lw8xR,"Wildsurf - Evening Session, Live at Maida Vale Studios, 1998",1,False,9,1,2evydP72Z45DouM4uMGsIE,Ash,3Qwqf7OaqZKiq9oJ8lSfCa,BBC Live Sessions 1994-1999,2022-06-16,album,0.365,0.983,9,-6.088,1,0.0814,2.72e-05,0.0574,0.46,0.311,132.955,4,206133
5BlRvDRMDSsQYXDklgRmgP,"Jesus Says - Evening Session, Live at Maida Vale Studios, 1998",2,False,10,1,2evydP72Z45DouM4uMGsIE,Ash,3Qwqf7OaqZKiq9oJ8lSfCa,BBC Live Sessions 1994-1999,2022-06-16,album,0.336,0.967,2,-6.259,1,0.08,1.35e-05,0.606,0.151,0.493,149.18,4,268840
6zbsA6WVKGmneS7YES61nL,"Folk Song - John Peel Session, Live at Peel Acres, 1999",2,False,12,1,2evydP72Z45DouM4uMGsIE,Ash,3Qwqf7OaqZKiq9oJ8lSfCa,BBC Live Sessions 1994-1999,2022-06-16,album,0.615,0.313,4,-12.903,1,0.0293,0.759,1.25e-05,0.149,0.384,114.465,4,289147
3lUmZok87rZBU4PJu4Bpp4,A Life Less Ordinary,0,False,1,1,2evydP72Z45DouM4uMGsIE,Ash,4Rxm9U0KKKcc3qxFhHPM9N,Teenage Wildlife: 25 Years of Ash,2020-02-14,album,0.305,0.975,7,-3.575,1,0.059,0.00894,0.000235,0.862,0.241,157.192,4,255787
66JOoR0Zml6q1xes8Q6kTc,Arcadia,0,False,2,1,2evydP72Z45DouM4uMGsIE,Ash,4Rxm9U0KKKcc3qxFhHPM9N,Teenage Wildlife: 25 Years of Ash,2020-02-14,album,0.358,0.892,0,-3.915,1,0.0615,0.00266,3.53e-06,0.116,0.263,149.952,4,243427
2GKERaYVaw9qyg0PAxgAcH,Cocoon,0,False,5,1,2evydP72Z45DouM4uMGsIE,Ash,4Rxm9U0KKKcc3qxFhHPM9N,Teenage Wildlife: 25 Years of Ash,2020-02-14,album,0.152,0.871,4,-4.686,1,0.0607,0.00143,0.006,0.183,0.39,167.675,4,146107
5I3Kk8G0NRQOI1PSnQAy80,All That I Have Left,0,False,8,1,2evydP72Z45DouM4uMGsIE,Ash,4Rxm9U0KKKcc3qxFhHPM9N,Teenage Wildlife: 25 Years of Ash,2020-02-14,album,0.492,0.835,5,-3.885,1,0.0657,0.000148,0.000289,0.127,0.616,122.004,4,211347
5PBtREAScLQtO1atFapeNV,Wildsurf,0,False,9,1,2evydP72Z45DouM4uMGsIE,Ash,4Rxm9U0KKKcc3qxFhHPM9N,Teenage Wildlife: 25 Years of Ash,2020-02-14,album,0.459,0.948,4,-2.748,1,0.0663,7.52e-05,0.818,0.282,0.432,123.235,4,209347
0LnpjsLN181mYPE3lSPy5t,Binary,0,False,10,1,2evydP72Z45DouM4uMGsIE,Ash,4Rxm9U0KKKcc3qxFhHPM9N,Teenage Wildlife: 25 Years of Ash,2020-02-14,album,0.451,0.956,0,-3.395,1,0.0744,0.00616,2.67e-06,0.11,0.349,121.955,4,245507
7DVeQ0V6LFyS5nzugDLxdi,Uncle Pat,0,False,11,1,2evydP72Z45DouM4uMGsIE,Ash,4Rxm9U0KKKcc3qxFhHPM9N,Teenage Wildlife: 25 Years of Ash,2020-02-14,album,0.502,0.75,9,-3.735,1,0.033,0.0372,0.0185,0.212,0.726,99.037,4,192360
0aZoscajwbifZJ9DZBoq3D,Buzzkill,0,True,14,1,2evydP72Z45DouM4uMGsIE,Ash,4Rxm9U0KKKcc3qxFhHPM9N,Teenage Wildlife: 25 Years of Ash,2020-02-14,album,0.344,0.959,10,-3.309,1,0.048,4.23e-06,0.000386,0.0901,0.368,145.111,4,149467
5dyKBWP3WIlf037jNZPq6C,Goldfinger,0,False,16,1,2evydP72Z45DouM4uMGsIE,Ash,4Rxm9U0KKKcc3qxFhHPM9N,Teenage Wildlife: 25 Years of Ash,2020-02-14,album,0.253,0.966,6,-2.361,1,0.0537,0.0221,0.00943,0.366,0.359,188.057,4,272560
1anA4a02MtL5vxNCtjwYRW,Envy,0,False,17,1,2evydP72Z45DouM4uMGsIE,Ash,4Rxm9U0KKKcc3qxFhHPM9N,Teenage Wildlife: 25 Years of Ash,2020-02-14,album,0.418,0.971,4,-3.288,1,0.056,5.53e-05,0.825,0.0944,0.634,131.6,4,215227
1oy7LOOp2Ue1aalmWN8Sr4,Sometimes,0,False,18,1,2evydP72Z45DouM4uMGsIE,Ash,4Rxm9U0KKKcc3qxFhHPM9N,Teenage Wildlife: 25 Years of Ash,2020-02-14,album,0.335,0.746,9,-5.304,1,0.0337,2.43e-05,0.00125,0.142,0.431,187.862,4,248413
7wZSWlzfdqWUUO6LdnnYTG,Coming Around Again,0,False,19,1,2evydP72Z45DouM4uMGsIE,Ash,4Rxm9U0KKKcc3qxFhHPM9N,Teenage Wildlife: 25 Years of Ash,2020-02-14,album,0.195,0.913,5,-4.155,1,0.071,0.000139,6.14e-05,0.166,0.157,147.904,4,284653
0E4t0fwiVQ2JbEynEidl6u,Dare To Dream,0,False,21,1,2evydP72Z45DouM4uMGsIE,Ash,4Rxm9U0KKKcc3qxFhHPM9N,Teenage Wildlife: 25 Years of Ash,2020-02-14,album,0.333,0.83,4,-4.517,1,0.0645,0.000181,0.0295,0.192,0.124,122.012,4,306613
3tqHDzWIKF05YM2N2WE1D8,Annabel,0,False,22,1,2evydP72Z45DouM4uMGsIE,Ash,4Rxm9U0KKKcc3qxFhHPM9N,Teenage Wildlife: 25 Years of Ash,2020-02-14,album,0.273,0.935,7,-3.488,1,0.0707,0.000607,0.00196,0.1,0.267,144.215,4,193653
7961xLRuwda5EE6A0QBSzJ,Machinery,0,False,24,1,2evydP72Z45DouM4uMGsIE,Ash,4Rxm9U0KKKcc3qxFhHPM9N,Teenage Wildlife: 25 Years of Ash,2020-02-14,album,0.242,0.826,10,-3.41,1,0.0447,0.0165,0.00133,0.165,0.524,163.961,4,235880
1j3gnuhtXKTv5Z8E3P8DXR,Oh Yeah,0,False,25,1,2evydP72Z45DouM4uMGsIE,Ash,4Rxm9U0KKKcc3qxFhHPM9N,Teenage Wildlife: 25 Years of Ash,2020-02-14,album,0.117,0.711,9,-4.935,1,0.0334,0.0238,0.0253,0.247,0.145,180.665,4,286600
1S4EwXWqvADZ7RUNcpXOV5,Confessions in the Pool,0,False,27,1,2evydP72Z45DouM4uMGsIE,Ash,4Rxm9U0KKKcc3qxFhHPM9N,Teenage Wildlife: 25 Years of Ash,2020-02-14,album,0.627,0.838,9,-4.759,1,0.0414,0.000363,0.0739,0.0859,0.51,118.931,4,262267
0bOd1LIgFDE9l7aJt9KkCK,True Love 1980,0,False,28,1,2evydP72Z45DouM4uMGsIE,Ash,4Rxm9U0KKKcc3qxFhHPM9N,Teenage Wildlife: 25 Years of Ash,2020-02-14,album,0.511,0.732,0,-3.976,1,0.0381,0.000296,1.27e-06,0.114,0.661,119.997,4,245747
5XdOiF3rrG9S1gOq7HpiIp,Angel Interceptor,0,False,29,1,2evydP72Z45DouM4uMGsIE,Ash,4Rxm9U0KKKcc3qxFhHPM9N,Teenage Wildlife: 25 Years of Ash,2020-02-14,album,0.25,0.904,4,-4.76,1,0.0677,0.111,0.124,0.38,0.245,83.391,4,248160
0YI9RlAF5kWZiCEbOmU42A,Jesus Says,0,True,30,1,2evydP72Z45DouM4uMGsIE,Ash,4Rxm9U0KKKcc3qxFhHPM9N,Teenage Wildlife: 25 Years of Ash,2020-02-14,album,0.402,0.891,2,-3.78,1,0.0395,0.00107,0.000176,0.216,0.631,141.306,4,283867
7sl7hqLjO6pFtAlNZL4XFU,End Of The World - Radio Edit,0,False,32,1,2evydP72Z45DouM4uMGsIE,Ash,4Rxm9U0KKKcc3qxFhHPM9N,Teenage Wildlife: 25 Years of Ash,2020-02-14,album,0.366,0.802,7,-6.288,1,0.0475,0.000552,0.0262,0.243,0.4,163.912,4,243400
4lMn3BMLWzzPh5R6EhCYXV,Walking Barefoot,0,False,34,1,2evydP72Z45DouM4uMGsIE,Ash,4Rxm9U0KKKcc3qxFhHPM9N,Teenage Wildlife: 25 Years of Ash,2020-02-14,album,0.241,0.895,6,-5.051,1,0.0784,2.22e-05,0.108,0.165,0.467,168.555,4,254027
3WACE3DP9BlzBiY0u0WXSm,Spellbound,0,False,38,1,2evydP72Z45DouM4uMGsIE,Ash,4Rxm9U0KKKcc3qxFhHPM9N,Teenage Wildlife: 25 Years of Ash,2020-02-14,album,0.677,0.608,7,-5.295,1,0.031,0.0195,0.0,0.0908,0.896,115.983,4,197560
1riUWcR9cmN2eLmC631IDY,Teenage Wildlife,0,False,39,1,2evydP72Z45DouM4uMGsIE,Ash,4Rxm9U0KKKcc3qxFhHPM9N,Teenage Wildlife: 25 Years of Ash,2020-02-14,album,0.36,0.881,1,-3.074,1,0.0518,0.000625,0.0054,0.384,0.266,131.026,4,361640
15RrkMLP3w8P1RNIu7juzp,Jesus Says,10,True,10,1,2evydP72Z45DouM4uMGsIE,Ash,0uV5GeV3nhXpRJon6fAFwS,’94 - ’04: The Singles,2019-05-31,album,0.329,0.895,2,-4.474,1,0.0464,0.00217,0.799,0.135,0.613,141.078,4,284400
4urCPmB31Kebj7BXDNJub5,Numbskull,7,True,12,1,2evydP72Z45DouM4uMGsIE,Ash,0uV5GeV3nhXpRJon6fAFwS,’94 - ’04: The Singles,2019-05-31,album,0.519,0.939,11,-2.465,0,0.0529,0.00147,0.0,0.153,0.488,122.243,4,190760
2tdQjlMq4haofqj2IKMO5M,Candy,7,False,16,1,2evydP72Z45DouM4uMGsIE,Ash,0uV5GeV3nhXpRJon6fAFwS,’94 - ’04: The Singles,2019-05-31,album,0.396,0.847,4,-4.2,0,0.032,4.62e-05,0.0734,0.179,0.62,163.72,4,291133
6NqyM1LOxeL4T88Ixbqt02,Envy,23,False,18,1,2evydP72Z45DouM4uMGsIE,Ash,0uV5GeV3nhXpRJon6fAFwS,’94 - ’04: The Singles,2019-05-31,album,0.42,0.973,4,-3.063,1,0.057,5.72e-05,0.706,0.0977,0.589,131.587,4,215600
3EA8QPl6YyYLLoRDU2BigJ,Jesus Says,0,True,10,1,2evydP72Z45DouM4uMGsIE,Ash,1FWpoIInryCkeXYR1MldlO,'94 - '04: The Singles,2019-05-31,album,0.329,0.895,2,-4.474,1,0.0464,0.00217,0.799,0.135,0.613,141.078,4,284400
2TPadIwEbUXbAewXKMws8M,Numbskull,0,True,12,1,2evydP72Z45DouM4uMGsIE,Ash,1FWpoIInryCkeXYR1MldlO,'94 - '04: The Singles,2019-05-31,album,0.519,0.939,11,-2.465,0,0.0529,0.00147,0.0,0.153,0.488,122.243,4,190760
5nvzT0JbI6rzDTnfOUipBr,Candy,0,False,16,1,2evydP72Z45DouM4uMGsIE,Ash,1FWpoIInryCkeXYR1MldlO,'94 - '04: The Singles,2019-05-31,album,0.396,0.847,4,-4.2,0,0.032,4.62e-05,0.0734,0.178,0.62,163.72,4,291133
0LpwjjQY6nRpYsf5wTmW5F,Theres A Star,0,False,17,1,2evydP72Z45DouM4uMGsIE,Ash,1FWpoIInryCkeXYR1MldlO,'94 - '04: The Singles,2019-05-31,album,0.406,0.846,5,-2.507,1,0.0314,0.000124,0.766,0.354,0.289,105.675,4,262440
5uB4gpdfO3wOvWe8nqv9s7,Envy,0,False,18,1,2evydP72Z45DouM4uMGsIE,Ash,1FWpoIInryCkeXYR1MldlO,'94 - '04: The Singles,2019-05-31,album,0.418,0.971,4,-3.288,1,0.056,5.53e-05,0.825,0.0944,0.634,131.6,4,215227
4yCHpxgG0epGfPLVZHVi07,"Lose Control - Live at the London Astoria, 1997",0,False,1,1,2evydP72Z45DouM4uMGsIE,Ash,5f3E6iO2SkSrL66u1R86kB,Live on Mars: London Astoria 1997,2016-12-02,album,0.259,0.995,2,-5.902,1,0.1,7.52e-06,0.58,0.363,0.0523,101.748,4,208021
0ZcdgslArP7mnyn8zRKNlq,"Season - Live at the London Astoria, 1997",0,False,2,1,2evydP72Z45DouM4uMGsIE,Ash,5f3E6iO2SkSrL66u1R86kB,Live on Mars: London Astoria 1997,2016-12-02,album,0.278,0.996,0,-5.797,1,0.0864,4.69e-06,0.738,0.586,0.0394,102.197,4,153379
1r0IidMtUHl2zz3owNAdWz,"Goldfinger - Live at the London Astoria, 1997",0,False,3,1,2evydP72Z45DouM4uMGsIE,Ash,5f3E6iO2SkSrL66u1R86kB,Live on Mars: London Astoria 1997,2016-12-02,album,0.279,0.973,6,-6.118,1,0.093,0.00121,0.545,0.992,0.219,100.674,4,268268
5wBXWXGyouXPToF6Mcom2s,"Girl from Mars - Live at the London Astoria, 1997",0,False,4,1,2evydP72Z45DouM4uMGsIE,Ash,5f3E6iO2SkSrL66u1R86kB,Live on Mars: London Astoria 1997,2016-12-02,album,0.0802,0.988,9,-6.014,1,0.214,0.0026,0.00108,0.943,0.16,185.086,4,176371
685goJsHFTCzcneo2J7WRz,"I'd Give You Anything - Live at the London Astoria, 1997",0,False,5,1,2evydP72Z45DouM4uMGsIE,Ash,5f3E6iO2SkSrL66u1R86kB,Live on Mars: London Astoria 1997,2016-12-02,album,0.211,0.994,9,-5.606,1,0.0737,3.52e-05,0.743,0.54,0.101,138.092,4,171725
3kVtnBOigidqqiSdtRQ7q0,"Lost in You - Live at the London Astoria, 1997",0,False,6,1,2evydP72Z45DouM4uMGsIE,Ash,5f3E6iO2SkSrL66u1R86kB,Live on Mars: London Astoria 1997,2016-12-02,album,0.325,0.851,11,-6.56,0,0.0427,0.0017,0.00281,0.876,0.152,88.629,4,262025
2TubUvtYigmH9czrRBg4K8,"Innocent Smile - Live at the London Astoria, 1997",0,False,8,1,2evydP72Z45DouM4uMGsIE,Ash,5f3E6iO2SkSrL66u1R86kB,Live on Mars: London Astoria 1997,2016-12-02,album,0.172,0.978,9,-6.521,1,0.116,5.46e-05,0.64,0.96,0.0727,118.702,4,319997
17RA2QwRZtv5bXC5CO1uWl,"Oh Yeah - Live at the London Astoria, 1997",0,False,9,1,2evydP72Z45DouM4uMGsIE,Ash,5f3E6iO2SkSrL66u1R86kB,Live on Mars: London Astoria 1997,2016-12-02,album,0.144,0.907,9,-6.587,1,0.065,0.00715,0.339,0.421,0.147,90.258,4,276288
0lD2LZmVZ1xiXa0tZsoaFs,"Uncle Pat - Live at the London Astoria, 1997",0,False,11,1,2evydP72Z45DouM4uMGsIE,Ash,5f3E6iO2SkSrL66u1R86kB,Live on Mars: London Astoria 1997,2016-12-02,album,0.321,0.847,9,-6.487,1,0.0555,0.000772,0.00584,0.629,0.409,109.735,4,175468
1bb8ojtTLGYaQ7umTezPqy,"Petrol - Live at the London Astoria, 1997",0,False,12,1,2evydP72Z45DouM4uMGsIE,Ash,5f3E6iO2SkSrL66u1R86kB,Live on Mars: London Astoria 1997,2016-12-02,album,0.096,0.991,4,-6.056,1,0.218,3.12e-05,0.176,0.96,0.395,173.514,4,240283
1r2wsPp6p0EFjol8PGyigY,"Let It Flow - Live at the London Astoria, 1997",0,False,13,1,2evydP72Z45DouM4uMGsIE,Ash,5f3E6iO2SkSrL66u1R86kB,Live on Mars: London Astoria 1997,2016-12-02,album,0.15,0.992,4,-5.856,1,0.124,0.000225,0.345,0.984,0.0934,159.012,4,249790
1dujJhCvhRQ5046OTLwyXc,"Jack Names the Planets - Live at the London Astoria, 1997",0,False,14,1,2evydP72Z45DouM4uMGsIE,Ash,5f3E6iO2SkSrL66u1R86kB,Live on Mars: London Astoria 1997,2016-12-02,album,0.198,0.997,4,-7.58,0,0.366,0.00651,0.739,0.979,0.0326,91.87,4,245292
46D9kIkZkDnICh92OjyZhD,"Darkside Lightside - Live at the London Astoria, 1997",0,False,15,1,2evydP72Z45DouM4uMGsIE,Ash,5f3E6iO2SkSrL66u1R86kB,Live on Mars: London Astoria 1997,2016-12-02,album,0.217,0.988,7,-6.752,1,0.152,4.43e-05,0.277,0.573,0.0394,111.536,4,198893
61tI6SuKVj4bzUH2wB7tTs,"Gone the Dream - Live at the London Astoria, 1997",0,False,16,1,2evydP72Z45DouM4uMGsIE,Ash,5f3E6iO2SkSrL66u1R86kB,Live on Mars: London Astoria 1997,2016-12-02,album,0.0748,0.823,0,-6.253,1,0.0511,3.7e-05,0.472,0.907,0.549,203.105,3,210193
75OoKDQw7ZFLSRgzg8X2lQ,"Kung Fu - Live at the London Astoria, 1997",0,False,18,1,2evydP72Z45DouM4uMGsIE,Ash,5f3E6iO2SkSrL66u1R86kB,Live on Mars: London Astoria 1997,2016-12-02,album,0.379,0.928,11,-7.818,1,0.178,0.00586,0.447,0.373,0.171,103.201,4,295126
4BumnWxkWSin4NrSi1uszE,Return of White Rabbit,0,False,1,1,2evydP72Z45DouM4uMGsIE,Ash,08ywJotdX99KOcZjhpTZNI,The A-Z Series,2012-11-06,album,0.591,0.847,9,-5.919,0,0.0393,0.000116,0.232,0.342,0.812,124.981,4,234653
08MetTbz2VHwkv3rB6vxQu,True Love 1980,0,False,2,1,2evydP72Z45DouM4uMGsIE,Ash,08ywJotdX99KOcZjhpTZNI,The A-Z Series,2012-11-06,album,0.513,0.773,0,-3.433,1,0.038,0.000327,1.62e-06,0.0945,0.638,120.007,4,246747
2JgLBXKmEDF3DyXZRStiKQ,Joy Kicks Darkness,0,False,3,1,2evydP72Z45DouM4uMGsIE,Ash,08ywJotdX99KOcZjhpTZNI,The A-Z Series,2012-11-06,album,0.35,0.908,7,-3.594,1,0.16,0.00312,4.76e-05,0.107,0.136,138.241,4,354999
0udlQQCJ6iqawluN6YF3gn,Arcadia,0,False,4,1,2evydP72Z45DouM4uMGsIE,Ash,08ywJotdX99KOcZjhpTZNI,The A-Z Series,2012-11-06,album,0.357,0.927,0,-2.813,1,0.0626,0.00251,3.89e-06,0.114,0.235,150.022,4,242735
6QXzHMOdMjyXtb86rmbNLc,Tracers,0,False,5,1,2evydP72Z45DouM4uMGsIE,Ash,08ywJotdX99KOcZjhpTZNI,The A-Z Series,2012-11-06,album,0.665,0.65,4,-6.799,0,0.0453,0.0129,0.0205,0.213,0.297,134.982,4,211534
1Mna6REjEiwZbim6EYm9v8,The Dead Disciples,0,False,6,1,2evydP72Z45DouM4uMGsIE,Ash,08ywJotdX99KOcZjhpTZNI,The A-Z Series,2012-11-06,album,0.367,0.913,6,-2.659,0,0.0528,0.000165,1.62e-05,0.153,0.22,141.943,4,226466
16qGcABZdABgKYYQ4VdsnJ,Pripyat,0,False,7,1,2evydP72Z45DouM4uMGsIE,Ash,08ywJotdX99KOcZjhpTZNI,The A-Z Series,2012-11-06,album,0.345,0.763,0,-4.585,1,0.0444,0.0128,4.07e-06,0.117,0.4,116.571,4,261386
0jRyR6SzYF1sFnexDBRmuX,Ichiban,0,False,8,1,2evydP72Z45DouM4uMGsIE,Ash,08ywJotdX99KOcZjhpTZNI,The A-Z Series,2012-11-06,album,0.51,0.846,2,-3.366,1,0.0392,0.000833,3.32e-06,0.0651,0.428,109.612,4,190467
3M15hShgYURs0iI2ONPGk4,Space Shot,0,False,9,1,2evydP72Z45DouM4uMGsIE,Ash,08ywJotdX99KOcZjhpTZNI,The A-Z Series,2012-11-06,album,0.545,0.96,10,-3.027,1,0.0521,0.000423,7.68e-05,0.31,0.795,139.957,4,255467
6YEG2RGWIptXL3haSIjuvh,Neon,0,False,10,1,2evydP72Z45DouM4uMGsIE,Ash,08ywJotdX99KOcZjhpTZNI,The A-Z Series,2012-11-06,album,0.463,0.865,0,-3.819,1,0.0393,0.0062,0.0423,0.163,0.252,127.896,4,248489
0SdyIjFZbr3fOUxOQBrqSf,Command,0,False,11,1,2evydP72Z45DouM4uMGsIE,Ash,08ywJotdX99KOcZjhpTZNI,The A-Z Series,2012-11-06,album,0.251,0.885,4,-3.111,0,0.043,4.81e-06,0.426,0.0305,0.358,175.022,4,156711
7vHnQMYOtnZlUlJDO1zsuD,Song of Your Desire,0,False,12,1,2evydP72Z45DouM4uMGsIE,Ash,08ywJotdX99KOcZjhpTZNI,The A-Z Series,2012-11-06,album,0.537,0.666,0,-5.108,1,0.0281,0.0157,3.21e-05,0.365,0.585,119.808,4,215987
6EgVKNLxkA6wWq5FSBD5gt,Dionysian Urge,0,False,13,1,2evydP72Z45DouM4uMGsIE,Ash,08ywJotdX99KOcZjhpTZNI,The A-Z Series,2012-11-06,album,0.306,0.939,7,-2.835,1,0.0586,0.00118,3.21e-05,0.261,0.416,157.568,4,246560
5csyuNM55cFa8HD3BliV2F,War With Me,0,False,14,1,2evydP72Z45DouM4uMGsIE,Ash,08ywJotdX99KOcZjhpTZNI,The A-Z Series,2012-11-06,album,0.493,0.863,0,-2.273,1,0.0533,0.00484,0.000157,0.104,0.478,124.065,4,210565
4EWBKCpjugRVAVQMQmVawu,Dare to Dream,0,False,15,1,2evydP72Z45DouM4uMGsIE,Ash,08ywJotdX99KOcZjhpTZNI,The A-Z Series,2012-11-06,album,0.332,0.821,4,-3.907,1,0.0604,0.000212,0.0449,0.17,0.139,121.994,4,308586
2AzbxIUt4ziJKxr1hvXdju,Mind Control,0,True,16,1,2evydP72Z45DouM4uMGsIE,Ash,08ywJotdX99KOcZjhpTZNI,The A-Z Series,2012-11-06,album,0.525,0.741,10,-3.509,1,0.0521,0.0049,0.0,0.124,0.475,129.894,4,172205
7zupepMo030S95nxkcUUVa,Insects,0,False,17,1,2evydP72Z45DouM4uMGsIE,Ash,08ywJotdX99KOcZjhpTZNI,The A-Z Series,2012-11-06,album,0.182,0.841,4,-3.066,1,0.0671,0.00266,0.000345,0.129,0.384,178.889,4,229674
2lobnmK9rnWU8sTGbRJOFM,Binary,0,False,18,1,2evydP72Z45DouM4uMGsIE,Ash,08ywJotdX99KOcZjhpTZNI,The A-Z Series,2012-11-06,album,0.454,0.962,0,-2.858,1,0.0705,0.00642,2.03e-06,0.307,0.315,121.943,4,246047
41zJnDn2JFg6ypDwVoUgpo,Physical World,0,False,19,1,2evydP72Z45DouM4uMGsIE,Ash,08ywJotdX99KOcZjhpTZNI,The A-Z Series,2012-11-06,album,0.44,0.932,4,-2.42,1,0.0624,0.00366,0.000423,0.0882,0.546,151.131,4,167268
2ETEE3wPUv5EAXitgxgB1z,Spheres,0,False,20,1,2evydP72Z45DouM4uMGsIE,Ash,08ywJotdX99KOcZjhpTZNI,The A-Z Series,2012-11-06,album,0.533,0.927,0,-3.894,1,0.0384,0.000916,0.00332,0.0886,0.297,138.016,4,368616
349VYceHj7zkdq0OHp685z,Instinct,0,False,21,1,2evydP72Z45DouM4uMGsIE,Ash,08ywJotdX99KOcZjhpTZNI,The A-Z Series,2012-11-06,album,0.451,0.899,0,-2.363,1,0.0465,0.000877,5.94e-06,0.195,0.283,125.961,4,232572
30HQ4msCyzvKTuqCthDMI3,Summer Snow,0,False,22,1,2evydP72Z45DouM4uMGsIE,Ash,08ywJotdX99KOcZjhpTZNI,The A-Z Series,2012-11-06,album,0.403,0.939,0,-2.08,1,0.0613,0.000212,0.000297,0.158,0.357,119.819,4,209204
5XIdIBGdsYOGbqbALDWMLj,Carnal Love,0,False,23,1,2evydP72Z45DouM4uMGsIE,Ash,08ywJotdX99KOcZjhpTZNI,The A-Z Series,2012-11-06,album,0.51,0.688,11,-4.349,0,0.0303,0.0141,0.000792,0.0983,0.371,80.999,4,241558
2Dw1LH8fjmT1GgPa79fI0J,Embers,0,False,24,1,2evydP72Z45DouM4uMGsIE,Ash,08ywJotdX99KOcZjhpTZNI,The A-Z Series,2012-11-06,album,0.211,0.988,6,-2.812,0,0.119,9.13e-05,0.0771,0.108,0.163,171.751,4,261206
5fMpzsDrDODKirKusTYu8u,Change Your Name,0,False,25,1,2evydP72Z45DouM4uMGsIE,Ash,08ywJotdX99KOcZjhpTZNI,The A-Z Series,2012-11-06,album,0.511,0.633,9,-5.14,1,0.0267,0.282,0.0,0.132,0.451,89.985,4,200182
4k4uAvAZjIv1Yb9YLMJ1Nu,Sky Burial,0,False,26,1,2evydP72Z45DouM4uMGsIE,Ash,08ywJotdX99KOcZjhpTZNI,The A-Z Series,2012-11-06,album,0.24,0.829,4,-4.621,1,0.0739,0.000466,0.677,0.085,0.0912,130.541,4,615668
3HBm6jtrGT4SQxoFAisVJS,There Is Hope Again,0,False,27,1,2evydP72Z45DouM4uMGsIE,Ash,08ywJotdX99KOcZjhpTZNI,The A-Z Series,2012-11-06,album,0.525,0.978,3,-3.649,1,0.0913,5.22e-05,8.34e-06,0.163,0.497,125.997,4,235537
0D4OyG111LnKf9lVPdoUrG,Coming Around Again,0,False,28,1,2evydP72Z45DouM4uMGsIE,Ash,08ywJotdX99KOcZjhpTZNI,The A-Z Series,2012-11-06,album,0.191,0.934,5,-3.667,1,0.0761,0.000189,1.29e-05,0.201,0.158,148.029,4,284573
4rpz3SDrDbtisF3axLWeBe,The Creeps,0,False,29,1,2evydP72Z45DouM4uMGsIE,Ash,08ywJotdX99KOcZjhpTZNI,The A-Z Series,2012-11-06,album,0.311,0.974,2,-2.804,1,0.0587,0.000391,0.00767,0.51,0.264,157.684,4,158923
4y9zCRNoHKcObsMrTf5zcX,Ctrl-Alt-Del,0,False,30,1,2evydP72Z45DouM4uMGsIE,Ash,08ywJotdX99KOcZjhpTZNI,The A-Z Series,2012-11-06,album,0.354,0.909,7,-2.847,1,0.0527,3.31e-05,1.94e-06,0.125,0.413,141.982,4,199821
0IRoLVX8DoVZEZ7fNb1vDB,Do You Feel It?,0,False,31,1,2evydP72Z45DouM4uMGsIE,Ash,08ywJotdX99KOcZjhpTZNI,The A-Z Series,2012-11-06,album,0.4,0.607,0,-4.656,1,0.0264,0.142,1.34e-05,0.0818,0.48,102.654,4,241276
2a9EJFqKnchAO4XdhnGYvT,Teenage Wildlife,0,False,34,1,2evydP72Z45DouM4uMGsIE,Ash,08ywJotdX99KOcZjhpTZNI,The A-Z Series,2012-11-06,album,0.375,0.894,8,-1.955,1,0.05,0.000817,0.00348,0.384,0.248,131.037,4,362354
52JZe1bAPITXE0DacZ4pK9,Spellbound,0,False,35,1,2evydP72Z45DouM4uMGsIE,Ash,08ywJotdX99KOcZjhpTZNI,The A-Z Series,2012-11-06,album,0.682,0.646,7,-4.274,1,0.0304,0.0169,0.0,0.0908,0.912,115.973,4,198361
65CB0tyHsPMybHB0GA91ko,Nightfall,0,False,36,1,2evydP72Z45DouM4uMGsIE,Ash,08ywJotdX99KOcZjhpTZNI,The A-Z Series,2012-11-06,album,0.0721,0.406,2,-6.191,1,0.0353,0.00281,1.26e-05,0.0849,0.0398,78.283,4,163513
7eoTTL6gynzeubb6TFEa3x,Arcadia - Live,0,False,49,1,2evydP72Z45DouM4uMGsIE,Ash,08ywJotdX99KOcZjhpTZNI,The A-Z Series,2012-11-06,album,0.398,0.948,0,-2.669,1,0.0462,0.000178,0.742,0.342,0.301,150.137,4,246064
7h2KQL6BOHwmrMw7iy7xoC,Space Shot - Live,0,False,50,1,2evydP72Z45DouM4uMGsIE,Ash,08ywJotdX99KOcZjhpTZNI,The A-Z Series,2012-11-06,album,0.463,0.974,0,-2.483,0,0.0666,0.00177,0.0417,0.962,0.655,140.015,4,264879
7axF5XovULCmMeUaqWQKMy,Coming Around Again,0,False,2,1,2evydP72Z45DouM4uMGsIE,Ash,1T8TkdOpbDatM7lvWuAlvD,Little Infinity,2012-06-25,album,0.191,0.934,5,-3.667,1,0.0761,0.000189,1.29e-05,0.201,0.158,148.029,4,284573
4DdHxWQ3AqwO8K3hcN6In7,Teenage Wildlife,0,False,7,1,2evydP72Z45DouM4uMGsIE,Ash,1T8TkdOpbDatM7lvWuAlvD,Little Infinity,2012-06-25,album,0.375,0.894,8,-1.955,1,0.05,0.000817,0.00348,0.384,0.248,131.037,4,362354
3Bxg2wqHwPQqSk3DJQ6WJ1,Dare To Dream,0,False,1,1,2evydP72Z45DouM4uMGsIE,Ash,22gKqlhwfDjihiUnW4aCsc,A-Z Vol.2,2010-10-15,album,0.353,0.845,4,-3.946,1,0.067,0.000168,0.02,0.175,0.124,122.048,4,306080
44fDaKdYdaIq6rHvKzKyy3,Mind Control,0,False,2,1,2evydP72Z45DouM4uMGsIE,Ash,22gKqlhwfDjihiUnW4aCsc,A-Z Vol.2,2010-10-15,album,0.515,0.721,10,-3.52,1,0.0571,0.0044,0.0,0.194,0.533,129.822,4,172080
4SuZyqPSso4yMASwIMA2e4,Insects,0,False,3,1,2evydP72Z45DouM4uMGsIE,Ash,22gKqlhwfDjihiUnW4aCsc,A-Z Vol.2,2010-10-15,album,0.178,0.829,4,-2.999,1,0.0671,0.00259,0.000661,0.153,0.359,179.495,4,229000
7m1FJQat7wgCxtZ2ZaEj5X,Binary,1,False,4,1,2evydP72Z45DouM4uMGsIE,Ash,22gKqlhwfDjihiUnW4aCsc,A-Z Vol.2,2010-10-15,album,0.45,0.961,0,-2.926,1,0.0666,0.00912,1.15e-06,0.32,0.331,121.973,4,245600
38oOw3xea8FHeoHreO20ck,Physical World,0,False,5,1,2evydP72Z45DouM4uMGsIE,Ash,22gKqlhwfDjihiUnW4aCsc,A-Z Vol.2,2010-10-15,album,0.438,0.94,4,-2.53,1,0.0607,0.00434,0.000187,0.185,0.519,151.116,4,169333
3UEAUMbMiJCvZyA0y63c62,Spheres,0,False,6,1,2evydP72Z45DouM4uMGsIE,Ash,22gKqlhwfDjihiUnW4aCsc,A-Z Vol.2,2010-10-15,album,0.538,0.926,0,-3.909,1,0.0382,0.000919,0.00302,0.0932,0.306,138.026,4,367267
7s2sDoMAt9QT1iV967P5xP,Instinct,0,False,7,1,2evydP72Z45DouM4uMGsIE,Ash,22gKqlhwfDjihiUnW4aCsc,A-Z Vol.2,2010-10-15,album,0.44,0.89,0,-2.412,1,0.0489,0.001,8.69e-06,0.336,0.304,125.966,4,231920
5geO0C33UYeqfoBABj2l4K,Summer Snow,0,False,8,1,2evydP72Z45DouM4uMGsIE,Ash,22gKqlhwfDjihiUnW4aCsc,A-Z Vol.2,2010-10-15,album,0.398,0.934,0,-2.152,1,0.065,0.000228,0.000598,0.151,0.33,119.839,4,210573
0hNO3InTyEzkG5RAjscGPg,Carnal Love,0,False,9,1,2evydP72Z45DouM4uMGsIE,Ash,22gKqlhwfDjihiUnW4aCsc,A-Z Vol.2,2010-10-15,album,0.511,0.662,11,-4.372,0,0.0298,0.0119,0.000253,0.107,0.395,80.987,4,240347
64cCC62rCxlZGkN064UsZV,Embers,0,False,10,1,2evydP72Z45DouM4uMGsIE,Ash,22gKqlhwfDjihiUnW4aCsc,A-Z Vol.2,2010-10-15,album,0.201,0.989,9,-2.842,1,0.119,6.91e-05,0.0926,0.111,0.16,171.523,4,259893
7Co3ilRAAzHIXT8mDe9apo,Change Your Name,0,False,11,1,2evydP72Z45DouM4uMGsIE,Ash,22gKqlhwfDjihiUnW4aCsc,A-Z Vol.2,2010-10-15,album,0.508,0.629,9,-5.144,1,0.0269,0.301,0.0,0.262,0.46,89.973,4,200107
5F38d4mzLya0dZ3ra4dOUl,Sky Burial,0,False,12,1,2evydP72Z45DouM4uMGsIE,Ash,22gKqlhwfDjihiUnW4aCsc,A-Z Vol.2,2010-10-15,album,0.24,0.824,4,-4.661,1,0.0705,0.000483,0.748,0.0818,0.0778,131.785,4,617200
0gpvAUDT14HR0es6HuxZuB,There Is Hope Again,0,False,13,1,2evydP72Z45DouM4uMGsIE,Ash,22gKqlhwfDjihiUnW4aCsc,A-Z Vol.2,2010-10-15,album,0.52,0.978,0,-3.577,0,0.0938,4.93e-05,3.12e-06,0.162,0.502,125.93,4,227427
0bW1QRgkeGezj9TYpsaNnl,Teenage Wildlife,0,False,14,1,2evydP72Z45DouM4uMGsIE,Ash,22gKqlhwfDjihiUnW4aCsc,A-Z Vol.2,2010-10-15,album,0.362,0.901,8,-1.992,1,0.0499,0.000822,0.00326,0.378,0.233,131.013,4,362253
4CjSuwftl0pZJAKVGSGUhB,Spellbound,0,False,15,1,2evydP72Z45DouM4uMGsIE,Ash,22gKqlhwfDjihiUnW4aCsc,A-Z Vol.2,2010-10-15,album,0.679,0.65,7,-4.308,1,0.0316,0.0195,0.0,0.0861,0.923,115.944,4,199480
5zSknlDXJnVqeLzzVSJOZw,Nightfall,0,False,16,1,2evydP72Z45DouM4uMGsIE,Ash,22gKqlhwfDjihiUnW4aCsc,A-Z Vol.2,2010-10-15,album,0.212,0.401,2,-6.224,1,0.0338,0.00203,2.29e-05,0.0974,0.0495,110.609,3,164293
0vB7CxvZwHYu7UeQ2yBBTN,Dare to Dream,0,False,1,1,2evydP72Z45DouM4uMGsIE,Ash,3t8jkgEtt1uPnnOSpdxfAS,"A-Z, Vol. 2",2010-10-11,album,0.332,0.821,4,-3.907,1,0.0604,0.000212,0.0449,0.17,0.139,121.994,4,308586
2gMeoVZnDotVenQMspqxJt,Mind Control,0,True,2,1,2evydP72Z45DouM4uMGsIE,Ash,3t8jkgEtt1uPnnOSpdxfAS,"A-Z, Vol. 2",2010-10-11,album,0.525,0.741,10,-3.509,1,0.0521,0.0049,0.0,0.124,0.475,129.894,4,172205
0qTfEzgZn32V37jiWL8kjA,Insects,0,False,3,1,2evydP72Z45DouM4uMGsIE,Ash,3t8jkgEtt1uPnnOSpdxfAS,"A-Z, Vol. 2",2010-10-11,album,0.182,0.841,4,-3.066,1,0.0671,0.00266,0.000345,0.129,0.384,178.889,4,229674
29vJGs4Rddhz93BWoS9p2V,Binary,0,False,4,1,2evydP72Z45DouM4uMGsIE,Ash,3t8jkgEtt1uPnnOSpdxfAS,"A-Z, Vol. 2",2010-10-11,album,0.454,0.962,0,-2.858,1,0.0705,0.00642,2.03e-06,0.307,0.315,121.943,4,246047
5I7AenVyT9wZLtEHE7dH2v,Physical World,0,False,5,1,2evydP72Z45DouM4uMGsIE,Ash,3t8jkgEtt1uPnnOSpdxfAS,"A-Z, Vol. 2",2010-10-11,album,0.44,0.932,4,-2.42,1,0.0624,0.00366,0.000423,0.0882,0.546,151.131,4,167268
0DiVoPC2ZYYKXu1yKo5UV7,Spheres,0,False,6,1,2evydP72Z45DouM4uMGsIE,Ash,3t8jkgEtt1uPnnOSpdxfAS,"A-Z, Vol. 2",2010-10-11,album,0.533,0.927,0,-3.894,1,0.0384,0.000916,0.00332,0.0886,0.297,138.016,4,368616
6RL043NubzNyi0g08rEQvh,Instinct,0,False,7,1,2evydP72Z45DouM4uMGsIE,Ash,3t8jkgEtt1uPnnOSpdxfAS,"A-Z, Vol. 2",2010-10-11,album,0.451,0.899,0,-2.363,1,0.0465,0.000877,5.94e-06,0.195,0.283,125.961,4,232572
7Df0XAO1ePBgfBc7AU4B7v,Summer Snow,0,False,8,1,2evydP72Z45DouM4uMGsIE,Ash,3t8jkgEtt1uPnnOSpdxfAS,"A-Z, Vol. 2",2010-10-11,album,0.403,0.939,0,-2.08,1,0.0613,0.000212,0.000297,0.158,0.357,119.819,4,209204
1m6GFnDFYQl2CuIOOJlsvK,Carnal Love,0,False,9,1,2evydP72Z45DouM4uMGsIE,Ash,3t8jkgEtt1uPnnOSpdxfAS,"A-Z, Vol. 2",2010-10-11,album,0.51,0.688,11,-4.349,0,0.0303,0.0141,0.000792,0.0983,0.371,80.999,4,241558
0yKvACAqB6qUlBZNgm9JKS,Embers,0,False,10,1,2evydP72Z45DouM4uMGsIE,Ash,3t8jkgEtt1uPnnOSpdxfAS,"A-Z, Vol. 2",2010-10-11,album,0.211,0.988,6,-2.812,0,0.119,9.13e-05,0.0771,0.108,0.163,171.751,4,261206
1tRxJQIJvFFKJth72Cudja,Change Your Name,0,False,11,1,2evydP72Z45DouM4uMGsIE,Ash,3t8jkgEtt1uPnnOSpdxfAS,"A-Z, Vol. 2",2010-10-11,album,0.511,0.633,9,-5.14,1,0.0267,0.282,0.0,0.132,0.451,89.985,4,200182
6tzVCTJEXkTLfAZKBA44QY,Sky Burial,0,False,12,1,2evydP72Z45DouM4uMGsIE,Ash,3t8jkgEtt1uPnnOSpdxfAS,"A-Z, Vol. 2",2010-10-11,album,0.24,0.829,4,-4.621,1,0.0739,0.000466,0.677,0.085,0.0912,130.541,4,615668
2ixo4k8mouPRPK9vMhpV1E,There Is Hope Again,0,False,13,1,2evydP72Z45DouM4uMGsIE,Ash,3t8jkgEtt1uPnnOSpdxfAS,"A-Z, Vol. 2",2010-10-11,album,0.525,0.978,3,-3.649,1,0.0913,5.22e-05,8.34e-06,0.163,0.497,125.997,4,235537
2FOWhKvcKMNcJRsg09tPcY,Teenage Wildlife,0,False,14,1,2evydP72Z45DouM4uMGsIE,Ash,3t8jkgEtt1uPnnOSpdxfAS,"A-Z, Vol. 2",2010-10-11,album,0.375,0.894,8,-1.955,1,0.05,0.000817,0.00348,0.384,0.248,131.037,4,362354
0n4zGRoMfLHA36xU8Wwi65,Spellbound,0,False,15,1,2evydP72Z45DouM4uMGsIE,Ash,3t8jkgEtt1uPnnOSpdxfAS,"A-Z, Vol. 2",2010-10-11,album,0.682,0.646,7,-4.274,1,0.0304,0.0169,0.0,0.0908,0.912,115.973,4,198361
3YbdQ4oU81nFj2s0iHAx93,Nightfall,0,False,16,1,2evydP72Z45DouM4uMGsIE,Ash,3t8jkgEtt1uPnnOSpdxfAS,"A-Z, Vol. 2",2010-10-11,album,0.0721,0.406,2,-6.191,1,0.0353,0.00281,1.26e-05,0.0849,0.0398,78.283,4,163513
2eimfQRXszcGt3Hg59WDoY,Dare To Dream,0,False,1,1,2evydP72Z45DouM4uMGsIE,Ash,2iw1h1xewYtdrFXoIADqg1,A - Z Vol. 2,2010-10-09,album,0.33,0.808,4,-4.026,1,0.0643,0.00024,0.0305,0.181,0.113,121.934,4,306080
7KtjiXdZRz2FBhIF1Gxvg7,Mind Control,0,False,2,1,2evydP72Z45DouM4uMGsIE,Ash,2iw1h1xewYtdrFXoIADqg1,A - Z Vol. 2,2010-10-09,album,0.511,0.717,10,-3.524,1,0.0545,0.00453,0.0,0.185,0.521,129.838,4,172080
2aXtzhgF1IIyjCvC44R1qs,Insects,0,False,3,1,2evydP72Z45DouM4uMGsIE,Ash,2iw1h1xewYtdrFXoIADqg1,A - Z Vol. 2,2010-10-09,album,0.18,0.836,4,-3.014,1,0.0683,0.00306,0.000218,0.153,0.322,179.118,4,229000
1yiJuUJQm5VYPBtlByYz6I,Binary,0,False,4,1,2evydP72Z45DouM4uMGsIE,Ash,2iw1h1xewYtdrFXoIADqg1,A - Z Vol. 2,2010-10-09,album,0.461,0.956,0,-2.895,1,0.0715,0.00645,3.56e-06,0.386,0.325,121.929,4,245600
11YOSgzQrjZW0ASszMkJnm,Physical World,0,False,5,1,2evydP72Z45DouM4uMGsIE,Ash,2iw1h1xewYtdrFXoIADqg1,A - Z Vol. 2,2010-10-09,album,0.443,0.934,4,-2.478,1,0.0586,0.00383,0.000391,0.175,0.552,151.14,4,169333
0tonL0ZT0bS771UMFUufJa,Spheres,0,False,6,1,2evydP72Z45DouM4uMGsIE,Ash,2iw1h1xewYtdrFXoIADqg1,A - Z Vol. 2,2010-10-09,album,0.531,0.921,7,-3.916,1,0.0395,0.000922,0.00419,0.0973,0.292,137.972,4,367267
5tO60fF0qOq4VUDp20Gs8Q,Instinct,0,False,7,1,2evydP72Z45DouM4uMGsIE,Ash,2iw1h1xewYtdrFXoIADqg1,A - Z Vol. 2,2010-10-09,album,0.449,0.892,0,-2.358,1,0.0473,0.000765,6.84e-06,0.347,0.302,125.935,4,231920
73s5WufxO3aqHgddkn1BA2,Summer Snow,0,False,8,1,2evydP72Z45DouM4uMGsIE,Ash,2iw1h1xewYtdrFXoIADqg1,A - Z Vol. 2,2010-10-09,album,0.409,0.936,0,-2.154,1,0.0638,0.000222,0.000382,0.139,0.356,119.829,4,210573
3nnkPOO3wadPT6sAS4b1jP,Carnal Love,0,False,9,1,2evydP72Z45DouM4uMGsIE,Ash,2iw1h1xewYtdrFXoIADqg1,A - Z Vol. 2,2010-10-09,album,0.513,0.673,11,-4.378,0,0.03,0.015,0.000391,0.102,0.369,80.979,4,240347
2PNva2J0o3GNNGdI2QnQn0,Embers,0,False,10,1,2evydP72Z45DouM4uMGsIE,Ash,2iw1h1xewYtdrFXoIADqg1,A - Z Vol. 2,2010-10-09,album,0.226,0.988,9,-2.847,1,0.121,8.59e-05,0.025,0.109,0.159,171.609,4,259893
6SCivZXXZgQeghtIm6vqoU,Change Your Name,0,False,11,1,2evydP72Z45DouM4uMGsIE,Ash,2iw1h1xewYtdrFXoIADqg1,A - Z Vol. 2,2010-10-09,album,0.506,0.616,9,-5.141,1,0.0269,0.291,0.0,0.267,0.482,89.949,4,200107
58UWPV0DPaPrLKCPqeiIUw,Sky Burial,0,False,12,1,2evydP72Z45DouM4uMGsIE,Ash,2iw1h1xewYtdrFXoIADqg1,A - Z Vol. 2,2010-10-09,album,0.24,0.824,4,-4.615,1,0.0745,0.000468,0.719,0.0826,0.0784,130.682,4,617200
5ed76oVOfTjDzPXpCEgC0e,There Is Hope Again,0,False,13,1,2evydP72Z45DouM4uMGsIE,Ash,2iw1h1xewYtdrFXoIADqg1,A - Z Vol. 2,2010-10-09,album,0.52,0.977,0,-3.584,0,0.104,4.12e-05,5.85e-06,0.162,0.492,125.943,4,227427
1r6ctwSsH36oFM3CcIQhMi,Teenage Wildlife,0,False,14,1,2evydP72Z45DouM4uMGsIE,Ash,2iw1h1xewYtdrFXoIADqg1,A - Z Vol. 2,2010-10-09,album,0.366,0.893,8,-1.976,1,0.0495,0.00062,0.00374,0.381,0.275,131.027,4,362253
0K2VWSJSQ1GH5DTjdET5oC,Spellbound,0,False,15,1,2evydP72Z45DouM4uMGsIE,Ash,2iw1h1xewYtdrFXoIADqg1,A - Z Vol. 2,2010-10-09,album,0.682,0.651,7,-4.262,1,0.0296,0.0155,0.0,0.0864,0.94,115.992,4,199480
5HYFVlgdW246F4UiCS96qA,Nightfall,0,False,16,1,2evydP72Z45DouM4uMGsIE,Ash,2iw1h1xewYtdrFXoIADqg1,A - Z Vol. 2,2010-10-09,album,0.189,0.39,11,-6.226,0,0.0331,0.00241,1.62e-05,0.0992,0.0391,85.096,3,164293
7twVMx0P69qjATMMHGGg4R,Return Of White Rabbit,2,False,1,1,2evydP72Z45DouM4uMGsIE,Ash,3P6jo6a8J2pZd0vGQ7oo4V,A-Z Volume 1,2010-04-22,album,0.549,0.906,9,-3.282,1,0.0487,0.000336,0.0873,0.216,0.754,124.944,4,235453
35NrSV5PEbMOjuILXZ8O57,True Love 1980,1,False,2,1,2evydP72Z45DouM4uMGsIE,Ash,3P6jo6a8J2pZd0vGQ7oo4V,A-Z Volume 1,2010-04-22,album,0.516,0.756,0,-3.485,1,0.0382,0.000335,1.21e-06,0.0909,0.643,119.996,4,247347
3AgGxDq2x5UCYSzYa1DiTH,Joy Kicks Darkness,0,False,3,1,2evydP72Z45DouM4uMGsIE,Ash,3P6jo6a8J2pZd0vGQ7oo4V,A-Z Volume 1,2010-04-22,album,0.354,0.912,7,-3.53,1,0.174,0.00238,4.5e-05,0.105,0.14,138.251,4,354987
0eIdft93v4BnKC7Cmgsq2O,Arcadia,5,False,4,1,2evydP72Z45DouM4uMGsIE,Ash,3P6jo6a8J2pZd0vGQ7oo4V,A-Z Volume 1,2010-04-22,album,0.359,0.93,0,-2.847,1,0.0621,0.00166,5.82e-06,0.108,0.241,149.992,4,242747
2T2uLmlJKuV3jZjJDpQtpD,Tracers,0,False,5,1,2evydP72Z45DouM4uMGsIE,Ash,3P6jo6a8J2pZd0vGQ7oo4V,A-Z Volume 1,2010-04-22,album,0.665,0.652,4,-6.765,0,0.0456,0.0116,0.0334,0.168,0.257,134.987,4,211507
3EvuyD4TbG6GzfjmA7tFO2,Pripyat,0,False,7,1,2evydP72Z45DouM4uMGsIE,Ash,3P6jo6a8J2pZd0vGQ7oo4V,A-Z Volume 1,2010-04-22,album,0.35,0.77,0,-4.594,1,0.0424,0.0136,5.4e-06,0.12,0.437,116.5,4,261387
03kXXbK7aT5DVQu0lLNURM,Ichiban,0,False,8,1,2evydP72Z45DouM4uMGsIE,Ash,3P6jo6a8J2pZd0vGQ7oo4V,A-Z Volume 1,2010-04-22,album,0.509,0.841,2,-3.408,1,0.0384,0.000765,1.96e-05,0.0617,0.442,109.574,4,190467
1P26rIiQhHU3bELeFSguMG,Space Shot,0,False,9,1,2evydP72Z45DouM4uMGsIE,Ash,3P6jo6a8J2pZd0vGQ7oo4V,A-Z Volume 1,2010-04-22,album,0.544,0.962,10,-3.072,1,0.0538,0.000423,7.47e-05,0.338,0.801,139.97,4,255467
3VrpFWP7jcgikTQw7VTmmG,Neon,0,False,10,1,2evydP72Z45DouM4uMGsIE,Ash,3P6jo6a8J2pZd0vGQ7oo4V,A-Z Volume 1,2010-04-22,album,0.469,0.867,0,-3.786,1,0.0394,0.00746,0.0103,0.158,0.247,127.91,4,248493
2xqRLsmiVuDaZ7uKyQShDu,Command,0,False,11,1,2evydP72Z45DouM4uMGsIE,Ash,3P6jo6a8J2pZd0vGQ7oo4V,A-Z Volume 1,2010-04-22,album,0.243,0.882,4,-3.152,0,0.0443,4.75e-06,0.633,0.0509,0.42,174.874,4,156707
758LOWC3aT07cFLwKCOr1K,Song Of Your Desire,0,False,12,1,2evydP72Z45DouM4uMGsIE,Ash,3P6jo6a8J2pZd0vGQ7oo4V,A-Z Volume 1,2010-04-22,album,0.553,0.682,0,-5.088,1,0.0276,0.0133,4.75e-05,0.362,0.61,120.011,4,215987
76lE2eSZ9o7WMxCMt4BRJF,Dionysian Urge,0,False,13,1,2evydP72Z45DouM4uMGsIE,Ash,3P6jo6a8J2pZd0vGQ7oo4V,A-Z Volume 1,2010-04-22,album,0.308,0.936,7,-2.862,1,0.0601,0.00115,2.96e-05,0.307,0.406,157.658,4,246560
5E5qcXGLgkSuNetYz02rBI,War With Me,0,False,14,1,2evydP72Z45DouM4uMGsIE,Ash,3P6jo6a8J2pZd0vGQ7oo4V,A-Z Volume 1,2010-04-22,album,0.493,0.871,0,-2.363,1,0.0579,0.00349,0.000273,0.201,0.467,124.053,4,216760
0ZHOgRxgj3vLISQGsTyV8Z,Coming Around Again,3,False,15,1,2evydP72Z45DouM4uMGsIE,Ash,3P6jo6a8J2pZd0vGQ7oo4V,A-Z Volume 1,2010-04-22,album,0.184,0.938,5,-3.628,1,0.08,0.000221,1.36e-05,0.11,0.176,151.945,4,286387
1kIxpdbL4pkBPtOHBGzT28,The Creeps,0,False,16,1,2evydP72Z45DouM4uMGsIE,Ash,3P6jo6a8J2pZd0vGQ7oo4V,A-Z Volume 1,2010-04-22,album,0.313,0.961,2,-2.817,1,0.0545,0.000359,0.00343,0.398,0.399,157.587,4,160827
6F8titxLjN91DA9EY3Lwh2,CTRL-ALT-DEL,0,False,17,1,2evydP72Z45DouM4uMGsIE,Ash,3P6jo6a8J2pZd0vGQ7oo4V,A-Z Volume 1,2010-04-22,album,0.354,0.907,7,-2.885,1,0.054,5.94e-05,1.01e-06,0.192,0.435,142.002,4,202627
2LaQQ8W161zVReQyfyaR0V,"Return of White Rabbit - 7 """,3,False,1,1,2evydP72Z45DouM4uMGsIE,Ash,0c7u6RNTkvSzyLrXUyNdai,A-Z (Vol. 1),2010-04-19,album,0.549,0.906,9,-3.282,1,0.0487,0.000336,0.0873,0.216,0.754,124.944,4,235453
7J4p9aTBGijg6jgUkVQx2J,"True Love 1980 - Extended 7 """,4,False,2,1,2evydP72Z45DouM4uMGsIE,Ash,0c7u6RNTkvSzyLrXUyNdai,A-Z (Vol. 1),2010-04-19,album,0.484,0.769,0,-3.476,1,0.0391,0.000371,0.0,0.093,0.662,120.021,4,246760
3j4p4Cw7M2lrqbuSIgiCai,"Joy Kicks Darkness - 7 """,2,False,3,1,2evydP72Z45DouM4uMGsIE,Ash,0c7u6RNTkvSzyLrXUyNdai,A-Z (Vol. 1),2010-04-19,album,0.357,0.907,7,-3.596,1,0.181,0.00302,2.82e-05,0.104,0.149,138.239,4,355000
2Xt2TUzdNPEItRI5D2wW28,"Arcadia - 7 """,16,False,4,1,2evydP72Z45DouM4uMGsIE,Ash,0c7u6RNTkvSzyLrXUyNdai,A-Z (Vol. 1),2010-04-19,album,0.36,0.93,0,-2.847,1,0.0621,0.00166,5.82e-06,0.109,0.241,149.994,4,242493
0gBzya2zCKZspP2u1pAAAC,"Tracers - 7 """,1,False,5,1,2evydP72Z45DouM4uMGsIE,Ash,0c7u6RNTkvSzyLrXUyNdai,A-Z (Vol. 1),2010-04-19,album,0.667,0.636,4,-6.791,0,0.0471,0.0122,0.00755,0.158,0.273,134.996,4,211573
7N0iOdrDUZ1aLgVwlP9YXo,"The Dead Disciples - 7 """,1,False,6,1,2evydP72Z45DouM4uMGsIE,Ash,0c7u6RNTkvSzyLrXUyNdai,A-Z (Vol. 1),2010-04-19,album,0.373,0.898,7,-2.73,1,0.0517,0.000137,8.04e-06,0.152,0.287,141.93,4,226693
2vjRAiy454ZTI2F1CrEMzf,"Pripyat - 7 """,1,False,7,1,2evydP72Z45DouM4uMGsIE,Ash,0c7u6RNTkvSzyLrXUyNdai,A-Z (Vol. 1),2010-04-19,album,0.349,0.783,0,-4.499,1,0.0431,0.0109,1.28e-05,0.115,0.392,116.539,4,261373
2U5qGceE1Ht70bDsK0wiKG,"Ichiban - 7 """,0,False,8,1,2evydP72Z45DouM4uMGsIE,Ash,0c7u6RNTkvSzyLrXUyNdai,A-Z (Vol. 1),2010-04-19,album,0.509,0.841,2,-3.408,1,0.0384,0.000765,1.96e-05,0.0621,0.442,109.574,4,190440
6Tci1F1n686f0puhFrU4w1,"Space Shot - 7 """,2,False,9,1,2evydP72Z45DouM4uMGsIE,Ash,0c7u6RNTkvSzyLrXUyNdai,A-Z (Vol. 1),2010-04-19,album,0.547,0.961,10,-3.036,1,0.0536,0.000389,0.000189,0.338,0.796,139.95,4,255520
4vz4wMojx1KnVk62xYMwV0,"Neon - 7 """,1,False,10,1,2evydP72Z45DouM4uMGsIE,Ash,0c7u6RNTkvSzyLrXUyNdai,A-Z (Vol. 1),2010-04-19,album,0.468,0.861,0,-3.796,1,0.039,0.00637,0.0404,0.148,0.253,127.915,4,248453
54cfy4A0JwfN5f8ZWk76FO,"Command - 7 """,1,False,11,1,2evydP72Z45DouM4uMGsIE,Ash,0c7u6RNTkvSzyLrXUyNdai,A-Z (Vol. 1),2010-04-19,album,0.237,0.885,4,-3.101,0,0.0434,3.85e-06,0.328,0.0559,0.396,174.968,4,156800
1Qx5L181ULQt9X5rqUqgsi,"Song of Your Desire - 7 """,0,False,12,1,2evydP72Z45DouM4uMGsIE,Ash,0c7u6RNTkvSzyLrXUyNdai,A-Z (Vol. 1),2010-04-19,album,0.553,0.667,0,-5.129,1,0.0274,0.0147,2.61e-05,0.366,0.592,119.961,4,215880
3mXZFa114HBesIk1oJX89f,"Dionysian Urge - 7 """,2,False,13,1,2evydP72Z45DouM4uMGsIE,Ash,0c7u6RNTkvSzyLrXUyNdai,A-Z (Vol. 1),2010-04-19,album,0.309,0.944,7,-2.846,1,0.0602,0.00116,1.82e-05,0.307,0.429,157.677,4,246507
1W8OML0cZhBqkMKOKNqtYb,"War With Me - 7 """,0,False,14,1,2evydP72Z45DouM4uMGsIE,Ash,0c7u6RNTkvSzyLrXUyNdai,A-Z (Vol. 1),2010-04-19,album,0.494,0.866,0,-2.307,1,0.0555,0.00412,0.000557,0.155,0.475,124.071,4,210613
1hilkpmowW6CoIGZVNlKxl,Coming Around Again - 7,6,False,15,1,2evydP72Z45DouM4uMGsIE,Ash,0c7u6RNTkvSzyLrXUyNdai,A-Z (Vol. 1),2010-04-19,album,0.184,0.938,5,-3.628,1,0.08,0.000221,1.36e-05,0.11,0.176,151.945,4,286387
2VIMCQPZqHpPTj3Cwfgy32,"The Creeps - 7 """,0,False,16,1,2evydP72Z45DouM4uMGsIE,Ash,0c7u6RNTkvSzyLrXUyNdai,A-Z (Vol. 1),2010-04-19,album,0.313,0.961,2,-2.817,1,0.0545,0.000359,0.00343,0.398,0.399,157.587,4,160827
0pYf0NUJZ7hebrc6Iv96fH,"CTRL-ALT-DEL - 7 """,0,False,17,1,2evydP72Z45DouM4uMGsIE,Ash,0c7u6RNTkvSzyLrXUyNdai,A-Z (Vol. 1),2010-04-19,album,0.354,0.907,7,-2.885,1,0.054,5.94e-05,1.01e-06,0.192,0.435,142.002,4,202627
23FVN9gaqGTKsaaLCxre5s,"Do You Feel It? - 7 """,0,False,18,1,2evydP72Z45DouM4uMGsIE,Ash,0c7u6RNTkvSzyLrXUyNdai,A-Z (Vol. 1),2010-04-19,album,0.399,0.573,0,-4.659,1,0.0258,0.126,1.84e-05,0.0815,0.434,102.564,4,242040
2hzOVwejF7a0GOv1kCtD45,Return of White Rabbit,11,False,1,1,2evydP72Z45DouM4uMGsIE,Ash,7lpu4osHLW4WuW0KSYChmh,"A-Z, Vol. 1",2010-04-19,album,0.591,0.847,9,-5.919,0,0.0393,0.000116,0.246,0.342,0.812,124.981,4,234653
2afWKH4f3ol0BRXK00Yf04,True Love 1980,6,False,2,1,2evydP72Z45DouM4uMGsIE,Ash,7lpu4osHLW4WuW0KSYChmh,"A-Z, Vol. 1",2010-04-19,album,0.513,0.774,0,-3.431,1,0.038,0.000324,1.54e-06,0.0945,0.615,120.008,4,246747
6yugWNUr1wcFEZNKaAfQA3,Joy Kicks Darkness,5,False,3,1,2evydP72Z45DouM4uMGsIE,Ash,7lpu4osHLW4WuW0KSYChmh,"A-Z, Vol. 1",2010-04-19,album,0.35,0.908,7,-3.594,1,0.16,0.00312,4.69e-05,0.107,0.136,138.241,4,354999
5aPoymbkZdwLdhnT9Q3XsY,Arcadia,18,False,4,1,2evydP72Z45DouM4uMGsIE,Ash,7lpu4osHLW4WuW0KSYChmh,"A-Z, Vol. 1",2010-04-19,album,0.361,0.927,0,-2.813,1,0.0633,0.00251,3.89e-06,0.114,0.234,150.038,4,242735
5Ftpg8VsO9VLVZhYhE1VjP,Tracers,4,False,5,1,2evydP72Z45DouM4uMGsIE,Ash,7lpu4osHLW4WuW0KSYChmh,"A-Z, Vol. 1",2010-04-19,album,0.665,0.65,4,-6.799,0,0.0453,0.0129,0.0202,0.213,0.297,134.979,4,211534
4sTuq5FhVluIayVqioTl4V,The Dead Disciples,4,False,6,1,2evydP72Z45DouM4uMGsIE,Ash,7lpu4osHLW4WuW0KSYChmh,"A-Z, Vol. 1",2010-04-19,album,0.366,0.916,6,-2.657,0,0.0529,0.000164,1.73e-05,0.153,0.218,141.935,4,226466
0tXJH1DLDNBJjGls3WN1sX,Pripyat,4,False,7,1,2evydP72Z45DouM4uMGsIE,Ash,7lpu4osHLW4WuW0KSYChmh,"A-Z, Vol. 1",2010-04-19,album,0.345,0.763,0,-4.585,1,0.0444,0.0128,3.79e-06,0.117,0.4,116.574,4,261386
3fXzIIRg1w9R1PvJqemzvG,Ichiban,3,False,8,1,2evydP72Z45DouM4uMGsIE,Ash,7lpu4osHLW4WuW0KSYChmh,"A-Z, Vol. 1",2010-04-19,album,0.511,0.846,2,-3.366,1,0.0392,0.000834,3.65e-06,0.0651,0.428,109.644,4,190467
0wyiErxxM2Ko38outVsXVI,Space Shot,4,False,9,1,2evydP72Z45DouM4uMGsIE,Ash,7lpu4osHLW4WuW0KSYChmh,"A-Z, Vol. 1",2010-04-19,album,0.544,0.96,10,-3.027,1,0.0522,0.000423,7.68e-05,0.31,0.795,139.956,4,255467
6C3k1KCxuE9SJyeqoRZawE,Neon,4,False,10,1,2evydP72Z45DouM4uMGsIE,Ash,7lpu4osHLW4WuW0KSYChmh,"A-Z, Vol. 1",2010-04-19,album,0.463,0.865,0,-3.819,1,0.0393,0.0062,0.0423,0.163,0.252,127.897,4,248489
1OoKRvGvE6rGWNMG2wBlld,Command,3,False,11,1,2evydP72Z45DouM4uMGsIE,Ash,7lpu4osHLW4WuW0KSYChmh,"A-Z, Vol. 1",2010-04-19,album,0.25,0.882,4,-3.111,0,0.0431,4.8e-06,0.406,0.0305,0.391,175.018,4,156711
3Ir0hP2U1aTvzw2zbJKh9q,Song of Your Desire,2,False,12,1,2evydP72Z45DouM4uMGsIE,Ash,7lpu4osHLW4WuW0KSYChmh,"A-Z, Vol. 1",2010-04-19,album,0.537,0.666,0,-5.108,1,0.0281,0.016,3.01e-05,0.365,0.586,119.799,4,215987
1T8XVJNjGxiNXxZtXUPuQw,Dionysian Urge,4,False,13,1,2evydP72Z45DouM4uMGsIE,Ash,7lpu4osHLW4WuW0KSYChmh,"A-Z, Vol. 1",2010-04-19,album,0.313,0.939,7,-2.835,1,0.0589,0.00118,3.21e-05,0.261,0.416,157.625,4,246560
3h92yHH5ZxtI3Xh0IbTTWz,War With Me,3,False,14,1,2evydP72Z45DouM4uMGsIE,Ash,7lpu4osHLW4WuW0KSYChmh,"A-Z, Vol. 1",2010-04-19,album,0.493,0.863,0,-2.273,1,0.0533,0.00484,0.000174,0.104,0.478,124.068,4,210565
63AN3km1zxR74CMG87r1Y3,Coming Around Again,11,False,15,1,2evydP72Z45DouM4uMGsIE,Ash,7lpu4osHLW4WuW0KSYChmh,"A-Z, Vol. 1",2010-04-19,album,0.194,0.923,5,-3.612,1,0.0735,0.000166,4.38e-05,0.215,0.158,148.058,4,284573
794GgdJj6NrA0p5w4qKalE,The Creeps,2,False,16,1,2evydP72Z45DouM4uMGsIE,Ash,7lpu4osHLW4WuW0KSYChmh,"A-Z, Vol. 1",2010-04-19,album,0.31,0.974,2,-2.804,1,0.0589,0.000391,0.00798,0.509,0.264,157.671,4,158923
3WFfkYJe5DkaeH6T4tzYEr,Ctrl-Alt-Del,2,False,17,1,2evydP72Z45DouM4uMGsIE,Ash,7lpu4osHLW4WuW0KSYChmh,"A-Z, Vol. 1",2010-04-19,album,0.356,0.909,7,-2.847,1,0.0516,3.46e-05,1.83e-06,0.125,0.405,141.989,4,199821
5aY40hZvpFrkcANsZmry3F,Do You Feel It?,2,False,18,1,2evydP72Z45DouM4uMGsIE,Ash,7lpu4osHLW4WuW0KSYChmh,"A-Z, Vol. 1",2010-04-19,album,0.397,0.607,0,-4.656,1,0.0264,0.143,1.14e-05,0.0818,0.48,102.567,4,241276
0gEuUvpivLI4yCRLjHiOh2,Darkside Lightside - Live at the Wireless,1,False,2,1,2evydP72Z45DouM4uMGsIE,Ash,0RUT1XoK3VdxyG5SiCxzLo,Live 1996 (2008 Remaster),2009-09-22,album,0.244,0.992,7,-2.814,1,0.0822,1.85e-06,0.548,0.306,0.18,110.014,4,184147
0k6YDTg7F8p8GT2CYaKgjY,I'd Give You Anything - Live at the Wireless,1,False,6,1,2evydP72Z45DouM4uMGsIE,Ash,0RUT1XoK3VdxyG5SiCxzLo,Live 1996 (2008 Remaster),2009-09-22,album,0.241,0.988,9,-2.531,0,0.0648,1.74e-06,0.7,0.115,0.54,127.568,4,190387
0puwpK9ltCpnBdikMhjiJL,Jack Names the Planets - Live at Reading 1996,1,False,13,1,2evydP72Z45DouM4uMGsIE,Ash,0RUT1XoK3VdxyG5SiCxzLo,Live 1996 (2008 Remaster),2009-09-22,album,0.162,0.999,7,-2.581,1,0.296,2.22e-05,0.177,0.955,0.0359,186.891,4,141427
0OERfrtAeUQXOhvPn5Gpjw,Angel Interceptor - Live at Reading 1996,1,False,16,1,2evydP72Z45DouM4uMGsIE,Ash,0RUT1XoK3VdxyG5SiCxzLo,Live 1996 (2008 Remaster),2009-09-22,album,0.137,0.996,11,-2.767,0,0.288,5.12e-05,0.0921,0.421,0.0508,191.965,4,196667
0HUxGjl0pfODzG3q2Edxxv,Darkside Lightside - Live at Reading 1996,0,False,17,1,2evydP72Z45DouM4uMGsIE,Ash,0RUT1XoK3VdxyG5SiCxzLo,Live 1996 (2008 Remaster),2009-09-22,album,0.285,0.996,1,-2.791,1,0.147,9.35e-06,0.442,0.772,0.0624,105.153,4,189027
4YW7bvhB8YJe3cs6v0BiZm,I Started A Fire,0,False,1,1,2evydP72Z45DouM4uMGsIE,Ash,6MEBXug7xVgQaBjeVNBbFO,Twilight Of The Innocents (Standard Version),2007-06-30,album,0.312,0.978,9,-5.066,1,0.103,5.09e-05,9.64e-05,0.133,0.179,153.954,4,266746
0imrp1Q3CfDkxzFHAI5xeT,You Can't Have It All,0,False,2,1,2evydP72Z45DouM4uMGsIE,Ash,6MEBXug7xVgQaBjeVNBbFO,Twilight Of The Innocents (Standard Version),2007-06-30,album,0.401,0.935,0,-4.886,1,0.0793,1.79e-05,0.00215,0.171,0.252,131.434,4,215426
32nETv5dzkQP52kX9gBerl,Blacklisted,0,False,3,1,2evydP72Z45DouM4uMGsIE,Ash,6MEBXug7xVgQaBjeVNBbFO,Twilight Of The Innocents (Standard Version),2007-06-30,album,0.475,0.954,9,-5.491,1,0.109,0.000128,0.00392,0.137,0.307,128.001,4,226906
0sc4SocIJMRKpAkAjnT9WG,Polaris,0,False,4,1,2evydP72Z45DouM4uMGsIE,Ash,6MEBXug7xVgQaBjeVNBbFO,Twilight Of The Innocents (Standard Version),2007-06-30,album,0.478,0.798,5,-5.796,1,0.0442,0.0145,0.00531,0.0728,0.18,114.005,4,272053
2K7P7W2pNWCwpPOqGi63Mn,Palace Of Excess - fka Suberraneans and fka Suicide Girls,0,False,5,1,2evydP72Z45DouM4uMGsIE,Ash,6MEBXug7xVgQaBjeVNBbFO,Twilight Of The Innocents (Standard Version),2007-06-30,album,0.377,0.93,2,-5.411,1,0.086,0.000619,0.012,0.378,0.292,153.898,4,218320
1EpwNBpVWntV60AuFy9Z7p,End Of The World,0,False,6,1,2evydP72Z45DouM4uMGsIE,Ash,6MEBXug7xVgQaBjeVNBbFO,Twilight Of The Innocents (Standard Version),2007-06-30,album,0.439,0.79,7,-6.767,1,0.0458,0.000861,0.0284,0.14,0.366,82.001,4,260773
4TItsmZ3YFkCISLq4s7WI4,Ritual,0,False,7,1,2evydP72Z45DouM4uMGsIE,Ash,6MEBXug7xVgQaBjeVNBbFO,Twilight Of The Innocents (Standard Version),2007-06-30,album,0.559,0.732,0,-6.566,1,0.0494,0.00159,0.0243,0.0986,0.56,151.911,4,223773
67yBUNtezT0ZJTntLWpwe1,Shadows,0,False,8,1,2evydP72Z45DouM4uMGsIE,Ash,6MEBXug7xVgQaBjeVNBbFO,Twilight Of The Innocents (Standard Version),2007-06-30,album,0.49,0.895,2,-5.893,1,0.0323,1.46e-05,0.000424,0.11,0.797,116.308,4,235706
349tVFjjJQbJLdsFLbhXVJ,Princess Six,0,False,9,1,2evydP72Z45DouM4uMGsIE,Ash,6MEBXug7xVgQaBjeVNBbFO,Twilight Of The Innocents (Standard Version),2007-06-30,album,0.333,0.91,9,-5.155,1,0.0562,1.31e-05,0.00183,0.32,0.508,153.916,4,234600
5dZXg6iTTu7meBjH4i3RlJ,Dark And Stormy - Dark And Stormy,0,False,10,1,2evydP72Z45DouM4uMGsIE,Ash,6MEBXug7xVgQaBjeVNBbFO,Twilight Of The Innocents (Standard Version),2007-06-30,album,0.451,0.888,5,-5.56,0,0.0363,2.28e-05,0.00358,0.128,0.588,146.013,4,255480
5w51eDMUfv6KnRYgJkDReY,Shattered Glass,0,False,11,1,2evydP72Z45DouM4uMGsIE,Ash,6MEBXug7xVgQaBjeVNBbFO,Twilight Of The Innocents (Standard Version),2007-06-30,album,0.498,0.937,0,-6.716,1,0.0959,0.00032,0.00527,0.257,0.291,123.845,4,302920
4pUwUvJrVRUj4sHkZt4AGE,Twilight Of The Innocents,0,False,12,1,2evydP72Z45DouM4uMGsIE,Ash,6MEBXug7xVgQaBjeVNBbFO,Twilight Of The Innocents (Standard Version),2007-06-30,album,0.49,0.714,5,-8.524,1,0.0383,0.00964,0.0209,0.105,0.193,97.011,4,381946
6TfpbHnkrZ2exioS1kJLZ8,Burn Baby Burn,0,False,1,1,2evydP72Z45DouM4uMGsIE,Ash,6tGm811DLIyaso8RrMGrWc,Intergalactic Sonic Sevens,2002-09-09,album,0.375,0.953,4,-3.597,1,0.0698,4.31e-05,0.000444,0.0966,0.644,156.095,4,208493
1d53OuuLCEQPfOAn1CjU2k,Girl From Mars,0,False,3,1,2evydP72Z45DouM4uMGsIE,Ash,6tGm811DLIyaso8RrMGrWc,Intergalactic Sonic Sevens,2002-09-09,album,0.23,0.8,9,-4.41,1,0.04,0.0,0.0,0.19,0.5,154.31,4,210000
3wPNM7ycmDe1DP846UiVnC,Shining Light,0,False,4,1,2evydP72Z45DouM4uMGsIE,Ash,6tGm811DLIyaso8RrMGrWc,Intergalactic Sonic Sevens,2002-09-09,album,0.21,0.95,2,-2.73,1,0.06,0.0,0.18,0.11,0.51,106.69,4,262000
3UPWfkbsx1LpItijLsnoCF,Goldfinger,0,False,6,1,2evydP72Z45DouM4uMGsIE,Ash,6tGm811DLIyaso8RrMGrWc,Intergalactic Sonic Sevens,2002-09-09,album,0.25,0.91,6,-6.69,1,0.05,0.02,0.16,0.38,0.34,187.98,4,273000
1nrryoCsPs0MHC2C73yPEJ,Jesus Says,0,True,7,1,2evydP72Z45DouM4uMGsIE,Ash,6tGm811DLIyaso8RrMGrWc,Intergalactic Sonic Sevens,2002-09-09,album,0.4,0.93,2,-1.63,1,0.04,0.0,0.0,0.34,0.65,141.29,4,283000
2sAIBr9gtLitXqikxfGMtK,Oh Yeah,0,False,8,1,2evydP72Z45DouM4uMGsIE,Ash,6tGm811DLIyaso8RrMGrWc,Intergalactic Sonic Sevens,2002-09-09,album,0.28,0.69,9,-4.82,1,0.03,0.0,0.03,0.21,0.16,90.34,4,286000
4lpSZBe6JX3A4lJpa4ceZm,Sometimes,0,False,10,1,2evydP72Z45DouM4uMGsIE,Ash,6tGm811DLIyaso8RrMGrWc,Intergalactic Sonic Sevens,2002-09-09,album,0.46,0.76,9,-4.72,1,0.03,0.0,0.0,0.11,0.48,93.91,4,248000
6vcFeHxfVIDORZNg4LpvUK,Kung Fu,0,False,11,1,2evydP72Z45DouM4uMGsIE,Ash,6tGm811DLIyaso8RrMGrWc,Intergalactic Sonic Sevens,2002-09-09,album,0.27,0.98,9,-3.13,1,0.19,0.01,0.0,0.34,0.47,176.03,4,138000
2CcU28hrNbjXhGed5oDtm7,Candy,0,False,12,1,2evydP72Z45DouM4uMGsIE,Ash,6tGm811DLIyaso8RrMGrWc,Intergalactic Sonic Sevens,2002-09-09,album,0.4,0.85,4,-4.2,0,0.03,0.0,0.07,0.18,0.62,163.72,4,216000
1RsdMg5xdQpwHGUJohexbK,Angel Interceptor,0,False,13,1,2evydP72Z45DouM4uMGsIE,Ash,6tGm811DLIyaso8RrMGrWc,Intergalactic Sonic Sevens,2002-09-09,album,0.2,0.93,4,-2.53,1,0.09,0.13,0.07,0.38,0.22,167.86,4,248000
5BZ4Im1FSd2pmr99Muv7P6,Uncle Pat,0,False,14,1,2evydP72Z45DouM4uMGsIE,Ash,6tGm811DLIyaso8RrMGrWc,Intergalactic Sonic Sevens,2002-09-09,album,0.482,0.775,9,-1.925,1,0.0329,0.00905,0.114,0.224,0.708,99.372,4,193960
3RhP4aKfLnMVTw9zOOZTum,Walking Barefoot,0,False,16,1,2evydP72Z45DouM4uMGsIE,Ash,6tGm811DLIyaso8RrMGrWc,Intergalactic Sonic Sevens,2002-09-09,album,0.24,0.9,6,-5.05,1,0.08,0.0,0.11,0.17,0.47,168.56,4,254000
52M4SMYPWXltOM9WF2GrCj,Petrol,0,False,17,1,2evydP72Z45DouM4uMGsIE,Ash,6tGm811DLIyaso8RrMGrWc,Intergalactic Sonic Sevens,2002-09-09,album,0.46,0.94,4,-6.01,1,0.07,0.05,0.77,0.35,0.71,151.42,4,250000
1hRxNpuqtjjoJ82YwaKwgW,Theres A Star,0,False,18,1,2evydP72Z45DouM4uMGsIE,Ash,6tGm811DLIyaso8RrMGrWc,Intergalactic Sonic Sevens,2002-09-09,album,0.41,0.85,5,-2.51,1,0.03,0.0,0.77,0.35,0.29,105.68,4,262000
1NrLfljfRc5Or9DZG6Bxm9,Numbskull,0,True,19,1,2evydP72Z45DouM4uMGsIE,Ash,6tGm811DLIyaso8RrMGrWc,Intergalactic Sonic Sevens,2002-09-09,album,0.52,0.94,11,-2.47,0,0.05,0.0,0.0,0.15,0.49,122.24,4,193000
6EouvuPDuVx1d4DsV2lgBD,Lose Control,0,False,34,1,2evydP72Z45DouM4uMGsIE,Ash,6tGm811DLIyaso8RrMGrWc,Intergalactic Sonic Sevens,2002-09-09,album,0.21,0.94,7,-1.6,1,0.06,0.03,0.0,0.07,0.28,146.8,4,134000
4RmhvOyFobxXJSJCsZJ6IC,500 (Shake Baby Shake),0,False,1,1,3ysp8GwsheDcBxP9q65lBg,Lush,3iNnCPwBgeYeIYyFwU4FUG,Topolino,1996-10-18,album,0.59,0.859,9,-4.418,1,0.0297,0.0645,0.0,0.211,0.78,132.743,4,207667
1wWU1F0Lhu9x2geX2h4L0x,Thoughtforms,0,False,9,1,3ysp8GwsheDcBxP9q65lBg,Lush,11hFygy8xLDCeECJEDnNEK,Gala,1990-11-12,album,0.381,0.878,9,-9.741,1,0.0379,0.387,0.928,0.219,0.685,96.569,3,167507
6fb7EkOyYHa7KvqUqkiZEB,Scarlet - Long Version,0,False,15,1,3ysp8GwsheDcBxP9q65lBg,Lush,11hFygy8xLDCeECJEDnNEK,Gala,1990-11-12,album,0.525,0.478,9,-13.466,1,0.0326,0.433,0.305,0.257,0.452,122.976,4,235173
5tE3WeC55sdRDR4ZbEac0f,Son of a Gun - Live at the Picket 5/6/1987,7,False,1,1,47Z8LEl3LnQkcpva0xSthT,The La's,2htsnFj9LxSu1IAo2t7C1U,Live & Dangerous (Live at the Picket 5/6/1987),2020-03-16,album,0.306,0.777,7,-11.759,1,0.0866,0.446,0.00469,0.597,0.604,76.879,3,121960
49R7V2ULHKgWjdXIvmC0gX,Freedom Song - Live at the Picket 5/6/1987,5,False,2,1,47Z8LEl3LnQkcpva0xSthT,The La's,2htsnFj9LxSu1IAo2t7C1U,Live & Dangerous (Live at the Picket 5/6/1987),2020-03-16,album,0.496,0.687,9,-11.507,0,0.0577,0.648,0.404,0.808,0.46,125.005,4,149387
5wRgofapmt8nlZdMFKRbNO,Clean Prophet - Live at the Picket 5/6/1987,3,False,3,1,47Z8LEl3LnQkcpva0xSthT,The La's,2htsnFj9LxSu1IAo2t7C1U,Live & Dangerous (Live at the Picket 5/6/1987),2020-03-16,album,0.326,0.908,9,-10.894,0,0.115,0.498,0.297,0.798,0.29,134.01,4,125293
2IQcWmZDiSTqi9BbWk0wTv,Come In Come Out - Live at the Picket 5/6/1987,3,False,4,1,47Z8LEl3LnQkcpva0xSthT,The La's,2htsnFj9LxSu1IAo2t7C1U,Live & Dangerous (Live at the Picket 5/6/1987),2020-03-16,album,0.256,0.869,2,-9.754,1,0.0828,0.64,0.0391,0.925,0.405,111.523,4,133027
7owIqiTY1sThNsvY0x8ix1,Way Out - Live at the Picket 5/6/1987,3,False,5,1,47Z8LEl3LnQkcpva0xSthT,The La's,2htsnFj9LxSu1IAo2t7C1U,Live & Dangerous (Live at the Picket 5/6/1987),2020-03-16,album,0.321,0.836,9,-10.848,0,0.0456,0.484,0.447,0.904,0.497,98.913,4,170467
58vOYpkLjMT55siR3Ht8dm,IOU - Live at the Picket 5/6/1987,2,False,6,1,47Z8LEl3LnQkcpva0xSthT,The La's,2htsnFj9LxSu1IAo2t7C1U,Live & Dangerous (Live at the Picket 5/6/1987),2020-03-16,album,0.325,0.87,9,-11.022,0,0.0569,0.519,0.0321,0.811,0.648,95.673,4,133653
12I6eAEAhZf10BkpxQkvNs,Timeless Melody - Live at the Picket 5/6/1987,3,False,7,1,47Z8LEl3LnQkcpva0xSthT,The La's,2htsnFj9LxSu1IAo2t7C1U,Live & Dangerous (Live at the Picket 5/6/1987),2020-03-16,album,0.328,0.769,2,-10.689,1,0.0615,0.376,0.648,0.422,0.349,132.963,4,222093
5vvmCPdPipnLoBICjKAozA,I Can't Sleep - Live at the Picket 5/6/1987,2,False,8,1,47Z8LEl3LnQkcpva0xSthT,The La's,2htsnFj9LxSu1IAo2t7C1U,Live & Dangerous (Live at the Picket 5/6/1987),2020-03-16,album,0.362,0.892,9,-10.326,1,0.0767,0.363,0.84,0.943,0.448,142.82,4,163120
3nTKSKOvOXDet1HhB9xeyt,Doledrum - Live at the Picket 5/6/1987,2,False,9,1,47Z8LEl3LnQkcpva0xSthT,The La's,2htsnFj9LxSu1IAo2t7C1U,Live & Dangerous (Live at the Picket 5/6/1987),2020-03-16,album,0.283,0.812,2,-9.559,1,0.045,0.676,0.63,0.565,0.561,90.235,4,176173
33BRmHXHXa3PRhTJE3r5aT,Liberty Ship - Live at the Picket 5/6/1987,2,False,10,1,47Z8LEl3LnQkcpva0xSthT,The La's,2htsnFj9LxSu1IAo2t7C1U,Live & Dangerous (Live at the Picket 5/6/1987),2020-03-16,album,0.367,0.866,9,-9.772,0,0.0694,0.639,0.0219,0.904,0.367,101.294,4,286360
4k49k1IyZHg5UZd7ljcX6b,Callin' All - Live at the Picket 5/6/1987,1,False,11,1,47Z8LEl3LnQkcpva0xSthT,The La's,2htsnFj9LxSu1IAo2t7C1U,Live & Dangerous (Live at the Picket 5/6/1987),2020-03-16,album,0.363,0.809,9,-11.589,0,0.0396,0.383,0.457,0.919,0.552,82.403,4,201120
6wfQU78dbqPPgPbSwUeTaI,Failure - Live at the Picket 5/6/1987,1,False,12,1,47Z8LEl3LnQkcpva0xSthT,The La's,2htsnFj9LxSu1IAo2t7C1U,Live & Dangerous (Live at the Picket 5/6/1987),2020-03-16,album,0.335,0.97,11,-10.266,0,0.0894,0.584,0.0264,0.861,0.132,104.372,4,173160
1LYLYb7jw1l3zDoVTWjR5R,There She Goes - Live at the Picket 5/6/1987,4,False,13,1,47Z8LEl3LnQkcpva0xSthT,The La's,2htsnFj9LxSu1IAo2t7C1U,Live & Dangerous (Live at the Picket 5/6/1987),2020-03-16,album,0.342,0.939,4,-10.272,0,0.0792,0.328,0.0576,0.905,0.355,126.347,4,164480
6LVOzN7Ll8K7aX1rVQGnnk,Looking Glass - Live at the Picket 5/6/1987,2,False,14,1,47Z8LEl3LnQkcpva0xSthT,The La's,2htsnFj9LxSu1IAo2t7C1U,Live & Dangerous (Live at the Picket 5/6/1987),2020-03-16,album,0.28,0.663,9,-11.139,1,0.0384,0.667,0.0359,0.976,0.338,102.287,4,462867
0oYN64Sj8uajoPanGmpxaM,Jumpin' Jack Flash - Live at the Picket 5/6/1987,2,False,15,1,47Z8LEl3LnQkcpva0xSthT,The La's,2htsnFj9LxSu1IAo2t7C1U,Live & Dangerous (Live at the Picket 5/6/1987),2020-03-16,album,0.332,0.883,4,-10.508,1,0.061,0.436,0.665,0.965,0.372,154.842,4,189947
7cOOKsqVjSmaDQdMNgcZ74,Failure (2nd Version) - Live at the Picket 5/6/1987,1,False,16,1,47Z8LEl3LnQkcpva0xSthT,The La's,2htsnFj9LxSu1IAo2t7C1U,Live & Dangerous (Live at the Picket 5/6/1987),2020-03-16,album,0.244,0.972,4,-11.309,1,0.0988,0.672,0.717,0.544,0.0399,105.91,3,174267
603cN497Pv4SzEHjlc1kbD,Breakloose,8,False,1,1,47Z8LEl3LnQkcpva0xSthT,The La's,00B80lSLS1QwnhYKi2g46l,Breakloose (Lost La's 1984-1986),2018-11-02,album,0.638,0.809,4,-11.617,0,0.0387,0.743,0.387,0.242,0.706,142.543,4,156316
3A8lUY9hjNYc94yOGWeSbz,Open Your Heart,13,False,2,1,47Z8LEl3LnQkcpva0xSthT,The La's,00B80lSLS1QwnhYKi2g46l,Breakloose (Lost La's 1984-1986),2018-11-02,album,0.679,0.309,8,-11.466,1,0.112,0.889,0.0254,0.22,0.917,138.86,4,198348
7I3KG1rW1XK7mrsqGbyZnY,Sweet 35,11,False,3,1,47Z8LEl3LnQkcpva0xSthT,The La's,00B80lSLS1QwnhYKi2g46l,Breakloose (Lost La's 1984-1986),2018-11-02,album,0.596,0.289,9,-13.753,0,0.0345,0.973,0.891,0.19,0.519,112.135,4,93936
44roiRZFTbDjv55WD8PP4T,Trees and Plants,4,False,4,1,47Z8LEl3LnQkcpva0xSthT,The La's,00B80lSLS1QwnhYKi2g46l,Breakloose (Lost La's 1984-1986),2018-11-02,album,0.487,0.382,4,-15.26,1,0.0424,0.522,0.702,0.109,0.791,178.099,4,138240
3NjvHGLZO7FT7YzM0Gogys,Red Deer Stalk,6,False,5,1,47Z8LEl3LnQkcpva0xSthT,The La's,00B80lSLS1QwnhYKi2g46l,Breakloose (Lost La's 1984-1986),2018-11-02,album,0.755,0.444,9,-19.543,1,0.424,0.835,0.00981,0.115,0.921,83.49,4,123716
6TpMtqHl0g0PYokcUBzacr,Dovecot Dub - Dub,3,False,6,1,47Z8LEl3LnQkcpva0xSthT,The La's,00B80lSLS1QwnhYKi2g46l,Breakloose (Lost La's 1984-1986),2018-11-02,album,0.391,0.456,11,-20.508,1,0.0411,0.863,0.505,0.132,0.577,109.34,3,175282
1Ql0OjCNwTkK6tJ5BFT203,Night Walk,7,False,7,1,47Z8LEl3LnQkcpva0xSthT,The La's,00B80lSLS1QwnhYKi2g46l,Breakloose (Lost La's 1984-1986),2018-11-02,album,0.759,0.384,9,-17.273,1,0.082,0.918,0.398,0.0671,0.785,129.602,3,130011
6b53E1tWUCA8O8o1MZNDPM,Get Down Over,3,False,8,1,47Z8LEl3LnQkcpva0xSthT,The La's,00B80lSLS1QwnhYKi2g46l,Breakloose (Lost La's 1984-1986),2018-11-02,album,0.737,0.659,8,-11.612,1,0.0485,0.515,2.2e-05,0.163,0.605,126.596,4,160496
39GYyX4H3edIfbRLirKBxD,What Do You Do?,3,False,9,1,47Z8LEl3LnQkcpva0xSthT,The La's,00B80lSLS1QwnhYKi2g46l,Breakloose (Lost La's 1984-1986),2018-11-02,album,0.524,0.309,11,-16.921,1,0.0328,0.68,0.00909,0.277,0.442,123.913,4,165433
5kWlHzrI20PkxXBQXfxCwn,I Did the Painting,2,False,10,1,47Z8LEl3LnQkcpva0xSthT,The La's,00B80lSLS1QwnhYKi2g46l,Breakloose (Lost La's 1984-1986),2018-11-02,album,0.876,0.355,4,-18.157,1,0.151,0.866,0.861,0.124,0.357,131.567,4,130873
6YQEaQIZO5l7NuWqTegahi,My Girl Sits Like a Reindeer,12,False,11,1,47Z8LEl3LnQkcpva0xSthT,The La's,00B80lSLS1QwnhYKi2g46l,Breakloose (Lost La's 1984-1986),2018-11-02,album,0.415,0.961,2,-8.868,1,0.142,0.567,0.155,0.295,0.534,173.299,4,90462
65CHJHCJ72AqZt4cTLgXAF,Money in Your Talk,3,False,12,1,47Z8LEl3LnQkcpva0xSthT,The La's,00B80lSLS1QwnhYKi2g46l,Breakloose (Lost La's 1984-1986),2018-11-02,album,0.564,0.643,4,-10.919,1,0.0734,0.753,0.782,0.0758,0.941,135.773,4,193620
17qx3XFRithSSjwfgrAYGH,You Blue,2,False,13,1,47Z8LEl3LnQkcpva0xSthT,The La's,00B80lSLS1QwnhYKi2g46l,Breakloose (Lost La's 1984-1986),2018-11-02,album,0.526,0.368,4,-16.962,1,0.0318,0.883,0.000316,0.148,0.578,88.347,4,113450
0ShQZ6dMbINarwpF1LDZlv,Moonlight,8,False,14,1,47Z8LEl3LnQkcpva0xSthT,The La's,00B80lSLS1QwnhYKi2g46l,Breakloose (Lost La's 1984-1986),2018-11-02,album,0.688,0.509,6,-5.752,0,0.0337,0.842,0.000368,0.362,0.777,117.183,4,171625
0GmKWSRj0e5XMfkRnelm4I,Come in Come Out - The Picket Session,9,False,1,1,47Z8LEl3LnQkcpva0xSthT,The La's,2Ca6df8O4Zfq9Jt5DD3cgR,The La's 1987,2017-09-22,album,0.6,0.695,2,-14.402,1,0.0419,0.561,0.0,0.283,0.973,108.701,4,92920
38yLtbrNQvbdVQt7KyqvPN,Liberty Ship - The Picket Session,6,False,2,1,47Z8LEl3LnQkcpva0xSthT,The La's,2Ca6df8O4Zfq9Jt5DD3cgR,The La's 1987,2017-09-22,album,0.425,0.592,7,-15.055,1,0.062,0.0847,0.0,0.381,0.955,204.552,4,117200
6RKJXEUuwyW5LYp93ul1ur,Doledrum - The Picket Session,7,False,3,1,47Z8LEl3LnQkcpva0xSthT,The La's,2Ca6df8O4Zfq9Jt5DD3cgR,The La's 1987,2017-09-22,album,0.369,0.39,2,-14.21,1,0.0421,0.212,1.51e-05,0.0984,0.526,176.471,4,171080
5HPeV0q5aF6PWXB15DweLJ,Way Out - The Picket Session,6,False,4,1,47Z8LEl3LnQkcpva0xSthT,The La's,2Ca6df8O4Zfq9Jt5DD3cgR,The La's 1987,2017-09-22,album,0.593,0.432,2,-15.231,1,0.0423,0.397,3.7e-06,0.293,0.653,95.785,3,158933
37YJ3cHvss8cHOcxQok4k5,Callin' All - The Picket Session,16,False,5,1,47Z8LEl3LnQkcpva0xSthT,The La's,2Ca6df8O4Zfq9Jt5DD3cgR,The La's 1987,2017-09-22,album,0.383,0.517,2,-14.302,1,0.0323,0.246,0.000261,0.112,0.41,154.895,4,235520
4AJyTch1PoWMmkn1kkGKGx,Way Out - De Freitas Session,5,False,6,1,47Z8LEl3LnQkcpva0xSthT,The La's,2Ca6df8O4Zfq9Jt5DD3cgR,The La's 1987,2017-09-22,album,0.56,0.564,2,-13.382,1,0.0247,0.0279,0.014,0.107,0.778,99.366,4,162653
3AeIcJpU7EerFMPjxTAODq,Doledrum - De Freitas Session,4,False,7,1,47Z8LEl3LnQkcpva0xSthT,The La's,2Ca6df8O4Zfq9Jt5DD3cgR,The La's 1987,2017-09-22,album,0.344,0.563,2,-12.402,1,0.0692,0.00473,0.00801,0.34,0.676,176.624,4,171613
3b6k9ZhyBqLg9McGgHilTF,IOU - De Freitas Session,4,False,8,1,47Z8LEl3LnQkcpva0xSthT,The La's,2Ca6df8O4Zfq9Jt5DD3cgR,The La's 1987,2017-09-22,album,0.485,0.577,2,-11.538,1,0.0428,0.00864,0.000261,0.221,0.591,93.712,4,130493
6aWGWRNhJAAYH8aneRJvar,Failure - De Freitas Session,4,False,9,1,47Z8LEl3LnQkcpva0xSthT,The La's,2Ca6df8O4Zfq9Jt5DD3cgR,The La's 1987,2017-09-22,album,0.47,0.754,11,-11.077,0,0.0371,1.94e-05,0.438,0.0665,0.719,100.963,4,170893
26QRgr2HVrtrjRCbjKqvxK,Timeless Melody - De Freitas Session,7,False,10,1,47Z8LEl3LnQkcpva0xSthT,The La's,2Ca6df8O4Zfq9Jt5DD3cgR,The La's 1987,2017-09-22,album,0.433,0.725,2,-11.459,1,0.0381,0.00105,0.00164,0.156,0.441,126.754,4,241573
7Gcxs8PBwJp0pzQVkMidQL,Callin' All - De Freitas Session,4,False,11,1,47Z8LEl3LnQkcpva0xSthT,The La's,2Ca6df8O4Zfq9Jt5DD3cgR,The La's 1987,2017-09-22,album,0.392,0.747,9,-10.29,1,0.0629,0.00145,0.000781,0.271,0.317,159.768,4,231507
4LWM98PpEiQS1MmJOMld2E,Clean Prophet - De Freitas Session,3,False,12,1,47Z8LEl3LnQkcpva0xSthT,The La's,2Ca6df8O4Zfq9Jt5DD3cgR,The La's 1987,2017-09-22,album,0.518,0.698,0,-10.335,1,0.0555,0.00706,0.779,0.124,0.758,141.854,4,102747
531UsdHHAskvWWinkOEKHD,Son of a Gun - De Freitas Session,5,False,13,1,47Z8LEl3LnQkcpva0xSthT,The La's,2Ca6df8O4Zfq9Jt5DD3cgR,The La's 1987,2017-09-22,album,0.424,0.779,0,-9.712,1,0.0451,0.000103,0.000322,0.231,0.729,150.707,4,114120
23ApxIU8vD2ZI1gckikuPM,I Can't Sleep - De Freitas Session,4,False,14,1,47Z8LEl3LnQkcpva0xSthT,The La's,2Ca6df8O4Zfq9Jt5DD3cgR,The La's 1987,2017-09-22,album,0.507,0.869,9,-9.116,1,0.0677,0.0237,0.01,0.332,0.385,140.584,4,157347
0cByJFTidXBizhJA2VhcOQ,Liberty Ship - De Freitas Session,3,False,15,1,47Z8LEl3LnQkcpva0xSthT,The La's,2Ca6df8O4Zfq9Jt5DD3cgR,The La's 1987,2017-09-22,album,0.531,0.806,7,-10.387,1,0.0557,0.0364,0.256,0.277,0.725,104.897,4,144387
3shtjqBbEN10xmOQ6dVn2e,Freedom Song - De Freitas Session,3,False,16,1,47Z8LEl3LnQkcpva0xSthT,The La's,2Ca6df8O4Zfq9Jt5DD3cgR,The La's 1987,2017-09-22,album,0.642,0.646,9,-10.854,1,0.0426,0.0237,0.0691,0.113,0.569,62.611,4,143907
1lQGcnqKTfYHB8ODA3vShS,Looking Glass - The Stables Session,4,False,17,1,47Z8LEl3LnQkcpva0xSthT,The La's,2Ca6df8O4Zfq9Jt5DD3cgR,The La's 1987,2017-09-22,album,0.522,0.274,2,-15.433,1,0.0318,0.915,0.831,0.132,0.156,98.614,4,451480
12ZFsRuWWlaCIURHdMFOP9,"Feelin' - Live at The World Downstairs, Royal Court",3,False,19,1,47Z8LEl3LnQkcpva0xSthT,The La's,2Ca6df8O4Zfq9Jt5DD3cgR,The La's 1987,2017-09-22,album,0.434,0.712,10,-11.603,1,0.0915,0.675,1.3e-05,0.973,0.727,87.482,4,103400
4rTY0cEqEwxyBGoP5fRoN5,"Way Out - Live at The World Downstairs, Royal Court",2,False,20,1,47Z8LEl3LnQkcpva0xSthT,The La's,2Ca6df8O4Zfq9Jt5DD3cgR,The La's 1987,2017-09-22,album,0.44,0.675,0,-11.832,0,0.0736,0.667,0.00163,0.891,0.824,103.005,4,175427
30eoZMEDyNZroV5iqjKWbR,"I Can't Sleep - Live at The World Downstairs, Royal Court",2,False,21,1,47Z8LEl3LnQkcpva0xSthT,The La's,2Ca6df8O4Zfq9Jt5DD3cgR,The La's 1987,2017-09-22,album,0.468,0.677,2,-12.029,0,0.0626,0.375,2.25e-05,0.929,0.833,147.812,4,154707
3YG9gnX1jgnFJHNstZNN3V,"There She Goes - Live at The World Downstairs, Royal Court",7,False,22,1,47Z8LEl3LnQkcpva0xSthT,The La's,2Ca6df8O4Zfq9Jt5DD3cgR,The La's 1987,2017-09-22,album,0.325,0.622,8,-12.378,1,0.0485,0.674,0.000573,0.851,0.785,137.108,4,116893
4xtCRluZrwQ7pJoQiOaSDN,Come In Come Out,0,False,1,1,47Z8LEl3LnQkcpva0xSthT,The La's,7ekc7hR5g4W6xspFN1grvN,1987,2017-09-22,album,0.6,0.695,2,-14.402,1,0.0419,0.561,0.0,0.283,0.973,108.701,4,92920
2l59JQTJSlqnTbExxMII6H,Liberty Ship,0,False,2,1,47Z8LEl3LnQkcpva0xSthT,The La's,7ekc7hR5g4W6xspFN1grvN,1987,2017-09-22,album,0.425,0.592,7,-15.055,1,0.062,0.0847,0.0,0.381,0.955,204.552,4,117200
4hW2TiWK3zjs2LquepGFOY,Doledrum,0,False,3,1,47Z8LEl3LnQkcpva0xSthT,The La's,7ekc7hR5g4W6xspFN1grvN,1987,2017-09-22,album,0.369,0.39,2,-14.21,1,0.0421,0.212,1.51e-05,0.0984,0.526,176.471,4,171080
0yzHNxNGcuYGzQFQLewrjN,Way Out,0,False,4,1,47Z8LEl3LnQkcpva0xSthT,The La's,7ekc7hR5g4W6xspFN1grvN,1987,2017-09-22,album,0.593,0.432,2,-15.231,1,0.0423,0.397,3.7e-06,0.293,0.653,95.785,3,158933
1KCWALfBk6H9xgogkPvzZs,Callin' All,0,False,5,1,47Z8LEl3LnQkcpva0xSthT,The La's,7ekc7hR5g4W6xspFN1grvN,1987,2017-09-22,album,0.383,0.517,2,-14.302,1,0.0323,0.246,0.000261,0.112,0.41,154.895,4,235520
2QM8w6Rney8272X94vyt0X,Way Out - Alternative Version 1,0,False,6,1,47Z8LEl3LnQkcpva0xSthT,The La's,7ekc7hR5g4W6xspFN1grvN,1987,2017-09-22,album,0.56,0.564,2,-13.382,1,0.0247,0.0279,0.014,0.107,0.778,99.366,4,162653
3qQTJ7o2nuqRVGECbsCiGt,Doledrum - Alternative Version,0,False,7,1,47Z8LEl3LnQkcpva0xSthT,The La's,7ekc7hR5g4W6xspFN1grvN,1987,2017-09-22,album,0.344,0.563,2,-12.402,1,0.0692,0.00473,0.00801,0.34,0.676,176.624,4,171613
5KV616cjFWOXwTyHsjvNS2,Iou,0,False,8,1,47Z8LEl3LnQkcpva0xSthT,The La's,7ekc7hR5g4W6xspFN1grvN,1987,2017-09-22,album,0.485,0.577,2,-11.538,1,0.0428,0.00864,0.000261,0.221,0.591,93.712,4,130493
69190Fd7YnjaLNlwDJSFqa,Failure,0,False,9,1,47Z8LEl3LnQkcpva0xSthT,The La's,7ekc7hR5g4W6xspFN1grvN,1987,2017-09-22,album,0.47,0.754,11,-11.077,0,0.0371,1.94e-05,0.438,0.0665,0.719,100.963,4,170893
0IOCQQ5seBYig4Q5JLJwwB,Timeless Melody,0,False,10,1,47Z8LEl3LnQkcpva0xSthT,The La's,7ekc7hR5g4W6xspFN1grvN,1987,2017-09-22,album,0.433,0.725,2,-11.459,1,0.0381,0.00105,0.00164,0.156,0.441,126.754,4,241573
6NlnEOCegBeMX3umJeVQ2x,Callin' All - Alternative Version,0,False,11,1,47Z8LEl3LnQkcpva0xSthT,The La's,7ekc7hR5g4W6xspFN1grvN,1987,2017-09-22,album,0.392,0.747,9,-10.29,1,0.0629,0.00145,0.000781,0.271,0.317,159.768,4,231507
17i925WumObfcYlsrokFWR,Clean Prophet,0,False,12,1,47Z8LEl3LnQkcpva0xSthT,The La's,7ekc7hR5g4W6xspFN1grvN,1987,2017-09-22,album,0.518,0.698,0,-10.335,1,0.0555,0.00706,0.779,0.124,0.758,141.854,4,102747
5KpTwbeDU7thggImurqFIX,Son of a Gun,0,False,13,1,47Z8LEl3LnQkcpva0xSthT,The La's,7ekc7hR5g4W6xspFN1grvN,1987,2017-09-22,album,0.424,0.779,0,-9.712,1,0.0451,0.000103,0.000322,0.231,0.729,150.707,4,114120
5uvQ5BVTQ5cCaTvmr2Zf1w,I Can't Sleep,0,False,14,1,47Z8LEl3LnQkcpva0xSthT,The La's,7ekc7hR5g4W6xspFN1grvN,1987,2017-09-22,album,0.507,0.869,9,-9.116,1,0.0677,0.0237,0.01,0.332,0.385,140.584,4,157347
3payiPgSX3qLGTMigsZsvR,Liberty Ship - Alternative Version,0,False,15,1,47Z8LEl3LnQkcpva0xSthT,The La's,7ekc7hR5g4W6xspFN1grvN,1987,2017-09-22,album,0.531,0.806,7,-10.387,1,0.0557,0.0364,0.256,0.277,0.725,104.897,4,144387
2NqmRlbXQbrbTwDzcuItjA,Freedom Song,0,False,16,1,47Z8LEl3LnQkcpva0xSthT,The La's,7ekc7hR5g4W6xspFN1grvN,1987,2017-09-22,album,0.642,0.646,9,-10.854,1,0.0426,0.0237,0.0691,0.113,0.569,62.611,4,143907
1YIXdhCs01vCLLtrKXT98I,Looking Glass,0,False,17,1,47Z8LEl3LnQkcpva0xSthT,The La's,7ekc7hR5g4W6xspFN1grvN,1987,2017-09-22,album,0.522,0.274,2,-15.433,1,0.0318,0.915,0.831,0.132,0.156,98.614,4,451480
3NUKmejzJsoV2Ie3JbVApo,It's Not Impossible,0,False,18,1,47Z8LEl3LnQkcpva0xSthT,The La's,7ekc7hR5g4W6xspFN1grvN,1987,2017-09-22,album,0.643,0.873,9,-12.282,1,0.063,0.726,0.926,0.081,0.967,136.637,4,158213
5O0YTZ6VINOII7Qv5D7MFK,Feelin',0,False,19,1,47Z8LEl3LnQkcpva0xSthT,The La's,7ekc7hR5g4W6xspFN1grvN,1987,2017-09-22,album,0.434,0.712,10,-11.603,1,0.0915,0.675,1.3e-05,0.973,0.727,87.482,4,103400
3b5vbmGLOEx8cWyNWObJ4d,Way Out - Alternative Version 2,0,False,20,1,47Z8LEl3LnQkcpva0xSthT,The La's,7ekc7hR5g4W6xspFN1grvN,1987,2017-09-22,album,0.44,0.675,0,-11.832,0,0.0736,0.667,0.00163,0.891,0.824,103.005,4,175427
4r0IpZixGwgKOMlrnmouoS,I Can't Sleep - Alternative Version,0,False,21,1,47Z8LEl3LnQkcpva0xSthT,The La's,7ekc7hR5g4W6xspFN1grvN,1987,2017-09-22,album,0.468,0.677,2,-12.029,0,0.0626,0.375,2.25e-05,0.929,0.833,147.812,4,154707
4nPboma7tMzwzs87wGj7bf,There She Goes,0,False,22,1,47Z8LEl3LnQkcpva0xSthT,The La's,7ekc7hR5g4W6xspFN1grvN,1987,2017-09-22,album,0.325,0.622,8,-12.378,1,0.0485,0.674,0.000573,0.851,0.785,137.108,4,116893
1eyn6Tiq0PqgToARgHe92H,Knock Me Down,0,False,23,1,47Z8LEl3LnQkcpva0xSthT,The La's,7ekc7hR5g4W6xspFN1grvN,1987,2017-09-22,album,0.452,0.552,0,-12.554,0,0.0885,0.855,2.12e-06,0.839,0.554,76.918,4,185267
4g9D0c7dRwWF9w0WrxV0if,Jumpin' Jack Flash,0,False,24,1,47Z8LEl3LnQkcpva0xSthT,The La's,7ekc7hR5g4W6xspFN1grvN,1987,2017-09-22,album,0.489,0.763,5,-13.575,1,0.0987,0.824,0.78,0.968,0.728,159.357,4,183587
2qOzeV7mAjesXLTwhNB8hK,The Way We Came,0,False,25,1,47Z8LEl3LnQkcpva0xSthT,The La's,7ekc7hR5g4W6xspFN1grvN,1987,2017-09-22,album,0.308,0.47,3,-13.402,1,0.0419,0.937,0.844,0.128,0.36,127.122,4,591280
42ccuOkzCMSUw3SAPnhs0M,Way Out,0,False,1,1,47Z8LEl3LnQkcpva0xSthT,The La's,3XJP6AmUU1qSA1jFcSwpJT,De Freitas Session '87,2010-08-02,album,0.553,0.679,2,-10.71,1,0.026,0.054,0.00515,0.187,0.794,99.218,4,164507
0BVziFnOhzUb4OOtV8zKsk,Doledrum,0,False,2,1,47Z8LEl3LnQkcpva0xSthT,The La's,3XJP6AmUU1qSA1jFcSwpJT,De Freitas Session '87,2010-08-02,album,0.356,0.685,2,-9.455,1,0.0784,0.0138,0.00686,0.192,0.626,176.178,4,175813
7HTtgG7nJstN0mgY49PdiT,IOU,0,False,3,1,47Z8LEl3LnQkcpva0xSthT,The La's,3XJP6AmUU1qSA1jFcSwpJT,De Freitas Session '87,2010-08-02,album,0.51,0.664,2,-9.175,1,0.0427,0.0116,0.000104,0.239,0.557,93.499,4,133360
6rSnmmtbnU6N8GUHolOMbr,Failure,0,False,4,1,47Z8LEl3LnQkcpva0xSthT,The La's,3XJP6AmUU1qSA1jFcSwpJT,De Freitas Session '87,2010-08-02,album,0.462,0.826,11,-8.728,0,0.0376,1.81e-05,0.335,0.0616,0.722,100.837,4,177973
7ueXlfDJjl5EDPVf0PwqyM,Timeless Melody,0,False,5,1,47Z8LEl3LnQkcpva0xSthT,The La's,3XJP6AmUU1qSA1jFcSwpJT,De Freitas Session '87,2010-08-02,album,0.431,0.793,2,-9.546,1,0.0357,0.00108,0.000655,0.121,0.439,126.401,4,241680
3e2vavqDS2CeaPkdQ0BdQ8,Callin' All,0,False,6,1,47Z8LEl3LnQkcpva0xSthT,The La's,3XJP6AmUU1qSA1jFcSwpJT,De Freitas Session '87,2010-08-02,album,0.405,0.778,9,-8.576,1,0.0662,0.00189,0.000419,0.341,0.345,159.637,4,234773
06hw2kE6eSr3GBCFEwiyNA,Clean Prophet,0,False,7,1,47Z8LEl3LnQkcpva0xSthT,The La's,3XJP6AmUU1qSA1jFcSwpJT,De Freitas Session '87,2010-08-02,album,0.52,0.75,7,-8.337,1,0.055,0.0161,0.746,0.143,0.792,141.494,4,103840
6vxIJkU9hi6R6LXhAyHqVO,Son of a Gun,0,False,8,1,47Z8LEl3LnQkcpva0xSthT,The La's,3XJP6AmUU1qSA1jFcSwpJT,De Freitas Session '87,2010-08-02,album,0.43,0.844,0,-7.429,1,0.049,0.000189,0.000146,0.184,0.701,150.008,4,116613
3vHvh4zigk3KGMReDDYnES,I Can't Sleep,0,False,9,1,47Z8LEl3LnQkcpva0xSthT,The La's,3XJP6AmUU1qSA1jFcSwpJT,De Freitas Session '87,2010-08-02,album,0.517,0.911,9,-6.38,1,0.0727,0.0227,0.00954,0.136,0.412,140.263,4,159027
4I7kNC76OJB2qlTA9WCD61,Liberty Ship,0,False,10,1,47Z8LEl3LnQkcpva0xSthT,The La's,3XJP6AmUU1qSA1jFcSwpJT,De Freitas Session '87,2010-08-02,album,0.534,0.884,7,-7.647,1,0.0517,0.0427,0.179,0.0957,0.814,104.33,4,143840
2qLUdZyJByi7HYW6ZfjCrn,Freedom Song,0,False,11,1,47Z8LEl3LnQkcpva0xSthT,The La's,3XJP6AmUU1qSA1jFcSwpJT,De Freitas Session '87,2010-08-02,album,0.655,0.704,9,-9.325,1,0.0396,0.0268,0.016,0.125,0.524,62.47,4,146347
5zdKJHFT45dLjregIdRLz3,Son of a Gun,6,False,1,1,47Z8LEl3LnQkcpva0xSthT,The La's,3usmk9ic0rLY1KSZw2bXtL,Lost La's 1986-1987 Callin' All (Remastered with Bonus Tracks),2010-04-12,album,0.614,0.463,6,-11.846,1,0.0618,0.789,5.43e-05,0.138,0.697,146.342,4,117640
3D6XJboTLpjPnjghuaGxdI,Doledrum,5,False,2,1,47Z8LEl3LnQkcpva0xSthT,The La's,3usmk9ic0rLY1KSZw2bXtL,Lost La's 1986-1987 Callin' All (Remastered with Bonus Tracks),2010-04-12,album,0.557,0.576,1,-10.361,1,0.0321,0.613,0.0639,0.169,0.674,87.495,4,174827
32rfnxwDCAcW5LOZGAynyM,Liberty Ship,4,False,3,1,47Z8LEl3LnQkcpva0xSthT,The La's,3usmk9ic0rLY1KSZw2bXtL,Lost La's 1986-1987 Callin' All (Remastered with Bonus Tracks),2010-04-12,album,0.398,0.573,9,-10.629,1,0.122,0.16,0.0,0.258,0.863,200.578,4,117867
2Y6vCkc3TYwZfRMWQnKJx5,Freedom Song,3,False,4,1,47Z8LEl3LnQkcpva0xSthT,The La's,3usmk9ic0rLY1KSZw2bXtL,Lost La's 1986-1987 Callin' All (Remastered with Bonus Tracks),2010-04-12,album,0.758,0.327,9,-9.679,0,0.0357,0.817,8.29e-05,0.0948,0.69,115.281,4,149347
1z5AhMmZCBsmdzgGVMOl6e,Clean Prophet,2,False,5,1,47Z8LEl3LnQkcpva0xSthT,The La's,3usmk9ic0rLY1KSZw2bXtL,Lost La's 1986-1987 Callin' All (Remastered with Bonus Tracks),2010-04-12,album,0.654,0.489,11,-8.529,1,0.0524,0.0379,0.0895,0.134,0.948,131.281,4,104467
7p7gVoEdAAx58d4LC2uMZc,I Can't Sleep,3,False,7,1,47Z8LEl3LnQkcpva0xSthT,The La's,3usmk9ic0rLY1KSZw2bXtL,Lost La's 1986-1987 Callin' All (Remastered with Bonus Tracks),2010-04-12,album,0.587,0.738,2,-9.625,1,0.103,0.622,0.68,0.036,0.666,134.765,4,148853
0BKexF9sh6ZrCDANuT57HG,Callin' All,3,False,8,1,47Z8LEl3LnQkcpva0xSthT,The La's,3usmk9ic0rLY1KSZw2bXtL,Lost La's 1986-1987 Callin' All (Remastered with Bonus Tracks),2010-04-12,album,0.677,0.598,8,-13.07,1,0.245,0.93,0.000305,0.0955,0.295,148.259,4,250707
2PwxUpDxQJO7Yi8mdokPD8,Failure,1,False,9,1,47Z8LEl3LnQkcpva0xSthT,The La's,3usmk9ic0rLY1KSZw2bXtL,Lost La's 1986-1987 Callin' All (Remastered with Bonus Tracks),2010-04-12,album,0.542,0.928,11,-8.878,0,0.0491,0.708,0.439,0.129,0.741,106.91,4,159547
0kjAfBQjvzbxYFUQG6VHlm,Looking Glass,3,False,10,1,47Z8LEl3LnQkcpva0xSthT,The La's,3usmk9ic0rLY1KSZw2bXtL,Lost La's 1986-1987 Callin' All (Remastered with Bonus Tracks),2010-04-12,album,0.452,0.437,3,-11.515,1,0.0249,0.503,0.00457,0.0924,0.461,92.03,4,412667
4n6iRYwu4ZCyEUBxpSaWn3,Son of a Gun - Alternative Version,2,False,11,1,47Z8LEl3LnQkcpva0xSthT,The La's,3usmk9ic0rLY1KSZw2bXtL,Lost La's 1986-1987 Callin' All (Remastered with Bonus Tracks),2010-04-12,album,0.536,0.637,7,-10.32,1,0.104,0.73,0.00231,0.115,0.871,155.633,4,115533
5wXJ4GWdx7nz8TGcHFuKSj,Way Out - The Picket Session,1,False,16,1,47Z8LEl3LnQkcpva0xSthT,The La's,3usmk9ic0rLY1KSZw2bXtL,Lost La's 1986-1987 Callin' All (Remastered with Bonus Tracks),2010-04-12,album,0.476,0.589,2,-11.229,0,0.0322,0.205,0.0,0.328,0.407,97.538,3,157400
7f3A5qOg8IEXI7KIrY2eLd,Come in Come Out - The Picket Session,4,False,17,1,47Z8LEl3LnQkcpva0xSthT,The La's,3usmk9ic0rLY1KSZw2bXtL,Lost La's 1986-1987 Callin' All (Remastered with Bonus Tracks),2010-04-12,album,0.589,0.721,2,-12.864,1,0.0453,0.177,0.0,0.355,0.976,108.868,4,91573
5IMkEBgyxpWvahDM1IW0cd,Liberty Ship - The Picket Session,1,False,18,1,47Z8LEl3LnQkcpva0xSthT,The La's,3usmk9ic0rLY1KSZw2bXtL,Lost La's 1986-1987 Callin' All (Remastered with Bonus Tracks),2010-04-12,album,0.423,0.682,4,-12.417,0,0.123,0.0428,0.0,0.62,0.924,204.392,4,119320
2wAmY3YTQHofk1y83kX5X8,Timeless Melody - De Freitas Session,5,False,19,1,47Z8LEl3LnQkcpva0xSthT,The La's,3usmk9ic0rLY1KSZw2bXtL,Lost La's 1986-1987 Callin' All (Remastered with Bonus Tracks),2010-04-12,album,0.433,0.757,2,-11.092,1,0.0343,0.0011,0.00101,0.116,0.556,126.345,4,240973
6RNdD5uxTceKBdGDrvTptO,Feelin' - Local Radio Session,3,False,20,1,47Z8LEl3LnQkcpva0xSthT,The La's,3usmk9ic0rLY1KSZw2bXtL,Lost La's 1986-1987 Callin' All (Remastered with Bonus Tracks),2010-04-12,album,0.454,0.86,1,-9.627,1,0.0499,0.388,0.000207,0.0729,0.929,175.099,4,112413
3eciVaVeeb52NqexMaHLxy,I Can't Sleep - Local Radio Session,2,False,21,1,47Z8LEl3LnQkcpva0xSthT,The La's,3usmk9ic0rLY1KSZw2bXtL,Lost La's 1986-1987 Callin' All (Remastered with Bonus Tracks),2010-04-12,album,0.465,0.812,8,-9.801,1,0.0389,0.0118,0.141,0.0202,0.9,150.062,4,149027
4o2LMtYf6yEr9BFcbL6kBf,Failure - Local Radio Session,2,False,22,1,47Z8LEl3LnQkcpva0xSthT,The La's,3usmk9ic0rLY1KSZw2bXtL,Lost La's 1986-1987 Callin' All (Remastered with Bonus Tracks),2010-04-12,album,0.422,0.962,8,-9.259,1,0.0516,0.158,0.000298,0.0763,0.26,102.539,4,173613
5DwxDDdU17InrdCaRPPMCm,Callin' All - Local Radio Session,2,False,23,1,47Z8LEl3LnQkcpva0xSthT,The La's,3usmk9ic0rLY1KSZw2bXtL,Lost La's 1986-1987 Callin' All (Remastered with Bonus Tracks),2010-04-12,album,0.423,0.792,9,-10.06,0,0.0476,0.0316,7.92e-06,0.083,0.624,82.407,4,206293
1eznHNVHLs9lkzMV7k415S,Way Out - Liverpool Poly 'Live',1,False,26,1,47Z8LEl3LnQkcpva0xSthT,The La's,3usmk9ic0rLY1KSZw2bXtL,Lost La's 1986-1987 Callin' All (Remastered with Bonus Tracks),2010-04-12,album,0.463,0.76,3,-10.142,1,0.0422,0.777,0.000371,0.703,0.919,101.737,4,170533
51XKJEL2uKXMKuZhV5xmz3,Timeless Melody - Liverpool Poly 'Live',1,False,27,1,47Z8LEl3LnQkcpva0xSthT,The La's,3usmk9ic0rLY1KSZw2bXtL,Lost La's 1986-1987 Callin' All (Remastered with Bonus Tracks),2010-04-12,album,0.398,0.96,3,-9.424,1,0.0579,0.574,0.00682,0.354,0.422,137.663,4,188840
35FfUZcBJ75FkRRHO1DGRr,There She Goes - The Picket 'Live',4,False,28,1,47Z8LEl3LnQkcpva0xSthT,The La's,3usmk9ic0rLY1KSZw2bXtL,Lost La's 1986-1987 Callin' All (Remastered with Bonus Tracks),2010-04-12,album,0.405,0.974,2,-10.976,1,0.066,0.19,0.00546,0.866,0.38,124.741,4,167067
1UTxYuvu3UwpFkU26oSV3U,Failure - The Picket 'Live',1,False,30,1,47Z8LEl3LnQkcpva0xSthT,The La's,3usmk9ic0rLY1KSZw2bXtL,Lost La's 1986-1987 Callin' All (Remastered with Bonus Tracks),2010-04-12,album,0.24,0.98,4,-11.216,1,0.0836,0.307,0.711,0.954,0.0351,103.394,4,196547
2tiswluHoE4xuVasRCYUaV,I.O.U. - Mike Hedges Version,0,False,1,1,47Z8LEl3LnQkcpva0xSthT,The La's,1ie7lW2ZBROn83uguFGNml,The La's (Rarities Edition),2010-01-01,album,0.366,0.8,2,-5.953,1,0.0742,0.446,0.000287,0.35,0.798,174.056,4,124200
26SD9xrO0RkDusO3rMutcC,I Can't Sleep - Mike Hedges Version,0,False,2,1,47Z8LEl3LnQkcpva0xSthT,The La's,1ie7lW2ZBROn83uguFGNml,The La's (Rarities Edition),2010-01-01,album,0.46,0.955,9,-4.682,1,0.0608,0.0302,0.000138,0.0897,0.624,129.865,4,162533
47eP5BcvDA4S6bT6FTGYuK,Knock Me Down - Mike Hedges Version,0,False,3,1,47Z8LEl3LnQkcpva0xSthT,The La's,1ie7lW2ZBROn83uguFGNml,The La's (Rarities Edition),2010-01-01,album,0.468,0.812,7,-5.428,1,0.0395,0.4,0.0,0.24,0.761,144.318,4,174800
4xOOV7ClWIIYF60bjUaDAU,Way Out - Mike Hedges Version,0,False,4,1,47Z8LEl3LnQkcpva0xSthT,The La's,1ie7lW2ZBROn83uguFGNml,The La's (Rarities Edition),2010-01-01,album,0.336,0.837,2,-7.237,1,0.0763,0.706,0.0,0.23,0.927,184.808,3,165867
6rbKrcqllMxPPpjq9zv9Te,Doledrum - Mike Hedges Version,0,False,5,1,47Z8LEl3LnQkcpva0xSthT,The La's,1ie7lW2ZBROn83uguFGNml,The La's (Rarities Edition),2010-01-01,album,0.318,0.78,2,-6.381,1,0.0425,0.328,9.86e-05,0.186,0.641,170.259,4,175200
3tNG2kK7tBehe7u58a1JKu,There She Goes - Mike Hedges Version,0,False,6,1,47Z8LEl3LnQkcpva0xSthT,The La's,1ie7lW2ZBROn83uguFGNml,The La's (Rarities Edition),2010-01-01,album,0.455,0.743,8,-6.298,1,0.0312,0.19,0.00236,0.208,0.656,118.137,4,167760
5h6Mh8cbaJuUwf6hDniTAw,Feelin' - Mike Hedges Producer,0,False,7,1,47Z8LEl3LnQkcpva0xSthT,The La's,1ie7lW2ZBROn83uguFGNml,The La's (Rarities Edition),2010-01-01,album,0.371,0.879,2,-6.706,1,0.0786,0.303,0.0,0.104,0.846,179.543,4,106200
4MZeImzJcxFFyLHNJP1u9v,Timeless Melody - Mike Hedges Version,0,False,8,1,47Z8LEl3LnQkcpva0xSthT,The La's,1ie7lW2ZBROn83uguFGNml,The La's (Rarities Edition),2010-01-01,album,0.496,0.856,2,-4.386,1,0.0383,0.56,0.0,0.128,0.741,118.079,4,186533
6sapc4DSh0ultsmXDx63sS,Son Of A Gun - Mike Hedges Version,0,False,9,1,47Z8LEl3LnQkcpva0xSthT,The La's,1ie7lW2ZBROn83uguFGNml,The La's (Rarities Edition),2010-01-01,album,0.595,0.603,7,-5.573,1,0.0418,0.506,0.0,0.0557,0.916,139.79,4,124400
05KLVT57a0tQ6iBEUQBlel,Clean Prophet - Mike Hedges Version,0,False,10,1,47Z8LEl3LnQkcpva0xSthT,The La's,1ie7lW2ZBROn83uguFGNml,The La's (Rarities Edition),2010-01-01,album,0.711,0.572,2,-7.207,1,0.0871,0.398,0.0017,0.103,0.939,129.315,4,128160
0QyFDw9twHZp6oq6aFdfuK,Come In Come Out - Mike Hedges Version,0,False,11,1,47Z8LEl3LnQkcpva0xSthT,The La's,1ie7lW2ZBROn83uguFGNml,The La's (Rarities Edition),2010-01-01,album,0.704,0.746,11,-5.36,0,0.121,0.64,0.0,0.107,0.965,97.89,4,135333
2L3QsLa36F0fcWecPqKKRS,Failure - Mike Hedges Version,0,False,12,1,47Z8LEl3LnQkcpva0xSthT,The La's,1ie7lW2ZBROn83uguFGNml,The La's (Rarities Edition),2010-01-01,album,0.429,0.898,4,-5.863,1,0.0444,0.82,0.0,0.156,0.454,91.472,3,187173
3GiTXU6Q1YcNEVfRPP1IQI,Looking Glass - Mike Hedges Version,0,False,13,1,47Z8LEl3LnQkcpva0xSthT,The La's,1ie7lW2ZBROn83uguFGNml,The La's (Rarities Edition),2010-01-01,album,0.467,0.486,1,-8.805,1,0.0385,0.889,0.104,0.173,0.266,170.692,4,443067
68SVDBAKXtCgH3GkiHuXsw,Doledrum - John Porter Mix Version,0,False,14,1,47Z8LEl3LnQkcpva0xSthT,The La's,1ie7lW2ZBROn83uguFGNml,The La's (Rarities Edition),2010-01-01,album,0.294,0.817,2,-5.215,1,0.0376,0.0168,0.00412,0.0988,0.748,178.487,4,171907
5YVjEnZowz0LlqatkQplfk,Way Out - Andy MacDonald Version,0,False,15,1,47Z8LEl3LnQkcpva0xSthT,The La's,1ie7lW2ZBROn83uguFGNml,The La's (Rarities Edition),2010-01-01,album,0.516,0.836,3,-5.966,1,0.0677,0.239,0.0,0.225,0.671,96.508,3,158173
1nfphXMOI4Q6LQd6bYZF1d,There She Goes - John Leckie Version,0,False,16,1,47Z8LEl3LnQkcpva0xSthT,The La's,1ie7lW2ZBROn83uguFGNml,The La's (Rarities Edition),2010-01-01,album,0.511,0.935,8,-5.725,1,0.034,0.0594,7.74e-06,0.0429,0.903,121.429,4,163667
3GXsSNmFr2yxwbNrR6vOy2,Man I'm Only Human - John Leckie Version,0,False,17,1,47Z8LEl3LnQkcpva0xSthT,The La's,1ie7lW2ZBROn83uguFGNml,The La's (Rarities Edition),2010-01-01,album,0.484,0.43,7,-8.31,1,0.0255,0.129,0.0792,0.227,0.487,83.232,4,299107
5qEDw600ZqAyZ7WkASfDdo,Feelin' - Bob Andrews Version,0,False,18,1,47Z8LEl3LnQkcpva0xSthT,The La's,1ie7lW2ZBROn83uguFGNml,The La's (Rarities Edition),2010-01-01,album,0.593,0.843,1,-8.181,0,0.0681,0.00829,0.415,0.065,0.772,174.111,4,112373
439d2muGPyPGYsOikbB1JN,Clean Prophet - Bob Andrews Version,0,False,19,1,47Z8LEl3LnQkcpva0xSthT,The La's,1ie7lW2ZBROn83uguFGNml,The La's (Rarities Edition),2010-01-01,album,0.724,0.774,2,-6.944,1,0.0514,0.0938,0.0747,0.0416,0.758,127.911,4,121600
6k0yaZ2n1z19PTPWDEdzRD,I Can't Sleep - Jeremy Allom Version,0,False,20,1,47Z8LEl3LnQkcpva0xSthT,The La's,1ie7lW2ZBROn83uguFGNml,The La's (Rarities Edition),2010-01-01,album,0.468,0.933,9,-4.576,1,0.0536,0.134,0.0,0.336,0.833,129.475,4,161067
2KgxhNMwHrQb0ILQe289CX,"Son Of A Gun - Gary Crowley, GLR Session Dec '88",0,False,21,1,47Z8LEl3LnQkcpva0xSthT,The La's,1ie7lW2ZBROn83uguFGNml,The La's (Rarities Edition),2010-01-01,album,0.601,0.516,11,-6.619,0,0.0333,0.316,0.0,0.263,0.565,144.972,4,113413
3Uomwaaw1WGG8Te5qCPwAV,"Doledrum - Gary Crowley, GLR Session Dec '88",0,False,22,1,47Z8LEl3LnQkcpva0xSthT,The La's,1ie7lW2ZBROn83uguFGNml,The La's (Rarities Edition),2010-01-01,album,0.409,0.507,1,-6.352,0,0.0266,0.168,0.0,0.784,0.528,83.139,4,179013
3F9RaPmUzD2DY9LzE2AvLz,"I Can't Sleep - Gary Crowley, GLR Session Dec '88",0,False,23,1,47Z8LEl3LnQkcpva0xSthT,The La's,1ie7lW2ZBROn83uguFGNml,The La's (Rarities Edition),2010-01-01,album,0.523,0.655,8,-6.25,1,0.0377,0.119,0.0,0.787,0.676,135.27,4,152640
1s6UsIumOjk2R9RVNT3Awv,"Way Out - Key 103, Jan '89",0,False,24,1,47Z8LEl3LnQkcpva0xSthT,The La's,1ie7lW2ZBROn83uguFGNml,The La's (Rarities Edition),2010-01-01,album,0.477,0.837,2,-6.078,1,0.0394,0.468,7.47e-06,0.0409,0.966,186.72,3,160080
3kqziiRtX6tMdqupTXdjoM,"I Am The Key - Key 103, Jan '89",0,False,25,1,47Z8LEl3LnQkcpva0xSthT,The La's,1ie7lW2ZBROn83uguFGNml,The La's (Rarities Edition),2010-01-01,album,0.688,0.96,2,-5.253,1,0.0344,0.515,0.0,0.377,0.98,124.656,4,184013
77QMAuUaT3zcBtM5csF6uG,That'll Be The Day - BBC2 'The Late Show' 2/2/89,0,False,26,1,47Z8LEl3LnQkcpva0xSthT,The La's,1ie7lW2ZBROn83uguFGNml,The La's (Rarities Edition),2010-01-01,album,0.634,0.871,9,-5.896,1,0.0502,0.739,0.0,0.0731,0.964,135.509,4,126720
5pBAVVxSLdFcb5J1vY6kbA,Breakloose,3,False,1,1,47Z8LEl3LnQkcpva0xSthT,The La's,7bed0mWTXfa7eWCuWPwMKI,1984-1986 Breakloose (Remastered with Bonus Tracks),2009-03-09,album,0.627,0.847,2,-7.941,1,0.0345,0.747,0.659,0.111,0.708,144.121,4,154587
0TGV4iwcdFRplDuRT3QBUi,My Girl Sits Like a Reindeer,2,False,2,1,47Z8LEl3LnQkcpva0xSthT,The La's,7bed0mWTXfa7eWCuWPwMKI,1984-1986 Breakloose (Remastered with Bonus Tracks),2009-03-09,album,0.388,0.975,6,-7.591,0,0.19,0.618,0.159,0.501,0.514,172.391,4,88373
3I4dnCzGbezaRCXGWfj6QH,Sweet 35,4,False,3,1,47Z8LEl3LnQkcpva0xSthT,The La's,7bed0mWTXfa7eWCuWPwMKI,1984-1986 Breakloose (Remastered with Bonus Tracks),2009-03-09,album,0.591,0.307,0,-12.902,1,0.0338,0.975,0.913,0.214,0.544,111.443,4,93027
4UVulylq2HcYChYpWfSFRI,Open Your Heart,2,False,4,1,47Z8LEl3LnQkcpva0xSthT,The La's,7bed0mWTXfa7eWCuWPwMKI,1984-1986 Breakloose (Remastered with Bonus Tracks),2009-03-09,album,0.679,0.318,8,-10.827,1,0.121,0.881,0.0141,0.0641,0.898,138.919,4,197627
4vl6GqF9tZQSRlZDsEQfzY,Trees & Plants,1,False,5,1,47Z8LEl3LnQkcpva0xSthT,The La's,7bed0mWTXfa7eWCuWPwMKI,1984-1986 Breakloose (Remastered with Bonus Tracks),2009-03-09,album,0.445,0.478,4,-10.93,1,0.038,0.474,0.706,0.0867,0.882,178.217,4,137840
0ZkoEHyQyZhWumRzceedhf,Red Deer Stalk,1,False,6,1,47Z8LEl3LnQkcpva0xSthT,The La's,7bed0mWTXfa7eWCuWPwMKI,1984-1986 Breakloose (Remastered with Bonus Tracks),2009-03-09,album,0.782,0.599,9,-11.202,1,0.22,0.745,0.013,0.175,0.944,85.921,4,114760
1hvPpJgYFdXff6V6FI3bWX,Get Down Over,1,False,8,1,47Z8LEl3LnQkcpva0xSthT,The La's,7bed0mWTXfa7eWCuWPwMKI,1984-1986 Breakloose (Remastered with Bonus Tracks),2009-03-09,album,0.742,0.715,6,-8.756,0,0.0509,0.734,3.26e-05,0.0508,0.735,129.205,4,156827
1mWe514GTXCnyHasAAMYdH,What Do You Do?,1,False,9,1,47Z8LEl3LnQkcpva0xSthT,The La's,7bed0mWTXfa7eWCuWPwMKI,1984-1986 Breakloose (Remastered with Bonus Tracks),2009-03-09,album,0.533,0.441,11,-11.126,1,0.0307,0.54,0.00117,0.332,0.431,124.026,4,165413
6cqd8Xjq2fLLtK0a7CvXC9,Money in Your Talk,1,False,10,1,47Z8LEl3LnQkcpva0xSthT,The La's,7bed0mWTXfa7eWCuWPwMKI,1984-1986 Breakloose (Remastered with Bonus Tracks),2009-03-09,album,0.574,0.677,4,-8.331,1,0.0567,0.779,0.758,0.05,0.905,132.5,4,197333
1SLfkzdPPgsaATnrvnQ5KF,Dovecot Dub,1,False,12,1,47Z8LEl3LnQkcpva0xSthT,The La's,7bed0mWTXfa7eWCuWPwMKI,1984-1986 Breakloose (Remastered with Bonus Tracks),2009-03-09,album,0.419,0.543,11,-15.437,1,0.0411,0.9,0.573,0.0889,0.53,108.211,3,175240
5GE5VqxpARGnuVn9zJeeCZ,You Blue,0,False,13,1,47Z8LEl3LnQkcpva0xSthT,The La's,7bed0mWTXfa7eWCuWPwMKI,1984-1986 Breakloose (Remastered with Bonus Tracks),2009-03-09,album,0.527,0.391,4,-13.346,1,0.0314,0.962,0.346,0.09,0.588,133.688,3,111947
64kafE850sNZUIFuxL6AON,Moonlight,2,False,14,1,47Z8LEl3LnQkcpva0xSthT,The La's,7bed0mWTXfa7eWCuWPwMKI,1984-1986 Breakloose (Remastered with Bonus Tracks),2009-03-09,album,0.714,0.382,6,-5.98,0,0.0389,0.876,5.12e-05,0.22,0.708,117.086,4,171173
4JfLujF4dTI3Wc9lvvNsXZ,Breakloose - Live,1,False,15,1,47Z8LEl3LnQkcpva0xSthT,The La's,7bed0mWTXfa7eWCuWPwMKI,1984-1986 Breakloose (Remastered with Bonus Tracks),2009-03-09,album,0.527,0.889,0,-6.827,0,0.0622,0.82,0.000441,0.913,0.347,146.212,4,170987
03j5mmUW2501ESQH4lLmSP,My Girl Sits Like a Reindeer - Acoustic,0,False,18,1,47Z8LEl3LnQkcpva0xSthT,The La's,7bed0mWTXfa7eWCuWPwMKI,1984-1986 Breakloose (Remastered with Bonus Tracks),2009-03-09,album,0.625,0.609,1,-9.598,0,0.198,0.798,0.0,0.245,0.92,184.298,4,80880
43hvyAsETd3RSCVzs2GVhG,Night Walk,0,False,20,1,47Z8LEl3LnQkcpva0xSthT,The La's,7bed0mWTXfa7eWCuWPwMKI,1984-1986 Breakloose (Remastered with Bonus Tracks),2009-03-09,album,0.561,0.53,2,-12.87,1,0.381,0.923,0.00954,0.104,0.0449,86.98,4,226347
7D06LBkvFFsscaTZ0z1z78,Breakloose,0,False,1,1,47Z8LEl3LnQkcpva0xSthT,The La's,3AmI32RjEJU4irWXPmK1ai,The La's 1984-1986 Breakloose (Remastered with Bonus Tracks),2009-03-09,album,0.627,0.838,2,-7.982,1,0.0337,0.749,0.666,0.117,0.717,144.064,4,154587
2jzu6esheHyQV3o4Qa2oPc,My Girl Sits Like A Reindeer,0,False,2,1,47Z8LEl3LnQkcpva0xSthT,The La's,3AmI32RjEJU4irWXPmK1ai,The La's 1984-1986 Breakloose (Remastered with Bonus Tracks),2009-03-09,album,0.391,0.974,6,-7.518,0,0.131,0.592,0.324,0.588,0.513,172.806,4,88373
0BGz1sAlco42dZySH3Rmj6,Sweet 35,0,False,3,1,47Z8LEl3LnQkcpva0xSthT,The La's,3AmI32RjEJU4irWXPmK1ai,The La's 1984-1986 Breakloose (Remastered with Bonus Tracks),2009-03-09,album,0.593,0.306,9,-13.042,0,0.0341,0.973,0.851,0.216,0.504,111.604,4,93027
4C7B0DfFcm1dIWOkyZPMmw,Open Your Heart,0,False,4,1,47Z8LEl3LnQkcpva0xSthT,The La's,3AmI32RjEJU4irWXPmK1ai,The La's 1984-1986 Breakloose (Remastered with Bonus Tracks),2009-03-09,album,0.678,0.323,8,-10.8,1,0.132,0.882,0.0253,0.0639,0.905,138.634,4,197627
1NML56smW85gwfEDp1iKEG,Red Deer Stalk,0,False,6,1,47Z8LEl3LnQkcpva0xSthT,The La's,3AmI32RjEJU4irWXPmK1ai,The La's 1984-1986 Breakloose (Remastered with Bonus Tracks),2009-03-09,album,0.734,0.611,9,-11.221,1,0.291,0.726,0.0175,0.143,0.89,86.66,4,114760
5umsLIT1HBFr90M6MOx5N7,Painting,0,False,7,1,47Z8LEl3LnQkcpva0xSthT,The La's,3AmI32RjEJU4irWXPmK1ai,The La's 1984-1986 Breakloose (Remastered with Bonus Tracks),2009-03-09,album,0.579,0.501,2,-17.378,1,0.0413,0.517,0.853,0.117,0.484,141.242,4,188413
14XHxjkdXs9vTMSYnwfsoj,Get Down Over,0,False,8,1,47Z8LEl3LnQkcpva0xSthT,The La's,3AmI32RjEJU4irWXPmK1ai,The La's 1984-1986 Breakloose (Remastered with Bonus Tracks),2009-03-09,album,0.743,0.738,6,-8.755,0,0.0523,0.696,7.99e-05,0.326,0.683,129.053,4,156827
02jV2ZDQHzbDjJeav1GHZA,What Do You Do?,0,False,9,1,47Z8LEl3LnQkcpva0xSthT,The La's,3AmI32RjEJU4irWXPmK1ai,The La's 1984-1986 Breakloose (Remastered with Bonus Tracks),2009-03-09,album,0.532,0.444,11,-11.11,1,0.0303,0.55,0.00158,0.277,0.494,124.042,4,165413
61f2Oo9bynzT8nOLTb3CsZ,Money In Your Talk,0,False,10,1,47Z8LEl3LnQkcpva0xSthT,The La's,3AmI32RjEJU4irWXPmK1ai,The La's 1984-1986 Breakloose (Remastered with Bonus Tracks),2009-03-09,album,0.577,0.678,4,-8.334,1,0.0579,0.766,0.642,0.0386,0.894,132.183,4,197333
20ENso2HDwmOeRgR9Ew1HF,Space Rocketry,0,False,11,1,47Z8LEl3LnQkcpva0xSthT,The La's,3AmI32RjEJU4irWXPmK1ai,The La's 1984-1986 Breakloose (Remastered with Bonus Tracks),2009-03-09,album,0.598,0.703,1,-12.134,0,0.092,0.456,0.0,0.199,0.766,169.506,4,127520
753QY9o2NdV0QPR0LUGYBu,Dovecot Dub,0,False,12,1,47Z8LEl3LnQkcpva0xSthT,The La's,3AmI32RjEJU4irWXPmK1ai,The La's 1984-1986 Breakloose (Remastered with Bonus Tracks),2009-03-09,album,0.402,0.544,11,-15.502,1,0.0443,0.897,0.626,0.0936,0.519,101.403,3,175240
10BbQeGoqyk0jRoTdnG1Bc,You Blue,0,False,13,1,47Z8LEl3LnQkcpva0xSthT,The La's,3AmI32RjEJU4irWXPmK1ai,The La's 1984-1986 Breakloose (Remastered with Bonus Tracks),2009-03-09,album,0.525,0.398,4,-13.347,1,0.0306,0.964,0.263,0.108,0.594,133.827,3,111947
4M6wNoZXcf3Yx3BTsMUHeK,Moonlight,0,False,14,1,47Z8LEl3LnQkcpva0xSthT,The La's,3AmI32RjEJU4irWXPmK1ai,The La's 1984-1986 Breakloose (Remastered with Bonus Tracks),2009-03-09,album,0.719,0.378,6,-5.945,0,0.0387,0.879,5.1e-05,0.233,0.697,117.144,4,171173
4JkegODxdk8fEZLGOXBdgu,Breakloose - Live,0,False,15,1,47Z8LEl3LnQkcpva0xSthT,The La's,3AmI32RjEJU4irWXPmK1ai,The La's 1984-1986 Breakloose (Remastered with Bonus Tracks),2009-03-09,album,0.511,0.876,0,-6.783,0,0.0667,0.801,0.000405,0.916,0.31,146.156,4,170987
2rhRVosJ3YUlXBxI7IDmot,Midnight Shift,0,False,16,1,47Z8LEl3LnQkcpva0xSthT,The La's,3AmI32RjEJU4irWXPmK1ai,The La's 1984-1986 Breakloose (Remastered with Bonus Tracks),2009-03-09,album,0.589,0.681,8,-10.161,1,0.0545,0.995,0.742,0.111,0.969,92.633,4,120187
1zOrjzskZQL60KdnPW6tSF,You Don't Say,0,False,17,1,47Z8LEl3LnQkcpva0xSthT,The La's,3AmI32RjEJU4irWXPmK1ai,The La's 1984-1986 Breakloose (Remastered with Bonus Tracks),2009-03-09,album,0.827,0.347,5,-9.601,1,0.369,0.898,0.00161,0.122,0.707,133.64,4,108013
45jc0rQOfnvwKGJoCkImwt,My Girl Sits Like a Reindeer - Acoustic,0,False,18,1,47Z8LEl3LnQkcpva0xSthT,The La's,3AmI32RjEJU4irWXPmK1ai,The La's 1984-1986 Breakloose (Remastered with Bonus Tracks),2009-03-09,album,0.823,0.605,1,-9.607,0,0.106,0.808,0.0,0.308,0.922,92.107,4,80880
08BUZcSCwT7Mx2x7YXhjny,Cool Water,0,False,19,1,47Z8LEl3LnQkcpva0xSthT,The La's,3AmI32RjEJU4irWXPmK1ai,The La's 1984-1986 Breakloose (Remastered with Bonus Tracks),2009-03-09,album,0.628,0.236,2,-9.802,1,0.0412,0.87,1.21e-06,0.395,0.441,117.121,4,217440
1dTpNiFJpvCP867n1v0sSx,Night Walk,0,False,20,1,47Z8LEl3LnQkcpva0xSthT,The La's,3AmI32RjEJU4irWXPmK1ai,The La's 1984-1986 Breakloose (Remastered with Bonus Tracks),2009-03-09,album,0.553,0.529,2,-12.899,1,0.409,0.92,0.00865,0.104,0.0402,83.647,4,226347
19JrxC3xjARQxWlU05Uq04,Son Of A Gun - John Porter Outtake 1,5,False,1,1,47Z8LEl3LnQkcpva0xSthT,The La's,51oOOHRmqybei94DFXWErP,Lost Tunes,2008-01-01,album,0.6,0.708,7,-6.779,1,0.0299,0.16,0.0,0.0921,0.946,147.878,4,114640
29qowaCKtuQgpwmb6n5xk4,Doledrum - John Leckie Mix,4,False,2,1,47Z8LEl3LnQkcpva0xSthT,The La's,51oOOHRmqybei94DFXWErP,Lost Tunes,2008-01-01,album,0.459,0.873,2,-5.411,1,0.0327,0.00686,0.0,0.633,0.875,91.439,4,167093
1p5sF2fPfjK0RbNyYRY92T,Come In Come Out - John Leckie Mix,4,False,3,1,47Z8LEl3LnQkcpva0xSthT,The La's,51oOOHRmqybei94DFXWErP,Lost Tunes,2008-01-01,album,0.693,0.933,2,-4.986,1,0.0487,0.503,0.000344,0.0332,0.982,114.049,4,120800
09y4oQxBRtxq3bDqHJRhAH,Way Out - Bob Andrews Mix,2,False,4,1,47Z8LEl3LnQkcpva0xSthT,The La's,51oOOHRmqybei94DFXWErP,Lost Tunes,2008-01-01,album,0.405,0.79,9,-7.425,1,0.0356,0.274,9.23e-06,0.123,0.96,177.875,3,173200
5p97RGVg8fNnWpdDtwhl4d,Doledrum - Bob Andrews Mix,2,False,5,1,47Z8LEl3LnQkcpva0xSthT,The La's,51oOOHRmqybei94DFXWErP,Lost Tunes,2008-01-01,album,0.573,0.774,2,-8.322,1,0.0292,0.0348,0.305,0.0723,0.892,174.329,4,174227
5f8HlW3QTWk8zDX0fQo8Gn,Son Of A Gun - Jeremy Allom Mix,3,False,7,1,47Z8LEl3LnQkcpva0xSthT,The La's,51oOOHRmqybei94DFXWErP,Lost Tunes,2008-01-01,album,0.543,0.98,7,-5.679,1,0.0533,0.127,0.000178,0.262,0.928,147.69,4,114000
2ejJDtOWiXIr9KrtHynbIt,Come In Come Out - Steve Lillywhite Mix,3,False,8,1,47Z8LEl3LnQkcpva0xSthT,The La's,51oOOHRmqybei94DFXWErP,Lost Tunes,2008-01-01,album,0.733,0.908,6,-6.79,0,0.104,0.793,0.0588,0.0929,0.922,101.479,4,133067
0LY8Onast4GQpJa5hcutvr,Doledrum - Janice Long 02/09/87,15,False,1,1,47Z8LEl3LnQkcpva0xSthT,The La's,1zBjn2XAkh3YX76xmtGgoC,The La's - BBC In Session,2006-01-01,album,0.309,0.84,2,-6.777,0,0.0861,0.0663,3.21e-06,0.142,0.676,175.092,3,178573
5F0CCLNJnn7J2UaPX88QKf,Way Out - Janice Long 02/09/87,14,False,2,1,47Z8LEl3LnQkcpva0xSthT,The La's,1zBjn2XAkh3YX76xmtGgoC,The La's - BBC In Session,2006-01-01,album,0.441,0.687,9,-7.557,0,0.0613,0.371,7.32e-06,0.0491,0.758,190.654,3,161373
2ZRipPz35lZTNjmdyqFdu2,Freedom Song - Janice Long 02/09/87,11,False,3,1,47Z8LEl3LnQkcpva0xSthT,The La's,1zBjn2XAkh3YX76xmtGgoC,The La's - BBC In Session,2006-01-01,album,0.809,0.5,5,-7.548,1,0.0411,0.33,3.39e-05,0.0885,0.536,112.326,4,154000
5xuZInTcVDA98NasJ7YBwe,Come In Come Out - Janice Long 02/09/87,18,False,4,1,47Z8LEl3LnQkcpva0xSthT,The La's,1zBjn2XAkh3YX76xmtGgoC,The La's - BBC In Session,2006-01-01,album,0.56,0.966,2,-5.203,1,0.0566,0.0541,1.27e-06,0.232,0.963,110.634,4,121573
0BuFxPWe1o1OAE8Dmw6bjf,Son Of A Gun - Liz Kershaw 31/05/88,19,False,5,1,47Z8LEl3LnQkcpva0xSthT,The La's,1zBjn2XAkh3YX76xmtGgoC,The La's - BBC In Session,2006-01-01,album,0.561,0.922,6,-5.914,1,0.0455,0.481,6.09e-05,0.212,0.96,160.316,4,108747
7J6h1akKHC9au4PcIhNtlQ,There She Goes - Liz Kershaw 31/05/88,25,False,6,1,47Z8LEl3LnQkcpva0xSthT,The La's,1zBjn2XAkh3YX76xmtGgoC,The La's - BBC In Session,2006-01-01,album,0.493,0.935,6,-4.213,1,0.0627,0.0263,0.00212,0.0711,0.73,131.324,4,156307
5uK4YS2e7glergVeU9NdgC,I Can't Sleep - Liz Kershaw 31/05/88,15,False,7,1,47Z8LEl3LnQkcpva0xSthT,The La's,1zBjn2XAkh3YX76xmtGgoC,The La's - BBC In Session,2006-01-01,album,0.432,0.979,1,-5.052,1,0.0529,0.0103,0.316,0.255,0.786,160.763,4,139933
5oeA0tleWnfpVIJ7XOEmQ1,Feelin' - Campbell 01/03/89,16,False,9,1,47Z8LEl3LnQkcpva0xSthT,The La's,1zBjn2XAkh3YX76xmtGgoC,The La's - BBC In Session,2006-01-01,album,0.515,0.876,2,-5.636,1,0.119,0.0409,0.135,0.077,0.827,174.341,4,110760
0lwGrb4EO9rW3QF1tOfmFs,Timeless Melody - Campbell 01/03/89,18,False,10,1,47Z8LEl3LnQkcpva0xSthT,The La's,1zBjn2XAkh3YX76xmtGgoC,The La's - BBC In Session,2006-01-01,album,0.622,0.936,2,-5.581,1,0.0376,0.0073,0.000913,0.0537,0.808,129.461,4,168467
5T8L2qSPHqNfrdAqRmMGMU,Callin' All - Campbell 01/03/89,14,False,11,1,47Z8LEl3LnQkcpva0xSthT,The La's,1zBjn2XAkh3YX76xmtGgoC,The La's - BBC In Session,2006-01-01,album,0.464,0.874,4,-6.339,1,0.0369,0.00914,1.61e-06,0.123,0.75,155.911,4,210533
48J2V1TQKQ5dG6VzemqGE1,I.O.U. - Campbell 01/03/89,12,False,12,1,47Z8LEl3LnQkcpva0xSthT,The La's,1zBjn2XAkh3YX76xmtGgoC,The La's - BBC In Session,2006-01-01,album,0.439,0.879,2,-5.773,1,0.109,0.0622,0.00492,0.288,0.752,173.378,4,125773
3IKIw7KJDo0va3QNSTRfwZ,Way Out - Campbell 01/03/89,10,False,13,1,47Z8LEl3LnQkcpva0xSthT,The La's,1zBjn2XAkh3YX76xmtGgoC,The La's - BBC In Session,2006-01-01,album,0.476,0.924,2,-5.837,1,0.0339,0.0476,0.000698,0.0526,0.972,93.438,4,162907
32e85dPxNzctBkguRtAiPJ,I Can't Sleep - Harris 07/10/90,11,False,14,1,47Z8LEl3LnQkcpva0xSthT,The La's,1zBjn2XAkh3YX76xmtGgoC,The La's - BBC In Session,2006-01-01,album,0.562,0.867,9,-5.695,1,0.0503,0.112,0.178,0.115,0.953,140.298,4,154067
4OlGLkNhvG7HmMcbsnO3uC,Timeless Melody - Harris 07/10/90,12,False,15,1,47Z8LEl3LnQkcpva0xSthT,The La's,1zBjn2XAkh3YX76xmtGgoC,The La's - BBC In Session,2006-01-01,album,0.499,0.923,1,-6.178,1,0.0334,0.000154,0.824,0.194,0.829,127.101,4,172627
6z1Nnq9HhS4eArgLr2Fx4p,Callin' All - Harris 07/10/90,10,False,16,1,47Z8LEl3LnQkcpva0xSthT,The La's,1zBjn2XAkh3YX76xmtGgoC,The La's - BBC In Session,2006-01-01,album,0.511,0.804,0,-6.05,1,0.0335,0.0248,4.19e-05,0.097,0.9,150.97,4,221973
5bZFwjRNLa82brBXBiFKKc,Feelin' - Harris 07/10/90,12,False,17,1,47Z8LEl3LnQkcpva0xSthT,The La's,1zBjn2XAkh3YX76xmtGgoC,The La's - BBC In Session,2006-01-01,album,0.556,0.932,2,-5.683,1,0.0435,0.176,0.0171,0.0518,0.908,92.948,4,110280
7gyEPAAA1yqln1XFDLV6aE,Doledrum - Janice Long 02/09/87,0,False,1,1,47Z8LEl3LnQkcpva0xSthT,The La's,28wCPhWnU5Zps07sUoxJf1,The La's - BBC In Session (BBC Version),2006-01-01,album,0.309,0.84,2,-6.777,0,0.0861,0.0663,3.21e-06,0.142,0.676,175.092,3,178573
31NeisMOJtHVa4PAabuq14,Way Out - Janice Long 02/09/87,0,False,2,1,47Z8LEl3LnQkcpva0xSthT,The La's,28wCPhWnU5Zps07sUoxJf1,The La's - BBC In Session (BBC Version),2006-01-01,album,0.441,0.687,9,-7.557,0,0.0613,0.371,7.32e-06,0.0491,0.758,190.654,3,161373
6aUpxXGscPDpm1fz98XdUV,Freedom Song - Janice Long 02/09/87,0,False,3,1,47Z8LEl3LnQkcpva0xSthT,The La's,28wCPhWnU5Zps07sUoxJf1,The La's - BBC In Session (BBC Version),2006-01-01,album,0.809,0.5,5,-7.548,1,0.0411,0.33,3.39e-05,0.0885,0.536,112.326,4,154000
6ApuauUoGjkWgIWfGwr482,Come In Come Out - Janice Long 02/09/87,0,False,4,1,47Z8LEl3LnQkcpva0xSthT,The La's,28wCPhWnU5Zps07sUoxJf1,The La's - BBC In Session (BBC Version),2006-01-01,album,0.56,0.966,2,-5.203,1,0.0566,0.0541,1.27e-06,0.232,0.963,110.634,4,121573
40OXmHUbx96tsQTLapf5Ng,Son Of A Gun - Liz Kershaw 31/05/88,0,False,5,1,47Z8LEl3LnQkcpva0xSthT,The La's,28wCPhWnU5Zps07sUoxJf1,The La's - BBC In Session (BBC Version),2006-01-01,album,0.561,0.922,6,-5.914,1,0.0455,0.481,6.09e-05,0.212,0.96,160.316,4,108747
357A7t9eBZoXtX7lKGU3xZ,There She Goes - Liz Kershaw 31/05/88,0,False,6,1,47Z8LEl3LnQkcpva0xSthT,The La's,28wCPhWnU5Zps07sUoxJf1,The La's - BBC In Session (BBC Version),2006-01-01,album,0.493,0.935,6,-4.213,1,0.0627,0.0263,0.00212,0.0711,0.73,131.324,4,156307
2LQogGt4wArF5sBYCJQEvD,I Can't Sleep - Liz Kershaw 31/05/88,0,False,7,1,47Z8LEl3LnQkcpva0xSthT,The La's,28wCPhWnU5Zps07sUoxJf1,The La's - BBC In Session (BBC Version),2006-01-01,album,0.432,0.979,1,-5.052,1,0.0529,0.0103,0.316,0.255,0.786,160.763,4,139933
1Gme5k1PNcPOEsOQ7kv3GC,Over - Liz Kershaw 31/05/88,0,False,8,1,47Z8LEl3LnQkcpva0xSthT,The La's,28wCPhWnU5Zps07sUoxJf1,The La's - BBC In Session (BBC Version),2006-01-01,album,0.549,0.843,1,-6.548,1,0.032,0.115,0.311,0.123,0.667,132.004,4,286560
0lpIs93nt2misC4vzXqfA5,Feelin' - Campbell 01/03/89,0,False,9,1,47Z8LEl3LnQkcpva0xSthT,The La's,28wCPhWnU5Zps07sUoxJf1,The La's - BBC In Session (BBC Version),2006-01-01,album,0.515,0.876,2,-5.636,1,0.119,0.0409,0.135,0.077,0.827,174.341,4,110760
17wWbVCV0ITYY6AHDYjTIG,Timeless Melody - Campbell 01/03/89,0,False,10,1,47Z8LEl3LnQkcpva0xSthT,The La's,28wCPhWnU5Zps07sUoxJf1,The La's - BBC In Session (BBC Version),2006-01-01,album,0.622,0.936,2,-5.581,1,0.0376,0.0073,0.000913,0.0537,0.808,129.461,4,168438
4CQDkoMDWIlCjlijgKnQws,Callin' All - Campbell 01/03/89,0,False,11,1,47Z8LEl3LnQkcpva0xSthT,The La's,28wCPhWnU5Zps07sUoxJf1,The La's - BBC In Session (BBC Version),2006-01-01,album,0.464,0.874,4,-6.339,1,0.0369,0.00914,1.61e-06,0.123,0.75,155.911,4,210533
6pZQvmMrQnHpX1EYkajnsH,I.O.U. - Campbell 01/03/89,0,False,12,1,47Z8LEl3LnQkcpva0xSthT,The La's,28wCPhWnU5Zps07sUoxJf1,The La's - BBC In Session (BBC Version),2006-01-01,album,0.439,0.879,2,-5.773,1,0.109,0.0622,0.00492,0.288,0.752,173.378,4,125773
0GOmfsfp9DYoRIwMCtJGzI,Way Out - Campbell 01/03/89,0,False,13,1,47Z8LEl3LnQkcpva0xSthT,The La's,28wCPhWnU5Zps07sUoxJf1,The La's - BBC In Session (BBC Version),2006-01-01,album,0.476,0.924,2,-5.837,1,0.0339,0.0476,0.000698,0.0526,0.972,93.438,4,162907
3mhMwpnwnn0eMap4Sz2uaI,I Can't Sleep - Harris 07/10/90,0,False,14,1,47Z8LEl3LnQkcpva0xSthT,The La's,28wCPhWnU5Zps07sUoxJf1,The La's - BBC In Session (BBC Version),2006-01-01,album,0.562,0.867,9,-5.695,1,0.0503,0.112,0.178,0.115,0.953,140.298,4,154067
4ToOpB79OX6gOXdorUiei6,Timeless Melody - Harris 07/10/90,0,False,15,1,47Z8LEl3LnQkcpva0xSthT,The La's,28wCPhWnU5Zps07sUoxJf1,The La's - BBC In Session (BBC Version),2006-01-01,album,0.499,0.923,1,-6.178,1,0.0334,0.000154,0.824,0.194,0.829,127.101,4,172627
6CWOzWats9AP5xDBN367DL,Callin' All - Harris 07/10/90,0,False,16,1,47Z8LEl3LnQkcpva0xSthT,The La's,28wCPhWnU5Zps07sUoxJf1,The La's - BBC In Session (BBC Version),2006-01-01,album,0.511,0.804,0,-6.05,1,0.0335,0.0248,4.19e-05,0.097,0.9,150.97,4,221973
1mDkVdOoPVxpBjeLOyGVDz,Feelin' - Harris 07/10/90,0,False,17,1,47Z8LEl3LnQkcpva0xSthT,The La's,28wCPhWnU5Zps07sUoxJf1,The La's - BBC In Session (BBC Version),2006-01-01,album,0.556,0.932,2,-5.683,1,0.0435,0.176,0.0171,0.0518,0.908,92.948,4,110280
4yskROoWKPyIGckM7y4FLK,Son of a Gun,5,False,1,1,47Z8LEl3LnQkcpva0xSthT,The La's,3pIGWHotrt2R77eZW1sl1V,Lost La's 1986-1987 Callin' All,2001,album,0.62,0.518,6,-9.922,1,0.0604,0.805,0.000574,0.224,0.692,146.546,4,117173
5fd7CvFaSmUjUI2zr3Ke3q,Doledrum,3,False,2,1,47Z8LEl3LnQkcpva0xSthT,The La's,3pIGWHotrt2R77eZW1sl1V,Lost La's 1986-1987 Callin' All,2001,album,0.552,0.595,1,-9.42,1,0.031,0.643,0.249,0.236,0.642,87.471,4,174573
75Vcf0VIbykYEqYLuOl1eu,Liberty Ship,3,False,3,1,47Z8LEl3LnQkcpva0xSthT,The La's,3pIGWHotrt2R77eZW1sl1V,Lost La's 1986-1987 Callin' All,2001,album,0.436,0.733,1,-7.469,0,0.173,0.217,0.000378,0.289,0.733,199.228,4,118733
5pWU9XMRjnyk9G0s43RKUb,Freedom Song,2,False,4,1,47Z8LEl3LnQkcpva0xSthT,The La's,3pIGWHotrt2R77eZW1sl1V,Lost La's 1986-1987 Callin' All,2001,album,0.707,0.345,0,-10.328,1,0.0508,0.892,0.000384,0.0894,0.488,113.037,4,151027
2LtthjshHTQ0mVe6zVniXe,Clean Prophet,2,False,5,1,47Z8LEl3LnQkcpva0xSthT,The La's,3pIGWHotrt2R77eZW1sl1V,Lost La's 1986-1987 Callin' All,2001,album,0.633,0.449,11,-12.276,1,0.0357,0.0993,0.00599,0.422,0.95,129.767,4,102267
1wTmsCzrqVzYqqX5XWdmh3,I.O.U.,2,False,6,1,47Z8LEl3LnQkcpva0xSthT,The La's,3pIGWHotrt2R77eZW1sl1V,Lost La's 1986-1987 Callin' All,2001,album,0.517,0.681,2,-8.933,1,0.0851,0.676,0.00365,0.317,0.766,89.717,4,118773
3cV5bQlgPySAJf1b3BJW7i,Come in Come Out,1,False,9,1,47Z8LEl3LnQkcpva0xSthT,The La's,3pIGWHotrt2R77eZW1sl1V,Lost La's 1986-1987 Callin' All,2001,album,0.281,0.919,1,-7.695,0,0.171,0.663,0.03,0.895,0.307,105.98,4,155880
4dyokXFPpgpNJzC4s9ULmu,Way Out,1,False,10,1,47Z8LEl3LnQkcpva0xSthT,The La's,3pIGWHotrt2R77eZW1sl1V,Lost La's 1986-1987 Callin' All,2001,album,0.336,0.91,2,-8.041,1,0.0519,0.394,0.324,0.926,0.542,94.859,4,182293
5RAttI8lYqcQViMGIt3xtA,Timeless Melody,1,False,11,1,47Z8LEl3LnQkcpva0xSthT,The La's,3pIGWHotrt2R77eZW1sl1V,Lost La's 1986-1987 Callin' All,2001,album,0.378,0.905,9,-8.383,1,0.078,0.268,0.314,0.404,0.356,127.924,4,232947
7fgq0buXLkPUm8wEfm49sX,I Can't Sleep,1,False,12,1,47Z8LEl3LnQkcpva0xSthT,The La's,3pIGWHotrt2R77eZW1sl1V,Lost La's 1986-1987 Callin' All,2001,album,0.409,0.939,1,-7.559,0,0.0971,0.341,0.641,0.846,0.384,137.853,4,165133
51EjddeS7VguxfRT7b2QOn,There She Goes,7,False,13,1,47Z8LEl3LnQkcpva0xSthT,The La's,3pIGWHotrt2R77eZW1sl1V,Lost La's 1986-1987 Callin' All,2001,album,0.422,0.985,6,-6.271,1,0.0919,0.61,0.01,0.488,0.51,123.567,4,183360
3ip6389LOvA99HcM3P9o7q,Failure,1,False,14,1,47Z8LEl3LnQkcpva0xSthT,The La's,3pIGWHotrt2R77eZW1sl1V,Lost La's 1986-1987 Callin' All,2001,album,0.214,0.989,8,-8.23,1,0.111,0.722,0.735,0.713,0.0565,102.2,4,198493
4jZC5c4uANnHJoiUcQtXCO,Son Of A Gun,32,False,1,1,47Z8LEl3LnQkcpva0xSthT,The La's,4tCf15W7qHi3jE0PdljddW,The La's (Deluxe Edition),1990,album,0.668,0.63,10,-9.606,0,0.0289,0.115,0.000937,0.0971,0.883,146.431,4,116467
1JCjGV7RMONvsjkdwPOkO9,I Can't Sleep,30,False,2,1,47Z8LEl3LnQkcpva0xSthT,The La's,4tCf15W7qHi3jE0PdljddW,The La's (Deluxe Edition),1990,album,0.501,0.942,8,-6.646,1,0.0526,0.0758,0.217,0.371,0.91,134.558,4,157667
2LD0laiqGwpsN822SodbZp,Timeless Melody,31,False,3,1,47Z8LEl3LnQkcpva0xSthT,The La's,4tCf15W7qHi3jE0PdljddW,The La's (Deluxe Edition),1990,album,0.541,0.882,0,-7.222,1,0.0386,0.018,8.3e-06,0.263,0.701,120.779,4,181707
5r1sQVjc9K6y1jpf7CHAIh,Liberty Ship,28,False,4,1,47Z8LEl3LnQkcpva0xSthT,The La's,4tCf15W7qHi3jE0PdljddW,The La's (Deluxe Edition),1990,album,0.541,0.627,1,-10.864,1,0.0592,0.196,0.00122,0.232,0.94,189.341,4,150267
0SMkzFGJOBFDI9KfYD55L0,There She Goes,64,False,5,1,47Z8LEl3LnQkcpva0xSthT,The La's,4tCf15W7qHi3jE0PdljddW,The La's (Deluxe Edition),1990,album,0.536,0.854,7,-6.907,1,0.0298,0.0129,0.743,0.156,0.905,122.733,4,162160
6EqJzOQqfkU14unZ6ioYTH,Doledrum,29,False,6,1,47Z8LEl3LnQkcpva0xSthT,The La's,4tCf15W7qHi3jE0PdljddW,The La's (Deluxe Edition),1990,album,0.463,0.762,2,-6.603,1,0.0289,0.19,0.037,0.347,0.764,89.865,4,171573
3EN23ywIcBmeQ984QLaZ3M,Feelin',30,False,7,1,47Z8LEl3LnQkcpva0xSthT,The La's,4tCf15W7qHi3jE0PdljddW,The La's (Deluxe Edition),1990,album,0.498,0.952,0,-7.039,1,0.0395,0.0676,0.166,0.0706,0.928,92.104,4,104733
0NVbTe0bNhcAhHnCoZnLTU,Way Out,28,False,8,1,47Z8LEl3LnQkcpva0xSthT,The La's,4tCf15W7qHi3jE0PdljddW,The La's (Deluxe Edition),1990,album,0.495,0.94,5,-7.269,0,0.0493,0.0131,0.0678,0.58,0.715,98.966,3,152560
5GO49MonueN00rKK7ggemh,I.O.U.,26,False,9,1,47Z8LEl3LnQkcpva0xSthT,The La's,4tCf15W7qHi3jE0PdljddW,The La's (Deluxe Edition),1990,album,0.538,0.863,0,-9.429,1,0.0519,0.122,0.00125,0.196,0.734,89.934,4,128707
0EA7apyHOLuh8287F5cMB6,Freedom Song,26,False,10,1,47Z8LEl3LnQkcpva0xSthT,The La's,4tCf15W7qHi3jE0PdljddW,The La's (Deluxe Edition),1990,album,0.717,0.397,9,-12.21,0,0.0593,0.167,8.82e-05,0.497,0.713,117.183,4,143493
7Ce70dGiv4zJJki3jIYv6O,Failure,26,False,11,1,47Z8LEl3LnQkcpva0xSthT,The La's,4tCf15W7qHi3jE0PdljddW,The La's (Deluxe Edition),1990,album,0.198,0.97,9,-8.107,1,0.0927,0.092,0.00975,0.352,0.525,195.94,4,174373
7sYBxhn5y9wvNR83XTBqBP,Looking Glass,28,False,12,1,47Z8LEl3LnQkcpva0xSthT,The La's,4tCf15W7qHi3jE0PdljddW,The La's (Deluxe Edition),1990,album,0.54,0.637,3,-9.511,1,0.0257,0.00601,0.0207,0.414,0.496,92.943,4,470627
1EdFxGfDWz67cx7ItEZxpW,"Son Of A Gun - Gary Crowley, GLR Session Dec '88",19,False,13,1,47Z8LEl3LnQkcpva0xSthT,The La's,4tCf15W7qHi3jE0PdljddW,The La's (Deluxe Edition),1990,album,0.596,0.533,11,-6.589,0,0.0329,0.303,0.0,0.348,0.556,145.19,4,113400
2ND8d0HBXSOFEP1GmTK0uY,"Doledrum - Gary Crowley, GLR Session Dec '88",18,False,14,1,47Z8LEl3LnQkcpva0xSthT,The La's,4tCf15W7qHi3jE0PdljddW,The La's (Deluxe Edition),1990,album,0.422,0.511,1,-6.342,0,0.0276,0.176,0.0,0.787,0.514,82.823,4,179000
4Y0tcA6cQpSXcVPis6SEoi,"I Can't Sleep - Gary Crowley, GLR Session Dec '88",17,False,15,1,47Z8LEl3LnQkcpva0xSthT,The La's,4tCf15W7qHi3jE0PdljddW,The La's (Deluxe Edition),1990,album,0.526,0.65,8,-6.253,1,0.0345,0.101,0.0,0.634,0.692,135.301,4,152627
0hvHpXqYhrfFx9abYkOPkh,"Way Out - Key 103, Jan '89",16,False,16,1,47Z8LEl3LnQkcpva0xSthT,The La's,4tCf15W7qHi3jE0PdljddW,The La's (Deluxe Edition),1990,album,0.468,0.842,2,-6.088,1,0.0399,0.503,5.13e-06,0.041,0.962,187.14,3,160067
1dkxquZ35gOV1B4PJCwXGH,I.O.U. - Mike Hedges Version,16,False,1,2,47Z8LEl3LnQkcpva0xSthT,The La's,4tCf15W7qHi3jE0PdljddW,The La's (Deluxe Edition),1990,album,0.363,0.81,2,-5.941,1,0.0817,0.516,0.000187,0.317,0.777,174.374,4,124200
77AZnTJsJYN7iolItgb1XY,I Can't Sleep - Mike Hedges Version,16,False,2,2,47Z8LEl3LnQkcpva0xSthT,The La's,4tCf15W7qHi3jE0PdljddW,The La's (Deluxe Edition),1990,album,0.463,0.951,9,-4.709,1,0.0634,0.0282,1.56e-05,0.181,0.571,129.86,4,162533
0NQvT0LKa995qKFutprxC8,Way Out - Mike Hedges Version,14,False,4,2,47Z8LEl3LnQkcpva0xSthT,The La's,4tCf15W7qHi3jE0PdljddW,The La's (Deluxe Edition),1990,album,0.342,0.83,2,-7.225,1,0.0817,0.712,0.0,0.183,0.924,184.652,3,165867
1Dcv2AO8oJDicnzg9VY4Ze,Doledrum - Mike Hedges Version,14,False,5,2,47Z8LEl3LnQkcpva0xSthT,The La's,4tCf15W7qHi3jE0PdljddW,The La's (Deluxe Edition),1990,album,0.325,0.766,2,-6.392,1,0.0364,0.298,7.26e-05,0.148,0.711,170.324,4,175200
4fKv6LB0eYJLwlqXhos53H,There She Goes - Mike Hedges Version,19,False,6,2,47Z8LEl3LnQkcpva0xSthT,The La's,4tCf15W7qHi3jE0PdljddW,The La's (Deluxe Edition),1990,album,0.458,0.74,8,-6.32,1,0.0318,0.16,0.00342,0.224,0.672,118.117,4,167760
5585TYng4LVJ2JoHBp3JQ6,Feelin' - Mike Hedges Producer,15,False,7,2,47Z8LEl3LnQkcpva0xSthT,The La's,4tCf15W7qHi3jE0PdljddW,The La's (Deluxe Edition),1990,album,0.52,0.886,2,-6.757,1,0.0608,0.288,0.0,0.119,0.888,89.635,4,106200
66Ayo0QmMw1kl5RBH1v4hy,Timeless Melody - Mike Hedges Version,17,False,8,2,47Z8LEl3LnQkcpva0xSthT,The La's,4tCf15W7qHi3jE0PdljddW,The La's (Deluxe Edition),1990,album,0.496,0.869,2,-4.388,1,0.0387,0.574,0.0,0.125,0.703,118.066,4,186533
2ieBSbL0NSjSerGgrTHhbN,Son Of A Gun - Mike Hedges Version,15,False,9,2,47Z8LEl3LnQkcpva0xSthT,The La's,4tCf15W7qHi3jE0PdljddW,The La's (Deluxe Edition),1990,album,0.594,0.617,7,-5.591,1,0.0429,0.512,0.0,0.0948,0.89,139.811,4,124400
3iviu41JXX6uUcfOPCHLrX,Failure - Mike Hedges Version,12,False,12,2,47Z8LEl3LnQkcpva0xSthT,The La's,4tCf15W7qHi3jE0PdljddW,The La's (Deluxe Edition),1990,album,0.427,0.901,4,-5.843,1,0.0498,0.779,0.0,0.167,0.442,91.456,3,187173
47PAOY9PdsVOEdgxZEjQ4C,Looking Glass - Mike Hedges Version,13,False,13,2,47Z8LEl3LnQkcpva0xSthT,The La's,4tCf15W7qHi3jE0PdljddW,The La's (Deluxe Edition),1990,album,0.474,0.477,1,-8.776,1,0.0385,0.879,0.115,0.155,0.255,170.866,4,443067
3x5E7Y5Lfv3OZe4n10Rl86,Doledrum - John Porter Mix Version,11,False,14,2,47Z8LEl3LnQkcpva0xSthT,The La's,4tCf15W7qHi3jE0PdljddW,The La's (Deluxe Edition),1990,album,0.471,0.809,2,-5.186,1,0.0314,0.0183,0.00365,0.0921,0.704,89.472,4,171907
1j2Y2wwoEGkZ8gbEtuNAYb,Way Out - Andy MacDonald Version,12,False,15,2,47Z8LEl3LnQkcpva0xSthT,The La's,4tCf15W7qHi3jE0PdljddW,The La's (Deluxe Edition),1990,album,0.513,0.833,3,-5.945,1,0.0585,0.225,0.0,0.232,0.654,96.33,3,158173
1H9Su2JmBQq35qb7ZkaoIn,There She Goes - John Leckie Version,22,False,16,2,47Z8LEl3LnQkcpva0xSthT,The La's,4tCf15W7qHi3jE0PdljddW,The La's (Deluxe Edition),1990,album,0.506,0.937,8,-5.713,1,0.0344,0.0654,1.13e-05,0.0425,0.89,121.437,4,163667
6CRAiMNb3qVOoUtTbC9YrF,Feelin' - Bob Andrews Version,11,False,18,2,47Z8LEl3LnQkcpva0xSthT,The La's,4tCf15W7qHi3jE0PdljddW,The La's (Deluxe Edition),1990,album,0.594,0.858,1,-8.193,0,0.0671,0.00699,0.506,0.0636,0.764,174.464,4,112373
67LXJTEcQV4AE9uai4EBR3,I Can't Sleep - Jeremy Allom Version,10,False,20,2,47Z8LEl3LnQkcpva0xSthT,The La's,4tCf15W7qHi3jE0PdljddW,The La's (Deluxe Edition),1990,album,0.464,0.938,9,-4.571,1,0.0516,0.111,2.14e-06,0.33,0.796,129.482,4,161067
7lju9PG1JjswUI3WJF1Rpg,Wall Of Glass - Live From Knebworth 22,34,False,3,1,6sN51vEARnAAdBw1IKZ8Q9,Liam Gallagher,2sRyjvUj76B4pID6usQqxS,Knebworth 22 (Live),2023-08-11,album,0.269,0.969,10,-3.48,1,0.0982,0.00112,0.00144,0.978,0.392,185.95,4,221314
4TuFczFTcX9wAf8ct8VZes,Shockwave - Live From Knebworth 22,30,True,4,1,6sN51vEARnAAdBw1IKZ8Q9,Liam Gallagher,2sRyjvUj76B4pID6usQqxS,Knebworth 22 (Live),2023-08-11,album,0.369,0.97,8,-3.23,0,0.0679,0.00612,0.0,0.989,0.445,125.965,4,216843
6QuTWZ7Us0vgW6DlAQLN23,More Power - Live From Knebworth 22,30,True,8,1,6sN51vEARnAAdBw1IKZ8Q9,Liam Gallagher,2sRyjvUj76B4pID6usQqxS,Knebworth 22 (Live),2023-08-11,album,0.302,0.827,6,-5.399,1,0.0393,0.0271,0.00266,0.678,0.173,81.001,4,296505
6Z32twjcTgsHqR1JXqmesT,C’mon You Know - Live From Knebworth 22,28,False,9,1,6sN51vEARnAAdBw1IKZ8Q9,Liam Gallagher,2sRyjvUj76B4pID6usQqxS,Knebworth 22 (Live),2023-08-11,album,0.234,0.954,1,-4.125,1,0.0563,0.000254,0.0016,0.826,0.226,105.976,4,308924
1BsaocFjb85lqRTTdk37pL,The River - Live From Knebworth 22,27,False,10,1,6sN51vEARnAAdBw1IKZ8Q9,Liam Gallagher,2sRyjvUj76B4pID6usQqxS,Knebworth 22 (Live),2023-08-11,album,0.444,0.906,5,-4.047,1,0.0436,0.000196,4.94e-06,0.944,0.0925,118.072,4,203413
0YuKZ1jiSCNBsNjw9JUzrI,Once - Live From Knebworth 22,31,False,11,1,6sN51vEARnAAdBw1IKZ8Q9,Liam Gallagher,2sRyjvUj76B4pID6usQqxS,Knebworth 22 (Live),2023-08-11,album,0.301,0.811,6,-5.327,1,0.0527,0.322,0.0,0.851,0.397,120.796,4,236379
1B2Tv9Z9aW5nHVnxskKsX9,Wall of Glass - Live from Down By The River Thames,20,False,2,1,6sN51vEARnAAdBw1IKZ8Q9,Liam Gallagher,6Xwv9fGN6ytPps8OC1NSoC,Down By The River Thames (Live),2022-05-26,album,0.27,0.916,7,-4.338,0,0.0799,0.00535,0.000256,0.245,0.545,186.036,4,217081
0eE6nyy6lCA7VPCua6ibAR,Halo - Live from Down By The River Thames,19,False,3,1,6sN51vEARnAAdBw1IKZ8Q9,Liam Gallagher,6Xwv9fGN6ytPps8OC1NSoC,Down By The River Thames (Live),2022-05-26,album,0.467,0.965,0,-3.934,1,0.0461,0.0254,5.39e-05,0.118,0.352,135.993,4,247683
3DWFOWYmrHl5woTo7KemSH,Shockwave - Live from Down By The River Thames,19,False,4,1,6sN51vEARnAAdBw1IKZ8Q9,Liam Gallagher,6Xwv9fGN6ytPps8OC1NSoC,Down By The River Thames (Live),2022-05-26,album,0.378,0.929,6,-2.876,1,0.0531,0.0155,0.0,0.563,0.452,124.049,4,208974
69VLUlvEW6ikdIAbmqaz3W,Why Me? Why Not. - Live from Down By The River Thames,21,False,7,1,6sN51vEARnAAdBw1IKZ8Q9,Liam Gallagher,6Xwv9fGN6ytPps8OC1NSoC,Down By The River Thames (Live),2022-05-26,album,0.281,0.871,5,-4.046,1,0.0453,0.00414,3.71e-06,0.265,0.394,171.857,4,212793
7fMY1Lx90LmQGJDwHzaUMe,Greedy Soul - Live from Down By The River Thames,20,True,8,1,6sN51vEARnAAdBw1IKZ8Q9,Liam Gallagher,6Xwv9fGN6ytPps8OC1NSoC,Down By The River Thames (Live),2022-05-26,album,0.401,0.974,6,-3.756,1,0.088,9.23e-05,0.0147,0.852,0.246,130.033,4,226917
6BBbWzyzNPwQhBnbsQkwiS,The River - Live from Down By The River Thames,19,False,9,1,6sN51vEARnAAdBw1IKZ8Q9,Liam Gallagher,6Xwv9fGN6ytPps8OC1NSoC,Down By The River Thames (Live),2022-05-26,album,0.423,0.882,5,-3.874,1,0.0456,0.00174,0.0,0.535,0.237,118.019,4,195822
6n3RcrxUZACiIilvmWMikX,Once - Live from Down By The River Thames,21,False,10,1,6sN51vEARnAAdBw1IKZ8Q9,Liam Gallagher,6Xwv9fGN6ytPps8OC1NSoC,Down By The River Thames (Live),2022-05-26,album,0.385,0.645,6,-5.407,1,0.0311,0.108,0.0,0.343,0.373,122.652,4,213294
2OfPfAgkHRLVkGLonj2c4m,Wall Of Glass - MTV Unplugged Live at Hull City Hall,30,False,1,1,6sN51vEARnAAdBw1IKZ8Q9,Liam Gallagher,3Yna0ZkmP28HOjW6TqrXWp,MTV Unplugged (Live At Hull City Hall),2020-06-12,album,0.487,0.81,7,-5.694,0,0.0264,0.0569,4.71e-05,0.946,0.394,93.04,4,249463
4UrUgpyjt6SCShhZXEHt8o,Now That I've Found You - MTV Unplugged Live at Hull City Hall,32,False,3,1,6sN51vEARnAAdBw1IKZ8Q9,Liam Gallagher,3Yna0ZkmP28HOjW6TqrXWp,MTV Unplugged (Live At Hull City Hall),2020-06-12,album,0.513,0.735,5,-5.366,1,0.0292,0.373,5.84e-05,0.74,0.475,128.145,4,209823
3izy0mvgM6UV5vHOxJEbkS,One of Us - MTV Unplugged Live at Hull City Hall,31,False,4,1,6sN51vEARnAAdBw1IKZ8Q9,Liam Gallagher,3Yna0ZkmP28HOjW6TqrXWp,MTV Unplugged (Live At Hull City Hall),2020-06-12,album,0.394,0.708,5,-5.422,0,0.0288,0.274,0.000353,0.634,0.473,89.969,4,212833
6BwLQxG3MWVW240OG88sIo,Once - MTV Unplugged Live at Hull City Hall,32,True,8,1,6sN51vEARnAAdBw1IKZ8Q9,Liam Gallagher,3Yna0ZkmP28HOjW6TqrXWp,MTV Unplugged (Live At Hull City Hall),2020-06-12,album,0.253,0.577,6,-5.536,1,0.0322,0.394,0.0,0.908,0.302,60.286,4,235908
5ygqjSkwZ3TsxYeHjS6L4f,Gone - MTV Unplugged Live at Hull City Hall,27,False,9,1,6sN51vEARnAAdBw1IKZ8Q9,Liam Gallagher,3Yna0ZkmP28HOjW6TqrXWp,MTV Unplugged (Live At Hull City Hall),2020-06-12,album,0.435,0.707,2,-4.719,1,0.0321,0.00758,0.0002,0.83,0.469,109.677,3,234209
1Ct9Ttvrb9QkWw0j4HBlGb,Now That I've Found You - Acoustic,29,False,2,1,6sN51vEARnAAdBw1IKZ8Q9,Liam Gallagher,7ysbA7zuaHU2AA7ybLdYd9,Acoustic Sessions,2020-01-31,album,0.601,0.622,10,-3.995,1,0.0271,0.451,0.0,0.105,0.411,127.948,4,202608
3IMtrE4dcsl2QRoFL8ObpG,Alright Now - Acoustic,26,False,3,1,6sN51vEARnAAdBw1IKZ8Q9,Liam Gallagher,7ysbA7zuaHU2AA7ybLdYd9,Acoustic Sessions,2020-01-31,album,0.553,0.537,4,-4.318,0,0.0256,0.611,0.0,0.132,0.33,79.997,4,220409
67zRzmAToe9zcAESz4bOCb,Once - Acoustic,29,False,6,1,6sN51vEARnAAdBw1IKZ8Q9,Liam Gallagher,7ysbA7zuaHU2AA7ybLdYd9,Acoustic Sessions,2020-01-31,album,0.301,0.458,6,-3.912,1,0.0302,0.598,0.0,0.0977,0.2,86.348,3,207439
2QwAWSUEQpfrKgTQBZtIbf,Meadow - Acoustic,25,False,7,1,6sN51vEARnAAdBw1IKZ8Q9,Liam Gallagher,7ysbA7zuaHU2AA7ybLdYd9,Acoustic Sessions,2020-01-31,album,0.529,0.57,0,-6.415,1,0.024,0.227,3.77e-06,0.248,0.209,82.977,4,211433
63p5RMttPCSKESJoTDBzyR,Once - Demo; Acoustic,24,False,8,1,6sN51vEARnAAdBw1IKZ8Q9,Liam Gallagher,7ysbA7zuaHU2AA7ybLdYd9,Acoustic Sessions,2020-01-31,album,0.627,0.41,6,-6.287,1,0.0316,0.519,0.0,0.119,0.203,110.039,4,231330
2zFYl6A9CuE2xd1lq0Ui65,"The Nearer The Fountain, More Pure The Stream Flows",18,False,1,1,0O98jlCaPzvsoei6U5jfEL,Damon Albarn,7qataDVaY46Viua1YVgbsj,"The Nearer The Fountain, More Pure The Stream Flows (Deluxe)",2022-04-08,album,0.141,0.326,9,-12.005,0,0.0366,0.921,0.15,0.651,0.0389,57.536,3,300120
4efSAL9u428pIneB5wl0cj,The Cormorant,17,False,2,1,0O98jlCaPzvsoei6U5jfEL,Damon Albarn,7qataDVaY46Viua1YVgbsj,"The Nearer The Fountain, More Pure The Stream Flows (Deluxe)",2022-04-08,album,0.656,0.53,5,-9.911,0,0.0281,0.451,0.0932,0.418,0.412,100.628,4,261293
5EndSIX5a5sG8Aio1lGvdc,Royal Morning Blue,19,False,3,1,0O98jlCaPzvsoei6U5jfEL,Damon Albarn,7qataDVaY46Viua1YVgbsj,"The Nearer The Fountain, More Pure The Stream Flows (Deluxe)",2022-04-08,album,0.643,0.744,4,-8.689,0,0.0283,0.0241,0.0133,0.289,0.655,126.074,4,191973
0beLhxRbkDqPagfMUc1LNi,Combustion,14,False,4,1,0O98jlCaPzvsoei6U5jfEL,Damon Albarn,7qataDVaY46Viua1YVgbsj,"The Nearer The Fountain, More Pure The Stream Flows (Deluxe)",2022-04-08,album,0.241,0.774,7,-8.422,0,0.0498,0.515,0.537,0.127,0.162,146.009,4,172720
2LFnAJlIwuQph98Ui24h9k,Daft Wader,14,False,5,1,0O98jlCaPzvsoei6U5jfEL,Damon Albarn,7qataDVaY46Viua1YVgbsj,"The Nearer The Fountain, More Pure The Stream Flows (Deluxe)",2022-04-08,album,0.267,0.336,6,-10.169,0,0.0352,0.839,0.29,0.0972,0.0395,120.171,4,208320
01ypTYALci3Gch2rrkSz9w,Darkness To Light,15,False,6,1,0O98jlCaPzvsoei6U5jfEL,Damon Albarn,7qataDVaY46Viua1YVgbsj,"The Nearer The Fountain, More Pure The Stream Flows (Deluxe)",2022-04-08,album,0.457,0.391,10,-8.265,1,0.029,0.742,0.00844,0.151,0.383,66.992,4,179373
2L4G5YQlGgIiqE2PeShvTB,Esja,13,False,7,1,0O98jlCaPzvsoei6U5jfEL,Damon Albarn,7qataDVaY46Viua1YVgbsj,"The Nearer The Fountain, More Pure The Stream Flows (Deluxe)",2022-04-08,album,0.456,0.844,0,-9.821,1,0.0625,0.971,0.942,0.604,0.0622,143.246,4,220893
0ZRPVT2dquXGuuBoRdybdr,The Tower Of Montevideo,14,False,8,1,0O98jlCaPzvsoei6U5jfEL,Damon Albarn,7qataDVaY46Viua1YVgbsj,"The Nearer The Fountain, More Pure The Stream Flows (Deluxe)",2022-04-08,album,0.637,0.68,0,-8.426,1,0.0301,0.589,0.0295,0.314,0.377,113.043,4,259120
3MWxMMfrAvhe7YJA4OUMBp,Giraffe Trumpet Sea,13,False,9,1,0O98jlCaPzvsoei6U5jfEL,Damon Albarn,7qataDVaY46Viua1YVgbsj,"The Nearer The Fountain, More Pure The Stream Flows (Deluxe)",2022-04-08,album,0.471,0.291,7,-11.73,0,0.0251,0.818,0.0293,0.176,0.15,82.433,4,111160
75wlg4gUdxHcVqmND27Pcf,Polaris,17,False,10,1,0O98jlCaPzvsoei6U5jfEL,Damon Albarn,7qataDVaY46Viua1YVgbsj,"The Nearer The Fountain, More Pure The Stream Flows (Deluxe)",2022-04-08,album,0.51,0.735,7,-8.482,1,0.0295,0.0594,0.0571,0.218,0.0984,124.021,4,284933
2TT5VO67ce4epdWTXAeDLH,Particles,13,False,11,1,0O98jlCaPzvsoei6U5jfEL,Damon Albarn,7qataDVaY46Viua1YVgbsj,"The Nearer The Fountain, More Pure The Stream Flows (Deluxe)",2022-04-08,album,0.239,0.43,9,-11.973,1,0.0359,0.762,0.0275,0.257,0.115,117.377,4,200253
4wvZWR45Tqn4385kdIBwSn,"The Nearer The Fountain, More Pure The Stream Flows - Live At Union Chapel",15,False,1,2,0O98jlCaPzvsoei6U5jfEL,Damon Albarn,7qataDVaY46Viua1YVgbsj,"The Nearer The Fountain, More Pure The Stream Flows (Deluxe)",2022-04-08,album,0.135,0.324,9,-9.618,0,0.0338,0.439,0.172,0.713,0.039,172.903,3,231987
5R7HQSwkShXWgQ6VAnrQn0,The Cormorant - Live At Union Chapel,14,False,2,2,0O98jlCaPzvsoei6U5jfEL,Damon Albarn,7qataDVaY46Viua1YVgbsj,"The Nearer The Fountain, More Pure The Stream Flows (Deluxe)",2022-04-08,album,0.372,0.353,5,-11.269,0,0.0436,0.85,0.00342,0.802,0.184,66.583,4,169080
5EdHDqMsHSxvIVpSI9hm2K,Royal Morning Blue - Live At Union Chapel,15,False,3,2,0O98jlCaPzvsoei6U5jfEL,Damon Albarn,7qataDVaY46Viua1YVgbsj,"The Nearer The Fountain, More Pure The Stream Flows (Deluxe)",2022-04-08,album,0.324,0.625,0,-8.132,1,0.0348,0.566,0.0864,0.953,0.14,129.283,4,229893
1A0RcCm7Kcj6LCE0YauFhd,Daft Wader - Live At Union Chapel,13,False,4,2,0O98jlCaPzvsoei6U5jfEL,Damon Albarn,7qataDVaY46Viua1YVgbsj,"The Nearer The Fountain, More Pure The Stream Flows (Deluxe)",2022-04-08,album,0.275,0.246,11,-10.781,1,0.032,0.129,0.0199,0.415,0.0718,109.499,4,174707
7tWF3J6PtaDzBacyOANEJH,Darkness To Light - Live At Union Chapel,14,False,5,2,0O98jlCaPzvsoei6U5jfEL,Damon Albarn,7qataDVaY46Viua1YVgbsj,"The Nearer The Fountain, More Pure The Stream Flows (Deluxe)",2022-04-08,album,0.329,0.556,10,-7.839,1,0.0341,0.454,0.268,0.744,0.444,140.491,3,140147
1ZiAxp7CB9JocLFb8RQnAg,The Tower Of Montevideo - Live At Union Chapel,12,False,6,2,0O98jlCaPzvsoei6U5jfEL,Damon Albarn,7qataDVaY46Viua1YVgbsj,"The Nearer The Fountain, More Pure The Stream Flows (Deluxe)",2022-04-08,album,0.515,0.449,0,-8.551,1,0.0345,0.477,0.597,0.978,0.153,125.323,4,244707
0ihNE1VRgHyYoGKJqA8v4r,Polaris - Live At Union Chapel,13,False,7,2,0O98jlCaPzvsoei6U5jfEL,Damon Albarn,7qataDVaY46Viua1YVgbsj,"The Nearer The Fountain, More Pure The Stream Flows (Deluxe)",2022-04-08,album,0.334,0.632,7,-5.768,1,0.0341,0.0667,0.0121,0.898,0.288,131.652,4,238080
626A3UwssBCQVZEJLqcqq3,Particles - Live At Union Chapel,13,False,8,2,0O98jlCaPzvsoei6U5jfEL,Damon Albarn,7qataDVaY46Viua1YVgbsj,"The Nearer The Fountain, More Pure The Stream Flows (Deluxe)",2022-04-08,album,0.177,0.329,9,-12.518,1,0.0342,0.495,0.057,0.56,0.0997,87.197,3,199400
2hkqoQX57sf7oDwZ0XJ9Wc,"The Nearer The Fountain, More Pure The Stream Flows - Instrumentals",11,False,1,3,0O98jlCaPzvsoei6U5jfEL,Damon Albarn,7qataDVaY46Viua1YVgbsj,"The Nearer The Fountain, More Pure The Stream Flows (Deluxe)",2022-04-08,album,0.267,0.401,9,-16.389,0,0.0489,0.613,0.928,0.203,0.0342,95.365,4,311760
3KFzce9E84jzLJy2AmfyBp,The Cormorant - Instrumentals,9,False,2,3,0O98jlCaPzvsoei6U5jfEL,Damon Albarn,7qataDVaY46Viua1YVgbsj,"The Nearer The Fountain, More Pure The Stream Flows (Deluxe)",2022-04-08,album,0.532,0.467,5,-13.372,0,0.0444,0.362,0.447,0.155,0.491,201.059,4,263840
25P9aAlmpgX6ke6HWQlZxe,Royal Morning Blue - Instrumentals,9,False,3,3,0O98jlCaPzvsoei6U5jfEL,Damon Albarn,7qataDVaY46Viua1YVgbsj,"The Nearer The Fountain, More Pure The Stream Flows (Deluxe)",2022-04-08,album,0.733,0.802,4,-9.734,0,0.0318,0.00163,0.878,0.217,0.372,125.975,4,196680
1qqQh0hUg600DNYBM3nios,Daft Wader - Instrumentals,8,False,4,3,0O98jlCaPzvsoei6U5jfEL,Damon Albarn,7qataDVaY46Viua1YVgbsj,"The Nearer The Fountain, More Pure The Stream Flows (Deluxe)",2022-04-08,album,0.236,0.356,6,-13.198,0,0.0358,0.736,0.962,0.09,0.0391,72.755,3,209707
3tyPJk1zACfbKaaEGa8jvF,Darkness To Light - Instrumentals,10,False,5,3,0O98jlCaPzvsoei6U5jfEL,Damon Albarn,7qataDVaY46Viua1YVgbsj,"The Nearer The Fountain, More Pure The Stream Flows (Deluxe)",2022-04-08,album,0.354,0.355,10,-10.558,1,0.0349,0.75,0.778,0.0669,0.312,201.197,3,190733
1GRrJ0aNjYFuoXFPVVJ4rt,The Tower Of Montevideo - Instrumentals,9,False,6,3,0O98jlCaPzvsoei6U5jfEL,Damon Albarn,7qataDVaY46Viua1YVgbsj,"The Nearer The Fountain, More Pure The Stream Flows (Deluxe)",2022-04-08,album,0.671,0.629,0,-9.215,1,0.0287,0.569,0.22,0.312,0.345,113.032,4,261147
2XyQpGOVzofIIkl5XoqzX7,Polaris - Instrumentals,7,False,7,3,0O98jlCaPzvsoei6U5jfEL,Damon Albarn,7qataDVaY46Viua1YVgbsj,"The Nearer The Fountain, More Pure The Stream Flows (Deluxe)",2022-04-08,album,0.562,0.673,7,-10.589,1,0.0302,0.00754,0.93,0.0974,0.142,123.995,4,289120
018yooV91h3zBqMCQiIyiZ,Particles - Instrumentals,8,False,8,3,0O98jlCaPzvsoei6U5jfEL,Damon Albarn,7qataDVaY46Viua1YVgbsj,"The Nearer The Fountain, More Pure The Stream Flows (Deluxe)",2022-04-08,album,0.252,0.302,9,-17.703,1,0.0359,0.678,0.919,0.185,0.137,129.568,4,200800
6lMsP0PGT51xCpZTSNbb8n,Save the Whale - Mister Deltoid Remix,7,False,1,1,13W7XLRXdWeLmIu9vacE1w,Jarvis Cocker,5BlZRjBs0oMeAFHAmPJPAw,REMIX ED,2021-11-26,album,0.792,0.395,2,-13.442,1,0.0967,0.0499,0.76,0.0976,0.614,170.02,4,468893
2MuUHK1E7lvbMSmQzJmktq,Must I Evolve? - David Holmes & Keefus Ciancia’s Unloved Rework,6,False,2,1,13W7XLRXdWeLmIu9vacE1w,Jarvis Cocker,5BlZRjBs0oMeAFHAmPJPAw,REMIX ED,2021-11-26,album,0.375,0.877,0,-4.569,1,0.0704,0.00919,0.00162,0.285,0.209,173.167,4,404307
4V97Eey49LDjNTiwRitUNF,Am I Missing Something? - Pilooski /Jayvich Late Night Mix,3,False,3,1,13W7XLRXdWeLmIu9vacE1w,Jarvis Cocker,5BlZRjBs0oMeAFHAmPJPAw,REMIX ED,2021-11-26,album,0.78,0.623,7,-8.32,1,0.134,0.435,0.0048,0.12,0.583,115.038,4,294800
40tPpy1c4pWAQyUF0yILNv,House Music All Night Long - Hot Chip Remix,7,False,4,1,13W7XLRXdWeLmIu9vacE1w,Jarvis Cocker,5BlZRjBs0oMeAFHAmPJPAw,REMIX ED,2021-11-26,album,0.721,0.854,0,-7.573,0,0.0462,0.000859,0.626,0.139,0.483,118.004,4,497307
1PK9wJeanvopzWYyZXqlMN,House Music All Night Long - Greg Wilson & Ché Wilson Remix,3,False,5,1,13W7XLRXdWeLmIu9vacE1w,Jarvis Cocker,5BlZRjBs0oMeAFHAmPJPAw,REMIX ED,2021-11-26,album,0.799,0.91,5,-8.082,0,0.0919,0.00659,0.599,0.0635,0.831,116.016,4,436304
0BrEFlBGSAW5HoH9lUDOIl,Swanky Modes - Dennis Bovell DubMix,4,False,7,1,13W7XLRXdWeLmIu9vacE1w,Jarvis Cocker,5BlZRjBs0oMeAFHAmPJPAw,REMIX ED,2021-11-26,album,0.653,0.317,9,-13.685,0,0.0352,0.0169,0.895,0.0852,0.112,132.09,4,269855
6QoJp5SSBgMs8knvSWUVFF,Children of the Echo - Tam Tam Hidrogenesse Remix,4,False,8,1,13W7XLRXdWeLmIu9vacE1w,Jarvis Cocker,5BlZRjBs0oMeAFHAmPJPAw,REMIX ED,2021-11-26,album,0.675,0.782,6,-7.755,0,0.0348,0.00694,0.174,0.0734,0.715,117.021,4,492280
0atAYc5XeJoblbnkeA3mB7,Room 29 (Reprise),11,False,15,1,13W7XLRXdWeLmIu9vacE1w,Jarvis Cocker,4RDCBFgMn7NdHT82hwzbXT,Room 29,2017-03-17,album,0.388,0.0279,5,-27.771,1,0.094,0.985,0.777,0.652,0.305,80.545,4,130841
5P2A9LhEfcbBFkEqryosTu,Avalanche (Terminal Velocity) - Canblaster Remix,2,False,3,1,13W7XLRXdWeLmIu9vacE1w,Jarvis Cocker,3eWyzQlNmJFz3SGarA6f7a,Avalanche (Terminal Velocity),2011-09-05,album,0.666,0.976,6,-6.923,0,0.0842,0.0109,0.345,0.0732,0.333,129.006,4,405760
7twV6oJChgevMWd8UB5mu5,Avalanche (Terminal Velocity) - Ewan Pearson's Deeper Underground Re-Version,1,False,4,1,13W7XLRXdWeLmIu9vacE1w,Jarvis Cocker,3eWyzQlNmJFz3SGarA6f7a,Avalanche (Terminal Velocity),2011-09-05,album,0.719,0.864,1,-10.52,1,0.0502,0.00828,0.66,0.0829,0.81,123.994,4,462566
3IYuYpzCoxXVQwGMQ7FEmL,Avalanche (Terminal Velocity) - Ewan Pearson's Hall Of The Mountain King Remix,1,False,5,1,13W7XLRXdWeLmIu9vacE1w,Jarvis Cocker,3eWyzQlNmJFz3SGarA6f7a,Avalanche (Terminal Velocity),2011-09-05,album,0.741,0.755,1,-9.831,1,0.0445,0.0011,0.805,0.0799,0.683,124.002,4,459058
3EJhuwvFm5iAelB5gAeWGd,Avalanche (Terminal Velocity) - Canblaster Dub,1,False,6,1,13W7XLRXdWeLmIu9vacE1w,Jarvis Cocker,3eWyzQlNmJFz3SGarA6f7a,Avalanche (Terminal Velocity),2011-09-05,album,0.44,0.99,6,-6.012,0,0.0916,0.0155,0.651,0.123,0.253,128.891,4,366710
6LiKLk1W0h1iWGV4F7oZO9,Avalanche (Terminal Velocity) - Ewan Pearson's Deeper Underground Dub,5,False,7,1,13W7XLRXdWeLmIu9vacE1w,Jarvis Cocker,3eWyzQlNmJFz3SGarA6f7a,Avalanche (Terminal Velocity),2011-09-05,album,0.759,0.85,1,-10.349,1,0.0535,0.0101,0.873,0.0745,0.715,123.993,4,461781
0RUIsAVdg58zV0wGUy98k5,The Loss Adjuster - Excerpt Pt. 1,0,False,2,1,13W7XLRXdWeLmIu9vacE1w,Jarvis Cocker,5iLnPlwgABjoDbpxyD6eu7,Jarvis (2020 Complete Edition),2006,album,0.612,0.00824,2,-25.185,1,0.0875,0.942,0.948,0.106,0.0,67.718,4,27173
3a9KGm07KS9LgO2veW3GkZ,Don't Let Him Waste Your Time,0,False,3,1,13W7XLRXdWeLmIu9vacE1w,Jarvis Cocker,5iLnPlwgABjoDbpxyD6eu7,Jarvis (2020 Complete Edition),2006,album,0.473,0.864,4,-3.816,1,0.0284,0.0138,0.000109,0.163,0.537,79.987,4,249707
6GEkxlE7lveRqo85HS9HQ4,Black Magic,0,False,4,1,13W7XLRXdWeLmIu9vacE1w,Jarvis Cocker,5iLnPlwgABjoDbpxyD6eu7,Jarvis (2020 Complete Edition),2006,album,0.43,0.73,11,-4.946,1,0.0618,0.0253,0.000237,0.144,0.443,176.794,4,261693
7h6YUwDTHr2gxkEyYCQKWG,Heavy Weather,0,False,5,1,13W7XLRXdWeLmIu9vacE1w,Jarvis Cocker,5iLnPlwgABjoDbpxyD6eu7,Jarvis (2020 Complete Edition),2006,album,0.466,0.818,7,-4.397,1,0.0477,0.00384,0.000694,0.141,0.268,116.84,4,229547
0QFLseoT5sL3NadXCNQDpJ,I Will Kill Again,0,False,6,1,13W7XLRXdWeLmIu9vacE1w,Jarvis Cocker,5iLnPlwgABjoDbpxyD6eu7,Jarvis (2020 Complete Edition),2006,album,0.288,0.265,10,-9.343,1,0.0311,0.722,0.00071,0.107,0.19,169.391,4,225213
4pbiaBCbLVdMRI3XQryMap,Baby's Coming Back to Me,0,False,7,1,13W7XLRXdWeLmIu9vacE1w,Jarvis Cocker,5iLnPlwgABjoDbpxyD6eu7,Jarvis (2020 Complete Edition),2006,album,0.461,0.31,0,-11.577,1,0.0494,0.894,0.000381,0.113,0.439,167.96,4,249040
5JsVlXDFbiSzWIZ7cbxwEg,Fat Children,0,False,8,1,13W7XLRXdWeLmIu9vacE1w,Jarvis Cocker,5iLnPlwgABjoDbpxyD6eu7,Jarvis (2020 Complete Edition),2006,album,0.408,0.917,7,-3.193,1,0.0551,4.97e-05,0.0325,0.196,0.537,164.102,4,203480
1pTVZBydlK11GolyeomYX0,From Auschwitz to Ipswich,0,False,9,1,13W7XLRXdWeLmIu9vacE1w,Jarvis Cocker,5iLnPlwgABjoDbpxyD6eu7,Jarvis (2020 Complete Edition),2006,album,0.565,0.533,2,-9.643,1,0.038,0.339,0.00727,0.102,0.537,119.772,4,229147
5xkhM5MbThk2cY0TohwfKa,Disney Time,0,False,10,1,13W7XLRXdWeLmIu9vacE1w,Jarvis Cocker,5iLnPlwgABjoDbpxyD6eu7,Jarvis (2020 Complete Edition),2006,album,0.423,0.447,9,-8.786,0,0.0257,0.646,0.62,0.175,0.172,77.789,4,184813
4HuYzZH0qdXqL3Mar14WQd,Tonite,0,False,11,1,13W7XLRXdWeLmIu9vacE1w,Jarvis Cocker,5iLnPlwgABjoDbpxyD6eu7,Jarvis (2020 Complete Edition),2006,album,0.524,0.747,0,-5.795,1,0.0273,0.000934,0.00835,0.332,0.48,97.238,4,236280
7I3PflOVt7czjMtQuLktvA,Big Julie,0,False,12,1,13W7XLRXdWeLmIu9vacE1w,Jarvis Cocker,5iLnPlwgABjoDbpxyD6eu7,Jarvis (2020 Complete Edition),2006,album,0.424,0.356,0,-8.459,1,0.0425,0.744,0.0,0.191,0.243,160.207,4,281947
6KHJ5xLKzMOcFOrz6mNyMG,The Loss Adjuster - Excerpt Pt. 2,0,False,13,1,13W7XLRXdWeLmIu9vacE1w,Jarvis Cocker,5iLnPlwgABjoDbpxyD6eu7,Jarvis (2020 Complete Edition),2006,album,0.444,0.0168,2,-24.689,1,0.0554,0.959,0.868,0.114,0.0,86.194,5,29947
5Wdtxe8gmMmiNGQqYDw6W5,Quantum Theory,0,False,14,1,13W7XLRXdWeLmIu9vacE1w,Jarvis Cocker,5iLnPlwgABjoDbpxyD6eu7,Jarvis (2020 Complete Edition),2006,album,0.469,0.191,9,-11.378,1,0.0274,0.626,0.0326,0.108,0.0594,95.967,4,277613
4CrJQgsqXTWMZKLD8lfvFf,Don't Let Him Waste Your Time,0,False,2,1,13W7XLRXdWeLmIu9vacE1w,Jarvis Cocker,2KUUuIUMf6J9KcYcUhrYYN,Jarvis (Réédition Digitale),2006,album,0.479,0.865,4,-3.805,1,0.029,0.015,0.000302,0.273,0.556,79.983,4,255427
5d2fr78JzuRnNcuTe67PWk,Black Magic,0,False,3,1,13W7XLRXdWeLmIu9vacE1w,Jarvis Cocker,2KUUuIUMf6J9KcYcUhrYYN,Jarvis (Réédition Digitale),2006,album,0.42,0.722,11,-4.772,1,0.0655,0.0322,0.000162,0.143,0.367,176.867,4,261693
2uzyBau8GcLfulX3LlkNpd,Heavy Weather,0,False,4,1,13W7XLRXdWeLmIu9vacE1w,Jarvis Cocker,2KUUuIUMf6J9KcYcUhrYYN,Jarvis (Réédition Digitale),2006,album,0.459,0.833,7,-4.204,1,0.0469,0.00317,0.000561,0.142,0.259,116.828,4,229547
3FifAyerT5tKM7NMyseBYX,I Will Kill Again,0,False,5,1,13W7XLRXdWeLmIu9vacE1w,Jarvis Cocker,2KUUuIUMf6J9KcYcUhrYYN,Jarvis (Réédition Digitale),2006,album,0.288,0.275,10,-9.21,1,0.0294,0.718,0.00066,0.106,0.218,169.031,4,225213
6WHIrS5fikonh45HTRafC0,Baby's Coming Back To Me,0,False,6,1,13W7XLRXdWeLmIu9vacE1w,Jarvis Cocker,2KUUuIUMf6J9KcYcUhrYYN,Jarvis (Réédition Digitale),2006,album,0.465,0.312,0,-11.461,1,0.0458,0.896,0.000613,0.108,0.409,165.982,4,249040
08TUCfYyLJZMNZ8g3TEyJl,Fat Children,0,False,7,1,13W7XLRXdWeLmIu9vacE1w,Jarvis Cocker,2KUUuIUMf6J9KcYcUhrYYN,Jarvis (Réédition Digitale),2006,album,0.408,0.926,7,-3.056,1,0.0527,3.97e-05,0.0287,0.172,0.52,164.181,4,203480
6VTVmhiYMo8zW6hRz8l2Ej,From Auschwitz To Ipswich,0,False,8,1,13W7XLRXdWeLmIu9vacE1w,Jarvis Cocker,2KUUuIUMf6J9KcYcUhrYYN,Jarvis (Réédition Digitale),2006,album,0.566,0.531,2,-9.486,1,0.0378,0.321,0.00297,0.102,0.553,119.514,4,229147
1rzcnNajVzm92FbNtwjOYa,Disney Time,0,False,9,1,13W7XLRXdWeLmIu9vacE1w,Jarvis Cocker,2KUUuIUMf6J9KcYcUhrYYN,Jarvis (Réédition Digitale),2006,album,0.423,0.466,7,-8.508,1,0.0257,0.634,0.687,0.186,0.107,77.841,4,184813
1EM0XJH7zE0IKFWDk1UntR,Tonite,0,False,10,1,13W7XLRXdWeLmIu9vacE1w,Jarvis Cocker,2KUUuIUMf6J9KcYcUhrYYN,Jarvis (Réédition Digitale),2006,album,0.528,0.751,0,-5.665,1,0.0271,0.000759,0.00567,0.33,0.425,97.142,4,236280
6GOblXPCmUOhifR2VMaoYX,Big Julie,0,False,11,1,13W7XLRXdWeLmIu9vacE1w,Jarvis Cocker,2KUUuIUMf6J9KcYcUhrYYN,Jarvis (Réédition Digitale),2006,album,0.42,0.368,0,-8.36,1,0.0412,0.704,0.0,0.171,0.277,160.715,4,281947
5bwx3Nyf7j0CMyAiUEEPWI,Quantum Theory,0,False,13,1,13W7XLRXdWeLmIu9vacE1w,Jarvis Cocker,2KUUuIUMf6J9KcYcUhrYYN,Jarvis (Réédition Digitale),2006,album,0.0,2.01e-05,0,-7.494,1,0.0,0.354,9.62e-05,0.103,0.0,0.0,0,2063547
7M1q6tr7Nn6UXS2cMNxSQD,"Unsung (Live at Koko, London)",2,False,1,1,0ndVVO80abvgGgjv2ICzct,Brett Anderson,3imBc5l9Ma7c3EwREV4my1,"Live at Koko, 2011",2011-10-12,album,0.453,0.677,11,-7.583,0,0.0357,0.000257,0.839,0.448,0.305,112.907,5,238053
24Emt8POtUanVwQzScdBzZ,"Wheatfields (Live at Koko, London)",1,False,2,1,0ndVVO80abvgGgjv2ICzct,Brett Anderson,3imBc5l9Ma7c3EwREV4my1,"Live at Koko, 2011",2011-10-12,album,0.165,0.754,6,-6.804,1,0.0459,3.86e-05,0.823,0.248,0.0707,109.925,4,254907
0I2YN4XeZubrhy44W7bfWx,"The Exiles (Live at Koko, London)",1,False,3,1,0ndVVO80abvgGgjv2ICzct,Brett Anderson,3imBc5l9Ma7c3EwREV4my1,"Live at Koko, 2011",2011-10-12,album,0.25,0.886,3,-6.206,0,0.0924,0.0016,0.849,0.433,0.248,128.836,4,237293
3Z9EliKYOWp9CG39PxO4S0,"Actors (Live at Koko, London)",1,False,4,1,0ndVVO80abvgGgjv2ICzct,Brett Anderson,3imBc5l9Ma7c3EwREV4my1,"Live at Koko, 2011",2011-10-12,album,0.148,0.944,2,-5.716,0,0.117,0.000389,0.919,0.747,0.147,148.784,4,246347
3b8fKQYpFdqXZvHlobScWd,"Ashes of Us (Live at Koko, London)",1,False,5,1,0ndVVO80abvgGgjv2ICzct,Brett Anderson,3imBc5l9Ma7c3EwREV4my1,"Live at Koko, 2011",2011-10-12,album,0.35,0.505,0,-8.735,0,0.0277,0.04,0.444,0.487,0.18,74.603,4,285227
4Z5bbtQzljyU6Y51N1iXAD,"The Hunted (Live at Koko, London)",1,False,6,1,0ndVVO80abvgGgjv2ICzct,Brett Anderson,3imBc5l9Ma7c3EwREV4my1,"Live at Koko, 2011",2011-10-12,album,0.133,0.861,8,-7.698,0,0.0572,0.000317,0.385,0.549,0.248,166.422,4,223173
179vPpOxFtRDYafi447Ixz,"Julian's Eyes (Live at Koko, London)",1,False,7,1,0ndVVO80abvgGgjv2ICzct,Brett Anderson,3imBc5l9Ma7c3EwREV4my1,"Live at Koko, 2011",2011-10-12,album,0.357,0.891,9,-7.0,0,0.0479,7.71e-06,0.718,0.627,0.337,87.622,4,192987
0AYmrCeGvNWuE816ffnwg0,"Thin Men Dancing (Live at Koko, London)",1,False,8,1,0ndVVO80abvgGgjv2ICzct,Brett Anderson,3imBc5l9Ma7c3EwREV4my1,"Live at Koko, 2011",2011-10-12,album,0.282,0.884,3,-6.154,0,0.0589,7.04e-05,0.782,0.136,0.224,126.884,4,214880
4SnUJ2ZkKD3PpLASvPKjTU,"In the House of Numbers (Live at Koko, London)",0,False,10,1,0ndVVO80abvgGgjv2ICzct,Brett Anderson,3imBc5l9Ma7c3EwREV4my1,"Live at Koko, 2011",2011-10-12,album,0.324,0.934,2,-7.176,1,0.0673,1.34e-05,0.881,0.551,0.186,120.969,4,261240
0YRHtmi70jmxCx8OyUtykD,"The Swans (Live at Koko, London)",1,False,11,1,0ndVVO80abvgGgjv2ICzct,Brett Anderson,3imBc5l9Ma7c3EwREV4my1,"Live at Koko, 2011",2011-10-12,album,0.187,0.919,2,-7.025,0,0.0718,8.34e-06,0.871,0.539,0.072,111.635,3,347627
0f7OkLwvOEIbXEodbLTLRK,"Brittle Heart (Live at Koko, London)",1,False,12,1,0ndVVO80abvgGgjv2ICzct,Brett Anderson,3imBc5l9Ma7c3EwREV4my1,"Live at Koko, 2011",2011-10-12,album,0.302,0.849,5,-7.868,1,0.0568,0.000106,0.882,0.934,0.0944,91.512,4,309760
6W08RdTj9gb1qfqhk5Z2PY,Scarecrows & Lilacs (Live) [Bonus Track],0,False,13,1,0ndVVO80abvgGgjv2ICzct,Brett Anderson,3imBc5l9Ma7c3EwREV4my1,"Live at Koko, 2011",2011-10-12,album,0.383,0.119,10,-18.273,1,0.0391,0.829,0.00166,0.177,0.0779,126.688,4,257160
6yp64gWnBLvxfBGv9og2Nh,Frozen Roads (Live) [Bonus Track],0,False,14,1,0ndVVO80abvgGgjv2ICzct,Brett Anderson,3imBc5l9Ma7c3EwREV4my1,"Live at Koko, 2011",2011-10-12,album,0.299,0.262,5,-13.574,0,0.0315,0.178,0.000707,0.201,0.305,135.244,4,263293
2UcyPODBcltzgaEaqKtnhw,Leave Me Sleeping (Live) [Bonus Track],0,False,15,1,0ndVVO80abvgGgjv2ICzct,Brett Anderson,3imBc5l9Ma7c3EwREV4my1,"Live at Koko, 2011",2011-10-12,album,0.253,0.362,7,-19.681,0,0.13,0.862,0.00011,0.783,0.376,77.709,4,202947
1ceFFNCVW17UiM9iIwra9x,Chinese Whispers (Live) [Bonus Track],0,False,16,1,0ndVVO80abvgGgjv2ICzct,Brett Anderson,3imBc5l9Ma7c3EwREV4my1,"Live at Koko, 2011",2011-10-12,album,0.352,0.155,2,-16.38,0,0.0398,0.441,4.98e-06,0.31,0.219,76.779,4,218467
2RId0yPDQUNhCS268NCPWH,A Different Place (Live) [Bonus Track],0,False,17,1,0ndVVO80abvgGgjv2ICzct,Brett Anderson,3imBc5l9Ma7c3EwREV4my1,"Live at Koko, 2011",2011-10-12,album,0.365,0.297,9,-14.577,0,0.034,0.68,0.000205,0.142,0.191,74.074,4,240000
0e5uog12zlIhiaH4BFiZTd,Funeral Mantra (Live) [Bonus Track],0,False,18,1,0ndVVO80abvgGgjv2ICzct,Brett Anderson,3imBc5l9Ma7c3EwREV4my1,"Live at Koko, 2011",2011-10-12,album,0.179,0.759,2,-7.974,1,0.0473,0.0123,0.0309,0.678,0.22,123.754,3,502880
0KLgecFcAosPQZ2NWzWaga,Unsung,0,False,1,1,0ndVVO80abvgGgjv2ICzct,Brett Anderson,2JC7Y78kgvD7VyiIJZjGZV,Black Rainbows,2011,album,0.231,0.743,2,-6.143,1,0.0386,0.00174,0.000961,0.343,0.355,82.045,4,251027
7fFZbu8nHNgBDMCQv5dWF3,Brittle Heart,0,False,2,1,0ndVVO80abvgGgjv2ICzct,Brett Anderson,2JC7Y78kgvD7VyiIJZjGZV,Black Rainbows,2011,album,0.451,0.872,5,-5.034,1,0.0351,0.00515,0.00026,0.295,0.403,86.919,4,249280
2eX5R75NOKtcrF0JGBHWFf,This Must Be Where It Ends,0,False,6,1,0ndVVO80abvgGgjv2ICzct,Brett Anderson,2JC7Y78kgvD7VyiIJZjGZV,Black Rainbows,2011,album,0.498,0.596,4,-5.941,1,0.0288,0.00075,0.0593,0.132,0.208,132.047,4,237280
0p9CnyeK8SpjjcDIFrBvMf,Unsung,4,False,1,1,0ndVVO80abvgGgjv2ICzct,Brett Anderson,0EWfyA1E1NePS648P2OL1c,Black Rainbows (Deluxe),2011,album,0.316,0.725,2,-6.489,1,0.0353,0.0016,0.000541,0.285,0.375,109.549,5,250507
4xTXeip97mckMGoC3fWelb,Brittle Heart,7,False,2,1,0ndVVO80abvgGgjv2ICzct,Brett Anderson,0EWfyA1E1NePS648P2OL1c,Black Rainbows (Deluxe),2011,album,0.447,0.873,5,-4.934,1,0.0355,0.00615,5.05e-05,0.32,0.404,86.93,4,249280
4OIpThoq9lVXsYQSMuHXn7,Crash About to Happen,10,False,3,1,0ndVVO80abvgGgjv2ICzct,Brett Anderson,0EWfyA1E1NePS648P2OL1c,Black Rainbows (Deluxe),2011,album,0.568,0.875,11,-3.687,0,0.0302,0.000988,4.63e-05,0.129,0.425,120.885,4,217387
2njcNANRSXFmf5lySOEOP0,I Count the Times,5,False,4,1,0ndVVO80abvgGgjv2ICzct,Brett Anderson,0EWfyA1E1NePS648P2OL1c,Black Rainbows (Deluxe),2011,album,0.27,0.921,6,-3.629,1,0.0441,0.0576,0.00265,0.338,0.381,198.843,4,228173
6bgzNqtkuGzoQXns93BMg1,The Exiles,3,False,5,1,0ndVVO80abvgGgjv2ICzct,Brett Anderson,0EWfyA1E1NePS648P2OL1c,Black Rainbows (Deluxe),2011,album,0.669,0.548,8,-7.232,1,0.0327,0.0292,0.000136,0.085,0.437,127.058,4,229827
5bBWYJpQuFcPEDSREAfPxR,This Must Be Where It Ends,5,False,6,1,0ndVVO80abvgGgjv2ICzct,Brett Anderson,0EWfyA1E1NePS648P2OL1c,Black Rainbows (Deluxe),2011,album,0.498,0.592,1,-6.276,0,0.0286,0.00127,0.0205,0.129,0.218,132.006,4,237280
5MpQPG6VKvDgoJruBqi3uq,Actors,3,False,7,1,0ndVVO80abvgGgjv2ICzct,Brett Anderson,0EWfyA1E1NePS648P2OL1c,Black Rainbows (Deluxe),2011,album,0.529,0.896,2,-4.175,0,0.0342,0.000485,0.000162,0.0668,0.645,140.242,4,216253
3BO6OawWDO6eCUW3PX9DOP,In the House of Numbers,5,False,8,1,0ndVVO80abvgGgjv2ICzct,Brett Anderson,0EWfyA1E1NePS648P2OL1c,Black Rainbows (Deluxe),2011,album,0.54,0.836,2,-6.186,1,0.0316,0.000316,1.67e-05,0.255,0.736,112.958,4,250240
7cNP23nPNJgFsLDMjybSGP,Thin Men Dancing,3,False,9,1,0ndVVO80abvgGgjv2ICzct,Brett Anderson,0EWfyA1E1NePS648P2OL1c,Black Rainbows (Deluxe),2011,album,0.544,0.885,8,-4.632,1,0.0299,0.00392,1.61e-06,0.0707,0.396,118.994,4,196973
48B7bGU0HllNS5a8Z7kGy7,Possession,2,False,10,1,0ndVVO80abvgGgjv2ICzct,Brett Anderson,0EWfyA1E1NePS648P2OL1c,Black Rainbows (Deluxe),2011,album,0.467,0.404,7,-9.089,1,0.0282,0.132,0.00925,0.0927,0.11,82.093,4,297320
5DBT2uRhxx8lAAAhEfgDFF,Brittle Heart (Radio Edit),1,False,14,1,0ndVVO80abvgGgjv2ICzct,Brett Anderson,0EWfyA1E1NePS648P2OL1c,Black Rainbows (Deluxe),2011,album,0.453,0.893,5,-5.478,1,0.0389,0.00455,2.25e-05,0.173,0.332,86.965,4,226133
7EFgvHVrqH4gSRgXPrqOVM,Brittle Heart (Instrumental),1,False,15,1,0ndVVO80abvgGgjv2ICzct,Brett Anderson,0EWfyA1E1NePS648P2OL1c,Black Rainbows (Deluxe),2011,album,0.446,0.803,5,-8.196,1,0.0288,6.59e-05,0.826,0.377,0.494,87.018,4,248880
46UyvTaEhQTr62fNKyKBbp,Hymn,1,False,1,1,0ndVVO80abvgGgjv2ICzct,Brett Anderson,0JqoPnnyJLMkq67N1QINAC,Slow Attack,2009-10-30,album,0.421,0.225,1,-10.888,1,0.0332,0.961,0.0949,0.0848,0.0465,129.849,4,218733
0KuAKnd2nOHRvp5iKeFK1e,Wheatfields,1,False,2,1,0ndVVO80abvgGgjv2ICzct,Brett Anderson,0JqoPnnyJLMkq67N1QINAC,Slow Attack,2009-10-30,album,0.482,0.34,6,-8.085,1,0.0287,0.397,0.000198,0.0602,0.168,102.254,4,244267
70Xo36IUBG2YFco9z2sN8v,The Hunted,2,False,3,1,0ndVVO80abvgGgjv2ICzct,Brett Anderson,0JqoPnnyJLMkq67N1QINAC,Slow Attack,2009-10-30,album,0.344,0.637,8,-7.396,0,0.031,0.0961,0.0,0.115,0.0789,79.874,4,241280
0e31WpSs77D4sf0iIDDdwJ,Frozen Roads,1,False,4,1,0ndVVO80abvgGgjv2ICzct,Brett Anderson,0JqoPnnyJLMkq67N1QINAC,Slow Attack,2009-10-30,album,0.325,0.256,5,-8.707,0,0.0329,0.834,9.32e-05,0.14,0.189,97.66,3,274640
6uNu8jWcAQXt063CyMp3Ti,Summer,1,False,5,1,0ndVVO80abvgGgjv2ICzct,Brett Anderson,0JqoPnnyJLMkq67N1QINAC,Slow Attack,2009-10-30,album,0.299,0.206,3,-10.026,1,0.0294,0.922,0.0249,0.072,0.0692,73.961,4,204573
7MvRoVsdUCuhSp619i9LxI,Pretty Widows,1,False,6,1,0ndVVO80abvgGgjv2ICzct,Brett Anderson,0JqoPnnyJLMkq67N1QINAC,Slow Attack,2009-10-30,album,0.47,0.44,5,-8.23,1,0.03,0.51,0.0,0.11,0.23,89.9,4,246000
3uorhG9udfxiU6ASYyU1LC,The Swans,1,False,7,1,0ndVVO80abvgGgjv2ICzct,Brett Anderson,0JqoPnnyJLMkq67N1QINAC,Slow Attack,2009-10-30,album,0.451,0.62,2,-8.067,0,0.0277,0.0963,0.00604,0.0789,0.177,100.003,3,279693
0OaZQjNATL9ePCVxVYm2pV,Ashes of Us,1,False,8,1,0ndVVO80abvgGgjv2ICzct,Brett Anderson,0JqoPnnyJLMkq67N1QINAC,Slow Attack,2009-10-30,album,0.474,0.368,0,-10.251,0,0.0284,0.955,0.0239,0.102,0.0955,130.075,4,281253
0YHUbK79EHryICQM3G6HoQ,Julian's Eyes,9,False,10,1,0ndVVO80abvgGgjv2ICzct,Brett Anderson,0JqoPnnyJLMkq67N1QINAC,Slow Attack,2009-10-30,album,0.543,0.433,9,-7.676,0,0.0263,0.65,0.0,0.078,0.229,74.642,4,226320
0oz4UIk4GwURJWhwP2vWES,Leave Me Sleeping,1,False,11,1,0ndVVO80abvgGgjv2ICzct,Brett Anderson,0JqoPnnyJLMkq67N1QINAC,Slow Attack,2009-10-30,album,0.311,0.212,7,-10.439,0,0.0311,0.922,0.000153,0.126,0.172,135.641,4,200347
3VEUx6Pz8LD33b8snoLgKe,Hymn,4,False,1,1,0ndVVO80abvgGgjv2ICzct,Brett Anderson,57NGVbjacLByZlY1M46lkB,Slow Attack (Deluxe),2009,album,0.442,0.197,1,-11.359,1,0.0331,0.955,0.235,0.0789,0.0508,129.928,4,216733
6K4gY6RCMDVxZcDktN8S3v,Wheatfields,3,False,2,1,0ndVVO80abvgGgjv2ICzct,Brett Anderson,57NGVbjacLByZlY1M46lkB,Slow Attack (Deluxe),2009,album,0.459,0.332,6,-8.575,1,0.029,0.393,0.000142,0.0596,0.173,102.309,4,246133
71Gu9HP30R7emgBEVehu4R,Frozen Roads,5,False,4,1,0ndVVO80abvgGgjv2ICzct,Brett Anderson,57NGVbjacLByZlY1M46lkB,Slow Attack (Deluxe),2009,album,0.348,0.235,5,-9.164,0,0.0318,0.827,0.000107,0.143,0.203,106.055,5,274640
2P1VNoVZ7jP2Hgq6SdqSpo,The Swans,2,False,7,1,0ndVVO80abvgGgjv2ICzct,Brett Anderson,57NGVbjacLByZlY1M46lkB,Slow Attack (Deluxe),2009,album,0.448,0.573,2,-8.59,0,0.0269,0.108,0.00636,0.0812,0.187,99.98,3,279693
39O2eoNPMkyde0RpKtQXzO,Ashes of Us,6,False,8,1,0ndVVO80abvgGgjv2ICzct,Brett Anderson,57NGVbjacLByZlY1M46lkB,Slow Attack (Deluxe),2009,album,0.478,0.348,0,-10.778,0,0.0283,0.95,0.0158,0.107,0.115,130.008,4,281253
2xvrxPdeaJLoNFPlid8OSo,Leave Me Sleeping,2,False,11,1,0ndVVO80abvgGgjv2ICzct,Brett Anderson,57NGVbjacLByZlY1M46lkB,Slow Attack (Deluxe),2009,album,0.287,0.199,7,-11.019,0,0.0298,0.922,0.000151,0.234,0.187,67.238,4,200933
4SB22hgWZE3Xijj2qckTWk,Forest Lullaby,2,False,13,1,0ndVVO80abvgGgjv2ICzct,Brett Anderson,57NGVbjacLByZlY1M46lkB,Slow Attack (Deluxe),2009,album,0.404,0.248,7,-10.874,1,0.0275,0.827,5.38e-05,0.123,0.0901,87.757,3,261133
0YgHSyeQYKxiCX02u0tw9g,Back to You,13,False,7,1,0ndVVO80abvgGgjv2ICzct,Brett Anderson,0pso7nzXvZeyHmygC7AyWb,"Brett Anderson, An Introduction",2009,album,0.474,0.33,8,-8.127,0,0.0293,0.936,0.000151,0.0984,0.293,125.913,4,194187
6NbSxhjHAEtj1ImGp2MYm6,Funeral Mantra,1,False,8,1,0ndVVO80abvgGgjv2ICzct,Brett Anderson,0pso7nzXvZeyHmygC7AyWb,"Brett Anderson, An Introduction",2009,album,0.459,0.485,2,-6.186,0,0.0257,0.612,0.00158,0.12,0.365,108.547,4,176787
4kuAMcs9nvppBAc31Vi3O3,A Different Place,1,False,9,1,0ndVVO80abvgGgjv2ICzct,Brett Anderson,0pso7nzXvZeyHmygC7AyWb,"Brett Anderson, An Introduction",2009,album,0.404,0.297,9,-9.308,0,0.0264,0.939,0.0111,0.166,0.288,74.489,4,251667
0xCsTHXDQJdZ59RkgxOlle,P Marius,0,False,14,1,0ndVVO80abvgGgjv2ICzct,Brett Anderson,0pso7nzXvZeyHmygC7AyWb,"Brett Anderson, An Introduction",2009,album,0.412,0.277,3,-10.62,0,0.0503,0.933,7.79e-06,0.0918,0.268,121.08,4,276760
675c2zFFaBiRVpYWeFu7Sq,Song for My Father,1,False,15,1,0ndVVO80abvgGgjv2ICzct,Brett Anderson,0pso7nzXvZeyHmygC7AyWb,"Brett Anderson, An Introduction",2009,album,0.259,0.428,0,-8.788,1,0.0294,0.0934,0.000273,0.162,0.0832,90.368,3,317360
3gx05PX5Xp7klDCojxu643,A Different Place,0,False,1,1,0ndVVO80abvgGgjv2ICzct,Brett Anderson,2b3bcj7bY4WoRNZW0TS3N8,Wilderness (Bonus Version),2008-07-29,album,0.39,0.296,9,-9.286,0,0.0266,0.939,0.00687,0.169,0.296,74.783,4,251667
6gsN4dBtshOJrKKHfxriJc,The Empress,0,False,2,1,0ndVVO80abvgGgjv2ICzct,Brett Anderson,2b3bcj7bY4WoRNZW0TS3N8,Wilderness (Bonus Version),2008-07-29,album,0.501,0.273,2,-8.49,0,0.0257,0.965,0.00106,0.0951,0.277,77.657,4,218613
1x5PqsUs9vZdohn0rHDAaW,Clowns,0,False,3,1,0ndVVO80abvgGgjv2ICzct,Brett Anderson,2b3bcj7bY4WoRNZW0TS3N8,Wilderness (Bonus Version),2008-07-29,album,0.357,0.28,2,-8.229,0,0.032,0.806,0.0,0.085,0.569,181.76,3,182680
5BPKAnIsc1eZko50F22Ryw,Chinese Whispers,0,False,4,1,0ndVVO80abvgGgjv2ICzct,Brett Anderson,2b3bcj7bY4WoRNZW0TS3N8,Wilderness (Bonus Version),2008-07-29,album,0.396,0.301,2,-8.299,0,0.0264,0.975,0.00109,0.123,0.41,79.087,4,201267
0ZoieCZN0df3dkSblfnlOj,Blessed,0,False,5,1,0ndVVO80abvgGgjv2ICzct,Brett Anderson,2b3bcj7bY4WoRNZW0TS3N8,Wilderness (Bonus Version),2008-07-29,album,0.229,0.432,6,-8.696,1,0.033,0.948,0.044,0.106,0.211,206.243,3,282800
6Bt6VbRwzwcbH1QPSPWz2r,Funeral Mantra,0,False,6,1,0ndVVO80abvgGgjv2ICzct,Brett Anderson,2b3bcj7bY4WoRNZW0TS3N8,Wilderness (Bonus Version),2008-07-29,album,0.47,0.487,2,-6.214,0,0.0256,0.593,0.00589,0.118,0.36,108.484,4,176787
0Up7Re86SDPE3mzqlCEbqJ,Back To You,0,False,7,1,0ndVVO80abvgGgjv2ICzct,Brett Anderson,2b3bcj7bY4WoRNZW0TS3N8,Wilderness (Bonus Version),2008-07-29,album,0.339,0.325,8,-8.152,0,0.0318,0.937,6.39e-05,0.0944,0.294,86.355,5,194187
6Iw6Z6J5FJN6lpapvpJTUH,Knife Edge,0,False,8,1,0ndVVO80abvgGgjv2ICzct,Brett Anderson,2b3bcj7bY4WoRNZW0TS3N8,Wilderness (Bonus Version),2008-07-29,album,0.414,0.333,10,-8.019,0,0.0255,0.952,0.000125,0.0785,0.255,76.69,4,181520
48VR8dkLyX5NFMQ3hskkOR,P Marius,0,False,9,1,0ndVVO80abvgGgjv2ICzct,Brett Anderson,2b3bcj7bY4WoRNZW0TS3N8,Wilderness (Bonus Version),2008-07-29,album,0.404,0.281,3,-10.728,0,0.0486,0.921,1.17e-05,0.0921,0.27,125.106,4,276760
4YNb2CMev8bXCuwut76kfs,Symmetry (Bonus Version),0,False,10,1,0ndVVO80abvgGgjv2ICzct,Brett Anderson,2b3bcj7bY4WoRNZW0TS3N8,Wilderness (Bonus Version),2008-07-29,album,0.508,0.32,7,-7.785,0,0.0322,0.926,0.0,0.102,0.26,120.67,4,160440
2E7IycyRrjsbeINkNrH33O,A Different Place,5,False,1,1,0ndVVO80abvgGgjv2ICzct,Brett Anderson,2XLpjq9kfQgSKnIMobgAsA,Wilderness,2008-07-28,album,0.404,0.297,9,-9.308,0,0.0264,0.939,0.0111,0.166,0.288,74.489,4,251667
07xVqunq3tVHDNBXQ0wli2,The Empress,7,False,2,1,0ndVVO80abvgGgjv2ICzct,Brett Anderson,2XLpjq9kfQgSKnIMobgAsA,Wilderness,2008-07-28,album,0.492,0.283,2,-8.501,0,0.0255,0.966,0.000923,0.0969,0.269,77.688,4,218613
5x4TWKp8YVTKM72UBIDJnF,Clowns,5,False,3,1,0ndVVO80abvgGgjv2ICzct,Brett Anderson,2XLpjq9kfQgSKnIMobgAsA,Wilderness,2008-07-28,album,0.356,0.271,2,-8.288,0,0.0322,0.777,0.0,0.0752,0.571,181.766,3,182680
3fWf0ZwGdwZasb2nurYNiM,Chinese Whispers,3,False,4,1,0ndVVO80abvgGgjv2ICzct,Brett Anderson,2XLpjq9kfQgSKnIMobgAsA,Wilderness,2008-07-28,album,0.391,0.31,2,-8.223,0,0.0263,0.974,0.00135,0.117,0.432,78.972,4,201267
18VHIH9tBsTNZvoaicJ4a1,Blessed,4,False,5,1,0ndVVO80abvgGgjv2ICzct,Brett Anderson,2XLpjq9kfQgSKnIMobgAsA,Wilderness,2008-07-28,album,0.227,0.442,6,-8.331,1,0.0314,0.951,0.0322,0.081,0.227,206.272,3,280800
0Oxw7fEW2MbNYdwungtPot,Funeral Mantra,2,False,6,1,0ndVVO80abvgGgjv2ICzct,Brett Anderson,2XLpjq9kfQgSKnIMobgAsA,Wilderness,2008-07-28,album,0.459,0.485,2,-6.186,0,0.0257,0.612,0.00158,0.12,0.365,108.547,4,176787
2DPiTxkAJppAZ32M3jm6CZ,Back to You,28,False,7,1,0ndVVO80abvgGgjv2ICzct,Brett Anderson,2XLpjq9kfQgSKnIMobgAsA,Wilderness,2008-07-28,album,0.474,0.33,8,-8.127,0,0.0293,0.936,0.000151,0.0984,0.293,125.913,4,194187
2P5aSPOY0SVfc4JdIBgjrj,Knife Edge,3,False,8,1,0ndVVO80abvgGgjv2ICzct,Brett Anderson,2XLpjq9kfQgSKnIMobgAsA,Wilderness,2008-07-28,album,0.32,0.329,1,-8.085,1,0.0268,0.95,0.000122,0.0824,0.271,155.018,4,181520
5nHMFvyX4Nv4egS4tXTzXB,Clowns,15,False,3,1,0ndVVO80abvgGgjv2ICzct,Brett Anderson,15viFGWFQtaiVLS4waRBdb,Wilderness (Deluxe),2008,album,0.36,0.273,2,-8.263,0,0.0343,0.796,0.0,0.0846,0.569,178.624,3,183760
7ykuX2tPKnhZ6pY9yy5XIm,Love Is Dead (Acoustic),4,False,11,1,0ndVVO80abvgGgjv2ICzct,Brett Anderson,15viFGWFQtaiVLS4waRBdb,Wilderness (Deluxe),2008,album,0.692,0.309,1,-10.652,1,0.0313,0.9,0.000108,0.116,0.466,105.755,4,195093
2cEWtDX1QmM7aw1RmRuPsR,Song for My Father (Acoustic),2,False,12,1,0ndVVO80abvgGgjv2ICzct,Brett Anderson,15viFGWFQtaiVLS4waRBdb,Wilderness (Deluxe),2008,album,0.654,0.265,8,-9.375,1,0.0272,0.91,0.000131,0.101,0.362,88.278,3,193893
1mRe2WpM5bkChLpu37Z0FL,Back to You (Acoustic),5,False,13,1,0ndVVO80abvgGgjv2ICzct,Brett Anderson,15viFGWFQtaiVLS4waRBdb,Wilderness (Deluxe),2008,album,0.701,0.339,9,-8.331,0,0.0304,0.872,4.36e-06,0.115,0.5,100.027,3,198227
3nQDIovEns5oIkKDxXdZUu,Ebony (Acoustic),2,False,14,1,0ndVVO80abvgGgjv2ICzct,Brett Anderson,15viFGWFQtaiVLS4waRBdb,Wilderness (Deluxe),2008,album,0.764,0.205,7,-11.224,0,0.0325,0.921,0.0,0.117,0.515,100.032,4,161227
7vVB6eNBxwpxmOOR3MfBrv,The Infinite Kiss (Acoustic),2,False,15,1,0ndVVO80abvgGgjv2ICzct,Brett Anderson,15viFGWFQtaiVLS4waRBdb,Wilderness (Deluxe),2008,album,0.568,0.286,10,-9.338,0,0.0339,0.829,0.0,0.0787,0.234,143.621,4,180773
2VRJHYG3w8HhWVBfi30zGO,"Love Is Dead (Live from Union Chapel, London)",2,False,16,1,0ndVVO80abvgGgjv2ICzct,Brett Anderson,15viFGWFQtaiVLS4waRBdb,Wilderness (Deluxe),2008,album,0.37,0.525,7,-7.409,1,0.0437,0.734,4.4e-05,0.935,0.384,114.49,4,236760
1yzuJuQ1JtnXglwktuDX6C,"Clowns (Live from Union Chapel, London)",1,False,18,1,0ndVVO80abvgGgjv2ICzct,Brett Anderson,15viFGWFQtaiVLS4waRBdb,Wilderness (Deluxe),2008,album,0.266,0.397,2,-7.666,0,0.0349,0.858,0.000415,0.723,0.168,200.278,3,161347
4sgq4cbDB6JyWPRBgO2MIn,"To the Winter (Live from Union Chapel, London)",2,False,19,1,0ndVVO80abvgGgjv2ICzct,Brett Anderson,15viFGWFQtaiVLS4waRBdb,Wilderness (Deluxe),2008,album,0.449,0.504,7,-6.287,0,0.0332,0.897,0.000535,0.885,0.147,131.423,4,250547
3yusCPfgLAzuAulXKI4xiR,"Back to You (Live from Union Chapel, London)",4,False,20,1,0ndVVO80abvgGgjv2ICzct,Brett Anderson,15viFGWFQtaiVLS4waRBdb,Wilderness (Deluxe),2008,album,0.406,0.421,9,-7.742,0,0.0322,0.929,0.102,0.747,0.178,135.604,4,206467
3Lq6WHEpR75S8cKPIQlZfy,Love Is Dead,0,False,1,1,0ndVVO80abvgGgjv2ICzct,Brett Anderson,18XfgmQNYgJqllQB5TLcC7,Brett Anderson,2007-03-25,album,0.541,0.474,0,-7.436,1,0.0267,0.0432,0.00011,0.228,0.417,134.94,4,211533
7DmS1KHgiwfNYtM9hNZZne,One Lazy Morning,0,False,2,1,0ndVVO80abvgGgjv2ICzct,Brett Anderson,18XfgmQNYgJqllQB5TLcC7,Brett Anderson,2007-03-25,album,0.572,0.485,11,-7.698,1,0.0247,0.0253,4.38e-05,0.123,0.581,136.0,4,200920
2HIVDRQ313uEQco6CT8s4k,Intimacy,0,False,4,1,0ndVVO80abvgGgjv2ICzct,Brett Anderson,18XfgmQNYgJqllQB5TLcC7,Brett Anderson,2007-03-25,album,0.464,0.738,7,-6.532,1,0.026,0.00146,0.00238,0.236,0.353,167.34,4,168293
72cVUdQK5lwskOaMWtT20U,To The Winter,0,False,5,1,0ndVVO80abvgGgjv2ICzct,Brett Anderson,18XfgmQNYgJqllQB5TLcC7,Brett Anderson,2007-03-25,album,0.574,0.454,7,-7.098,0,0.0276,0.143,4.44e-06,0.107,0.467,125.953,4,237640
4jGKxXrA5BkwiBcucIr4xN,Scorpio Rising,0,False,6,1,0ndVVO80abvgGgjv2ICzct,Brett Anderson,18XfgmQNYgJqllQB5TLcC7,Brett Anderson,2007-03-25,album,0.592,0.449,2,-6.814,0,0.0249,0.307,0.0003,0.197,0.348,101.016,4,241760
4GqmyZM6CeM2Dka03jLSGH,The Infinite Kiss,0,False,7,1,0ndVVO80abvgGgjv2ICzct,Brett Anderson,18XfgmQNYgJqllQB5TLcC7,Brett Anderson,2007-03-25,album,0.488,0.722,7,-5.565,0,0.0279,0.0219,0.0,0.0838,0.505,134.197,4,248720
2RyIQDX9VGzdAFTXNQ9Qr3,Colour Of The Night,0,False,8,1,0ndVVO80abvgGgjv2ICzct,Brett Anderson,18XfgmQNYgJqllQB5TLcC7,Brett Anderson,2007-03-25,album,0.344,0.258,6,-10.373,1,0.0394,0.884,6.13e-05,0.0838,0.216,209.889,4,138213
7MLuQb4fgeTSHgXHkTksSe,The More We Possess The Less We Own Of Ourselves,0,False,9,1,0ndVVO80abvgGgjv2ICzct,Brett Anderson,18XfgmQNYgJqllQB5TLcC7,Brett Anderson,2007-03-25,album,0.478,0.417,8,-7.579,1,0.0348,0.695,4.1e-05,0.0914,0.0935,120.21,3,213133
7xsArOEV2jidiYD1k2ox4L,Ebony,0,False,10,1,0ndVVO80abvgGgjv2ICzct,Brett Anderson,18XfgmQNYgJqllQB5TLcC7,Brett Anderson,2007-03-25,album,0.588,0.449,7,-8.37,1,0.025,0.182,4.89e-06,0.182,0.366,104.171,4,152493
5EdEqrinGB4eeYrxExyRbA,Song For My Father,0,False,11,1,0ndVVO80abvgGgjv2ICzct,Brett Anderson,18XfgmQNYgJqllQB5TLcC7,Brett Anderson,2007-03-25,album,0.268,0.433,4,-8.768,0,0.0298,0.0893,0.000292,0.16,0.0772,92.071,3,317360
4CkMFmxDSplhpdgPHPTNyi,"Love Is Dead (Live at Bush Hall, London)",4,False,16,1,0ndVVO80abvgGgjv2ICzct,Brett Anderson,7g8cjlAsdaG7aktcUMoT8L,Brett Anderson (Deluxe),2007,album,0.394,0.626,0,-5.866,1,0.0305,0.399,0.0767,0.357,0.35,136.048,4,214253
5TYH7KiGVkaIbG6NgUNGie,Into The Sea,10,False,2,1,7Lf3LOZp3U3u2f6cWMd3AH,Paul Weller,6k4DEcrMDFBnqK4j6kyncB,Will Of The People,2022-10-28,album,0.464,0.323,0,-10.486,1,0.0279,0.873,0.00975,0.0879,0.0757,119.65,4,162147
7iX4ujAVcITW7MmJe312z0,Big Brass Buttons,10,False,3,1,7Lf3LOZp3U3u2f6cWMd3AH,Paul Weller,6k4DEcrMDFBnqK4j6kyncB,Will Of The People,2022-10-28,album,0.565,0.967,4,-7.397,0,0.0698,0.000156,0.128,0.649,0.716,124.804,4,191644
6Qo8ffsdclqbbGmGHbUg67,Saturns Pattern - StraightFace /Young Fathers Remix,8,False,5,1,7Lf3LOZp3U3u2f6cWMd3AH,Paul Weller,6k4DEcrMDFBnqK4j6kyncB,Will Of The People,2022-10-28,album,0.55,0.496,8,-6.274,1,0.0365,0.0046,0.0179,0.328,0.0393,168.007,4,241534
5RTC6GOd2pKxbTv5yGDDTC,Praise If You Wanna,7,False,9,1,7Lf3LOZp3U3u2f6cWMd3AH,Paul Weller,6k4DEcrMDFBnqK4j6kyncB,Will Of The People,2022-10-28,album,0.669,0.841,4,-8.254,0,0.0591,0.296,0.000195,0.0749,0.693,139.527,4,99440
1pYBV3sbPYcA1Y1BRApEYk,I’ll Think Of Something,6,False,12,1,7Lf3LOZp3U3u2f6cWMd3AH,Paul Weller,6k4DEcrMDFBnqK4j6kyncB,Will Of The People,2022-10-28,album,0.443,0.209,2,-15.943,1,0.0287,0.893,0.434,0.0925,0.17,102.626,4,247827
6O0ZOhs34n1rrRNv9VTps9,Devotion,9,False,1,2,7Lf3LOZp3U3u2f6cWMd3AH,Paul Weller,6k4DEcrMDFBnqK4j6kyncB,Will Of The People,2022-10-28,album,0.433,0.5,0,-8.2,1,0.0366,0.0456,0.06,0.655,0.436,180.885,4,242188
09GN6xtRWdKxXqyB0tFzV6,Pure Sound,5,False,6,2,7Lf3LOZp3U3u2f6cWMd3AH,Paul Weller,6k4DEcrMDFBnqK4j6kyncB,Will Of The People,2022-10-28,album,0.69,0.482,9,-9.414,1,0.0437,0.703,0.148,0.114,0.188,140.999,3,179111
0anyMVWCSQpg0NNhXkINmp,The Ballad Of Jimmy McCabe,6,False,9,2,7Lf3LOZp3U3u2f6cWMd3AH,Paul Weller,6k4DEcrMDFBnqK4j6kyncB,Will Of The People,2022-10-28,album,0.549,0.315,2,-12.49,1,0.0371,0.919,0.0009,0.22,0.463,136.178,4,244543
7vbshsdQMEmbV8g1c53sY0,Rip The Pages Up,14,False,10,2,7Lf3LOZp3U3u2f6cWMd3AH,Paul Weller,6k4DEcrMDFBnqK4j6kyncB,Will Of The People,2022-10-28,album,0.457,0.96,9,-5.236,1,0.137,0.00656,0.0952,0.0617,0.683,195.94,4,271707
4XcFL3SjAE6bOp2GMeWBEh,How Sweet It Is (To Be Loved By You),12,False,11,2,7Lf3LOZp3U3u2f6cWMd3AH,Paul Weller,6k4DEcrMDFBnqK4j6kyncB,Will Of The People,2022-10-28,album,0.452,0.668,4,-7.637,0,0.0298,0.068,7.59e-05,0.0826,0.383,107.136,4,230813
2fzur3l6Max1syxAbontsY,Serafina,4,False,2,3,7Lf3LOZp3U3u2f6cWMd3AH,Paul Weller,6k4DEcrMDFBnqK4j6kyncB,Will Of The People,2022-10-28,album,0.343,0.23,6,-12.813,0,0.0295,0.934,0.0216,0.103,0.202,153.025,3,171493
0hIVp90izWleu9Cj026TTp,I Work In The Clouds,4,False,3,3,7Lf3LOZp3U3u2f6cWMd3AH,Paul Weller,6k4DEcrMDFBnqK4j6kyncB,Will Of The People,2022-10-28,album,0.553,0.937,5,-7.483,1,0.0618,0.00144,0.688,0.567,0.308,143.282,4,32000
6N9cX0nWtY3uSRfWk9c8O2,Hopper - White Label Remix,5,False,5,3,7Lf3LOZp3U3u2f6cWMd3AH,Paul Weller,6k4DEcrMDFBnqK4j6kyncB,Will Of The People,2022-10-28,album,0.662,0.773,5,-5.842,0,0.0324,0.00662,0.361,0.0722,0.516,130.008,4,324507
0i4hyBzGBvPbQsf5sOcYNU,Cosmic Fringes - Pet Shop Boys Triad Mix,6,False,6,3,7Lf3LOZp3U3u2f6cWMd3AH,Paul Weller,6k4DEcrMDFBnqK4j6kyncB,Will Of The People,2022-10-28,album,0.665,0.713,11,-8.622,0,0.0336,0.000272,0.849,0.112,0.576,129.991,4,730067
29n79OCh7UzlhLozZNmgnA,Alpha,4,False,7,3,7Lf3LOZp3U3u2f6cWMd3AH,Paul Weller,6k4DEcrMDFBnqK4j6kyncB,Will Of The People,2022-10-28,album,0.705,0.676,0,-9.632,1,0.0523,0.0106,0.89,0.364,0.565,147.916,4,30000
0mn4WBzDP5bqCHSfbl4wDm,Andromeda,16,False,1,1,7Lf3LOZp3U3u2f6cWMd3AH,Paul Weller,7nIgN7HYfrsz7Q5TcPwQfm,Paul Weller - An Orchestrated Songbook With Jules Buckley & The BBC Symphony Orchestra,2021-12-10,album,0.287,0.523,7,-8.753,1,0.0358,0.448,0.00158,0.408,0.148,94.603,4,189933
1st5BTQhVzUBzjPLVYbJfz,English Rose,23,False,2,1,7Lf3LOZp3U3u2f6cWMd3AH,Paul Weller,7nIgN7HYfrsz7Q5TcPwQfm,Paul Weller - An Orchestrated Songbook With Jules Buckley & The BBC Symphony Orchestra,2021-12-10,album,0.226,0.337,2,-11.011,1,0.0315,0.373,7.57e-05,0.521,0.0697,93.534,4,214320
29iJG141BO0238uoRnjwfL,On Sunset,18,False,4,1,7Lf3LOZp3U3u2f6cWMd3AH,Paul Weller,7nIgN7HYfrsz7Q5TcPwQfm,Paul Weller - An Orchestrated Songbook With Jules Buckley & The BBC Symphony Orchestra,2021-12-10,album,0.213,0.338,2,-9.465,0,0.0304,0.485,0.00216,0.264,0.277,201.759,4,388293
744HXpXF2tLW6Eio7C6JlN,Carnation,18,False,5,1,7Lf3LOZp3U3u2f6cWMd3AH,Paul Weller,7nIgN7HYfrsz7Q5TcPwQfm,Paul Weller - An Orchestrated Songbook With Jules Buckley & The BBC Symphony Orchestra,2021-12-10,album,0.358,0.424,7,-9.209,1,0.0284,0.372,1.39e-05,0.176,0.127,104.426,4,221907
61ZogAsQT8UpMjXfLokHQR,Glad Times,18,False,6,1,7Lf3LOZp3U3u2f6cWMd3AH,Paul Weller,7nIgN7HYfrsz7Q5TcPwQfm,Paul Weller - An Orchestrated Songbook With Jules Buckley & The BBC Symphony Orchestra,2021-12-10,album,0.289,0.477,1,-9.137,0,0.0312,0.408,0.00284,0.406,0.209,85.383,4,263147
5ey362kJn3WWOZe7zGbCTx,Broken Stones (feat. James Morrison),28,False,7,1,7Lf3LOZp3U3u2f6cWMd3AH,Paul Weller,7nIgN7HYfrsz7Q5TcPwQfm,Paul Weller - An Orchestrated Songbook With Jules Buckley & The BBC Symphony Orchestra,2021-12-10,album,0.542,0.394,10,-9.2,1,0.0273,0.7,0.0,0.572,0.48,109.458,4,220000
17MoKYGPtcY96sGBQO5TIx,Gravity,17,False,8,1,7Lf3LOZp3U3u2f6cWMd3AH,Paul Weller,7nIgN7HYfrsz7Q5TcPwQfm,Paul Weller - An Orchestrated Songbook With Jules Buckley & The BBC Symphony Orchestra,2021-12-10,album,0.205,0.286,2,-11.533,1,0.0324,0.735,0.000169,0.287,0.191,166.152,3,161547
55bpgdVz8br97b7dUuhyQd,Bowie,15,False,10,1,7Lf3LOZp3U3u2f6cWMd3AH,Paul Weller,7nIgN7HYfrsz7Q5TcPwQfm,Paul Weller - An Orchestrated Songbook With Jules Buckley & The BBC Symphony Orchestra,2021-12-10,album,0.208,0.173,7,-16.327,1,0.0345,0.773,0.0815,0.115,0.134,137.85,4,286627
4oDp2kkgIVTBKlEizbqYPe,Equanimity,14,False,11,1,7Lf3LOZp3U3u2f6cWMd3AH,Paul Weller,7nIgN7HYfrsz7Q5TcPwQfm,Paul Weller - An Orchestrated Songbook With Jules Buckley & The BBC Symphony Orchestra,2021-12-10,album,0.49,0.291,3,-9.422,1,0.0326,0.662,3.5e-05,0.333,0.419,123.769,4,257853
3yiX8TXzMK0RZHId8s50qx,Still Glides The Stream,14,False,13,1,7Lf3LOZp3U3u2f6cWMd3AH,Paul Weller,7nIgN7HYfrsz7Q5TcPwQfm,Paul Weller - An Orchestrated Songbook With Jules Buckley & The BBC Symphony Orchestra,2021-12-10,album,0.173,0.335,9,-10.248,0,0.0295,0.723,0.0006,0.141,0.276,175.804,4,235533
7ig7Mqxgc0QlrDQ2jLp5rF,Movin On,16,False,14,1,7Lf3LOZp3U3u2f6cWMd3AH,Paul Weller,7nIgN7HYfrsz7Q5TcPwQfm,Paul Weller - An Orchestrated Songbook With Jules Buckley & The BBC Symphony Orchestra,2021-12-10,album,0.35,0.329,7,-11.78,1,0.0297,0.395,0.00141,0.271,0.263,87.158,4,285720
5Y8pQvjdfrUZuQdUEIOHFX,Wild Wood (feat. Celeste),33,False,15,1,7Lf3LOZp3U3u2f6cWMd3AH,Paul Weller,7nIgN7HYfrsz7Q5TcPwQfm,Paul Weller - An Orchestrated Songbook With Jules Buckley & The BBC Symphony Orchestra,2021-12-10,album,0.382,0.333,11,-10.774,0,0.0279,0.671,0.00684,0.437,0.235,128.235,4,273360
2iADaZPA3fMYsDSuzpR9Lw,Rockets,14,False,16,1,7Lf3LOZp3U3u2f6cWMd3AH,Paul Weller,7nIgN7HYfrsz7Q5TcPwQfm,Paul Weller - An Orchestrated Songbook With Jules Buckley & The BBC Symphony Orchestra,2021-12-10,album,0.189,0.253,0,-10.299,1,0.0302,0.234,0.00226,0.387,0.196,167.175,4,254707
51k7F9KCsDEdTuP3qdpTxu,You Do Something To Me,31,False,17,1,7Lf3LOZp3U3u2f6cWMd3AH,Paul Weller,7nIgN7HYfrsz7Q5TcPwQfm,Paul Weller - An Orchestrated Songbook With Jules Buckley & The BBC Symphony Orchestra,2021-12-10,album,0.26,0.374,4,-8.971,0,0.028,0.601,0.000407,0.131,0.254,136.873,4,232467
3ULnPqpPBxu6AMWsWmwtG5,White Horses,14,False,18,1,7Lf3LOZp3U3u2f6cWMd3AH,Paul Weller,7nIgN7HYfrsz7Q5TcPwQfm,Paul Weller - An Orchestrated Songbook With Jules Buckley & The BBC Symphony Orchestra,2021-12-10,album,0.355,0.505,5,-11.061,1,0.0425,0.523,0.000516,0.664,0.379,92.886,4,359747
1fTAngMbyAT8ew1MgCZlFD,Cosmic Fringes,8,False,1,1,7Lf3LOZp3U3u2f6cWMd3AH,Paul Weller,0ULk1RV3VBIuUNF9z3aec6,Fat Pop (Deluxe),2021-06-11,album,0.872,0.663,9,-7.591,1,0.0384,0.000395,0.292,0.134,0.964,130.021,4,140827
6mDzRD5UkSzeCXYedjz56i,True,7,False,2,1,7Lf3LOZp3U3u2f6cWMd3AH,Paul Weller,0ULk1RV3VBIuUNF9z3aec6,Fat Pop (Deluxe),2021-06-11,album,0.668,0.716,0,-6.007,1,0.0287,0.024,0.703,0.116,0.965,122.183,4,127667
0QWTlXmNYbgCc19Rzu4Hlw,Fat Pop,7,True,3,1,7Lf3LOZp3U3u2f6cWMd3AH,Paul Weller,0ULk1RV3VBIuUNF9z3aec6,Fat Pop (Deluxe),2021-06-11,album,0.818,0.568,8,-8.269,1,0.027,0.353,0.0295,0.188,0.817,96.1,4,199600
4h3phUgSXgVpcgktHj8Sz2,Shades Of Blue,9,False,4,1,7Lf3LOZp3U3u2f6cWMd3AH,Paul Weller,0ULk1RV3VBIuUNF9z3aec6,Fat Pop (Deluxe),2021-06-11,album,0.623,0.65,5,-6.726,1,0.024,0.409,0.0466,0.154,0.749,138.016,4,186613
5hXcOdfpWUwRk5O6wDJBZw,Glad Times,9,False,5,1,7Lf3LOZp3U3u2f6cWMd3AH,Paul Weller,0ULk1RV3VBIuUNF9z3aec6,Fat Pop (Deluxe),2021-06-11,album,0.451,0.62,1,-8.04,0,0.0429,0.138,0.178,0.12,0.458,164.111,4,243840
1HJoRCMlNU6Ez3kyB2vrAD,Cobweb / Connections,6,False,6,1,7Lf3LOZp3U3u2f6cWMd3AH,Paul Weller,0ULk1RV3VBIuUNF9z3aec6,Fat Pop (Deluxe),2021-06-11,album,0.494,0.496,2,-7.266,1,0.0277,0.62,0.001,0.24,0.601,154.096,4,176933
7HsTExJWVj2KD2HDrXTWDJ,Testify,6,False,7,1,7Lf3LOZp3U3u2f6cWMd3AH,Paul Weller,0ULk1RV3VBIuUNF9z3aec6,Fat Pop (Deluxe),2021-06-11,album,0.677,0.907,0,-4.8,0,0.0839,0.247,0.000202,0.103,0.906,77.272,4,173720
1UvVG36MvJDgCANYcQTpUz,That Pleasure,6,False,8,1,7Lf3LOZp3U3u2f6cWMd3AH,Paul Weller,0ULk1RV3VBIuUNF9z3aec6,Fat Pop (Deluxe),2021-06-11,album,0.604,0.765,1,-7.366,0,0.0252,0.0483,0.254,0.142,0.93,98.928,4,212333
06QX3CIStF8B2IEn1E6TrV,Failed,6,True,9,1,7Lf3LOZp3U3u2f6cWMd3AH,Paul Weller,0ULk1RV3VBIuUNF9z3aec6,Fat Pop (Deluxe),2021-06-11,album,0.66,0.687,8,-7.093,0,0.0377,0.112,0.00399,0.166,0.637,127.024,4,163507
1ffGPIXmYs4LAfjDNvznu7,Moving Canvas,5,False,10,1,7Lf3LOZp3U3u2f6cWMd3AH,Paul Weller,0ULk1RV3VBIuUNF9z3aec6,Fat Pop (Deluxe),2021-06-11,album,0.804,0.537,5,-8.103,1,0.0379,0.132,0.587,0.101,0.769,126.024,4,174853
2U8LcTt1bfUZmajTzuBbkL,In Better Times,7,False,11,1,7Lf3LOZp3U3u2f6cWMd3AH,Paul Weller,0ULk1RV3VBIuUNF9z3aec6,Fat Pop (Deluxe),2021-06-11,album,0.543,0.763,7,-7.823,1,0.0272,0.496,0.248,0.154,0.544,114.213,4,287573
3uhwlPWzC2Mxg9XBFae6pU,Still Glides The Stream,5,False,12,1,7Lf3LOZp3U3u2f6cWMd3AH,Paul Weller,0ULk1RV3VBIuUNF9z3aec6,Fat Pop (Deluxe),2021-06-11,album,0.378,0.471,9,-7.995,0,0.0264,0.294,0.0316,0.135,0.349,171.696,4,247920
61bOAXMiYYcdoMno4GQB93,On Sunset - Live From Mid-Sömmer Musik,6,False,1,2,7Lf3LOZp3U3u2f6cWMd3AH,Paul Weller,0ULk1RV3VBIuUNF9z3aec6,Fat Pop (Deluxe),2021-06-11,album,0.52,0.566,5,-10.288,1,0.0296,0.458,0.231,0.355,0.459,98.801,4,369000
2tazZlBKXEtd5wi0CjtH4r,Old Father Tyme - Live From Mid-Sömmer Musik,5,False,2,2,7Lf3LOZp3U3u2f6cWMd3AH,Paul Weller,0ULk1RV3VBIuUNF9z3aec6,Fat Pop (Deluxe),2021-06-11,album,0.589,0.446,7,-8.565,1,0.034,0.368,9.68e-05,0.0907,0.652,102.055,4,230893
4bAMwv8ycLx5ZSZTikqC71,Moving Canvas - Live From Mid-Sömmer Musik,4,False,3,2,7Lf3LOZp3U3u2f6cWMd3AH,Paul Weller,0ULk1RV3VBIuUNF9z3aec6,Fat Pop (Deluxe),2021-06-11,album,0.705,0.552,9,-9.847,0,0.0497,0.465,0.0691,0.344,0.189,123.534,4,242813
5953eS9LlUTaDRdvEvJ3f9,Failed - Live From Mid-Sömmer Musik,4,True,4,2,7Lf3LOZp3U3u2f6cWMd3AH,Paul Weller,0ULk1RV3VBIuUNF9z3aec6,Fat Pop (Deluxe),2021-06-11,album,0.533,0.652,6,-9.34,0,0.0329,0.0768,0.02,0.2,0.651,126.937,4,169600
5SRprkClhmptOF2JtgmAw2,Village - Live From Mid-Sömmer Musik,5,False,5,2,7Lf3LOZp3U3u2f6cWMd3AH,Paul Weller,0ULk1RV3VBIuUNF9z3aec6,Fat Pop (Deluxe),2021-06-11,album,0.299,0.519,11,-8.952,0,0.0335,0.409,0.000485,0.114,0.472,203.641,4,206467
2xzJV4O2pG7n4fJ9zGQ3xq,More - Live From Mid-Sömmer Musik,4,False,6,2,7Lf3LOZp3U3u2f6cWMd3AH,Paul Weller,0ULk1RV3VBIuUNF9z3aec6,Fat Pop (Deluxe),2021-06-11,album,0.563,0.606,0,-12.116,1,0.0481,0.387,0.106,0.0583,0.59,159.454,4,347280
6sllaxNUkIMJJveeaMA5K8,Testify - Live From Mid-Sömmer Musik,4,False,7,2,7Lf3LOZp3U3u2f6cWMd3AH,Paul Weller,0ULk1RV3VBIuUNF9z3aec6,Fat Pop (Deluxe),2021-06-11,album,0.571,0.724,0,-7.973,1,0.0462,0.103,0.00398,0.198,0.917,154.737,4,195360
796zvtJDYq0WQLQXEX0FP6,Still Glides The Stream - Live From Mid-Sömmer Musik,3,False,8,2,7Lf3LOZp3U3u2f6cWMd3AH,Paul Weller,0ULk1RV3VBIuUNF9z3aec6,Fat Pop (Deluxe),2021-06-11,album,0.206,0.424,9,-9.399,0,0.0282,0.534,0.000136,0.0829,0.319,173.547,4,255787
0jhV1AwR5P7MQznLg6FBsR,Rockets - Live From Mid-Sömmer Musik,3,False,9,2,7Lf3LOZp3U3u2f6cWMd3AH,Paul Weller,0ULk1RV3VBIuUNF9z3aec6,Fat Pop (Deluxe),2021-06-11,album,0.281,0.395,0,-10.446,1,0.0259,0.236,0.0273,0.141,0.26,167.612,4,189987
7ChGCxXOTV8Tn7saXZfTSU,Mayfly - Live From Mid-Sömmer Musik,4,False,10,2,7Lf3LOZp3U3u2f6cWMd3AH,Paul Weller,0ULk1RV3VBIuUNF9z3aec6,Fat Pop (Deluxe),2021-06-11,album,0.61,0.432,9,-11.717,1,0.0339,0.504,0.00173,0.0809,0.256,109.492,4,240307
0m5idbC45MImpE6D8BdObp,On Sunset - Orchestral Mix,10,False,14,1,7Lf3LOZp3U3u2f6cWMd3AH,Paul Weller,1waaO5SrI0BdKtdR9YZLRu,On Sunset (Deluxe),2020-07-03,album,0.603,0.315,2,-9.083,0,0.0241,0.588,0.0,0.145,0.382,97.726,4,239333
3X9r7GXvw5P2tLFY7owHVE,Baptiste - Instrumental,9,False,15,1,7Lf3LOZp3U3u2f6cWMd3AH,Paul Weller,1waaO5SrI0BdKtdR9YZLRu,On Sunset (Deluxe),2020-07-03,album,0.516,0.526,9,-9.249,1,0.0363,0.141,0.859,0.122,0.711,170.26,4,185867
41DYJD4uuz6DO1uX1vHfKh,One Bright Star - Live at the Royal Festival Hall,13,False,1,1,7Lf3LOZp3U3u2f6cWMd3AH,Paul Weller,7FtSOdVTt6j0anZ8JQWHiB,"Other Aspects, Live at the Royal Festival Hall",2019-03-08,album,0.451,0.617,9,-8.793,0,0.0315,0.21,0.36,0.703,0.486,102.544,4,255274
0GcUEaZ9uQCOUM7PFs8vSW,Glide - Live at the Royal Festival Hall,9,False,2,1,7Lf3LOZp3U3u2f6cWMd3AH,Paul Weller,7FtSOdVTt6j0anZ8JQWHiB,"Other Aspects, Live at the Royal Festival Hall",2019-03-08,album,0.258,0.421,2,-17.501,1,0.0841,0.852,0.000934,0.69,0.731,176.173,3,147208
3AEP4IC4DezYPWvVT50ml2,The Soul Searchers - Live at the Royal Festival Hall,11,False,3,1,7Lf3LOZp3U3u2f6cWMd3AH,Paul Weller,7FtSOdVTt6j0anZ8JQWHiB,"Other Aspects, Live at the Royal Festival Hall",2019-03-08,album,0.525,0.509,11,-10.944,0,0.028,0.176,0.00602,0.655,0.576,118.283,4,295479
77VmMavesoarNgy5dWgS0E,What Would He Say? - Live at the Royal Festival Hall,11,False,6,1,7Lf3LOZp3U3u2f6cWMd3AH,Paul Weller,7FtSOdVTt6j0anZ8JQWHiB,"Other Aspects, Live at the Royal Festival Hall",2019-03-08,album,0.558,0.384,5,-11.513,1,0.0289,0.747,0.000109,0.682,0.416,98.127,4,235163
6bfBtxR0aV4WOh7IXBzFSG,Wild Wood - Live at the Royal Festival Hall,16,False,7,1,7Lf3LOZp3U3u2f6cWMd3AH,Paul Weller,7FtSOdVTt6j0anZ8JQWHiB,"Other Aspects, Live at the Royal Festival Hall",2019-03-08,album,0.49,0.473,11,-10.619,0,0.0338,0.371,0.000858,0.958,0.458,129.257,4,247173
3b8fHYBNkD61Um5U4eF28C,Country - Live at the Royal Festival Hall,10,False,8,1,7Lf3LOZp3U3u2f6cWMd3AH,Paul Weller,7FtSOdVTt6j0anZ8JQWHiB,"Other Aspects, Live at the Royal Festival Hall",2019-03-08,album,0.402,0.414,7,-13.043,1,0.0478,0.804,0.000766,0.844,0.342,128.788,4,230851
76VRxPjEfLEKoyUPErH9fU,Aspects - Live at the Royal Festival Hall,13,False,9,1,7Lf3LOZp3U3u2f6cWMd3AH,Paul Weller,7FtSOdVTt6j0anZ8JQWHiB,"Other Aspects, Live at the Royal Festival Hall",2019-03-08,album,0.21,0.306,2,-14.891,1,0.0301,0.813,0.0127,0.68,0.154,150.482,3,307031
4VBIcEAZZRqPcu7UIWeZVV,Amongst Butterflies - Live at the Royal Festival Hall,10,False,11,1,7Lf3LOZp3U3u2f6cWMd3AH,Paul Weller,7FtSOdVTt6j0anZ8JQWHiB,"Other Aspects, Live at the Royal Festival Hall",2019-03-08,album,0.4,0.623,6,-8.757,0,0.0744,0.145,0.00234,0.836,0.691,174.464,4,177548
5XbUFgSJH1zQiguj8Hv32P,Old Castles - Live at the Royal Festival Hall,9,False,12,1,7Lf3LOZp3U3u2f6cWMd3AH,Paul Weller,7FtSOdVTt6j0anZ8JQWHiB,"Other Aspects, Live at the Royal Festival Hall",2019-03-08,album,0.435,0.582,2,-8.265,0,0.0264,0.235,3.29e-06,0.967,0.51,135.493,3,194153
5W8xNs3HyKYxCbONvOsoso,Gravity - Live at the Royal Festival Hall,12,False,13,1,7Lf3LOZp3U3u2f6cWMd3AH,Paul Weller,7FtSOdVTt6j0anZ8JQWHiB,"Other Aspects, Live at the Royal Festival Hall",2019-03-08,album,0.166,0.396,2,-13.461,1,0.0385,0.59,0.000276,0.945,0.363,164.668,4,175526
5lMNFlxK9j2geZG5tMCyLn,Where'er Ye Go - Live at the Royal Festival Hall,9,False,14,1,7Lf3LOZp3U3u2f6cWMd3AH,Paul Weller,7FtSOdVTt6j0anZ8JQWHiB,"Other Aspects, Live at the Royal Festival Hall",2019-03-08,album,0.286,0.411,4,-16.177,1,0.0803,0.921,0.00205,0.709,0.504,179.826,3,171053
5dA80SPrSx0uKWEW0aRFBo,Mayfly - Live at the Royal Festival Hall,9,False,16,1,7Lf3LOZp3U3u2f6cWMd3AH,Paul Weller,7FtSOdVTt6j0anZ8JQWHiB,"Other Aspects, Live at the Royal Festival Hall",2019-03-08,album,0.662,0.488,1,-11.278,0,0.0364,0.366,0.000493,0.702,0.594,113.858,4,229071
1AtWWLPrV2DG8ry1aOPajb,Movin On - Live at the Royal Festival Hall,8,False,19,1,7Lf3LOZp3U3u2f6cWMd3AH,Paul Weller,7FtSOdVTt6j0anZ8JQWHiB,"Other Aspects, Live at the Royal Festival Hall",2019-03-08,album,0.293,0.494,7,-8.865,1,0.0312,0.0735,8.96e-05,0.859,0.339,117.803,5,280112
2HieyTk7lGhLfttHgRthXj,Long Long Road - Live at the Royal Festival Hall,9,False,20,1,7Lf3LOZp3U3u2f6cWMd3AH,Paul Weller,7FtSOdVTt6j0anZ8JQWHiB,"Other Aspects, Live at the Royal Festival Hall",2019-03-08,album,0.355,0.583,0,-9.043,1,0.0303,0.471,0.00232,0.839,0.536,163.258,4,225270
104wGEAuS0wlwlBOuB7nZN,Hopper - Live at the Royal Festival Hall,6,False,21,1,7Lf3LOZp3U3u2f6cWMd3AH,Paul Weller,7FtSOdVTt6j0anZ8JQWHiB,"Other Aspects, Live at the Royal Festival Hall",2019-03-08,album,0.527,0.587,0,-7.93,1,0.0315,0.117,0.00761,0.94,0.655,102.753,4,182224
3cZ6Udgl1VXi1fLlDuFagR,White Horses - Live at the Royal Festival Hall,11,False,22,1,7Lf3LOZp3U3u2f6cWMd3AH,Paul Weller,7FtSOdVTt6j0anZ8JQWHiB,"Other Aspects, Live at the Royal Festival Hall",2019-03-08,album,0.209,0.343,5,-10.377,1,0.0308,0.435,0.00213,0.829,0.235,178.784,4,347497
3VBxWYFuynq5bzCq8P2cFJ,Books - Live at the Royal Festival Hall,7,False,23,1,7Lf3LOZp3U3u2f6cWMd3AH,Paul Weller,7FtSOdVTt6j0anZ8JQWHiB,"Other Aspects, Live at the Royal Festival Hall",2019-03-08,album,0.412,0.315,7,-17.459,1,0.0395,0.839,6.49e-05,0.94,0.275,79.807,4,255632
0fvt7uDV8yUHGqplS90uXH,You Do Something to Me - Live at the Royal Festival Hall,14,False,24,1,7Lf3LOZp3U3u2f6cWMd3AH,Paul Weller,7FtSOdVTt6j0anZ8JQWHiB,"Other Aspects, Live at the Royal Festival Hall",2019-03-08,album,0.266,0.536,4,-10.598,0,0.0421,0.425,0.0136,0.934,0.341,69.297,4,242404
1PRp0pATD0hE7UlWpLCl6G,May Love Travel with You - Live at the Royal Festival Hall,8,False,25,1,7Lf3LOZp3U3u2f6cWMd3AH,Paul Weller,7FtSOdVTt6j0anZ8JQWHiB,"Other Aspects, Live at the Royal Festival Hall",2019-03-08,album,0.223,0.42,2,-13.161,1,0.0343,0.664,0.00232,0.706,0.322,89.787,3,201441
3t5XgPFW7Bzuc8xrUWaUSI,The Soul Searchers,11,False,1,1,7Lf3LOZp3U3u2f6cWMd3AH,Paul Weller,7tgpQYBj3BKhlbjKzf7jJN,True Meanings (Deluxe Edition),2018-09-14,album,0.679,0.583,11,-7.524,0,0.0274,0.0936,0.611,0.127,0.478,119.993,4,301933
5yE7Y2sAH6VfvkzzKy2Q95,Glide,7,False,2,1,7Lf3LOZp3U3u2f6cWMd3AH,Paul Weller,7tgpQYBj3BKhlbjKzf7jJN,True Meanings (Deluxe Edition),2018-09-14,album,0.212,0.367,2,-10.042,1,0.0303,0.801,0.0131,0.124,0.29,176.318,3,138373
00zwqcbnsj7PcUS53n52e1,Mayfly,8,False,3,1,7Lf3LOZp3U3u2f6cWMd3AH,Paul Weller,7tgpQYBj3BKhlbjKzf7jJN,True Meanings (Deluxe Edition),2018-09-14,album,0.703,0.492,4,-10.082,1,0.0285,0.624,0.00121,0.109,0.624,104.94,4,240400
2PCA7UpKIuus360Vw6vljy,Gravity,10,False,4,1,7Lf3LOZp3U3u2f6cWMd3AH,Paul Weller,7tgpQYBj3BKhlbjKzf7jJN,True Meanings (Deluxe Edition),2018-09-14,album,0.184,0.309,2,-10.086,1,0.0306,0.489,0.000151,0.115,0.345,175.531,3,153173
19rczTZ8ul0eytesDHgaWf,Old Castles,7,False,5,1,7Lf3LOZp3U3u2f6cWMd3AH,Paul Weller,7tgpQYBj3BKhlbjKzf7jJN,True Meanings (Deluxe Edition),2018-09-14,album,0.331,0.576,2,-6.974,0,0.0303,0.138,0.152,0.142,0.405,130.134,3,200480
5aO1NgzhjPzKnZBKwrErep,What Would He Say?,7,False,6,1,7Lf3LOZp3U3u2f6cWMd3AH,Paul Weller,7tgpQYBj3BKhlbjKzf7jJN,True Meanings (Deluxe Edition),2018-09-14,album,0.596,0.451,5,-7.75,1,0.028,0.538,0.000252,0.0855,0.357,95.146,4,240413
78ADwDfNlTRmgpTrxNWLKX,Aspects,10,False,7,1,7Lf3LOZp3U3u2f6cWMd3AH,Paul Weller,7tgpQYBj3BKhlbjKzf7jJN,True Meanings (Deluxe Edition),2018-09-14,album,0.247,0.369,11,-9.639,0,0.0284,0.883,0.0678,0.0884,0.21,163.503,3,273835
0ptaVtVkNKSsdapRFn3d4x,Bowie,6,False,8,1,7Lf3LOZp3U3u2f6cWMd3AH,Paul Weller,7tgpQYBj3BKhlbjKzf7jJN,True Meanings (Deluxe Edition),2018-09-14,album,0.316,0.416,7,-10.492,1,0.0307,0.753,0.321,0.396,0.306,137.627,4,233053
6RV6qp5W5zrgpNrmNl3kNN,Wishing Well,6,False,9,1,7Lf3LOZp3U3u2f6cWMd3AH,Paul Weller,7tgpQYBj3BKhlbjKzf7jJN,True Meanings (Deluxe Edition),2018-09-14,album,0.52,0.388,0,-11.898,1,0.0278,0.772,0.0262,0.112,0.356,128.899,4,276027
4o7vsf6xKirJx1A0hMjPfE,Come Along,5,False,10,1,7Lf3LOZp3U3u2f6cWMd3AH,Paul Weller,7tgpQYBj3BKhlbjKzf7jJN,True Meanings (Deluxe Edition),2018-09-14,album,0.421,0.353,5,-10.982,1,0.0272,0.806,0.004,0.105,0.398,177.691,3,183253
5AUD41mFlJuF5U62G0Kiml,Books,7,False,11,1,7Lf3LOZp3U3u2f6cWMd3AH,Paul Weller,7tgpQYBj3BKhlbjKzf7jJN,True Meanings (Deluxe Edition),2018-09-14,album,0.459,0.372,7,-10.683,1,0.0256,0.814,0.0211,0.0931,0.164,153.201,3,275187
27J5K0pv7udPIDTmu0gg4N,Movin On,8,False,12,1,7Lf3LOZp3U3u2f6cWMd3AH,Paul Weller,7tgpQYBj3BKhlbjKzf7jJN,True Meanings (Deluxe Edition),2018-09-14,album,0.333,0.481,7,-8.635,1,0.0265,0.167,0.00851,0.0912,0.317,91.611,4,271107
03ZCDeyy7pEjDotukEbDvV,May Love Travel with You,5,False,13,1,7Lf3LOZp3U3u2f6cWMd3AH,Paul Weller,7tgpQYBj3BKhlbjKzf7jJN,True Meanings (Deluxe Edition),2018-09-14,album,0.376,0.357,2,-9.829,1,0.0277,0.59,0.00669,0.0891,0.314,91.989,4,181720
5NDsRR7wHFEj6NGRnWl14Y,White Horses,7,False,14,1,7Lf3LOZp3U3u2f6cWMd3AH,Paul Weller,7tgpQYBj3BKhlbjKzf7jJN,True Meanings (Deluxe Edition),2018-09-14,album,0.429,0.358,5,-10.153,1,0.0277,0.422,0.0762,0.14,0.198,179.964,4,324600
77cyIOZdHy5GsI1rR9AEIu,The Soul Searchers - Richard Hawley Remix,7,False,15,1,7Lf3LOZp3U3u2f6cWMd3AH,Paul Weller,7tgpQYBj3BKhlbjKzf7jJN,True Meanings (Deluxe Edition),2018-09-14,album,0.751,0.531,7,-11.281,1,0.0566,0.00357,0.288,0.855,0.714,119.993,4,308120
1taYs98YKzFyklQHsLqmsC,Aspects - Raven Remix,4,False,16,1,7Lf3LOZp3U3u2f6cWMd3AH,Paul Weller,7tgpQYBj3BKhlbjKzf7jJN,True Meanings (Deluxe Edition),2018-09-14,album,0.275,0.352,11,-14.762,0,0.0382,0.276,0.698,0.0669,0.071,119.974,4,390440
7eNy5DPuohTadKBWPM9ltX,Mayfly - The Reflex Revision,9,False,17,1,7Lf3LOZp3U3u2f6cWMd3AH,Paul Weller,7tgpQYBj3BKhlbjKzf7jJN,True Meanings (Deluxe Edition),2018-09-14,album,0.84,0.516,4,-7.378,1,0.0317,0.0625,0.0267,0.109,0.722,105.006,4,280867
3MnbSPsbSzVnhrjKSfjrYw,Glide - Instrumental,4,False,18,1,7Lf3LOZp3U3u2f6cWMd3AH,Paul Weller,7tgpQYBj3BKhlbjKzf7jJN,True Meanings (Deluxe Edition),2018-09-14,album,0.271,0.318,2,-11.552,1,0.0294,0.795,0.964,0.125,0.249,176.603,3,141320
7bwa4WfghD4ZiiaLZc6j9c,Old Castles - Instrumental,4,False,19,1,7Lf3LOZp3U3u2f6cWMd3AH,Paul Weller,7tgpQYBj3BKhlbjKzf7jJN,True Meanings (Deluxe Edition),2018-09-14,album,0.34,0.505,2,-8.355,0,0.0301,0.101,0.886,0.088,0.448,129.972,3,199160
3bPQOHj9c8BuVw957wKhYC,Woo Sé Mama - Instrumental,5,False,11,1,7Lf3LOZp3U3u2f6cWMd3AH,Paul Weller,0mbzS8xzbJj3sK2n0g6nPh,A Kind Revolution (Deluxe Edition),2017-05-12,album,0.674,0.88,10,-7.058,0,0.026,0.0518,0.803,0.146,0.66,127.141,4,224373
4kvDxNAtBtjA6dCgkWItfF,Nova - Instrumental,4,False,12,1,7Lf3LOZp3U3u2f6cWMd3AH,Paul Weller,0mbzS8xzbJj3sK2n0g6nPh,A Kind Revolution (Deluxe Edition),2017-05-12,album,0.74,0.727,9,-7.946,1,0.036,0.0124,0.846,0.218,0.484,119.027,4,238347
5wEnWYx4z6aEQTexLR6Y5K,Long Long Road - Instrumental,4,False,13,1,7Lf3LOZp3U3u2f6cWMd3AH,Paul Weller,0mbzS8xzbJj3sK2n0g6nPh,A Kind Revolution (Deluxe Edition),2017-05-12,album,0.413,0.595,0,-6.424,1,0.0258,0.00724,0.897,0.652,0.602,162.348,4,203787
5NDbefwfapWsWlXyW4p2Nw,She Moves with the Fayre - Instrumental,3,False,14,1,7Lf3LOZp3U3u2f6cWMd3AH,Paul Weller,0mbzS8xzbJj3sK2n0g6nPh,A Kind Revolution (Deluxe Edition),2017-05-12,album,0.739,0.631,4,-6.805,0,0.0323,0.0147,0.809,0.231,0.858,98.531,4,262733
2sIlom6XX5WDH3PW9NZLIq,The Cranes are Back - Instrumental,3,False,15,1,7Lf3LOZp3U3u2f6cWMd3AH,Paul Weller,0mbzS8xzbJj3sK2n0g6nPh,A Kind Revolution (Deluxe Edition),2017-05-12,album,0.54,0.387,4,-11.377,1,0.042,0.0133,0.846,0.214,0.214,149.604,4,263200
5d28leiDrEPEITvbDKsjyS,Hopper - Instrumental,3,False,16,1,7Lf3LOZp3U3u2f6cWMd3AH,Paul Weller,0mbzS8xzbJj3sK2n0g6nPh,A Kind Revolution (Deluxe Edition),2017-05-12,album,0.621,0.611,0,-8.034,1,0.0299,0.127,0.862,0.408,0.365,102.572,4,194960
4MNTXHgWWforL5TgXifY11,New York - Instrumental,3,False,17,1,7Lf3LOZp3U3u2f6cWMd3AH,Paul Weller,0mbzS8xzbJj3sK2n0g6nPh,A Kind Revolution (Deluxe Edition),2017-05-12,album,0.627,0.866,7,-8.429,0,0.0331,0.0316,0.792,0.0897,0.694,97.991,4,282827
1WPT0PQI5ttsFEJ76aXU6A,One Tear - Instrumental,4,False,18,1,7Lf3LOZp3U3u2f6cWMd3AH,Paul Weller,0mbzS8xzbJj3sK2n0g6nPh,A Kind Revolution (Deluxe Edition),2017-05-12,album,0.623,0.618,3,-9.474,0,0.0269,0.107,0.579,0.151,0.584,110.033,4,366733
6xMYpwQE55jDbB83EUhDrw,Satellite Kid - Instrumental,3,False,19,1,7Lf3LOZp3U3u2f6cWMd3AH,Paul Weller,0mbzS8xzbJj3sK2n0g6nPh,A Kind Revolution (Deluxe Edition),2017-05-12,album,0.572,0.612,0,-7.647,1,0.0385,0.00166,0.855,0.115,0.637,79.977,4,317080
3nXaQVh5RaqaSuj8oLY2an,The Impossible Idea - Instrumental,3,False,20,1,7Lf3LOZp3U3u2f6cWMd3AH,Paul Weller,0mbzS8xzbJj3sK2n0g6nPh,A Kind Revolution (Deluxe Edition),2017-05-12,album,0.3,0.56,0,-8.342,1,0.0322,0.316,0.944,0.271,0.236,170.227,3,219720
5PMGdbXef4nEQFvAFTEIpU,She Moves with the Fayre - Villagers Remix,3,False,22,1,7Lf3LOZp3U3u2f6cWMd3AH,Paul Weller,0mbzS8xzbJj3sK2n0g6nPh,A Kind Revolution (Deluxe Edition),2017-05-12,album,0.255,0.645,7,-7.771,1,0.0838,0.337,0.0213,0.0989,0.183,196.708,4,346067
4YMaFYgseLzHiH1mt5haB7,New York - Nightwatch; Prof. Kybert Remix,3,False,23,1,7Lf3LOZp3U3u2f6cWMd3AH,Paul Weller,0mbzS8xzbJj3sK2n0g6nPh,A Kind Revolution (Deluxe Edition),2017-05-12,album,0.572,0.874,7,-8.301,0,0.0485,0.0213,0.812,0.156,0.354,97.978,4,269640
607k1ao0Z6WX6L9hDFh24k,Nova - Toy Remix,3,False,24,1,7Lf3LOZp3U3u2f6cWMd3AH,Paul Weller,0mbzS8xzbJj3sK2n0g6nPh,A Kind Revolution (Deluxe Edition),2017-05-12,album,0.711,0.395,9,-16.814,1,0.0358,0.56,0.905,0.112,0.47,119.0,4,401280
0XjyuP5LxLI3mFUUrF1svm,One Tear - Club Cut; Prof. Kybert Remix,3,False,25,1,7Lf3LOZp3U3u2f6cWMd3AH,Paul Weller,0mbzS8xzbJj3sK2n0g6nPh,A Kind Revolution (Deluxe Edition),2017-05-12,album,0.581,0.68,8,-8.904,0,0.0266,0.0111,0.804,0.0867,0.556,110.037,4,289093
3x3teVk7gCCK9zcsUQjo6T,Hopper - White Label Remix,3,False,26,1,7Lf3LOZp3U3u2f6cWMd3AH,Paul Weller,0mbzS8xzbJj3sK2n0g6nPh,A Kind Revolution (Deluxe Edition),2017-05-12,album,0.665,0.718,0,-7.531,1,0.0326,0.00645,0.259,0.0624,0.535,130.014,4,322507
1BsUNBgN9fQsrYjOpWTRWw,Satellite Kid - Syd Arthur Remix,3,False,27,1,7Lf3LOZp3U3u2f6cWMd3AH,Paul Weller,0mbzS8xzbJj3sK2n0g6nPh,A Kind Revolution (Deluxe Edition),2017-05-12,album,0.443,0.762,2,-7.771,0,0.0985,0.137,0.0797,0.108,0.631,159.798,4,255627
6J0RF1JHzkjWElUmjgYOpp,She Moves with the Fayre - Breakdown Instrumental; Prof. Kybert Remix,3,False,28,1,7Lf3LOZp3U3u2f6cWMd3AH,Paul Weller,0mbzS8xzbJj3sK2n0g6nPh,A Kind Revolution (Deluxe Edition),2017-05-12,album,0.701,0.442,4,-8.565,0,0.0308,0.0425,0.858,0.0821,0.514,98.433,4,250933
5T3kCzCP83ITHAmlUJhVD7,Woo Sé Mama - E & TC Remix,4,False,29,1,7Lf3LOZp3U3u2f6cWMd3AH,Paul Weller,0mbzS8xzbJj3sK2n0g6nPh,A Kind Revolution (Deluxe Edition),2017-05-12,album,0.277,0.601,3,-8.034,1,0.0385,0.234,0.0423,0.0682,0.137,127.056,4,267213
7IgD60tyGOWn09XqinzD44,White Sky,8,False,1,1,7Lf3LOZp3U3u2f6cWMd3AH,Paul Weller,3JUYH5aFVFP3j97rSVaARK,Saturns Pattern (Deluxe Edition),2015-05-11,album,0.36,0.908,4,-5.906,0,0.115,0.00419,0.598,0.0915,0.158,144.035,4,296990
7rBdVOqzDPgKYMibjyHFul,Saturns Pattern,7,False,2,1,7Lf3LOZp3U3u2f6cWMd3AH,Paul Weller,3JUYH5aFVFP3j97rSVaARK,Saturns Pattern (Deluxe Edition),2015-05-11,album,0.57,0.583,8,-4.344,0,0.029,0.0125,0.000443,0.0799,0.747,168.045,4,204667
4qZGkJjbZ7LfplJRLHcRRo,Going My Way,7,False,3,1,7Lf3LOZp3U3u2f6cWMd3AH,Paul Weller,3JUYH5aFVFP3j97rSVaARK,Saturns Pattern (Deluxe Edition),2015-05-11,album,0.363,0.585,5,-5.218,1,0.0269,0.468,0.0694,0.111,0.46,172.245,4,255000
0mV09hdQ9QFC6tg1FUCGDr,Long Time,5,False,4,1,7Lf3LOZp3U3u2f6cWMd3AH,Paul Weller,3JUYH5aFVFP3j97rSVaARK,Saturns Pattern (Deluxe Edition),2015-05-11,album,0.367,0.979,9,-3.2,1,0.105,1.28e-05,0.232,0.0705,0.184,132.196,4,132200
4E27LFkTqjQCBjY2gGm3hh,Pick It Up,8,False,5,1,7Lf3LOZp3U3u2f6cWMd3AH,Paul Weller,3JUYH5aFVFP3j97rSVaARK,Saturns Pattern (Deluxe Edition),2015-05-11,album,0.576,0.762,4,-5.445,0,0.0481,0.0256,0.0771,0.0874,0.646,83.003,4,376173
60Y1wsM4IXZTss56PwK4xI,I'm Where I Should Be,7,False,6,1,7Lf3LOZp3U3u2f6cWMd3AH,Paul Weller,3JUYH5aFVFP3j97rSVaARK,Saturns Pattern (Deluxe Edition),2015-05-11,album,0.583,0.867,9,-4.651,1,0.0391,0.0937,0.0683,0.109,0.337,127.415,4,206360
18VGmGu3MxxE8GWpQQAMxi,Phoenix,7,False,7,1,7Lf3LOZp3U3u2f6cWMd3AH,Paul Weller,3JUYH5aFVFP3j97rSVaARK,Saturns Pattern (Deluxe Edition),2015-05-11,album,0.667,0.689,10,-6.711,0,0.0336,0.136,0.000832,0.127,0.505,127.11,4,356227
0kUi5lXtb31NsjP3JnFLkT,In the Car...,4,False,8,1,7Lf3LOZp3U3u2f6cWMd3AH,Paul Weller,3JUYH5aFVFP3j97rSVaARK,Saturns Pattern (Deluxe Edition),2015-05-11,album,0.606,0.621,1,-7.898,1,0.0523,0.197,0.628,0.64,0.223,122.432,4,284320
4ttc5RcSVMLPOD63R1o9qr,These City Streets,7,False,9,1,7Lf3LOZp3U3u2f6cWMd3AH,Paul Weller,3JUYH5aFVFP3j97rSVaARK,Saturns Pattern (Deluxe Edition),2015-05-11,album,0.553,0.782,4,-6.021,0,0.0284,0.153,0.0619,0.338,0.616,94.064,4,506347
0CPrzOHUCXVqB1gm26DGMD,White Sky - Prof.Kybert vs. The Moons Remix,3,False,12,1,7Lf3LOZp3U3u2f6cWMd3AH,Paul Weller,3JUYH5aFVFP3j97rSVaARK,Saturns Pattern (Deluxe Edition),2015-05-11,album,0.488,0.95,11,-4.19,0,0.107,0.00318,0.618,0.0821,0.487,144.054,4,276320
77WpEXvuixuBwp9BPzAJP9,Green,1,False,1,1,7Lf3LOZp3U3u2f6cWMd3AH,Paul Weller,0FsgtlboS1jKmgGh7s4sgh,Sonik Kicks (Deluxe Edition),2012-01-01,album,0.488,0.888,2,-6.547,1,0.161,0.000535,0.234,0.175,0.408,150.994,4,183467
2x3yXkj9ky132wC6MrYjt0,The Attic,3,False,2,1,7Lf3LOZp3U3u2f6cWMd3AH,Paul Weller,0FsgtlboS1jKmgGh7s4sgh,Sonik Kicks (Deluxe Edition),2012-01-01,album,0.447,0.88,0,-5.004,1,0.0382,3.96e-05,0.14,0.162,0.403,150.032,4,135320
6hYH7WySKjhKJyadjg4eSR,Kling I Klang,1,False,3,1,7Lf3LOZp3U3u2f6cWMd3AH,Paul Weller,0FsgtlboS1jKmgGh7s4sgh,Sonik Kicks (Deluxe Edition),2012-01-01,album,0.549,0.997,5,-1.531,1,0.166,0.00653,0.0139,0.914,0.297,143.034,4,194147
6Q5gLvbKYrd8GxNj2k2Bit,Sleep Of The Serene,0,False,4,1,7Lf3LOZp3U3u2f6cWMd3AH,Paul Weller,0FsgtlboS1jKmgGh7s4sgh,Sonik Kicks (Deluxe Edition),2012-01-01,album,0.32,0.452,9,-11.64,0,0.039,0.927,0.85,0.288,0.245,111.108,3,120893
1WQw9D6SPSNQPUcKfivMCn,By The Waters,1,False,5,1,7Lf3LOZp3U3u2f6cWMd3AH,Paul Weller,0FsgtlboS1jKmgGh7s4sgh,Sonik Kicks (Deluxe Edition),2012-01-01,album,0.319,0.323,7,-6.777,1,0.0298,0.697,8.05e-06,0.0978,0.17,114.06,4,209547
0LFXiDEUy51LQlWhIb4w4R,That Dangerous Age,3,False,6,1,7Lf3LOZp3U3u2f6cWMd3AH,Paul Weller,0FsgtlboS1jKmgGh7s4sgh,Sonik Kicks (Deluxe Edition),2012-01-01,album,0.685,0.967,7,-3.45,1,0.0414,0.116,0.0005,0.237,0.964,110.982,4,150213
6N3WZLw3LRgPkJpFZUogaA,Study In Blue,5,False,7,1,7Lf3LOZp3U3u2f6cWMd3AH,Paul Weller,0FsgtlboS1jKmgGh7s4sgh,Sonik Kicks (Deluxe Edition),2012-01-01,album,0.516,0.775,9,-6.346,0,0.0382,0.0116,0.191,0.21,0.414,142.065,4,397587
1JMPgXskldxzGeKmEZoigt,Dragonfly,3,False,8,1,7Lf3LOZp3U3u2f6cWMd3AH,Paul Weller,0FsgtlboS1jKmgGh7s4sgh,Sonik Kicks (Deluxe Edition),2012-01-01,album,0.435,0.862,5,-4.689,1,0.0485,0.000997,0.0381,0.298,0.288,148.053,4,221027
49EX8ZMj8IW5qoppPiV2Uo,When Your Garden's Overgrown,2,False,9,1,7Lf3LOZp3U3u2f6cWMd3AH,Paul Weller,0FsgtlboS1jKmgGh7s4sgh,Sonik Kicks (Deluxe Edition),2012-01-01,album,0.505,0.952,5,-3.939,1,0.0502,0.025,0.000757,0.457,0.781,152.909,4,191333
6yQE5GSID1Ebi6Y45wyxeH,Around The Lake,3,False,10,1,7Lf3LOZp3U3u2f6cWMd3AH,Paul Weller,0FsgtlboS1jKmgGh7s4sgh,Sonik Kicks (Deluxe Edition),2012-01-01,album,0.456,0.97,9,-3.515,1,0.0472,7.65e-05,0.332,0.889,0.59,146.006,4,131707
273vFvmhjrrepvsuylefVQ,Twilight,0,False,11,1,7Lf3LOZp3U3u2f6cWMd3AH,Paul Weller,0FsgtlboS1jKmgGh7s4sgh,Sonik Kicks (Deluxe Edition),2012-01-01,album,0.453,0.867,4,-9.391,1,0.16,0.876,0.896,0.667,0.116,130.723,1,20453
3j8rASjF7JnYdiHOSeTjJj,Drifters,0,False,12,1,7Lf3LOZp3U3u2f6cWMd3AH,Paul Weller,0FsgtlboS1jKmgGh7s4sgh,Sonik Kicks (Deluxe Edition),2012-01-01,album,0.201,0.887,9,-3.125,1,0.066,0.00433,3.8e-06,0.234,0.39,121.676,3,187333
4ycHhaYpWdA9qBgK9DCZS9,Paperchase,1,False,13,1,7Lf3LOZp3U3u2f6cWMd3AH,Paul Weller,0FsgtlboS1jKmgGh7s4sgh,Sonik Kicks (Deluxe Edition),2012-01-01,album,0.401,0.82,5,-2.67,1,0.0401,0.109,0.00251,0.0927,0.193,183.995,4,301813
1qm5aXKQcauxA2QDI8UFFm,Be Happy Children,1,False,14,1,7Lf3LOZp3U3u2f6cWMd3AH,Paul Weller,0FsgtlboS1jKmgGh7s4sgh,Sonik Kicks (Deluxe Edition),2012-01-01,album,0.441,0.606,9,-5.91,1,0.0261,0.0321,0.0,0.121,0.373,93.867,4,165760
0cy5gUJfvGa2RXexaCGru6,Moonshine,3,False,1,1,7Lf3LOZp3U3u2f6cWMd3AH,Paul Weller,5Knp3BFoTXj0q3aXL4xgNJ,Wake Up The Nation (10th Anniversary Edition / Remastered 2020),2010-04-19,album,0.475,0.89,4,-7.069,1,0.0327,2.28e-05,0.0138,0.386,0.773,140.016,4,129479
6UcAX6XnR58xYfYjK8SZ4q,Wake Up The Nation,7,False,2,1,7Lf3LOZp3U3u2f6cWMd3AH,Paul Weller,5Knp3BFoTXj0q3aXL4xgNJ,Wake Up The Nation (10th Anniversary Edition / Remastered 2020),2010-04-19,album,0.594,0.916,0,-5.468,1,0.0319,0.00281,0.0809,0.274,0.922,128.971,4,139271
2lvXAfDovBoM3X7YH6hLEO,No Tears To Cry,7,False,3,1,7Lf3LOZp3U3u2f6cWMd3AH,Paul Weller,5Knp3BFoTXj0q3aXL4xgNJ,Wake Up The Nation (10th Anniversary Edition / Remastered 2020),2010-04-19,album,0.616,0.801,4,-6.468,1,0.0319,0.0144,0.00659,0.272,0.929,121.953,4,145356
3KShNGYRNcdZrwM1xbMQuk,Fast Car / Slow Traffic,6,False,4,1,7Lf3LOZp3U3u2f6cWMd3AH,Paul Weller,5Knp3BFoTXj0q3aXL4xgNJ,Wake Up The Nation (10th Anniversary Edition / Remastered 2020),2010-04-19,album,0.508,0.766,10,-7.256,1,0.0712,0.00238,0.628,0.128,0.833,173.045,4,118802
6ug90nW2hinX0w1iA67asx,Andromeda,4,False,5,1,7Lf3LOZp3U3u2f6cWMd3AH,Paul Weller,5Knp3BFoTXj0q3aXL4xgNJ,Wake Up The Nation (10th Anniversary Edition / Remastered 2020),2010-04-19,album,0.458,0.707,2,-7.209,1,0.0269,0.000508,0.53,0.504,0.757,96.04,4,113627
5KlfXavgvDAk8ySuETb4S3,In Amsterdam,3,False,6,1,7Lf3LOZp3U3u2f6cWMd3AH,Paul Weller,5Knp3BFoTXj0q3aXL4xgNJ,Wake Up The Nation (10th Anniversary Edition / Remastered 2020),2010-04-19,album,0.179,0.672,4,-6.519,1,0.0358,0.00675,0.878,0.323,0.603,186.215,3,88262
5EKE5OSELbx8l3575wZrdm,She Speaks,3,False,7,1,7Lf3LOZp3U3u2f6cWMd3AH,Paul Weller,5Knp3BFoTXj0q3aXL4xgNJ,Wake Up The Nation (10th Anniversary Edition / Remastered 2020),2010-04-19,album,0.522,0.702,4,-11.072,1,0.0388,0.285,0.861,0.107,0.37,111.906,4,134958
4HJigg2qSgFhm6e7vATwf2,Find The Torch / Burn The Plans,4,False,8,1,7Lf3LOZp3U3u2f6cWMd3AH,Paul Weller,5Knp3BFoTXj0q3aXL4xgNJ,Wake Up The Nation (10th Anniversary Edition / Remastered 2020),2010-04-19,album,0.458,0.937,7,-7.195,1,0.0467,0.000278,0.0082,0.211,0.507,112.994,4,189953
27YhI6wP5KLtVVjCwLdl6x,Aim High,4,False,9,1,7Lf3LOZp3U3u2f6cWMd3AH,Paul Weller,5Knp3BFoTXj0q3aXL4xgNJ,Wake Up The Nation (10th Anniversary Edition / Remastered 2020),2010-04-19,album,0.527,0.926,2,-7.279,0,0.051,0.0406,0.0455,0.179,0.774,101.952,4,188461
4ZbVcKDUgee6kH44ATSfam,Trees,3,False,10,1,7Lf3LOZp3U3u2f6cWMd3AH,Paul Weller,5Knp3BFoTXj0q3aXL4xgNJ,Wake Up The Nation (10th Anniversary Edition / Remastered 2020),2010-04-19,album,0.521,0.763,1,-7.551,1,0.0414,0.0226,0.00219,0.114,0.761,140.951,4,259728
43eBKx5Y2IeQujdAr4Q5Ax,Grasp & Still Connect,2,False,11,1,7Lf3LOZp3U3u2f6cWMd3AH,Paul Weller,5Knp3BFoTXj0q3aXL4xgNJ,Wake Up The Nation (10th Anniversary Edition / Remastered 2020),2010-04-19,album,0.394,0.878,9,-6.374,1,0.0455,0.0813,0.00147,0.21,0.933,164.034,4,136170
4ZNDxGWrpI6ULCqEBikIqg,Whatever Next,2,False,12,1,7Lf3LOZp3U3u2f6cWMd3AH,Paul Weller,5Knp3BFoTXj0q3aXL4xgNJ,Wake Up The Nation (10th Anniversary Edition / Remastered 2020),2010-04-19,album,0.493,0.906,2,-9.829,1,0.114,0.00345,0.78,0.287,0.157,128.044,4,98567
1Z9nThkro6c4Lr8U735PZN,7 & 3 Is The Striker's Name,2,True,13,1,7Lf3LOZp3U3u2f6cWMd3AH,Paul Weller,5Knp3BFoTXj0q3aXL4xgNJ,Wake Up The Nation (10th Anniversary Edition / Remastered 2020),2010-04-19,album,0.331,0.8,0,-6.97,1,0.0356,0.00339,0.0144,0.336,0.67,132.197,5,204570
2x0lt1783EplJ4Qtmy5sqh,Up The Dosage,3,False,14,1,7Lf3LOZp3U3u2f6cWMd3AH,Paul Weller,5Knp3BFoTXj0q3aXL4xgNJ,Wake Up The Nation (10th Anniversary Edition / Remastered 2020),2010-04-19,album,0.585,0.849,9,-8.313,1,0.0361,0.0288,0.000139,0.255,0.902,128.925,4,161138
5tcBtbz6XYc116WPVs4c3f,Pieces Of A Dream,2,False,15,1,7Lf3LOZp3U3u2f6cWMd3AH,Paul Weller,5Knp3BFoTXj0q3aXL4xgNJ,Wake Up The Nation (10th Anniversary Edition / Remastered 2020),2010-04-19,album,0.461,0.635,9,-8.76,0,0.0352,0.0705,0.038,0.141,0.52,132.972,4,146358
3IdMHwg2iZTa14WT6zYkqw,Two Fat Ladies,2,False,16,1,7Lf3LOZp3U3u2f6cWMd3AH,Paul Weller,5Knp3BFoTXj0q3aXL4xgNJ,Wake Up The Nation (10th Anniversary Edition / Remastered 2020),2010-04-19,album,0.514,0.842,7,-6.432,1,0.0342,0.00921,0.124,0.119,0.449,120.007,4,159390
1vYHDqpnEmG1pKLlcdtgUw,Moonshine,0,False,1,1,7Lf3LOZp3U3u2f6cWMd3AH,Paul Weller,2DTZR7xSrnvSkkhSUvg46p,Wake Up The Nation (Deluxe),2010-01-01,album,0.453,0.892,4,-4.226,1,0.0439,7.53e-05,0.000206,0.372,0.602,139.884,4,128893
2q2cz14EljzmvDR2OukLfv,Wake Up The Nation,0,False,2,1,7Lf3LOZp3U3u2f6cWMd3AH,Paul Weller,2DTZR7xSrnvSkkhSUvg46p,Wake Up The Nation (Deluxe),2010-01-01,album,0.65,0.876,0,-5.288,1,0.0289,0.00266,0.504,0.271,0.849,129.064,4,138653
3qiYk7TOpdEfTP88uAF31b,No Tears To Cry,0,False,3,1,7Lf3LOZp3U3u2f6cWMd3AH,Paul Weller,2DTZR7xSrnvSkkhSUvg46p,Wake Up The Nation (Deluxe),2010-01-01,album,0.609,0.807,4,-5.738,1,0.0322,0.0285,0.00556,0.302,0.82,121.934,4,144720
4kp4pSNr78gdK0gJMAndvx,Fast Car / Slow Traffic,0,False,4,1,7Lf3LOZp3U3u2f6cWMd3AH,Paul Weller,2DTZR7xSrnvSkkhSUvg46p,Wake Up The Nation (Deluxe),2010-01-01,album,0.53,0.817,3,-5.961,1,0.0797,0.00289,0.672,0.0895,0.632,173.073,4,118267
1bk97QiN4AGrZQunqdkF1P,Andromeda,0,False,5,1,7Lf3LOZp3U3u2f6cWMd3AH,Paul Weller,2DTZR7xSrnvSkkhSUvg46p,Wake Up The Nation (Deluxe),2010-01-01,album,0.429,0.785,2,-3.262,1,0.037,0.00265,0.17,0.474,0.656,95.963,4,113240
2r10s5sEueLqLrxLnv5p54,She Speaks,0,False,7,1,7Lf3LOZp3U3u2f6cWMd3AH,Paul Weller,2DTZR7xSrnvSkkhSUvg46p,Wake Up The Nation (Deluxe),2010-01-01,album,0.507,0.836,4,-8.711,0,0.0614,0.455,0.775,0.12,0.45,111.973,4,134907
16xxIwFmfSHeatMFuT2K6t,Aim High,0,False,9,1,7Lf3LOZp3U3u2f6cWMd3AH,Paul Weller,2DTZR7xSrnvSkkhSUvg46p,Wake Up The Nation (Deluxe),2010-01-01,album,0.556,0.915,2,-5.335,0,0.0678,0.0353,0.000136,0.0813,0.868,101.986,4,187653
1HKwy3O5vyJEWdstJmGbJl,Trees,0,False,10,1,7Lf3LOZp3U3u2f6cWMd3AH,Paul Weller,2DTZR7xSrnvSkkhSUvg46p,Wake Up The Nation (Deluxe),2010-01-01,album,0.516,0.816,1,-4.662,1,0.0715,0.0328,0.000416,0.172,0.421,140.965,4,258813
40EuoYbv21kwbgBKEVa6qx,Grasp & Still Connect,0,False,11,1,7Lf3LOZp3U3u2f6cWMd3AH,Paul Weller,2DTZR7xSrnvSkkhSUvg46p,Wake Up The Nation (Deluxe),2010-01-01,album,0.525,0.903,4,-4.565,1,0.0387,0.0253,9.7e-06,0.357,0.94,81.979,4,135680
63EARYWfnYYGNGC67txAJW,Whatever Next,0,False,12,1,7Lf3LOZp3U3u2f6cWMd3AH,Paul Weller,2DTZR7xSrnvSkkhSUvg46p,Wake Up The Nation (Deluxe),2010-01-01,album,0.252,0.731,2,-8.648,1,0.0533,0.00431,0.814,0.0898,0.136,127.661,4,97827
5EsXOEExyvX1fkfqnu2AK9,Up The Dosage,0,False,14,1,7Lf3LOZp3U3u2f6cWMd3AH,Paul Weller,2DTZR7xSrnvSkkhSUvg46p,Wake Up The Nation (Deluxe),2010-01-01,album,0.577,0.906,9,-6.038,1,0.0305,0.00178,0.576,0.122,0.964,128.947,4,160440
5d44zVygunfCNTWFDTT0eH,Two Fat Ladies,0,False,16,1,7Lf3LOZp3U3u2f6cWMd3AH,Paul Weller,2DTZR7xSrnvSkkhSUvg46p,Wake Up The Nation (Deluxe),2010-01-01,album,0.474,0.918,7,-3.996,1,0.0372,0.000812,0.839,0.112,0.368,119.969,4,158693
0rFuOkmVJMuhxTfnDYFskI,Wake Up The Nation - The Crackhouse Remix,0,False,1,2,7Lf3LOZp3U3u2f6cWMd3AH,Paul Weller,2DTZR7xSrnvSkkhSUvg46p,Wake Up The Nation (Deluxe),2010-01-01,album,0.76,0.62,7,-10.207,1,0.0736,0.00781,0.00141,0.244,0.53,128.964,4,309667
5Z886TwwF02nyZWSmeH5bv,Grasp & Still Connect - The Bees Version,0,False,3,2,7Lf3LOZp3U3u2f6cWMd3AH,Paul Weller,2DTZR7xSrnvSkkhSUvg46p,Wake Up The Nation (Deluxe),2010-01-01,album,0.634,0.953,6,-4.046,0,0.0603,0.24,1.67e-05,0.0785,0.453,82.012,4,167360
1zHp0HSBwnZUaA5TSxErOT,She Speaks - Tunng Remix,0,False,4,2,7Lf3LOZp3U3u2f6cWMd3AH,Paul Weller,2DTZR7xSrnvSkkhSUvg46p,Wake Up The Nation (Deluxe),2010-01-01,album,0.653,0.613,11,-7.878,1,0.0334,0.385,0.0886,0.171,0.669,111.988,4,237080
45X0BKmQSxUSnNNuAhte9d,Andromeda - Richard Hawley Remix,0,False,5,2,7Lf3LOZp3U3u2f6cWMd3AH,Paul Weller,2DTZR7xSrnvSkkhSUvg46p,Wake Up The Nation (Deluxe),2010-01-01,album,0.382,0.789,4,-5.593,0,0.0334,0.000932,0.341,0.278,0.182,95.923,4,231200
3t6Uc5raWHqvscZMNVnyvl,In Amsterdam - Noonday Underground Remix,0,False,6,2,7Lf3LOZp3U3u2f6cWMd3AH,Paul Weller,2DTZR7xSrnvSkkhSUvg46p,Wake Up The Nation (Deluxe),2010-01-01,album,0.393,0.836,1,-7.649,0,0.0477,0.0176,0.902,0.0655,0.863,186.007,3,120000
3Kpqw4W6991b4uc6iZfyrz,No Tears To Cry - Leo Zero Remix,0,False,7,2,7Lf3LOZp3U3u2f6cWMd3AH,Paul Weller,2DTZR7xSrnvSkkhSUvg46p,Wake Up The Nation (Deluxe),2010-01-01,album,0.753,0.803,4,-5.656,1,0.0344,0.00217,0.331,0.0853,0.478,121.993,4,483160
1SmyROozHyWnGNAatxJtns,Find The Torch / Burn The Plans - Prawns In The Sun Remix By Little Vampire,0,False,8,2,7Lf3LOZp3U3u2f6cWMd3AH,Paul Weller,2DTZR7xSrnvSkkhSUvg46p,Wake Up The Nation (Deluxe),2010-01-01,album,0.545,0.912,7,-5.148,1,0.0333,3.62e-05,0.207,0.285,0.356,135.984,4,318493
5qCB08wmYtzCnr0YpbtnFr,Pieces Of A Dream - Original Version,0,False,13,2,7Lf3LOZp3U3u2f6cWMd3AH,Paul Weller,2DTZR7xSrnvSkkhSUvg46p,Wake Up The Nation (Deluxe),2010-01-01,album,0.38,0.394,2,-10.145,0,0.0278,0.244,0.235,0.132,0.215,133.24,4,176440
4w6bsokBRRyHZMe6CanCJm,Grasp & Still Connect - Original Version,0,False,14,2,7Lf3LOZp3U3u2f6cWMd3AH,Paul Weller,2DTZR7xSrnvSkkhSUvg46p,Wake Up The Nation (Deluxe),2010-01-01,album,0.635,0.823,9,-6.646,1,0.0717,0.0431,0.0007,0.0638,0.722,164.087,4,141800
1eK44FAETnnz3KktV5BWdA,Andromeda - Live At The Royal Albert Hall,3,False,1,1,7Lf3LOZp3U3u2f6cWMd3AH,Paul Weller,1PwodkPrZ5I6uhlDN2jBwx,"Find The Torch, Burn The Plans (Paul Weller Live 2010)",2010-01-01,album,0.191,0.909,2,-4.951,1,0.104,0.000333,0.193,0.914,0.231,99.972,4,232933
64NcAJXO9BQSV8NE2ZykjA,From The Floorboards Up - Live At The Royal Albert Hall,6,False,2,1,7Lf3LOZp3U3u2f6cWMd3AH,Paul Weller,1PwodkPrZ5I6uhlDN2jBwx,"Find The Torch, Burn The Plans (Paul Weller Live 2010)",2010-01-01,album,0.196,0.994,4,-4.377,1,0.204,0.15,0.00925,0.974,0.101,154.022,4,171642
58oMbHzwFpOunYc7AMAzE4,Into Tomorrow - Live At The Royal Albert Hall,5,False,4,1,7Lf3LOZp3U3u2f6cWMd3AH,Paul Weller,1PwodkPrZ5I6uhlDN2jBwx,"Find The Torch, Burn The Plans (Paul Weller Live 2010)",2010-01-01,album,0.406,0.934,9,-5.511,0,0.079,0.0977,0.0147,0.528,0.276,102.861,4,396880
5hugvX4q5IvAHAQUU854bK,Aim High - Live At The Royal Albert Hall,3,False,5,1,7Lf3LOZp3U3u2f6cWMd3AH,Paul Weller,1PwodkPrZ5I6uhlDN2jBwx,"Find The Torch, Burn The Plans (Paul Weller Live 2010)",2010-01-01,album,0.426,0.949,7,-4.805,0,0.0697,0.107,0.0197,0.958,0.495,101.66,4,236653
1nKy1Nq5yECDkFuUYQvuCw,Moonshine - Live At The Royal Albert Hall,2,False,6,1,7Lf3LOZp3U3u2f6cWMd3AH,Paul Weller,1PwodkPrZ5I6uhlDN2jBwx,"Find The Torch, Burn The Plans (Paul Weller Live 2010)",2010-01-01,album,0.323,0.991,4,-3.605,1,0.156,0.00657,0.00231,0.971,0.0745,139.898,4,172773
1jL1XlJ5ILzMREOygUqxfd,Up The Dosage - Live At The Royal Albert Hall,2,False,7,1,7Lf3LOZp3U3u2f6cWMd3AH,Paul Weller,1PwodkPrZ5I6uhlDN2jBwx,"Find The Torch, Burn The Plans (Paul Weller Live 2010)",2010-01-01,album,0.454,0.969,9,-3.973,1,0.0943,0.0362,0.00176,0.894,0.303,129.351,4,218320
5FW1SVCNOrNvSUtmtkTdYI,Trees - Live At The Royal Albert Hall,2,False,8,1,7Lf3LOZp3U3u2f6cWMd3AH,Paul Weller,1PwodkPrZ5I6uhlDN2jBwx,"Find The Torch, Burn The Plans (Paul Weller Live 2010)",2010-01-01,album,0.388,0.958,1,-4.044,1,0.142,0.118,0.000142,0.926,0.359,141.121,4,274000
6LfjLscx1pYJThOb5pc0Mp,Wild Wood - Live At The Royal Albert Hall,3,False,9,1,7Lf3LOZp3U3u2f6cWMd3AH,Paul Weller,1PwodkPrZ5I6uhlDN2jBwx,"Find The Torch, Burn The Plans (Paul Weller Live 2010)",2010-01-01,album,0.262,0.878,9,-6.006,0,0.163,0.391,0.000836,0.935,0.388,153.769,4,315387
14GF5Ox6GWqLGpxRlglFev,That's Entertainment - Live At The Royal Albert Hall,6,False,11,1,7Lf3LOZp3U3u2f6cWMd3AH,Paul Weller,1PwodkPrZ5I6uhlDN2jBwx,"Find The Torch, Burn The Plans (Paul Weller Live 2010)",2010-01-01,album,0.181,0.979,0,-4.506,1,0.19,0.0146,0.0,0.945,0.0861,144.915,4,310813
671ubHpIdu6t4W9MfAvAsy,Sea Spray - From The Radio 2 Theatre,3,False,14,1,7Lf3LOZp3U3u2f6cWMd3AH,Paul Weller,1PwodkPrZ5I6uhlDN2jBwx,"Find The Torch, Burn The Plans (Paul Weller Live 2010)",2010-01-01,album,0.424,0.879,7,-5.929,1,0.0687,0.0213,0.0163,0.866,0.494,115.216,4,307200
0byHXetABfs3ZSI9WidikW,Broken Stones - From The Radio 2 Theatre,6,False,16,1,7Lf3LOZp3U3u2f6cWMd3AH,Paul Weller,1PwodkPrZ5I6uhlDN2jBwx,"Find The Torch, Burn The Plans (Paul Weller Live 2010)",2010-01-01,album,0.534,0.747,10,-7.376,1,0.0595,0.736,0.0224,0.698,0.768,118.026,4,232653
5YZGa1OAl65xdL94PKusJb,No Tears To Cry - From The Radio 2 Theatre,4,False,18,1,7Lf3LOZp3U3u2f6cWMd3AH,Paul Weller,1PwodkPrZ5I6uhlDN2jBwx,"Find The Torch, Burn The Plans (Paul Weller Live 2010)",2010-01-01,album,0.498,0.968,4,-5.946,1,0.109,0.154,0.00531,0.799,0.395,122.736,4,158480
3Xe98hvNOSF7GDAkf4IHvs,22 Dreams - Demo,0,False,1,1,7Lf3LOZp3U3u2f6cWMd3AH,Paul Weller,630fh34dO3Qy8EKCcJmRLc,22 Dreams (Disc 2 - Special Edition),2008-05-30,album,0.45,0.988,2,-3.695,1,0.111,0.000934,0.241,0.174,0.317,147.86,4,207707
3OS4ihn9CKAa4WZrQrt2iO,Light Nights - Demo,0,False,3,1,7Lf3LOZp3U3u2f6cWMd3AH,Paul Weller,630fh34dO3Qy8EKCcJmRLc,22 Dreams (Disc 2 - Special Edition),2008-05-30,album,0.471,0.742,2,-4.71,1,0.031,0.251,0.641,0.37,0.62,123.179,4,185440
6XcSNJEv8Vw0PtI2tcttHc,Cold Moments - Demo,0,False,4,1,7Lf3LOZp3U3u2f6cWMd3AH,Paul Weller,630fh34dO3Qy8EKCcJmRLc,22 Dreams (Disc 2 - Special Edition),2008-05-30,album,0.71,0.238,4,-9.649,0,0.0507,0.814,0.0123,0.292,0.49,144.574,4,318733
51vJee1mmf7dQJtw5Amxpz,Invisible - Marco Version,0,False,6,1,7Lf3LOZp3U3u2f6cWMd3AH,Paul Weller,630fh34dO3Qy8EKCcJmRLc,22 Dreams (Disc 2 - Special Edition),2008-05-30,album,0.3,0.24,9,-7.991,1,0.0309,0.917,0.0123,0.0998,0.111,169.181,3,248750
0zQmCzZT0q1PFfCF4N0sg4,22 Dreams - Instrumental,0,False,8,1,7Lf3LOZp3U3u2f6cWMd3AH,Paul Weller,630fh34dO3Qy8EKCcJmRLc,22 Dreams (Disc 2 - Special Edition),2008-05-30,album,0.319,0.993,0,-2.253,1,0.0645,0.00144,0.877,0.339,0.538,156.908,4,175133
5BZJdHdBMgzhGTRgKV4UuD,Light Nights,9,False,1,1,7Lf3LOZp3U3u2f6cWMd3AH,Paul Weller,32qWHydUFx2LPhpQTWUsrd,22 Dreams (Deluxe Edition),2008-01-01,album,0.524,0.566,2,-6.1,1,0.026,0.549,0.0489,0.371,0.316,132.624,3,224907
4YGe7VjhLRt9AV1IRRnqI3,22 Dreams,9,False,2,1,7Lf3LOZp3U3u2f6cWMd3AH,Paul Weller,32qWHydUFx2LPhpQTWUsrd,22 Dreams (Deluxe Edition),2008-01-01,album,0.309,0.994,0,-2.291,1,0.0675,0.0105,0.131,0.603,0.556,156.791,4,168187
4VmnrUbL8a67vnaOCZ0wC7,All I Wanna Do (Is Be With You),11,False,3,1,7Lf3LOZp3U3u2f6cWMd3AH,Paul Weller,32qWHydUFx2LPhpQTWUsrd,22 Dreams (Deluxe Edition),2008-01-01,album,0.528,0.726,9,-4.648,1,0.0269,0.0234,0.677,0.318,0.269,98.931,4,276000
776xxIqQ8R3InvcD2KQ1cl,Have You Made Up Your Mind,11,False,4,1,7Lf3LOZp3U3u2f6cWMd3AH,Paul Weller,32qWHydUFx2LPhpQTWUsrd,22 Dreams (Deluxe Edition),2008-01-01,album,0.641,0.713,11,-5.325,0,0.0343,0.0763,0.00156,0.158,0.654,111.977,4,195027
0GdaIEF9y2gDQi8wfpKfu9,Empty Ring,8,False,5,1,7Lf3LOZp3U3u2f6cWMd3AH,Paul Weller,32qWHydUFx2LPhpQTWUsrd,22 Dreams (Deluxe Edition),2008-01-01,album,0.526,0.779,7,-6.031,1,0.0265,0.141,0.0235,0.103,0.67,97.876,4,183147
17FJloxb6QYIuFuBeAHRDD,Invisible,8,False,6,1,7Lf3LOZp3U3u2f6cWMd3AH,Paul Weller,32qWHydUFx2LPhpQTWUsrd,22 Dreams (Deluxe Edition),2008-01-01,album,0.367,0.201,9,-8.803,1,0.0416,0.892,0.00266,0.114,0.151,171.424,3,246920
7r10UPYhmCOTLsSP7yvGJv,Song For Alice - Dedicated To The Beautiful Legacy Of Mrs. Coltrane,7,False,7,1,7Lf3LOZp3U3u2f6cWMd3AH,Paul Weller,32qWHydUFx2LPhpQTWUsrd,22 Dreams (Deluxe Edition),2008-01-01,album,0.598,0.746,8,-8.175,1,0.0315,0.19,0.957,0.154,0.7,108.966,4,218387
6J1exmcpwOtnoXBd4vdwZe,Cold Moments,13,False,8,1,7Lf3LOZp3U3u2f6cWMd3AH,Paul Weller,32qWHydUFx2LPhpQTWUsrd,22 Dreams (Deluxe Edition),2008-01-01,album,0.685,0.723,4,-8.849,0,0.028,0.254,0.0101,0.174,0.948,142.099,4,300040
3VhbVzvC4dpvXbjgYlwfEb,The Dark Pages Of September Lead To The New Leaves Of Spring,5,False,9,1,7Lf3LOZp3U3u2f6cWMd3AH,Paul Weller,32qWHydUFx2LPhpQTWUsrd,22 Dreams (Deluxe Edition),2008-01-01,album,0.509,0.478,2,-7.009,1,0.0333,0.17,0.974,0.174,0.588,97.888,4,44613
2YqQxqO5bVDwMAUwUsXqRQ,Black River,6,False,10,1,7Lf3LOZp3U3u2f6cWMd3AH,Paul Weller,32qWHydUFx2LPhpQTWUsrd,22 Dreams (Deluxe Edition),2008-01-01,album,0.588,0.635,7,-6.958,1,0.0282,0.477,0.00583,0.117,0.563,114.85,4,227613
1mQlEvbcpdqHPCSucbQMsP,Why Walk When You Can Run,7,False,11,1,7Lf3LOZp3U3u2f6cWMd3AH,Paul Weller,32qWHydUFx2LPhpQTWUsrd,22 Dreams (Deluxe Edition),2008-01-01,album,0.377,0.425,9,-7.312,0,0.026,0.763,1.19e-06,0.0907,0.255,100.404,1,253707
3ON9CS4HjqOqIvABUijiv5,Push It Along,7,False,12,1,7Lf3LOZp3U3u2f6cWMd3AH,Paul Weller,32qWHydUFx2LPhpQTWUsrd,22 Dreams (Deluxe Edition),2008-01-01,album,0.506,0.948,11,-4.449,1,0.0382,0.0275,0.00036,0.107,0.74,126.986,4,172893
25mAjSHIrEmwD5FJm2sBG8,A Dream Reprise,4,False,13,1,7Lf3LOZp3U3u2f6cWMd3AH,Paul Weller,32qWHydUFx2LPhpQTWUsrd,22 Dreams (Deluxe Edition),2008-01-01,album,0.369,0.947,0,-3.461,1,0.134,0.0003,0.891,0.167,0.584,158.102,4,69400
4VVPpDcpY4x6eS59F1TQAN,Echoes Round The Sun,7,False,14,1,7Lf3LOZp3U3u2f6cWMd3AH,Paul Weller,32qWHydUFx2LPhpQTWUsrd,22 Dreams (Deluxe Edition),2008-01-01,album,0.336,0.983,0,-3.437,1,0.0615,0.0195,0.166,0.896,0.795,178.077,4,188693
1oFtwK62QKmghirWa0eTz0,One Bright Star,6,False,15,1,7Lf3LOZp3U3u2f6cWMd3AH,Paul Weller,32qWHydUFx2LPhpQTWUsrd,22 Dreams (Deluxe Edition),2008-01-01,album,0.613,0.642,0,-6.559,0,0.0277,0.23,0.89,0.212,0.697,106.922,4,177920
2Op3gPoh6m45wmncgyXfvW,Lullaby Für Kinder,5,False,16,1,7Lf3LOZp3U3u2f6cWMd3AH,Paul Weller,32qWHydUFx2LPhpQTWUsrd,22 Dreams (Deluxe Edition),2008-01-01,album,0.285,0.271,0,-10.244,1,0.0291,0.947,0.216,0.148,0.262,166.821,3,143253
40f2zAEoGZix30fvQBJjg1,Where'er Ye Go,7,False,17,1,7Lf3LOZp3U3u2f6cWMd3AH,Paul Weller,32qWHydUFx2LPhpQTWUsrd,22 Dreams (Deluxe Edition),2008-01-01,album,0.451,0.474,4,-6.377,1,0.0269,0.945,0.0301,0.114,0.32,91.548,3,167347
5MY7lGTp9hCZYnqO3au4n7,God,6,False,18,1,7Lf3LOZp3U3u2f6cWMd3AH,Paul Weller,32qWHydUFx2LPhpQTWUsrd,22 Dreams (Deluxe Edition),2008-01-01,album,0.671,0.595,11,-8.148,0,0.0464,0.705,0.00366,0.152,0.875,139.836,4,122667
7GYDJL4NEOJk9K3Ptjvrpd,111,4,False,19,1,7Lf3LOZp3U3u2f6cWMd3AH,Paul Weller,32qWHydUFx2LPhpQTWUsrd,22 Dreams (Deluxe Edition),2008-01-01,album,0.233,0.372,4,-9.469,0,0.032,0.876,0.935,0.54,0.0393,59.753,4,143627
6NxYGUxHrbZDOhqZOjXc84,Sea Spray,7,False,20,1,7Lf3LOZp3U3u2f6cWMd3AH,Paul Weller,32qWHydUFx2LPhpQTWUsrd,22 Dreams (Deluxe Edition),2008-01-01,album,0.628,0.824,2,-6.503,1,0.0318,0.105,1.39e-06,0.362,0.67,120.826,4,234933
1105mfVWfAwzDMNq3U6yf8,Night Lights,4,False,21,1,7Lf3LOZp3U3u2f6cWMd3AH,Paul Weller,32qWHydUFx2LPhpQTWUsrd,22 Dreams (Deluxe Edition),2008-01-01,album,0.347,0.51,2,-10.228,1,0.0318,0.727,0.468,0.302,0.0676,61.614,4,366987
2pUHtI91JTsEUugvSTCZAJ,Echoes Round The Sun - Live,4,False,22,1,7Lf3LOZp3U3u2f6cWMd3AH,Paul Weller,32qWHydUFx2LPhpQTWUsrd,22 Dreams (Deluxe Edition),2008-01-01,album,0.247,0.667,0,-6.547,1,0.0351,0.00161,0.754,0.0929,0.61,104.851,4,175027
2uRgQfekmYR1rdqBj19YFH,Light Nights,0,False,1,1,7Lf3LOZp3U3u2f6cWMd3AH,Paul Weller,4DuDNObzNDZuqQW065jRGV,22 Dreams (EU Version),2008-01-01,album,0.518,0.566,2,-6.092,1,0.0261,0.56,0.0441,0.362,0.295,132.42,3,224667
4vFxJCKTldBiUPUg1xQbS9,22 Dreams,0,False,2,1,7Lf3LOZp3U3u2f6cWMd3AH,Paul Weller,4DuDNObzNDZuqQW065jRGV,22 Dreams (EU Version),2008-01-01,album,0.31,0.993,9,-2.344,0,0.073,0.0118,0.0509,0.589,0.535,157.043,4,168187
4E28BLopRb1OIM9eXkiESp,All I Wanna Do (Is Be With You),0,False,3,1,7Lf3LOZp3U3u2f6cWMd3AH,Paul Weller,4DuDNObzNDZuqQW065jRGV,22 Dreams (EU Version),2008-01-01,album,0.346,0.738,9,-4.653,1,0.0348,0.0243,0.556,0.369,0.268,197.837,4,276000
2R6A5TuA5n34jjwKwA8nFg,Have You Made Up Your Mind,0,False,4,1,7Lf3LOZp3U3u2f6cWMd3AH,Paul Weller,4DuDNObzNDZuqQW065jRGV,22 Dreams (EU Version),2008-01-01,album,0.64,0.714,11,-5.274,0,0.0339,0.0721,0.000997,0.16,0.651,111.959,4,195027
0Bw7diQCTMzYKY0ebaOhv5,Empty Ring,0,False,5,1,7Lf3LOZp3U3u2f6cWMd3AH,Paul Weller,4DuDNObzNDZuqQW065jRGV,22 Dreams (EU Version),2008-01-01,album,0.522,0.775,7,-6.067,1,0.0274,0.155,0.0288,0.171,0.628,97.868,4,183147
0FVgDi4h9nOFXLbkT0waqE,Invisible,0,False,6,1,7Lf3LOZp3U3u2f6cWMd3AH,Paul Weller,4DuDNObzNDZuqQW065jRGV,22 Dreams (EU Version),2008-01-01,album,0.355,0.199,9,-8.783,1,0.0395,0.892,0.00196,0.112,0.167,176.559,3,246920
20CDbvuNwpjGOWSnUO8rTx,Song For Alice - Dedicated To The Beautiful Legacy Of Mrs. Coltrane,0,False,7,1,7Lf3LOZp3U3u2f6cWMd3AH,Paul Weller,4DuDNObzNDZuqQW065jRGV,22 Dreams (EU Version),2008-01-01,album,0.626,0.731,8,-8.176,1,0.0295,0.197,0.965,0.131,0.724,108.983,4,218387
7HKcLcZ2yzMqMg9lCQ9qkF,Cold Moments,0,False,8,1,7Lf3LOZp3U3u2f6cWMd3AH,Paul Weller,4DuDNObzNDZuqQW065jRGV,22 Dreams (EU Version),2008-01-01,album,0.686,0.723,4,-8.857,0,0.0278,0.245,0.00935,0.175,0.948,142.101,4,300040
6IAZXkYMVXNSzZSvUW0hRC,The Dark Pages Of September Lead To The New Leaves Of Spring,0,False,9,1,7Lf3LOZp3U3u2f6cWMd3AH,Paul Weller,4DuDNObzNDZuqQW065jRGV,22 Dreams (EU Version),2008-01-01,album,0.508,0.487,2,-6.966,1,0.0335,0.207,0.972,0.175,0.602,97.896,4,44613
6P54mx2lwgC8dXLgVxmzLv,Black River,0,False,10,1,7Lf3LOZp3U3u2f6cWMd3AH,Paul Weller,4DuDNObzNDZuqQW065jRGV,22 Dreams (EU Version),2008-01-01,album,0.586,0.629,7,-6.958,1,0.0279,0.457,0.00738,0.121,0.552,114.874,4,226813
0t9pfCCl2B7kLyDgjeQtLs,Why Walk When You Can Run,0,False,11,1,7Lf3LOZp3U3u2f6cWMd3AH,Paul Weller,4DuDNObzNDZuqQW065jRGV,22 Dreams (EU Version),2008-01-01,album,0.25,0.427,9,-7.286,0,0.0311,0.768,0.0,0.0884,0.272,204.212,4,253707
1Xc6AAL07OpjSYflCZhJoG,Push It Along,0,False,12,1,7Lf3LOZp3U3u2f6cWMd3AH,Paul Weller,4DuDNObzNDZuqQW065jRGV,22 Dreams (EU Version),2008-01-01,album,0.505,0.942,11,-4.441,1,0.0374,0.0186,0.000838,0.106,0.731,126.981,4,172893
1QitH8zY9XPdNQec0nfU0D,A Dream Reprise,0,False,13,1,7Lf3LOZp3U3u2f6cWMd3AH,Paul Weller,4DuDNObzNDZuqQW065jRGV,22 Dreams (EU Version),2008-01-01,album,0.328,0.974,7,-3.473,1,0.108,0.000202,0.716,0.159,0.492,158.294,4,69400
7sG2qT5foqQRRMQVg9Plm9,Echoes Round The Sun,0,False,14,1,7Lf3LOZp3U3u2f6cWMd3AH,Paul Weller,4DuDNObzNDZuqQW065jRGV,22 Dreams (EU Version),2008-01-01,album,0.343,0.985,0,-3.429,1,0.0598,0.022,0.15,0.896,0.717,178.079,4,188693
2JgB7obnvePTeyA4ziIurQ,One Bright Star,0,False,15,1,7Lf3LOZp3U3u2f6cWMd3AH,Paul Weller,4DuDNObzNDZuqQW065jRGV,22 Dreams (EU Version),2008-01-01,album,0.611,0.626,0,-6.616,0,0.0279,0.226,0.902,0.208,0.699,106.914,4,177920
0yy1SkfUi8rK7p5nR9GgGt,Where'er Ye Go,0,False,17,1,7Lf3LOZp3U3u2f6cWMd3AH,Paul Weller,4DuDNObzNDZuqQW065jRGV,22 Dreams (EU Version),2008-01-01,album,0.451,0.476,4,-6.381,1,0.0264,0.948,0.0311,0.115,0.341,91.386,3,167347
1xB5crCEo7G1lEENPT5zp8,God,0,False,18,1,7Lf3LOZp3U3u2f6cWMd3AH,Paul Weller,4DuDNObzNDZuqQW065jRGV,22 Dreams (EU Version),2008-01-01,album,0.671,0.582,11,-8.144,0,0.0517,0.676,0.00134,0.172,0.874,139.694,4,122667
11E5WcnSi5LImTH2CdrdDr,111,0,False,19,1,7Lf3LOZp3U3u2f6cWMd3AH,Paul Weller,4DuDNObzNDZuqQW065jRGV,22 Dreams (EU Version),2008-01-01,album,0.223,0.355,4,-9.508,0,0.0323,0.882,0.943,0.495,0.0398,114.022,4,143592
0795tv2Bzh6ZIWaKNkb1fS,Sea Spray,0,False,20,1,7Lf3LOZp3U3u2f6cWMd3AH,Paul Weller,4DuDNObzNDZuqQW065jRGV,22 Dreams (EU Version),2008-01-01,album,0.634,0.828,2,-6.358,1,0.0311,0.101,2.58e-06,0.288,0.618,120.827,4,235120
2Cc2OMlVlEuKQg69JzvRtW,Night Lights,0,False,21,1,7Lf3LOZp3U3u2f6cWMd3AH,Paul Weller,4DuDNObzNDZuqQW065jRGV,22 Dreams (EU Version),2008-01-01,album,0.343,0.504,2,-10.445,1,0.031,0.741,0.429,0.21,0.0602,61.707,4,366827
6vFsmo9u0xZBQtzHHqsskk,Light Nights,0,False,1,1,7Lf3LOZp3U3u2f6cWMd3AH,Paul Weller,4Hl9E8xbcCp3OoR6hheu9v,22 Dreams (Non EU Version),2008-01-01,album,0.528,0.57,2,-6.052,1,0.0259,0.518,0.0842,0.371,0.327,132.501,3,224667
1vS1ZxsUymNcDZbyzrAnos,22 Dreams,0,False,2,1,7Lf3LOZp3U3u2f6cWMd3AH,Paul Weller,4Hl9E8xbcCp3OoR6hheu9v,22 Dreams (Non EU Version),2008-01-01,album,0.311,0.992,0,-2.245,1,0.0809,0.0108,0.0772,0.529,0.573,156.991,4,168187
2Ahf4JdWVjpZQlun2yZAuj,All I Wanna Do (Is Be With You),0,False,3,1,7Lf3LOZp3U3u2f6cWMd3AH,Paul Weller,4Hl9E8xbcCp3OoR6hheu9v,22 Dreams (Non EU Version),2008-01-01,album,0.53,0.72,9,-4.545,1,0.0254,0.0241,0.615,0.397,0.33,98.93,4,276000
4X54wDm5Kx0ZiUxWhuCyWL,Have You Made Up Your Mind,0,False,4,1,7Lf3LOZp3U3u2f6cWMd3AH,Paul Weller,4Hl9E8xbcCp3OoR6hheu9v,22 Dreams (Non EU Version),2008-01-01,album,0.648,0.706,11,-5.108,0,0.0359,0.077,0.00214,0.192,0.614,112.001,4,195027
06bfKB1hE4ojSczM6RJBja,Empty Ring,0,False,5,1,7Lf3LOZp3U3u2f6cWMd3AH,Paul Weller,4Hl9E8xbcCp3OoR6hheu9v,22 Dreams (Non EU Version),2008-01-01,album,0.526,0.785,7,-6.056,1,0.027,0.125,0.0441,0.113,0.633,97.885,4,183147
4C4Sc5v7belT3pjElzo7Gk,Invisible,0,False,6,1,7Lf3LOZp3U3u2f6cWMd3AH,Paul Weller,4Hl9E8xbcCp3OoR6hheu9v,22 Dreams (Non EU Version),2008-01-01,album,0.34,0.186,9,-8.909,1,0.0372,0.904,0.00352,0.1,0.153,174.534,3,246920
3AuR9nyBfNIUR2oliE09du,Song For Alice - Dedicated To The Beautiful Legacy Of Mrs. Coltrane,0,False,7,1,7Lf3LOZp3U3u2f6cWMd3AH,Paul Weller,4Hl9E8xbcCp3OoR6hheu9v,22 Dreams (Non EU Version),2008-01-01,album,0.596,0.735,8,-8.165,1,0.0362,0.204,0.906,0.141,0.672,108.965,4,218387
3oSAzkKNhw3jsomaYFlpSw,Cold Moments,0,False,8,1,7Lf3LOZp3U3u2f6cWMd3AH,Paul Weller,4Hl9E8xbcCp3OoR6hheu9v,22 Dreams (Non EU Version),2008-01-01,album,0.693,0.729,7,-8.784,1,0.0287,0.264,0.00773,0.14,0.92,142.116,4,300040
6nRb2f8lByR3h3PYNN2hkh,The Dark Pages Of September Lead To The New Leaves Of Spring,0,False,9,1,7Lf3LOZp3U3u2f6cWMd3AH,Paul Weller,4Hl9E8xbcCp3OoR6hheu9v,22 Dreams (Non EU Version),2008-01-01,album,0.484,0.512,2,-7.078,1,0.0311,0.194,0.978,0.184,0.576,97.69,4,44613
3ovhE5INvj1La93gNJxvn0,Black River,0,False,10,1,7Lf3LOZp3U3u2f6cWMd3AH,Paul Weller,4Hl9E8xbcCp3OoR6hheu9v,22 Dreams (Non EU Version),2008-01-01,album,0.578,0.641,7,-7.029,1,0.0293,0.468,0.00713,0.106,0.518,115.065,4,226813
3qkv5s30NRzHOSSS3pBAEl,Why Walk When You Can Run,0,False,11,1,7Lf3LOZp3U3u2f6cWMd3AH,Paul Weller,4Hl9E8xbcCp3OoR6hheu9v,22 Dreams (Non EU Version),2008-01-01,album,0.349,0.427,9,-7.135,0,0.0266,0.786,0.0,0.0986,0.269,103.324,1,253707
3P5ZuE37B0NG62t7x8K8E5,Push It Along,0,False,12,1,7Lf3LOZp3U3u2f6cWMd3AH,Paul Weller,4Hl9E8xbcCp3OoR6hheu9v,22 Dreams (Non EU Version),2008-01-01,album,0.51,0.951,11,-4.394,1,0.0382,0.019,0.00108,0.103,0.803,126.967,4,172893
2pHkw6Ytr60cT8NSWJqNLL,A Dream Reprise,0,False,13,1,7Lf3LOZp3U3u2f6cWMd3AH,Paul Weller,4Hl9E8xbcCp3OoR6hheu9v,22 Dreams (Non EU Version),2008-01-01,album,0.307,0.973,7,-3.277,1,0.149,0.000193,0.891,0.145,0.547,157.599,4,69400
4G620dhh67xqvOrGdm8rTb,Echoes Round The Sun,0,False,14,1,7Lf3LOZp3U3u2f6cWMd3AH,Paul Weller,4Hl9E8xbcCp3OoR6hheu9v,22 Dreams (Non EU Version),2008-01-01,album,0.342,0.985,0,-3.389,1,0.0671,0.0224,0.19,0.836,0.76,177.94,4,188693
7lkwv07lIpdtTzzvL4LUth,One Bright Star,0,False,15,1,7Lf3LOZp3U3u2f6cWMd3AH,Paul Weller,4Hl9E8xbcCp3OoR6hheu9v,22 Dreams (Non EU Version),2008-01-01,album,0.613,0.639,0,-6.494,0,0.0266,0.221,0.869,0.189,0.732,106.886,4,177920
0bCDyGUYzqCMxnFPNxvvLv,Lullaby Für Kinder,0,False,16,1,7Lf3LOZp3U3u2f6cWMd3AH,Paul Weller,4Hl9E8xbcCp3OoR6hheu9v,22 Dreams (Non EU Version),2008-01-01,album,0.295,0.273,0,-10.322,1,0.0288,0.95,0.212,0.161,0.309,163.426,3,143253
5eH1bNAzNpgxeJUvljEJen,Where'er Ye Go,0,False,17,1,7Lf3LOZp3U3u2f6cWMd3AH,Paul Weller,4Hl9E8xbcCp3OoR6hheu9v,22 Dreams (Non EU Version),2008-01-01,album,0.446,0.473,4,-6.342,1,0.0266,0.938,0.0215,0.115,0.44,91.552,3,167347
0YgnGydqPh1eGxXaHGHAJF,God,0,False,18,1,7Lf3LOZp3U3u2f6cWMd3AH,Paul Weller,4Hl9E8xbcCp3OoR6hheu9v,22 Dreams (Non EU Version),2008-01-01,album,0.673,0.593,11,-8.009,0,0.0598,0.636,0.000506,0.178,0.866,139.787,4,122667
4YxFv709aiSVLpFyw7PKYu,111,0,False,19,1,7Lf3LOZp3U3u2f6cWMd3AH,Paul Weller,4Hl9E8xbcCp3OoR6hheu9v,22 Dreams (Non EU Version),2008-01-01,album,0.239,0.367,4,-9.325,0,0.0328,0.888,0.939,0.504,0.0419,116.215,4,143592
3NdBt781zOYaMz6Oc0uxFx,Sea Spray,0,False,20,1,7Lf3LOZp3U3u2f6cWMd3AH,Paul Weller,4Hl9E8xbcCp3OoR6hheu9v,22 Dreams (Non EU Version),2008-01-01,album,0.635,0.825,2,-6.293,1,0.0289,0.109,1.45e-06,0.373,0.698,120.837,4,235120
5ZfSmCzqNJYyx6iBxtn5zh,Night Lights,0,False,21,1,7Lf3LOZp3U3u2f6cWMd3AH,Paul Weller,4Hl9E8xbcCp3OoR6hheu9v,22 Dreams (Non EU Version),2008-01-01,album,0.182,0.531,2,-10.324,1,0.0334,0.751,0.397,0.227,0.053,61.664,4,366827
4UKI5Wj34DlD81dtswl1Yk,The Weaver,0,False,1,1,7Lf3LOZp3U3u2f6cWMd3AH,Paul Weller,1F4VEAzMq4ksbOmX2ylwz8,Catch-Flame!,2006-01-01,album,0.33,0.963,2,-3.097,1,0.0717,0.0598,0.00176,0.838,0.537,104.588,4,229587
22TjXwPAvdwJNGtdlRRWuV,Out Of The Sinking,0,False,2,1,7Lf3LOZp3U3u2f6cWMd3AH,Paul Weller,1F4VEAzMq4ksbOmX2ylwz8,Catch-Flame!,2006-01-01,album,0.477,0.921,4,-3.845,1,0.0479,0.0031,0.151,0.765,0.552,112.342,4,208947
5hAa65OD6U8j3NbTbTs7T6,Paper Smile,0,False,4,1,7Lf3LOZp3U3u2f6cWMd3AH,Paul Weller,1F4VEAzMq4ksbOmX2ylwz8,Catch-Flame!,2006-01-01,album,0.357,0.934,9,-3.629,0,0.0576,0.00119,0.0883,0.807,0.388,130.072,4,188427
6joC3M2LN2BxxDvZcxm1VZ,Peacock Suit,0,False,5,1,7Lf3LOZp3U3u2f6cWMd3AH,Paul Weller,1F4VEAzMq4ksbOmX2ylwz8,Catch-Flame!,2006-01-01,album,0.474,0.933,7,-3.268,0,0.0482,0.00333,0.124,0.978,0.648,127.868,4,176147
2IFcpSsalDJucBkVNIvwVA,From The Floorboards Up,0,False,6,1,7Lf3LOZp3U3u2f6cWMd3AH,Paul Weller,1F4VEAzMq4ksbOmX2ylwz8,Catch-Flame!,2006-01-01,album,0.194,0.974,4,-3.936,1,0.163,0.00114,0.839,0.906,0.699,167.676,4,151093
45yd8Kyzpl1reboLYkwfPy,The Changingman,0,False,7,1,7Lf3LOZp3U3u2f6cWMd3AH,Paul Weller,1F4VEAzMq4ksbOmX2ylwz8,Catch-Flame!,2006-01-01,album,0.479,0.959,5,-3.449,1,0.0715,0.0181,0.21,0.914,0.41,125.955,4,239920
51MxU9AQvS0G7QmkkZIPRz,Savages,0,False,8,1,7Lf3LOZp3U3u2f6cWMd3AH,Paul Weller,1F4VEAzMq4ksbOmX2ylwz8,Catch-Flame!,2006-01-01,album,0.328,0.842,9,-4.999,0,0.033,0.0282,0.00513,0.991,0.444,81.142,4,183853
0sJzcsbgBcVzMb4H1IIPSn,Going Places,0,False,9,1,7Lf3LOZp3U3u2f6cWMd3AH,Paul Weller,1F4VEAzMq4ksbOmX2ylwz8,Catch-Flame!,2006-01-01,album,0.568,0.823,2,-5.742,1,0.0332,0.0577,0.00305,0.954,0.641,119.6,4,212707
7LkYLfxiCdqXZYqY7vccOx,Foot Of The Mountain,0,False,3,2,7Lf3LOZp3U3u2f6cWMd3AH,Paul Weller,1F4VEAzMq4ksbOmX2ylwz8,Catch-Flame!,2006-01-01,album,0.208,0.929,4,-4.415,0,0.0902,0.00548,0.355,0.869,0.751,170.424,4,483667
5i6ZzyFk6o3toqQjXfnD0W,You Do Something To Me,0,False,4,2,7Lf3LOZp3U3u2f6cWMd3AH,Paul Weller,1F4VEAzMq4ksbOmX2ylwz8,Catch-Flame!,2006-01-01,album,0.388,0.781,4,-5.674,0,0.0395,0.448,0.000115,0.982,0.464,147.242,4,226613
3z5We1GegxRLOqzqs26IEf,Wishing On A Star,0,False,5,2,7Lf3LOZp3U3u2f6cWMd3AH,Paul Weller,1F4VEAzMq4ksbOmX2ylwz8,Catch-Flame!,2006-01-01,album,0.611,0.764,7,-5.763,0,0.0332,0.313,0.000124,0.955,0.693,103.311,4,263093
49NWqKXx87Et0SkV1HHEJr,Wild Wood,0,False,6,2,7Lf3LOZp3U3u2f6cWMd3AH,Paul Weller,1F4VEAzMq4ksbOmX2ylwz8,Catch-Flame!,2006-01-01,album,0.332,0.657,11,-7.568,0,0.0416,0.253,0.00106,0.987,0.581,140.848,4,265653
4qoHuG4hxhM6tqOg0K1tZv,The Pebble And The Boy,0,False,7,2,7Lf3LOZp3U3u2f6cWMd3AH,Paul Weller,1F4VEAzMq4ksbOmX2ylwz8,Catch-Flame!,2006-01-01,album,0.285,0.587,7,-7.144,0,0.0301,0.433,0.0119,0.796,0.193,86.557,4,287267
6vGMm2B6ePldWj4Qbzsf5v,That's Entertainment,0,False,8,2,7Lf3LOZp3U3u2f6cWMd3AH,Paul Weller,1F4VEAzMq4ksbOmX2ylwz8,Catch-Flame!,2006-01-01,album,0.436,0.945,9,-4.077,0,0.0388,0.0968,4.34e-06,0.935,0.702,141.583,4,251773
3YjMSwFvscFbsDVIlPesFc,Broken Stones,0,False,9,2,7Lf3LOZp3U3u2f6cWMd3AH,Paul Weller,1F4VEAzMq4ksbOmX2ylwz8,Catch-Flame!,2006-01-01,album,0.663,0.869,10,-5.193,1,0.0321,0.0067,0.0192,0.742,0.73,123.536,4,277640
529RkPZczfdSN2IZfaiUZT,Thinking Of You - Live Radio Session - RBB Sendesaal,12,False,1,2,7Lf3LOZp3U3u2f6cWMd3AH,Paul Weller,1RNOzdlivRAwt8p9cuAg3C,Studio 150,2004-01-01,album,0.522,0.573,2,-8.216,1,0.0335,0.701,3.27e-06,0.934,0.767,96.366,4,210040
0fHnLgqZjYbFIaVJPynuUL,The Bottle - Live Radio Session - RBB Sendesaal,5,False,2,2,7Lf3LOZp3U3u2f6cWMd3AH,Paul Weller,1RNOzdlivRAwt8p9cuAg3C,Studio 150,2004-01-01,album,0.534,0.899,7,-5.933,1,0.055,0.196,0.0,0.676,0.725,123.528,4,210893
5BoEvehyEMCyajuiJGjAFP,One Way Road - Live Radio Session - RBB Sendesaal,7,False,3,2,7Lf3LOZp3U3u2f6cWMd3AH,Paul Weller,1RNOzdlivRAwt8p9cuAg3C,Studio 150,2004-01-01,album,0.316,0.832,5,-6.768,1,0.0794,0.46,2.84e-05,0.944,0.55,141.91,4,239440
5IsERpjcRMxTnxJnMddtCo,Wishing On A Star - Live Radio Session - RBB Sendesaal,8,False,4,2,7Lf3LOZp3U3u2f6cWMd3AH,Paul Weller,1RNOzdlivRAwt8p9cuAg3C,Studio 150,2004-01-01,album,0.626,0.613,7,-8.27,0,0.0278,0.167,0.00046,0.945,0.781,98.089,4,295560
30CzclJYQXcz3WYMMkoz77,If I Could Only Be Sure - Live Radio Session - RBB Sendesaal,5,False,5,2,7Lf3LOZp3U3u2f6cWMd3AH,Paul Weller,1RNOzdlivRAwt8p9cuAg3C,Studio 150,2004-01-01,album,0.473,0.763,5,-6.553,1,0.0304,0.116,0.016,0.93,0.735,135.523,4,230400
60Enrhp4Fqa2N69xDjEsA5,If I Could Only Be Sure,0,False,1,1,7Lf3LOZp3U3u2f6cWMd3AH,Paul Weller,276Sqy8mnDpaBmJ8sYfn7P,Studio 150 (Deluxe Edition),2004-01-01,album,0.758,0.634,5,-7.272,1,0.0286,0.0168,0.0123,0.156,0.732,128.574,4,221200
4PSSfCK9uyoPaA0uu4Lvdk,Wishing On A Star,0,False,2,1,7Lf3LOZp3U3u2f6cWMd3AH,Paul Weller,276Sqy8mnDpaBmJ8sYfn7P,Studio 150 (Deluxe Edition),2004-01-01,album,0.652,0.43,7,-7.757,0,0.0302,0.519,0.000188,0.276,0.694,98.061,4,309093
59RPuKi8NEJXn0AWY9fPua,Don't Make Promises,0,False,3,1,7Lf3LOZp3U3u2f6cWMd3AH,Paul Weller,276Sqy8mnDpaBmJ8sYfn7P,Studio 150 (Deluxe Edition),2004-01-01,album,0.568,0.651,9,-7.475,1,0.0755,0.216,0.0576,0.0862,0.887,173.264,4,199467
6OaE5fWJRnOv1zeH50ZYQn,The Bottle,0,False,4,1,7Lf3LOZp3U3u2f6cWMd3AH,Paul Weller,276Sqy8mnDpaBmJ8sYfn7P,Studio 150 (Deluxe Edition),2004-01-01,album,0.576,0.907,7,-4.66,1,0.043,0.0393,8.98e-06,0.213,0.942,127.723,4,182707
1dxpqTWrGNVkdQXnhgBH1p,Black Is The Colour,0,False,5,1,7Lf3LOZp3U3u2f6cWMd3AH,Paul Weller,276Sqy8mnDpaBmJ8sYfn7P,Studio 150 (Deluxe Edition),2004-01-01,album,0.54,0.287,1,-9.901,0,0.0304,0.78,0.000522,0.123,0.296,113.171,4,209333
5CdckSZjxAyliYxCR1BjIh,Close to You,0,False,6,1,7Lf3LOZp3U3u2f6cWMd3AH,Paul Weller,276Sqy8mnDpaBmJ8sYfn7P,Studio 150 (Deluxe Edition),2004-01-01,album,0.65,0.716,0,-6.202,1,0.0256,0.658,1.94e-05,0.218,0.852,101.327,4,178000
73txNNCQA8CgmNwlufUud6,Early Morning Rain,0,False,7,1,7Lf3LOZp3U3u2f6cWMd3AH,Paul Weller,276Sqy8mnDpaBmJ8sYfn7P,Studio 150 (Deluxe Edition),2004-01-01,album,0.425,0.41,4,-7.621,1,0.0277,0.688,2.2e-06,0.141,0.488,172.974,4,227640
0QmhNJyhFAPvagu0ovTgOZ,One Way Road,0,False,8,1,7Lf3LOZp3U3u2f6cWMd3AH,Paul Weller,276Sqy8mnDpaBmJ8sYfn7P,Studio 150 (Deluxe Edition),2004-01-01,album,0.399,0.656,5,-4.955,1,0.0304,0.263,0.00186,0.208,0.431,141.048,4,199733
1sudp15fqd7mBlN7jVCPyG,Hercules,0,False,9,1,7Lf3LOZp3U3u2f6cWMd3AH,Paul Weller,276Sqy8mnDpaBmJ8sYfn7P,Studio 150 (Deluxe Edition),2004-01-01,album,0.499,0.929,5,-4.776,0,0.049,0.0209,0.038,0.136,0.963,175.032,4,207800
3R4CLwnbPldvs1DsuZWVXu,Thinking Of You,0,False,10,1,7Lf3LOZp3U3u2f6cWMd3AH,Paul Weller,276Sqy8mnDpaBmJ8sYfn7P,Studio 150 (Deluxe Edition),2004-01-01,album,0.532,0.674,2,-5.779,1,0.0433,0.34,1.57e-06,0.335,0.618,99.561,4,229640
2enBuYotQZTkiElgHdjIh4,All Along The Watchtower,0,False,11,1,7Lf3LOZp3U3u2f6cWMd3AH,Paul Weller,276Sqy8mnDpaBmJ8sYfn7P,Studio 150 (Deluxe Edition),2004-01-01,album,0.655,0.823,9,-5.523,0,0.0288,0.0242,0.0133,0.278,0.688,119.994,4,354107
6oBN9mIibc2xoGeewkC3ub,Birds,0,False,12,1,7Lf3LOZp3U3u2f6cWMd3AH,Paul Weller,276Sqy8mnDpaBmJ8sYfn7P,Studio 150 (Deluxe Edition),2004-01-01,album,0.508,0.443,7,-7.053,1,0.0256,0.818,7.84e-06,0.11,0.259,84.596,4,209427
2DTumanaYP3uByah8xwA4L,Thinking Of You - Live Radio Session - RBB Sendesaal,0,False,1,2,7Lf3LOZp3U3u2f6cWMd3AH,Paul Weller,276Sqy8mnDpaBmJ8sYfn7P,Studio 150 (Deluxe Edition),2004-01-01,album,0.522,0.573,2,-8.216,1,0.0335,0.701,3.27e-06,0.934,0.767,96.366,4,210040
0buh7GjNuBLIlkNpdg3rhi,The Bottle - Live Radio Session - RBB Sendesaal,0,False,2,2,7Lf3LOZp3U3u2f6cWMd3AH,Paul Weller,276Sqy8mnDpaBmJ8sYfn7P,Studio 150 (Deluxe Edition),2004-01-01,album,0.534,0.899,7,-5.933,1,0.055,0.196,0.0,0.676,0.725,123.528,4,210893
2EmvM1PUJpCmYSfCDlhYQN,One Way Road - Live Radio Session - RBB Sendesaal,0,False,3,2,7Lf3LOZp3U3u2f6cWMd3AH,Paul Weller,276Sqy8mnDpaBmJ8sYfn7P,Studio 150 (Deluxe Edition),2004-01-01,album,0.316,0.832,5,-6.768,1,0.0794,0.46,2.84e-05,0.944,0.55,141.91,4,239440
3cfFe0qzjRDhDtYVsnSsSK,Wishing On A Star - Live Radio Session - RBB Sendesaal,0,False,4,2,7Lf3LOZp3U3u2f6cWMd3AH,Paul Weller,276Sqy8mnDpaBmJ8sYfn7P,Studio 150 (Deluxe Edition),2004-01-01,album,0.626,0.613,7,-8.27,0,0.0278,0.167,0.00046,0.945,0.781,98.089,4,295560
6LM7OIEUCNeDDcFAsNp8oW,If I Could Only Be Sure - Live Radio Session - RBB Sendesaal,0,False,5,2,7Lf3LOZp3U3u2f6cWMd3AH,Paul Weller,276Sqy8mnDpaBmJ8sYfn7P,Studio 150 (Deluxe Edition),2004-01-01,album,0.473,0.763,5,-6.553,1,0.0304,0.116,0.016,0.93,0.735,135.523,4,230400
1wXIc8JAZk122bvnlV3Eqh,Come Together,0,False,6,2,7Lf3LOZp3U3u2f6cWMd3AH,Paul Weller,276Sqy8mnDpaBmJ8sYfn7P,Studio 150 (Deluxe Edition),2004-01-01,album,0.521,0.868,0,-5.921,1,0.0308,0.00177,0.000182,0.359,0.769,96.743,4,219973
1n6jUw1FY2SwP3Z334nwjT,Here's A New Thing - Japanese Version,8,False,1,1,7Lf3LOZp3U3u2f6cWMd3AH,Paul Weller,0SoHFgEluNLgzk6m6szxLH,Fly On The Wall: B-sides & Rarities 1991 - 2001,2003-01-01,album,0.72,0.913,0,-5.09,1,0.0388,0.0122,0.306,0.0829,0.837,111.947,4,194120
0gRDiv7LvgQhsyhoUpJOxi,That Spiritual Feeling - Instrumental,8,False,2,1,7Lf3LOZp3U3u2f6cWMd3AH,Paul Weller,0SoHFgEluNLgzk6m6szxLH,Fly On The Wall: B-sides & Rarities 1991 - 2001,2003-01-01,album,0.76,0.735,5,-8.285,1,0.0697,0.0135,0.587,0.0624,0.967,169.868,4,446933
0koXc6FvNbaRvVCelh8dqi,Into Tomorrow - Demo Version,6,False,3,1,7Lf3LOZp3U3u2f6cWMd3AH,Paul Weller,0SoHFgEluNLgzk6m6szxLH,Fly On The Wall: B-sides & Rarities 1991 - 2001,2003-01-01,album,0.732,0.864,7,-6.421,1,0.0838,0.0496,2.54e-06,0.0669,0.607,101.559,4,187533
7DVtWlDY782aMwyaExbAQj,Arrival Time - Single Version,6,False,4,1,7Lf3LOZp3U3u2f6cWMd3AH,Paul Weller,0SoHFgEluNLgzk6m6szxLH,Fly On The Wall: B-sides & Rarities 1991 - 2001,2003-01-01,album,0.662,0.856,7,-8.704,0,0.0372,0.00487,0.891,0.0589,0.594,101.642,4,181400
0jiONMGw3WLuKNa8m9DEAT,Fly On The Wall,6,False,5,1,7Lf3LOZp3U3u2f6cWMd3AH,Paul Weller,0SoHFgEluNLgzk6m6szxLH,Fly On The Wall: B-sides & Rarities 1991 - 2001,2003-01-01,album,0.525,0.411,9,-9.162,1,0.0248,0.578,0.00905,0.0875,0.595,104.602,4,194267
7bgbPWywAym7RBwF8m5rIu,Always There To Fool You,5,False,6,1,7Lf3LOZp3U3u2f6cWMd3AH,Paul Weller,0SoHFgEluNLgzk6m6szxLH,Fly On The Wall: B-sides & Rarities 1991 - 2001,2003-01-01,album,0.758,0.77,11,-8.858,0,0.0342,0.135,0.861,0.348,0.581,103.026,4,162400
3F2wpcvEeSUQ08oZPeup1Y,Ends Of The Earth,6,False,8,1,7Lf3LOZp3U3u2f6cWMd3AH,Paul Weller,0SoHFgEluNLgzk6m6szxLH,Fly On The Wall: B-sides & Rarities 1991 - 2001,2003-01-01,album,0.697,0.704,9,-7.782,1,0.0597,0.286,0.000508,0.205,0.793,102.221,4,146187
02V1k5rXTqkuNoZRXL8jQq,This Is No Time,8,False,9,1,7Lf3LOZp3U3u2f6cWMd3AH,Paul Weller,0SoHFgEluNLgzk6m6szxLH,Fly On The Wall: B-sides & Rarities 1991 - 2001,2003-01-01,album,0.714,0.309,6,-12.375,1,0.0528,0.32,0.558,0.115,0.69,178.946,4,238973
4gYkvRIivMTK6AlYBQJhJb,Another New Day,5,False,10,1,7Lf3LOZp3U3u2f6cWMd3AH,Paul Weller,0SoHFgEluNLgzk6m6szxLH,Fly On The Wall: B-sides & Rarities 1991 - 2001,2003-01-01,album,0.658,0.708,1,-12.254,1,0.0546,0.168,0.89,0.119,0.861,168.439,4,199960
6XHXWLWEV8aOuOVXuEMS7P,Foot Of The Mountain - Royal Albert Hall Live Version,6,False,11,1,7Lf3LOZp3U3u2f6cWMd3AH,Paul Weller,0SoHFgEluNLgzk6m6szxLH,Fly On The Wall: B-sides & Rarities 1991 - 2001,2003-01-01,album,0.372,0.706,7,-8.587,1,0.0383,0.0046,0.0026,0.686,0.432,92.047,4,365453
0jtT27rhIpVcVOkXYo0Wtb,Wild Wood (Sheared Wood Remix) [Paul Weller Vs. Portishead],5,False,12,1,7Lf3LOZp3U3u2f6cWMd3AH,Paul Weller,0SoHFgEluNLgzk6m6szxLH,Fly On The Wall: B-sides & Rarities 1991 - 2001,2003-01-01,album,0.574,0.681,7,-7.671,1,0.113,0.00629,0.0499,0.121,0.29,78.782,4,207787
37D0MgcKox9mYd3UV8NcOv,Kosmos - Lynch Mob Bonus Beats Full Version / Lynchmob Beats Mix,5,False,13,1,7Lf3LOZp3U3u2f6cWMd3AH,Paul Weller,0SoHFgEluNLgzk6m6szxLH,Fly On The Wall: B-sides & Rarities 1991 - 2001,2003-01-01,album,0.515,0.847,0,-5.812,1,0.124,0.0229,0.099,0.115,0.52,164.081,4,425360
4DHERqOi074uAUt1tYp7ct,The Loved,6,False,1,2,7Lf3LOZp3U3u2f6cWMd3AH,Paul Weller,0SoHFgEluNLgzk6m6szxLH,Fly On The Wall: B-sides & Rarities 1991 - 2001,2003-01-01,album,0.41,0.41,6,-9.632,1,0.0401,0.797,0.00612,0.0841,0.306,87.116,4,194200
0fonpJQPYLy8qlXB0jMRbM,"It's A New Day, Baby",5,False,3,2,7Lf3LOZp3U3u2f6cWMd3AH,Paul Weller,0SoHFgEluNLgzk6m6szxLH,Fly On The Wall: B-sides & Rarities 1991 - 2001,2003-01-01,album,0.621,0.453,9,-9.386,1,0.0497,0.5,2.94e-06,0.0935,0.608,81.701,4,131640
39QAv5nc6KbCLxNZuS7b8K,A Year Late,5,False,4,2,7Lf3LOZp3U3u2f6cWMd3AH,Paul Weller,0SoHFgEluNLgzk6m6szxLH,Fly On The Wall: B-sides & Rarities 1991 - 2001,2003-01-01,album,0.371,0.17,4,-14.893,0,0.0444,0.826,0.00334,0.078,0.206,49.114,3,257093
407CXAp31XhKsDdmHQmnHW,As You Lean Into The Light - Acoustic Version,5,False,7,2,7Lf3LOZp3U3u2f6cWMd3AH,Paul Weller,0SoHFgEluNLgzk6m6szxLH,Fly On The Wall: B-sides & Rarities 1991 - 2001,2003-01-01,album,0.693,0.156,2,-15.331,0,0.0335,0.713,0.0,0.0641,0.135,128.74,4,161587
5QhITx39S4LEj2wdklwp3Q,Everything Has A Price To Pay - '97 Version,5,False,9,2,7Lf3LOZp3U3u2f6cWMd3AH,Paul Weller,0SoHFgEluNLgzk6m6szxLH,Fly On The Wall: B-sides & Rarities 1991 - 2001,2003-01-01,album,0.545,0.345,9,-10.818,0,0.0318,0.592,2.75e-05,0.0833,0.472,150.568,4,214520
6VtI92IDPvSzRV1PMG0ZfT,"There Is No Drinking, After You're Dead - Noonday Underground Remix",3,False,12,2,7Lf3LOZp3U3u2f6cWMd3AH,Paul Weller,0SoHFgEluNLgzk6m6szxLH,Fly On The Wall: B-sides & Rarities 1991 - 2001,2003-01-01,album,0.367,0.87,8,-9.481,0,0.0725,0.00404,0.866,0.0786,0.283,80.997,4,357667
3nGRvGRN95FAO3ZveH2esY,Science - A Lynch Mob Remix,3,False,14,2,7Lf3LOZp3U3u2f6cWMd3AH,Paul Weller,0SoHFgEluNLgzk6m6szxLH,Fly On The Wall: B-sides & Rarities 1991 - 2001,2003-01-01,album,0.81,0.656,9,-9.885,1,0.0348,0.00253,0.827,0.188,0.805,124.244,4,269253
000Mqx7Or66K79kTKxVFOB,Feeling Alright,4,False,1,3,7Lf3LOZp3U3u2f6cWMd3AH,Paul Weller,0SoHFgEluNLgzk6m6szxLH,Fly On The Wall: B-sides & Rarities 1991 - 2001,2003-01-01,album,0.498,0.792,5,-8.011,1,0.0556,0.148,0.0129,0.121,0.455,87.29,4,239200
7LVpojqnYck6SUiT3bUbaK,Ohio,7,False,2,3,7Lf3LOZp3U3u2f6cWMd3AH,Paul Weller,0SoHFgEluNLgzk6m6szxLH,Fly On The Wall: B-sides & Rarities 1991 - 2001,2003-01-01,album,0.546,0.926,7,-6.804,1,0.0506,0.000353,0.0669,0.983,0.615,105.417,4,215267
0J97vqWwp8eMNYgq41NCHa,Black Sheep Boy,5,False,3,3,7Lf3LOZp3U3u2f6cWMd3AH,Paul Weller,0SoHFgEluNLgzk6m6szxLH,Fly On The Wall: B-sides & Rarities 1991 - 2001,2003-01-01,album,0.601,0.422,2,-11.54,1,0.0414,0.274,4.04e-05,0.209,0.82,86.396,4,107933
3fJr3RtKn3wxFXJFnfwS81,Sexy Sadie,5,False,4,3,7Lf3LOZp3U3u2f6cWMd3AH,Paul Weller,0SoHFgEluNLgzk6m6szxLH,Fly On The Wall: B-sides & Rarities 1991 - 2001,2003-01-01,album,0.576,0.431,7,-8.695,1,0.03,0.253,0.000415,0.276,0.54,78.905,4,158360
6KaWkjePVunj8OsKkVGTVs,I'd Rather Go Blind,6,False,6,3,7Lf3LOZp3U3u2f6cWMd3AH,Paul Weller,0SoHFgEluNLgzk6m6szxLH,Fly On The Wall: B-sides & Rarities 1991 - 2001,2003-01-01,album,0.61,0.385,4,-9.331,1,0.0309,0.466,1.02e-05,0.297,0.571,95.292,3,234293
265CwPAaBVA1gB119GD14H,My Whole World Is Falling Down - BBC Radio One's The Evening Session Version,9,False,7,3,7Lf3LOZp3U3u2f6cWMd3AH,Paul Weller,0SoHFgEluNLgzk6m6szxLH,Fly On The Wall: B-sides & Rarities 1991 - 2001,2003-01-01,album,0.611,0.549,9,-6.206,1,0.0247,0.152,1.92e-06,0.0807,0.556,101.689,4,199467
7hYBEPjQEEHPjJhJsLWsL2,Brand New Start - Live,0,False,1,1,7Lf3LOZp3U3u2f6cWMd3AH,Paul Weller,2rPmm3PsYxi80D2UVAFXfZ,Day's Of Speed,2001-09-19,album,0.545,0.445,7,-8.83,1,0.0325,0.584,3.8e-05,0.981,0.412,92.348,4,225227
4XZv0z2iIZ7BooSewaoDd7,The Loved - Live,0,False,2,1,7Lf3LOZp3U3u2f6cWMd3AH,Paul Weller,2rPmm3PsYxi80D2UVAFXfZ,Day's Of Speed,2001-09-19,album,0.458,0.464,2,-6.498,0,0.033,0.843,6.17e-05,0.718,0.156,132.024,4,263973
7frMZSQ2eo4cgY5IAvNgzd,Out Of The Sinking - Live,0,False,3,1,7Lf3LOZp3U3u2f6cWMd3AH,Paul Weller,2rPmm3PsYxi80D2UVAFXfZ,Day's Of Speed,2001-09-19,album,0.648,0.48,4,-7.917,1,0.0256,0.84,0.00023,0.694,0.34,110.085,4,213600
2Crqc5Iy8M0DOlmQQBK676,Clues - Live,0,False,4,1,7Lf3LOZp3U3u2f6cWMd3AH,Paul Weller,2rPmm3PsYxi80D2UVAFXfZ,Day's Of Speed,2001-09-19,album,0.365,0.624,2,-8.491,1,0.0309,0.723,0.00454,0.989,0.444,154.64,4,280733
3WuuR3izSzWt6eORiwfjAr,English Rose - Live,0,False,5,1,7Lf3LOZp3U3u2f6cWMd3AH,Paul Weller,2rPmm3PsYxi80D2UVAFXfZ,Day's Of Speed,2001-09-19,album,0.524,0.449,2,-8.252,1,0.0267,0.719,0.000595,0.707,0.168,100.371,4,164893
6biow8eratdrOq6oWa3nIN,Above The Clouds - Live,0,False,6,1,7Lf3LOZp3U3u2f6cWMd3AH,Paul Weller,2rPmm3PsYxi80D2UVAFXfZ,Day's Of Speed,2001-09-19,album,0.445,0.493,4,-8.034,1,0.0375,0.677,0.000187,0.992,0.54,175.038,4,225600
0I34kq1XAA4NEE5BTq5ns6,You Do Something To Me - Live,0,False,7,1,7Lf3LOZp3U3u2f6cWMd3AH,Paul Weller,2rPmm3PsYxi80D2UVAFXfZ,Day's Of Speed,2001-09-19,album,0.387,0.468,4,-9.313,0,0.0291,0.791,0.00451,0.928,0.325,146.1,4,223907
0cbbQRGOIOJrZIfARbgP7a,Amongst Butterflies - Live,0,False,8,1,7Lf3LOZp3U3u2f6cWMd3AH,Paul Weller,2rPmm3PsYxi80D2UVAFXfZ,Day's Of Speed,2001-09-19,album,0.463,0.53,9,-7.503,1,0.0384,0.901,0.000334,0.398,0.407,120.383,4,177760
0LSuMflQ65Cht72BWn1g3p,Science - Live,0,False,9,1,7Lf3LOZp3U3u2f6cWMd3AH,Paul Weller,2rPmm3PsYxi80D2UVAFXfZ,Day's Of Speed,2001-09-19,album,0.678,0.477,11,-7.226,0,0.0393,0.843,2.09e-05,0.707,0.589,133.405,4,233867
2XyHWMa41OM5UBQw1SVWYW,Back In The Fire - Live,0,False,10,1,7Lf3LOZp3U3u2f6cWMd3AH,Paul Weller,2rPmm3PsYxi80D2UVAFXfZ,Day's Of Speed,2001-09-19,album,0.489,0.507,2,-9.011,1,0.0316,0.56,1.8e-05,0.719,0.357,135.178,4,297907
7zRiSNSPeSKZk19HIHb4m7,Down In The Seine - Live,0,False,11,1,7Lf3LOZp3U3u2f6cWMd3AH,Paul Weller,2rPmm3PsYxi80D2UVAFXfZ,Day's Of Speed,2001-09-19,album,0.275,0.562,2,-8.407,1,0.0547,0.822,0.00019,0.756,0.27,176.517,3,178760
3RX5igSlNZf6bolmRIefOO,That's Entertainment - Live,0,False,12,1,7Lf3LOZp3U3u2f6cWMd3AH,Paul Weller,2rPmm3PsYxi80D2UVAFXfZ,Day's Of Speed,2001-09-19,album,0.474,0.711,9,-8.338,0,0.0324,0.66,2.92e-06,0.789,0.602,139.544,4,209000
09xaiGr67PTE7R8WGNWumL,Love-Less - Live,0,False,13,1,7Lf3LOZp3U3u2f6cWMd3AH,Paul Weller,2rPmm3PsYxi80D2UVAFXfZ,Day's Of Speed,2001-09-19,album,0.263,0.467,6,-8.87,0,0.0289,0.871,0.00146,0.885,0.142,176.977,4,288440
7aMQzlT1k7gWs91waLJHTa,There's No Drinking After You're Dead - Live,0,False,14,1,7Lf3LOZp3U3u2f6cWMd3AH,Paul Weller,2rPmm3PsYxi80D2UVAFXfZ,Day's Of Speed,2001-09-19,album,0.379,0.536,1,-9.66,0,0.0279,0.696,0.139,0.993,0.234,140.213,5,273960
3pJiJhG55f7i3A3jjBpogd,Everything Has A Price To Pay - Live,0,False,15,1,7Lf3LOZp3U3u2f6cWMd3AH,Paul Weller,2rPmm3PsYxi80D2UVAFXfZ,Day's Of Speed,2001-09-19,album,0.408,0.562,9,-9.009,0,0.0268,0.843,0.00515,0.694,0.38,151.875,4,246240
34agV5V68sh8tsZkHRf11f,Wild Wood - Live,0,False,16,1,7Lf3LOZp3U3u2f6cWMd3AH,Paul Weller,2rPmm3PsYxi80D2UVAFXfZ,Day's Of Speed,2001-09-19,album,0.381,0.415,4,-7.915,0,0.0283,0.767,4.92e-05,0.719,0.148,139.634,4,248133
6kYRtQL3wcIMUOAEfiq6I3,Headstart For Happiness - Live,0,False,17,1,7Lf3LOZp3U3u2f6cWMd3AH,Paul Weller,2rPmm3PsYxi80D2UVAFXfZ,Day's Of Speed,2001-09-19,album,0.483,0.535,2,-5.905,1,0.0379,0.934,1.17e-06,0.675,0.359,76.866,4,171093
60U8lnrU7lavDxpo5gLzgi,Town Called Malice - Live,0,False,18,1,7Lf3LOZp3U3u2f6cWMd3AH,Paul Weller,2rPmm3PsYxi80D2UVAFXfZ,Day's Of Speed,2001-09-19,album,0.359,0.65,11,-5.659,1,0.0294,0.818,1.26e-06,0.907,0.262,82.047,4,205667
2QQXbBTZJcBWY51EaybTqx,Brand New Start - Live,24,False,1,1,7Lf3LOZp3U3u2f6cWMd3AH,Paul Weller,4L8mhaGNXhcPxHA91xsbIn,Days Of Speed (Live),2001-01-10,album,0.544,0.446,7,-8.79,1,0.0333,0.604,1.08e-05,0.977,0.394,92.148,4,226067
7hvfz55G7EznjKGW6hHBQf,The Loved - Live,23,False,2,1,7Lf3LOZp3U3u2f6cWMd3AH,Paul Weller,4L8mhaGNXhcPxHA91xsbIn,Days Of Speed (Live),2001-01-10,album,0.501,0.449,2,-6.45,0,0.0302,0.849,7.82e-05,0.73,0.132,131.779,4,263960
31C9oAOb4xbcEXnbKc8BFg,Out Of The Sinking - Live,20,False,3,1,7Lf3LOZp3U3u2f6cWMd3AH,Paul Weller,4L8mhaGNXhcPxHA91xsbIn,Days Of Speed (Live),2001-01-10,album,0.639,0.475,4,-7.919,1,0.0259,0.829,0.00036,0.686,0.323,110.097,4,213640
2hrAHGHXI8Lteq7vtFInjI,Clues - Live,18,False,4,1,7Lf3LOZp3U3u2f6cWMd3AH,Paul Weller,4L8mhaGNXhcPxHA91xsbIn,Days Of Speed (Live),2001-01-10,album,0.375,0.618,2,-8.492,1,0.0303,0.718,0.00502,0.992,0.479,154.253,4,280693
7mk7UTCztLDscgS85QqdZk,English Rose - Live,30,False,5,1,7Lf3LOZp3U3u2f6cWMd3AH,Paul Weller,4L8mhaGNXhcPxHA91xsbIn,Days Of Speed (Live),2001-01-10,album,0.299,0.457,2,-8.247,1,0.0368,0.711,0.000499,0.731,0.153,199.279,3,164907
6flhygRNtdUnjC29dQAgHk,Above The Clouds - Live,23,False,6,1,7Lf3LOZp3U3u2f6cWMd3AH,Paul Weller,4L8mhaGNXhcPxHA91xsbIn,Days Of Speed (Live),2001-01-10,album,0.433,0.489,4,-8.039,1,0.041,0.681,4.46e-05,0.983,0.556,174.216,4,225600
425pBYwnhRgvbMhuHSRFup,You Do Something To Me - Live,26,False,7,1,7Lf3LOZp3U3u2f6cWMd3AH,Paul Weller,4L8mhaGNXhcPxHA91xsbIn,Days Of Speed (Live),2001-01-10,album,0.391,0.462,4,-9.465,0,0.0288,0.771,0.0013,0.919,0.328,145.855,4,223893
0bJxvLFfs3IO71o4igUYXM,Amongst Butterflies - Live,17,False,8,1,7Lf3LOZp3U3u2f6cWMd3AH,Paul Weller,4L8mhaGNXhcPxHA91xsbIn,Days Of Speed (Live),2001-01-10,album,0.4,0.527,9,-7.552,1,0.0371,0.896,0.00034,0.366,0.377,92.58,4,177773
1HwYFAfQBO56e8eRLpnTSq,"Science - Live at Academy / Manchester, UK / 04 July, 2001",17,False,9,1,7Lf3LOZp3U3u2f6cWMd3AH,Paul Weller,4L8mhaGNXhcPxHA91xsbIn,Days Of Speed (Live),2001-01-10,album,0.683,0.482,11,-7.253,0,0.0407,0.842,1.25e-05,0.7,0.57,133.404,4,233867
2zrarmWlVszdbjF0tqmROq,Back In The Fire - Live,16,False,10,1,7Lf3LOZp3U3u2f6cWMd3AH,Paul Weller,4L8mhaGNXhcPxHA91xsbIn,Days Of Speed (Live),2001-01-10,album,0.516,0.504,2,-9.06,1,0.0312,0.556,2.13e-05,0.719,0.378,134.779,4,297893
2e7X3FYuoJmrkMCQBTskvx,"Down In The Seine - Live at Olympia / Dublin, IE / 19 March, 2001",16,False,11,1,7Lf3LOZp3U3u2f6cWMd3AH,Paul Weller,4L8mhaGNXhcPxHA91xsbIn,Days Of Speed (Live),2001-01-10,album,0.273,0.555,9,-8.346,1,0.0476,0.835,2.35e-05,0.703,0.246,176.599,3,178773
7Ism8MjgS6meE8KjxhzcZ9,That's Entertainment - Live,26,False,12,1,7Lf3LOZp3U3u2f6cWMd3AH,Paul Weller,4L8mhaGNXhcPxHA91xsbIn,Days Of Speed (Live),2001-01-10,album,0.471,0.701,9,-8.36,0,0.0322,0.628,4.7e-06,0.775,0.587,139.56,4,209000
384M0U4eoMnbf4H5RsmipN,Love-Less - Live,15,False,13,1,7Lf3LOZp3U3u2f6cWMd3AH,Paul Weller,4L8mhaGNXhcPxHA91xsbIn,Days Of Speed (Live),2001-01-10,album,0.262,0.475,11,-8.86,0,0.0289,0.859,0.00298,0.885,0.124,175.106,3,288467
6fRIOzszyOIT6lNpSmxYmr,There's No Drinking After You're Dead - Live,14,False,14,1,7Lf3LOZp3U3u2f6cWMd3AH,Paul Weller,4L8mhaGNXhcPxHA91xsbIn,Days Of Speed (Live),2001-01-10,album,0.384,0.539,1,-9.635,0,0.0287,0.702,0.09,0.992,0.255,138.796,5,273933
0wk1ltcUYsC5nwd6LcdRFA,Everything Has A Price To Pay - Live,15,False,15,1,7Lf3LOZp3U3u2f6cWMd3AH,Paul Weller,4L8mhaGNXhcPxHA91xsbIn,Days Of Speed (Live),2001-01-10,album,0.416,0.548,9,-8.996,0,0.0271,0.835,0.00281,0.695,0.357,151.447,4,246227
61z5CnfnA17TNmsDZiis4c,Wild Wood - Live,19,False,16,1,7Lf3LOZp3U3u2f6cWMd3AH,Paul Weller,4L8mhaGNXhcPxHA91xsbIn,Days Of Speed (Live),2001-01-10,album,0.386,0.429,4,-7.905,0,0.0283,0.724,6.21e-05,0.778,0.139,139.844,4,248240
4PPGdiN4HyTyySqEDANVQE,Headstart For Happiness - Live,16,False,17,1,7Lf3LOZp3U3u2f6cWMd3AH,Paul Weller,4L8mhaGNXhcPxHA91xsbIn,Days Of Speed (Live),2001-01-10,album,0.473,0.537,2,-5.963,1,0.0388,0.94,1.3e-06,0.678,0.328,76.434,4,171000
4wAoYdW9K3a3EGvgglPAZO,Town Called Malice - Live,23,False,18,1,7Lf3LOZp3U3u2f6cWMd3AH,Paul Weller,4L8mhaGNXhcPxHA91xsbIn,Days Of Speed (Live),2001-01-10,album,0.528,0.643,11,-5.651,1,0.0278,0.829,0.0,0.885,0.292,82.488,4,207853
1XHppfu3i9yD0itFTVGnlU,The Loved,0,False,2,1,7Lf3LOZp3U3u2f6cWMd3AH,Paul Weller,02dvkzhdZI2Jn5LNYrOJQW,Days of Speed,2001,album,0.525,0.455,0,-6.46,1,0.0297,0.846,2.62e-05,0.73,0.14,131.708,4,263960
2pSyw3kNMXHnwye6boQ3aA,Out Of The Sinking,0,False,3,1,7Lf3LOZp3U3u2f6cWMd3AH,Paul Weller,02dvkzhdZI2Jn5LNYrOJQW,Days of Speed,2001,album,0.639,0.468,4,-7.954,1,0.0259,0.838,0.00027,0.687,0.322,110.06,4,213640
0e8ORapBIKHd0fyr9I7BNu,Clues,0,False,4,1,7Lf3LOZp3U3u2f6cWMd3AH,Paul Weller,02dvkzhdZI2Jn5LNYrOJQW,Days of Speed,2001,album,0.38,0.62,2,-8.502,1,0.0301,0.72,0.00559,0.992,0.497,154.233,4,280693
6jraJ3aWTUBNWOgp5imcsS,Above The Clouds,0,False,6,1,7Lf3LOZp3U3u2f6cWMd3AH,Paul Weller,02dvkzhdZI2Jn5LNYrOJQW,Days of Speed,2001,album,0.436,0.484,4,-8.044,1,0.0367,0.666,9.88e-05,0.988,0.536,175.017,4,225600
7LomxOhjRsXbnFm6CaREPN,You Do Something To Me,0,False,7,1,7Lf3LOZp3U3u2f6cWMd3AH,Paul Weller,02dvkzhdZI2Jn5LNYrOJQW,Days of Speed,2001,album,0.448,0.465,4,-9.431,0,0.0291,0.779,0.00736,0.918,0.35,71.292,4,223893
3Ur9OtvNVX3bOwJ8XudZCA,Amongst Butterflies,0,False,8,1,7Lf3LOZp3U3u2f6cWMd3AH,Paul Weller,02dvkzhdZI2Jn5LNYrOJQW,Days of Speed,2001,album,0.443,0.528,9,-7.556,1,0.0348,0.893,0.000318,0.368,0.411,89.955,4,177773
1qWr21owZTjUtr7u5LxyvU,Science,0,False,9,1,7Lf3LOZp3U3u2f6cWMd3AH,Paul Weller,02dvkzhdZI2Jn5LNYrOJQW,Days of Speed,2001,album,0.684,0.487,11,-7.265,0,0.0394,0.847,2.51e-05,0.7,0.592,133.448,4,233867
4aWExXdMlLLHar3kORMkvr,Back In The Fire,0,False,10,1,7Lf3LOZp3U3u2f6cWMd3AH,Paul Weller,02dvkzhdZI2Jn5LNYrOJQW,Days of Speed,2001,album,0.51,0.504,2,-9.046,1,0.031,0.56,1.68e-05,0.717,0.397,135.014,4,297893
5u33D0iPFw1rKlEubBcPOj,Love-less,0,False,13,1,7Lf3LOZp3U3u2f6cWMd3AH,Paul Weller,02dvkzhdZI2Jn5LNYrOJQW,Days of Speed,2001,album,0.264,0.469,11,-8.828,0,0.029,0.87,0.00379,0.89,0.141,175.571,3,288467
4610UBPscnAHWqX7sh4802,Everything Has A Price To Pay,0,False,15,1,7Lf3LOZp3U3u2f6cWMd3AH,Paul Weller,02dvkzhdZI2Jn5LNYrOJQW,Days of Speed,2001,album,0.409,0.554,9,-8.985,0,0.0268,0.829,0.00254,0.696,0.363,152.355,4,246227
4yUfyrM0IordE4PRJiroaq,Wild Wood,0,False,16,1,7Lf3LOZp3U3u2f6cWMd3AH,Paul Weller,02dvkzhdZI2Jn5LNYrOJQW,Days of Speed,2001,album,0.371,0.423,4,-7.894,0,0.0284,0.747,6.88e-05,0.707,0.159,139.953,4,248240
54jTlIKuyIykD0QbydP7Ly,The Changingman,28,False,1,1,7Lf3LOZp3U3u2f6cWMd3AH,Paul Weller,4cHxoyijpXHS5DpABWEI2p,Stanley Road (Deluxe Edition),1995,album,0.633,0.709,5,-9.124,1,0.0271,0.0566,0.0356,0.0973,0.686,113.832,4,244560
0S2wxkRpC7jYytLf1cjfRB,Porcelain Gods - Part One,11,False,2,1,7Lf3LOZp3U3u2f6cWMd3AH,Paul Weller,4cHxoyijpXHS5DpABWEI2p,Stanley Road (Deluxe Edition),1995,album,0.434,0.469,9,-12.154,1,0.0415,0.147,0.000808,0.155,0.484,173.403,4,308267
498gfJbllouycwoqSo63Jm,You Do Something To Me,31,False,4,1,7Lf3LOZp3U3u2f6cWMd3AH,Paul Weller,4cHxoyijpXHS5DpABWEI2p,Stanley Road (Deluxe Edition),1995,album,0.458,0.368,4,-12.23,0,0.0284,0.402,0.00474,0.106,0.266,72.905,4,216880
5Wp8QBKc6OOQLiGySagIXT,Woodcutter's Son,11,False,5,1,7Lf3LOZp3U3u2f6cWMd3AH,Paul Weller,4cHxoyijpXHS5DpABWEI2p,Stanley Road (Deluxe Edition),1995,album,0.502,0.531,5,-12.533,1,0.0361,0.0458,0.131,0.113,0.735,93.044,4,282427
48mC2Fm0WSP6AMVoNp51lD,Stanley Road,13,False,7,1,7Lf3LOZp3U3u2f6cWMd3AH,Paul Weller,4cHxoyijpXHS5DpABWEI2p,Stanley Road (Deluxe Edition),1995,album,0.614,0.449,0,-11.716,1,0.0317,0.00295,0.0116,0.126,0.39,140.876,4,260413
7kVvHnCWGHCg9eVlfTyEtt,Broken Stones,29,False,8,1,7Lf3LOZp3U3u2f6cWMd3AH,Paul Weller,4cHxoyijpXHS5DpABWEI2p,Stanley Road (Deluxe Edition),1995,album,0.923,0.293,10,-15.061,1,0.0639,0.0543,0.00095,0.114,0.962,111.549,4,197160
6ydhoDRh0NxYu8vESrtg1e,Out Of The Sinking,15,False,9,1,7Lf3LOZp3U3u2f6cWMd3AH,Paul Weller,4cHxoyijpXHS5DpABWEI2p,Stanley Road (Deluxe Edition),1995,album,0.653,0.469,6,-10.189,0,0.0282,0.168,0.0126,0.107,0.53,101.437,4,229773
6TWKecP0t7olBXltJJKuh1,Pink On White Walls,10,False,10,1,7Lf3LOZp3U3u2f6cWMd3AH,Paul Weller,4cHxoyijpXHS5DpABWEI2p,Stanley Road (Deluxe Edition),1995,album,0.628,0.46,7,-12.408,1,0.0314,0.253,0.0,0.132,0.533,88.965,4,158880
7xi7pAqKnRR7zwYiLX7P39,Whirlpools' End,10,False,11,1,7Lf3LOZp3U3u2f6cWMd3AH,Paul Weller,4cHxoyijpXHS5DpABWEI2p,Stanley Road (Deluxe Edition),1995,album,0.485,0.716,0,-10.102,1,0.0328,0.00785,0.00929,0.688,0.436,107.852,4,428507
0br4Rs4Hg1XBGGEFQsEbH8,Wings Of Speed,10,False,12,1,7Lf3LOZp3U3u2f6cWMd3AH,Paul Weller,4cHxoyijpXHS5DpABWEI2p,Stanley Road (Deluxe Edition),1995,album,0.427,0.23,5,-12.475,1,0.0282,0.805,0.0,0.13,0.195,134.29,4,194213
2XKvgQzp2PXW8t8NIZ7NAq,I Didn't Mean To Hurt You - Live,7,False,16,1,7Lf3LOZp3U3u2f6cWMd3AH,Paul Weller,4cHxoyijpXHS5DpABWEI2p,Stanley Road (Deluxe Edition),1995,album,0.606,0.582,7,-10.091,1,0.0494,0.351,0.000135,0.361,0.638,96.103,4,230080
6LnAh2YLNt6XY9YwYdUso3,Woodcutter's Son - BBC Radio One's The Evening Session Version,8,False,19,1,7Lf3LOZp3U3u2f6cWMd3AH,Paul Weller,4cHxoyijpXHS5DpABWEI2p,Stanley Road (Deluxe Edition),1995,album,0.405,0.638,7,-10.32,1,0.0931,0.0985,0.00297,0.321,0.719,94.905,4,260960
6xTly3mbDEQTx688VJ64Ws,Pink On White Walls - Demo 2 - Manor Studios 21.07.94,6,False,2,2,7Lf3LOZp3U3u2f6cWMd3AH,Paul Weller,4cHxoyijpXHS5DpABWEI2p,Stanley Road (Deluxe Edition),1995,album,0.41,0.427,7,-14.4,1,0.0701,0.67,0.000353,0.318,0.276,160.173,4,205920
2bwASrDbgRSXyKLFM0iEy9,Broken Stones - Demo 1 - Manor Studios 08.12.94,8,False,4,2,7Lf3LOZp3U3u2f6cWMd3AH,Paul Weller,4cHxoyijpXHS5DpABWEI2p,Stanley Road (Deluxe Edition),1995,album,0.759,0.446,10,-10.881,1,0.0305,0.147,0.00145,0.331,0.896,112.064,4,186400
3juxarF9yqRQWjFLE0m9RU,Wings Of Speed - 8 Track Demo - Solid Bond Demo Studio 09.09.94,7,False,5,2,7Lf3LOZp3U3u2f6cWMd3AH,Paul Weller,4cHxoyijpXHS5DpABWEI2p,Stanley Road (Deluxe Edition),1995,album,0.307,0.468,5,-9.768,1,0.0303,0.646,0.0,0.644,0.245,67.065,4,162240
1rQOpUGVeaMW3qh4X7lsIB,The Changingman - 8 Track Demo - Solid Bond Demo Studio 08.09.94,8,False,6,2,7Lf3LOZp3U3u2f6cWMd3AH,Paul Weller,4cHxoyijpXHS5DpABWEI2p,Stanley Road (Deluxe Edition),1995,album,0.561,0.706,5,-7.289,1,0.0268,0.0056,0.00498,0.111,0.443,109.076,4,261707
59p9kMw4nX66Fi9ec5BOWU,You Do Something To Me - Demo 3 - Manor Studios 01.02.94,11,False,8,2,7Lf3LOZp3U3u2f6cWMd3AH,Paul Weller,4cHxoyijpXHS5DpABWEI2p,Stanley Road (Deluxe Edition),1995,album,0.457,0.412,4,-12.047,0,0.0311,0.178,0.00257,0.116,0.249,74.267,4,212147
26eMz3Ct32Fv78WOsWAmGM,A Year Late - Demo 1 - Manor Studios 20.07.94,4,False,9,2,7Lf3LOZp3U3u2f6cWMd3AH,Paul Weller,4cHxoyijpXHS5DpABWEI2p,Stanley Road (Deluxe Edition),1995,album,0.475,0.23,4,-13.359,0,0.0382,0.746,2.45e-05,0.0972,0.0807,144.818,4,251000
3Gu71uJ20AwR0GZcC3Hlxx,Time Passes - Demo 2 - Manor Studios 04.02.94,7,False,14,2,7Lf3LOZp3U3u2f6cWMd3AH,Paul Weller,4cHxoyijpXHS5DpABWEI2p,Stanley Road (Deluxe Edition),1995,album,0.588,0.329,0,-10.349,1,0.0308,0.825,1.28e-06,0.277,0.391,141.338,4,201493
1SUxJ8Q7KkCMVj9boYAEKJ,Time Passes - Demo 3 - July 1994,4,False,15,2,7Lf3LOZp3U3u2f6cWMd3AH,Paul Weller,4cHxoyijpXHS5DpABWEI2p,Stanley Road (Deluxe Edition),1995,album,0.411,0.584,0,-8.796,1,0.0337,0.277,0.000361,0.106,0.442,153.536,4,213960
3lx9YBLvEsdPQkql8GbopA,Wings Of Speed - Demo 2 - Manor Studios 10.12.94,5,False,16,2,7Lf3LOZp3U3u2f6cWMd3AH,Paul Weller,4cHxoyijpXHS5DpABWEI2p,Stanley Road (Deluxe Edition),1995,album,0.426,0.263,5,-10.327,1,0.0284,0.8,0.0,0.183,0.159,67.541,4,194467
0p6tyQPAfimfUpUAEGLe9F,Stanley Road - Demo 1 Manor Studio - Dec 1994,4,False,17,2,7Lf3LOZp3U3u2f6cWMd3AH,Paul Weller,4cHxoyijpXHS5DpABWEI2p,Stanley Road (Deluxe Edition),1995,album,0.489,0.732,5,-7.822,0,0.0298,0.0161,0.0973,0.11,0.469,139.609,4,315293
3VXvrH30WJhiDen9UdKXEH,Sexy Sadie,0,False,1,1,7Lf3LOZp3U3u2f6cWMd3AH,Paul Weller,1vYqk1KIIr39YvIAqi6VQy,Stanley Road (Rarities Edition),1995,album,0.561,0.333,7,-12.926,1,0.0279,0.388,0.000855,0.199,0.551,78.662,4,159587
5Xv1IHIMYya3FwrOOhO63D,I'd Rather Go Blind,0,False,2,1,7Lf3LOZp3U3u2f6cWMd3AH,Paul Weller,1vYqk1KIIr39YvIAqi6VQy,Stanley Road (Rarities Edition),1995,album,0.39,0.351,4,-11.541,1,0.0732,0.524,1.47e-05,0.397,0.584,190.097,3,247387
6PCF66TNVzgjE9XS0NV84E,"It's A New Day, Baby",0,False,3,1,7Lf3LOZp3U3u2f6cWMd3AH,Paul Weller,1vYqk1KIIr39YvIAqi6VQy,Stanley Road (Rarities Edition),1995,album,0.664,0.42,9,-11.273,1,0.032,0.379,0.0,0.0934,0.79,81.286,4,130853
1SEKzxVWxeMkwbyil02Skk,I Didn't Mean To Hurt You - Live,0,False,4,1,7Lf3LOZp3U3u2f6cWMd3AH,Paul Weller,1vYqk1KIIr39YvIAqi6VQy,Stanley Road (Rarities Edition),1995,album,0.613,0.594,7,-10.131,1,0.0442,0.371,0.000175,0.36,0.642,96.003,4,230120
4NX16uzBsQc2rZBMTvReRx,My Whole World Is Falling Down - BBC Radio One's The Evening Session Version,0,False,5,1,7Lf3LOZp3U3u2f6cWMd3AH,Paul Weller,1vYqk1KIIr39YvIAqi6VQy,Stanley Road (Rarities Edition),1995,album,0.61,0.481,9,-8.459,1,0.0257,0.235,1.84e-06,0.0881,0.6,101.859,4,200053
7D9KeDpJvC1vxTp0sa39V9,A Year Late,0,False,6,1,7Lf3LOZp3U3u2f6cWMd3AH,Paul Weller,1vYqk1KIIr39YvIAqi6VQy,Stanley Road (Rarities Edition),1995,album,0.463,0.151,4,-15.482,0,0.0347,0.808,0.00711,0.0563,0.238,104.123,5,257213
0OG7NhM213RwbeVAnQoHrz,Woodcutter's Son - BBC Radio One's The Evening Session Version,0,False,7,1,7Lf3LOZp3U3u2f6cWMd3AH,Paul Weller,1vYqk1KIIr39YvIAqi6VQy,Stanley Road (Rarities Edition),1995,album,0.424,0.614,9,-10.332,0,0.0973,0.102,0.00341,0.29,0.717,94.701,4,255187
7ohpFFjiKcGPTahZBlmRfe,Pink On White Walls - Manor Studios Demo 2,0,False,9,1,7Lf3LOZp3U3u2f6cWMd3AH,Paul Weller,1vYqk1KIIr39YvIAqi6VQy,Stanley Road (Rarities Edition),1995,album,0.469,0.427,7,-14.442,1,0.0772,0.665,0.00197,0.331,0.288,160.265,4,205893
5XbsqekOoK858o8w3Bmoio,Porcelain Gods - 8 Track Demo,0,False,10,1,7Lf3LOZp3U3u2f6cWMd3AH,Paul Weller,1vYqk1KIIr39YvIAqi6VQy,Stanley Road (Rarities Edition),1995,album,0.375,0.483,9,-10.416,1,0.0337,0.055,9e-05,0.265,0.349,176.578,4,287507
27FXbLrKLG5jKiHI52A6fZ,Broken Stones - Manor Studios Demo 1,0,False,11,1,7Lf3LOZp3U3u2f6cWMd3AH,Paul Weller,1vYqk1KIIr39YvIAqi6VQy,Stanley Road (Rarities Edition),1995,album,0.763,0.467,10,-10.85,1,0.0298,0.161,0.000941,0.299,0.887,112.079,4,186213
1JnBSxSKCeUtexjXhfmnep,Wings Of Speed - 8 Track Demo,0,False,12,1,7Lf3LOZp3U3u2f6cWMd3AH,Paul Weller,1vYqk1KIIr39YvIAqi6VQy,Stanley Road (Rarities Edition),1995,album,0.271,0.478,5,-9.648,1,0.0299,0.604,1.14e-06,0.234,0.223,138.353,4,162720
0CHk9oMsmDuQckDCcyVefY,The Changingman - 8 Track Demo,0,False,13,1,7Lf3LOZp3U3u2f6cWMd3AH,Paul Weller,1vYqk1KIIr39YvIAqi6VQy,Stanley Road (Rarities Edition),1995,album,0.557,0.719,5,-7.192,1,0.0269,0.00408,0.00448,0.15,0.456,109.069,4,260680
3fMtQF6m81ShRBkkc5KHTl,You Do Something To Me - Manor Studios Demo 3,0,False,15,1,7Lf3LOZp3U3u2f6cWMd3AH,Paul Weller,1vYqk1KIIr39YvIAqi6VQy,Stanley Road (Rarities Edition),1995,album,0.465,0.406,4,-12.124,0,0.03,0.162,0.00433,0.112,0.266,75.073,4,211867
5g3tYpDWh8fLTOXQ8wa2NY,A Year Late - Manor Studios Demo 1,0,False,16,1,7Lf3LOZp3U3u2f6cWMd3AH,Paul Weller,1vYqk1KIIr39YvIAqi6VQy,Stanley Road (Rarities Edition),1995,album,0.545,0.232,4,-13.31,0,0.0323,0.774,4.01e-05,0.0966,0.0795,145.396,4,250987
0vxiCc8LIjCqcacEBryfGx,Time Passes - Manor Studios Demo 2,0,False,21,1,7Lf3LOZp3U3u2f6cWMd3AH,Paul Weller,1vYqk1KIIr39YvIAqi6VQy,Stanley Road (Rarities Edition),1995,album,0.588,0.326,0,-10.32,1,0.0314,0.82,1.99e-06,0.257,0.357,141.302,4,201547
4lDJww6So2B0gsgFbqckgW,Time Passes - Demo 3,0,False,22,1,7Lf3LOZp3U3u2f6cWMd3AH,Paul Weller,1vYqk1KIIr39YvIAqi6VQy,Stanley Road (Rarities Edition),1995,album,0.506,0.582,0,-8.771,1,0.0342,0.305,0.000534,0.106,0.431,75.968,4,213547
0NEIjenSrHNUNXQ7jrkkal,Wings Of Speed - Manor Studios Demo 2,0,False,23,1,7Lf3LOZp3U3u2f6cWMd3AH,Paul Weller,1vYqk1KIIr39YvIAqi6VQy,Stanley Road (Rarities Edition),1995,album,0.423,0.266,5,-10.163,1,0.0283,0.821,0.0,0.137,0.167,67.271,4,194867
6mYVzofPDjh6QwV7z1sT7o,Woodcutters Son - 8 Track Demo,0,False,24,1,7Lf3LOZp3U3u2f6cWMd3AH,Paul Weller,1vYqk1KIIr39YvIAqi6VQy,Stanley Road (Rarities Edition),1995,album,0.502,0.758,7,-8.343,1,0.061,0.00963,0.0963,0.113,0.652,91.123,4,227933
1WQ5Hf6MqAIdBHig1NVUh3,Stanley Road - Manor Studios Demo 1,0,False,26,1,7Lf3LOZp3U3u2f6cWMd3AH,Paul Weller,1vYqk1KIIr39YvIAqi6VQy,Stanley Road (Rarities Edition),1995,album,0.492,0.735,5,-7.812,0,0.0298,0.0146,0.0885,0.0601,0.462,139.371,4,315880
336DurbwxhQljBonhE1JMP,This Is No Time - Royal Albert Hall Live Version,12,False,2,1,7Lf3LOZp3U3u2f6cWMd3AH,Paul Weller,2i4nC4E7fdbBKyGcf2LOvT,Live Wood,1994-01-01,album,0.407,0.603,9,-9.338,0,0.0466,0.104,0.342,0.986,0.823,188.975,4,364373
6TohM5jzm8UffSrejQSJ3D,All The Pictures On The Wall - Royal Albert Hall Live Version,14,False,3,1,7Lf3LOZp3U3u2f6cWMd3AH,Paul Weller,2i4nC4E7fdbBKyGcf2LOvT,Live Wood,1994-01-01,album,0.435,0.767,4,-9.195,1,0.0418,0.0343,0.00278,0.511,0.675,166.745,4,238640
7yRnzcwH1XReIhDLKvEF20,Wild Wood - Wolverhampton Civic Hall Live Version,16,False,6,1,7Lf3LOZp3U3u2f6cWMd3AH,Paul Weller,2i4nC4E7fdbBKyGcf2LOvT,Live Wood,1994-01-01,album,0.499,0.491,4,-10.826,0,0.0288,0.112,7.52e-05,0.935,0.464,72.744,4,219693
72TwHmcTME1BTCVACyZc9d,Shadow Of The Sun - Paradiso Live Version,14,False,7,1,7Lf3LOZp3U3u2f6cWMd3AH,Paul Weller,2i4nC4E7fdbBKyGcf2LOvT,Live Wood,1994-01-01,album,0.272,0.702,7,-9.201,1,0.0367,0.0132,0.0257,0.968,0.2,167.07,4,621533
6CnjtfzbIQ7rJtsf0oQCH5,5th Season - Royal Albert Hall Live Version,11,False,9,1,7Lf3LOZp3U3u2f6cWMd3AH,Paul Weller,2i4nC4E7fdbBKyGcf2LOvT,Live Wood,1994-01-01,album,0.415,0.839,9,-8.875,1,0.0344,0.00509,0.0639,0.295,0.665,95.291,4,291240
7v5N8E6mrxOa0lLNoOV8aq,Into Tomorrow - La Luna Live Version,12,False,10,1,7Lf3LOZp3U3u2f6cWMd3AH,Paul Weller,2i4nC4E7fdbBKyGcf2LOvT,Live Wood,1994-01-01,album,0.46,0.938,7,-9.052,1,0.0679,0.00138,0.0199,0.652,0.312,106.423,4,186933
0rDhItRVqNE0Hg99JgXlbA,Foot Of The Mountain - Royal Albert Hall Live Version,12,False,11,1,7Lf3LOZp3U3u2f6cWMd3AH,Paul Weller,2i4nC4E7fdbBKyGcf2LOvT,Live Wood,1994-01-01,album,0.358,0.693,7,-10.542,1,0.044,0.0075,0.00585,0.832,0.488,92.501,4,364400
497QCndLNkNhNPLYYTP9fV,Sunflower - Paradiso Live Version,15,False,12,1,7Lf3LOZp3U3u2f6cWMd3AH,Paul Weller,2i4nC4E7fdbBKyGcf2LOvT,Live Wood,1994-01-01,album,0.399,0.88,9,-8.878,1,0.0625,0.00643,0.259,0.792,0.389,112.248,4,234507
4um6Z1xHCGE0XMShlWRU44,Has My Fire Really Gone Out? - Paradiso Live Version,11,False,13,1,7Lf3LOZp3U3u2f6cWMd3AH,Paul Weller,2i4nC4E7fdbBKyGcf2LOvT,Live Wood,1994-01-01,album,0.42,0.858,7,-8.184,1,0.0379,0.00281,0.0565,0.755,0.546,91.866,4,231373
38yRWGPxDr1SshN4GyhdBv,Wild Wood (Sheared Wood Remix) [Paul Weller Vs. Portishead],41,False,17,1,7Lf3LOZp3U3u2f6cWMd3AH,Paul Weller,10Yg6lPdGtqdF6nj4yTesC,Wild Wood,1993,album,0.588,0.714,7,-7.424,1,0.13,0.00865,0.029,0.124,0.319,78.785,4,207720
02p2MFhhF76LLKOHVDvImy,Sunflower - Demo Version,10,False,1,2,7Lf3LOZp3U3u2f6cWMd3AH,Paul Weller,10Yg6lPdGtqdF6nj4yTesC,Wild Wood,1993,album,0.595,0.756,4,-8.592,0,0.0401,0.31,0.0106,0.0881,0.555,95.182,4,252667
23twMddyCxw2vTH7P5dSgn,All The Pictures On The Wall - Demo Version,9,False,3,2,7Lf3LOZp3U3u2f6cWMd3AH,Paul Weller,10Yg6lPdGtqdF6nj4yTesC,Wild Wood,1993,album,0.411,0.865,4,-8.29,1,0.0963,0.155,0.0054,0.16,0.764,174.079,4,288693
6E6j0Psy5q400PPPbsv0a8,Country - Demo Version,9,False,4,2,7Lf3LOZp3U3u2f6cWMd3AH,Paul Weller,10Yg6lPdGtqdF6nj4yTesC,Wild Wood,1993,album,0.52,0.402,7,-10.938,1,0.0338,0.836,0.736,0.11,0.359,136.101,4,212453
5v9rpnSyPnXeHXj42fotbS,5th Season - Demo Version 2,9,False,5,2,7Lf3LOZp3U3u2f6cWMd3AH,Paul Weller,10Yg6lPdGtqdF6nj4yTesC,Wild Wood,1993,album,0.411,0.891,9,-6.327,1,0.0523,0.0303,0.729,0.283,0.553,92.866,4,357373
1CL5lOVxmngTovn1Xl5nlg,The Weaver - Demo Version,7,False,6,2,7Lf3LOZp3U3u2f6cWMd3AH,Paul Weller,10Yg6lPdGtqdF6nj4yTesC,Wild Wood,1993,album,0.446,0.882,2,-5.446,1,0.198,0.443,0.000551,0.061,0.609,192.487,4,255347
55TovzGutjyzw5BvNtIuXM,Shadow Of The Sun - Demo version,9,False,7,2,7Lf3LOZp3U3u2f6cWMd3AH,Paul Weller,10Yg6lPdGtqdF6nj4yTesC,Wild Wood,1993,album,0.479,0.54,9,-9.502,1,0.0572,0.408,0.00525,0.176,0.408,77.659,4,330133
1ZU4jviJAtlmweQ9PMF0bG,Moon On Your Pyjamas - Demo Version,7,False,8,2,7Lf3LOZp3U3u2f6cWMd3AH,Paul Weller,10Yg6lPdGtqdF6nj4yTesC,Wild Wood,1993,album,0.566,0.375,9,-11.112,1,0.0319,0.713,0.000102,0.341,0.472,96.367,4,224520
4zvhkXpqS7Z6XJ9l4PzaNw,Ends Of The Earth - Demo Version,9,False,9,2,7Lf3LOZp3U3u2f6cWMd3AH,Paul Weller,10Yg6lPdGtqdF6nj4yTesC,Wild Wood,1993,album,0.674,0.793,6,-6.574,0,0.0601,0.322,1.86e-05,0.335,0.632,98.314,4,175907
4pliJnkVNiW0rAerzp3sRZ,Wild Wood - Demo Version,12,False,17,2,7Lf3LOZp3U3u2f6cWMd3AH,Paul Weller,10Yg6lPdGtqdF6nj4yTesC,Wild Wood,1993,album,0.614,0.363,4,-12.482,0,0.0348,0.406,0.0497,0.111,0.441,75.091,4,213960
6eeTlgh351aGZfPEWr0bYq,Foot Of The Mountain - Exclusive BBC Recording,9,False,19,2,7Lf3LOZp3U3u2f6cWMd3AH,Paul Weller,10Yg6lPdGtqdF6nj4yTesC,Wild Wood,1993,album,0.451,0.32,2,-10.605,0,0.0304,0.894,0.0,0.161,0.481,180.315,4,215120
70pqU7PLyikydtWrWcE4kB,Hung Up - Acoustic Exclusive BBC Recording,13,False,20,2,7Lf3LOZp3U3u2f6cWMd3AH,Paul Weller,10Yg6lPdGtqdF6nj4yTesC,Wild Wood,1993,album,0.48,0.49,9,-10.982,0,0.0313,0.559,1.71e-06,0.176,0.644,152.989,4,176520
3w3lZpVcCxLkpvzcHNCsTD,Sunflower,0,False,1,1,7Lf3LOZp3U3u2f6cWMd3AH,Paul Weller,6YsGI6GnGfmqfYqMd7Haqt,Wild Wood (Deluxe Edition),1993,album,0.471,0.775,6,-9.027,0,0.0291,0.0521,0.0159,0.112,0.606,105.205,4,248027
4gSDMGSv4WpwT8crkN6GQa,Can You Heal Us (Holy Man),0,False,2,1,7Lf3LOZp3U3u2f6cWMd3AH,Paul Weller,6YsGI6GnGfmqfYqMd7Haqt,Wild Wood (Deluxe Edition),1993,album,0.666,0.615,10,-11.04,0,0.0279,0.403,0.000354,0.0803,0.76,84.016,4,220933
6WQxdptNLoR8tCkSZl2ooT,Wild Wood,0,False,3,1,7Lf3LOZp3U3u2f6cWMd3AH,Paul Weller,6YsGI6GnGfmqfYqMd7Haqt,Wild Wood (Deluxe Edition),1993,album,0.663,0.314,6,-11.389,0,0.0387,0.48,0.00402,0.16,0.534,77.273,4,202453
1hyibVRIRlLAhvWk5N9dL2,Instrumental - Pt. 1,0,False,4,1,7Lf3LOZp3U3u2f6cWMd3AH,Paul Weller,6YsGI6GnGfmqfYqMd7Haqt,Wild Wood (Deluxe Edition),1993,album,0.68,0.555,3,-17.01,0,0.0419,0.392,0.791,0.0989,0.981,168.152,4,97107
3GYNai3wq1cCpKnz994z3o,All The Pictures On The Wall,0,False,5,1,7Lf3LOZp3U3u2f6cWMd3AH,Paul Weller,6YsGI6GnGfmqfYqMd7Haqt,Wild Wood (Deluxe Edition),1993,album,0.538,0.638,4,-9.014,1,0.0356,0.205,0.00429,0.0727,0.897,171.999,4,237213
5q632uEZmQ3LhHUxhnJon5,Has My Fire Really Gone Out?,0,False,6,1,7Lf3LOZp3U3u2f6cWMd3AH,Paul Weller,6YsGI6GnGfmqfYqMd7Haqt,Wild Wood (Deluxe Edition),1993,album,0.278,0.658,7,-9.033,1,0.0364,0.0868,0.0228,0.171,0.672,179.035,4,234693
2uIogHZCC75FW1iuxBvffm,Country,0,False,7,1,7Lf3LOZp3U3u2f6cWMd3AH,Paul Weller,6YsGI6GnGfmqfYqMd7Haqt,Wild Wood (Deluxe Edition),1993,album,0.62,0.245,7,-13.016,1,0.0429,0.777,0.00478,0.398,0.396,135.779,4,218493
7joXmy3uODEcNWCqX9gccO,Instrumental Two,0,False,8,1,7Lf3LOZp3U3u2f6cWMd3AH,Paul Weller,6YsGI6GnGfmqfYqMd7Haqt,Wild Wood (Deluxe Edition),1993,album,0.428,0.378,0,-20.479,1,0.145,0.193,0.779,0.134,0.288,163.996,4,52147
18SiDlIJ0RZfdxmBTqORmG,5th Season,0,False,9,1,7Lf3LOZp3U3u2f6cWMd3AH,Paul Weller,6YsGI6GnGfmqfYqMd7Haqt,Wild Wood (Deluxe Edition),1993,album,0.536,0.677,9,-8.672,1,0.0284,0.208,0.144,0.117,0.828,94.709,4,288773
6Rz8YH8cvanFSWElssel7d,The Weaver,0,False,10,1,7Lf3LOZp3U3u2f6cWMd3AH,Paul Weller,6YsGI6GnGfmqfYqMd7Haqt,Wild Wood (Deluxe Edition),1993,album,0.602,0.699,4,-8.617,0,0.0306,0.49,4.41e-06,0.117,0.787,102.305,4,222053
0X40W3Tv5gXhT6aNh0lSfZ,Instrumental - Pt. 2,0,False,11,1,7Lf3LOZp3U3u2f6cWMd3AH,Paul Weller,6YsGI6GnGfmqfYqMd7Haqt,Wild Wood (Deluxe Edition),1993,album,0.602,0.519,3,-19.378,0,0.0495,0.245,0.921,0.376,0.967,167.959,4,34427
0ZIN0BG9MTUn4ioEFUlysY,Foot Of The Mountain,0,False,12,1,7Lf3LOZp3U3u2f6cWMd3AH,Paul Weller,6YsGI6GnGfmqfYqMd7Haqt,Wild Wood (Deluxe Edition),1993,album,0.598,0.33,4,-9.718,0,0.0264,0.849,3.56e-06,0.306,0.743,89.541,4,217920
150lF2orLZxI2NZw9mgwPu,Shadow Of The Sun,0,False,13,1,7Lf3LOZp3U3u2f6cWMd3AH,Paul Weller,6YsGI6GnGfmqfYqMd7Haqt,Wild Wood (Deluxe Edition),1993,album,0.389,0.569,9,-9.958,1,0.0283,0.0361,0.000384,0.368,0.293,82.689,4,456533
0WOGflwbtxXvETRKpmmK3f,Holy Man - Reprise,0,False,14,1,7Lf3LOZp3U3u2f6cWMd3AH,Paul Weller,6YsGI6GnGfmqfYqMd7Haqt,Wild Wood (Deluxe Edition),1993,album,0.597,0.799,10,-7.638,0,0.0402,0.266,0.000686,0.124,0.701,83.952,4,110947
3DdXw1IOioec9opnzU7EgS,Moon On Your Pyjamas,0,False,15,1,7Lf3LOZp3U3u2f6cWMd3AH,Paul Weller,6YsGI6GnGfmqfYqMd7Haqt,Wild Wood (Deluxe Edition),1993,album,0.527,0.265,9,-12.502,1,0.0295,0.446,0.0,0.25,0.463,96.99,4,242733
0Ba3XpJcfJd6aqx8cu4uZX,Hung Up,0,False,16,1,7Lf3LOZp3U3u2f6cWMd3AH,Paul Weller,6YsGI6GnGfmqfYqMd7Haqt,Wild Wood (Deluxe Edition),1993,album,0.485,0.66,5,-8.692,1,0.0354,0.347,5.12e-05,0.121,0.598,79.939,4,160293
4fo91RVqkVeNhW4ETfoXL2,Wild Wood (Sheared Wood Remix) [Paul Weller Vs. Portishead],0,False,17,1,7Lf3LOZp3U3u2f6cWMd3AH,Paul Weller,6YsGI6GnGfmqfYqMd7Haqt,Wild Wood (Deluxe Edition),1993,album,0.588,0.714,7,-7.424,1,0.13,0.00865,0.029,0.124,0.319,78.785,4,207720
6vb940XeRbWEgaUjOeeCcE,Magic Bus - Contains Medley of Bull Rush,0,False,18,1,7Lf3LOZp3U3u2f6cWMd3AH,Paul Weller,6YsGI6GnGfmqfYqMd7Haqt,Wild Wood (Deluxe Edition),1993,album,0.311,0.853,9,-5.909,1,0.0421,0.000192,0.0596,0.0789,0.659,101.32,4,329040
3DgHsMJTHvUHWSGWcMfnE5,Ends Of The Earth,0,False,19,1,7Lf3LOZp3U3u2f6cWMd3AH,Paul Weller,6YsGI6GnGfmqfYqMd7Haqt,Wild Wood (Deluxe Edition),1993,album,0.687,0.732,6,-7.279,0,0.0569,0.26,0.000962,0.192,0.773,102.224,4,143960
4ObdDTxSAZeQMgvd06Wye5,This Is No Time - Royal Albert Hall Live Version,0,False,20,1,7Lf3LOZp3U3u2f6cWMd3AH,Paul Weller,6YsGI6GnGfmqfYqMd7Haqt,Wild Wood (Deluxe Edition),1993,album,0.395,0.664,9,-6.987,0,0.0525,0.12,0.387,0.844,0.8,188.531,4,362240
0SVfQYuY9OlqOrYvVzGsSF,Another New Day,0,False,21,1,7Lf3LOZp3U3u2f6cWMd3AH,Paul Weller,6YsGI6GnGfmqfYqMd7Haqt,Wild Wood (Deluxe Edition),1993,album,0.651,0.707,6,-11.68,1,0.0511,0.183,0.847,0.12,0.891,168.477,4,198960
1mz7Vztu3m3f3JzwoocrYQ,The Loved,0,False,22,1,7Lf3LOZp3U3u2f6cWMd3AH,Paul Weller,6YsGI6GnGfmqfYqMd7Haqt,Wild Wood (Deluxe Edition),1993,album,0.576,0.43,6,-8.661,1,0.0351,0.802,0.000536,0.0952,0.518,86.88,4,177586
4xWtOeAe8U6pJP0a7qBiEh,Sunflower - Demo Version,0,False,1,2,7Lf3LOZp3U3u2f6cWMd3AH,Paul Weller,6YsGI6GnGfmqfYqMd7Haqt,Wild Wood (Deluxe Edition),1993,album,0.595,0.756,4,-8.592,0,0.0401,0.31,0.0106,0.0881,0.555,95.182,4,252667
6OCfBXyySymx9racrOoJCa,Wildwood - Demo Version,0,False,2,2,7Lf3LOZp3U3u2f6cWMd3AH,Paul Weller,6YsGI6GnGfmqfYqMd7Haqt,Wild Wood (Deluxe Edition),1993,album,0.395,0.615,4,-9.976,0,0.0429,0.186,0.00234,0.173,0.42,161.081,4,241947
03feWRzQEPDrN7kO5TThQV,All The Pictures On The Wall - Demo Version,0,False,3,2,7Lf3LOZp3U3u2f6cWMd3AH,Paul Weller,6YsGI6GnGfmqfYqMd7Haqt,Wild Wood (Deluxe Edition),1993,album,0.411,0.865,4,-8.29,1,0.0963,0.155,0.0054,0.16,0.764,174.077,4,288693
6UamixW4kux7rXPBV31Kel,Country - Demo Version,0,False,4,2,7Lf3LOZp3U3u2f6cWMd3AH,Paul Weller,6YsGI6GnGfmqfYqMd7Haqt,Wild Wood (Deluxe Edition),1993,album,0.52,0.402,7,-10.938,1,0.0338,0.836,0.736,0.11,0.359,136.101,4,212453
1PTDjGfJSNTZ3xMYHRlFCM,5th Season - Demo Version 2,0,False,5,2,7Lf3LOZp3U3u2f6cWMd3AH,Paul Weller,6YsGI6GnGfmqfYqMd7Haqt,Wild Wood (Deluxe Edition),1993,album,0.411,0.891,9,-6.327,1,0.0523,0.0303,0.729,0.283,0.553,92.866,4,357373
6Ne8xYuE8zRMNa1MjDg2Mm,The Weaver - Demo Version,0,False,6,2,7Lf3LOZp3U3u2f6cWMd3AH,Paul Weller,6YsGI6GnGfmqfYqMd7Haqt,Wild Wood (Deluxe Edition),1993,album,0.445,0.882,2,-5.446,1,0.198,0.443,0.000551,0.061,0.609,192.485,4,255347
2WkrBsTj4UvdpvWLDOoQDh,Shadow Of The Sun - Demo version,0,False,7,2,7Lf3LOZp3U3u2f6cWMd3AH,Paul Weller,6YsGI6GnGfmqfYqMd7Haqt,Wild Wood (Deluxe Edition),1993,album,0.479,0.54,9,-9.502,1,0.0572,0.408,0.00525,0.176,0.408,77.659,4,330133
7BYlvsrSxYRANlLD74KCik,Moon On Your Pyjamas - Demo Version,0,False,8,2,7Lf3LOZp3U3u2f6cWMd3AH,Paul Weller,6YsGI6GnGfmqfYqMd7Haqt,Wild Wood (Deluxe Edition),1993,album,0.566,0.375,9,-11.112,1,0.0319,0.713,0.000102,0.341,0.472,96.367,4,224520
3uhZhdhsjQIxDsA4sd4AX6,Ends Of The Earth - Demo Version,0,False,9,2,7Lf3LOZp3U3u2f6cWMd3AH,Paul Weller,6YsGI6GnGfmqfYqMd7Haqt,Wild Wood (Deluxe Edition),1993,album,0.674,0.793,6,-6.574,0,0.0601,0.322,1.86e-05,0.335,0.632,98.314,4,175907
6ZFLwvBg7NCw0NAAFDrBmc,Love Of The Loved - Demo Version,0,False,10,2,7Lf3LOZp3U3u2f6cWMd3AH,Paul Weller,6YsGI6GnGfmqfYqMd7Haqt,Wild Wood (Deluxe Edition),1993,album,0.709,0.625,0,-7.926,1,0.13,0.522,0.000435,0.11,0.463,81.359,4,280907
1A2wKHIcf2CTSsqDbaZokk,Price To Pay - Demo Version,0,False,11,2,7Lf3LOZp3U3u2f6cWMd3AH,Paul Weller,6YsGI6GnGfmqfYqMd7Haqt,Wild Wood (Deluxe Edition),1993,album,0.477,0.301,4,-11.608,0,0.0366,0.655,0.0186,0.111,0.556,164.118,4,216373
36Du643qYr4lZyQgV3OBbK,Changes - Demo Version,0,False,12,2,7Lf3LOZp3U3u2f6cWMd3AH,Paul Weller,6YsGI6GnGfmqfYqMd7Haqt,Wild Wood (Deluxe Edition),1993,album,0.718,0.779,9,-6.59,0,0.0534,0.0697,0.000121,0.117,0.659,111.433,4,170133
34jGJp6CNY4sd0PUpXRXrR,I'm Only Dreaming,0,False,13,2,7Lf3LOZp3U3u2f6cWMd3AH,Paul Weller,6YsGI6GnGfmqfYqMd7Haqt,Wild Wood (Deluxe Edition),1993,album,0.628,0.49,7,-9.872,1,0.0352,0.321,0.00262,0.107,0.451,97.756,4,173507
4bJGqRA0UV74DzWRQo6m6b,Ohio - Demo Version,0,False,14,2,7Lf3LOZp3U3u2f6cWMd3AH,Paul Weller,6YsGI6GnGfmqfYqMd7Haqt,Wild Wood (Deluxe Edition),1993,album,0.684,0.832,7,-6.915,1,0.0285,0.0348,0.859,0.072,0.799,97.327,4,213533
0eou9hUNOZJt6m5qg1rGAk,Oh Happy Day,0,False,15,2,7Lf3LOZp3U3u2f6cWMd3AH,Paul Weller,6YsGI6GnGfmqfYqMd7Haqt,Wild Wood (Deluxe Edition),1993,album,0.828,0.549,7,-9.531,1,0.0369,0.0651,0.657,0.147,0.95,102.271,4,208373
6nwuRZtY6YWDNfEj0g8I5l,Greetings,0,False,16,2,7Lf3LOZp3U3u2f6cWMd3AH,Paul Weller,6YsGI6GnGfmqfYqMd7Haqt,Wild Wood (Deluxe Edition),1993,album,0.398,0.587,11,-8.254,0,0.044,0.00297,0.00296,0.173,0.296,79.228,4,212400
6KtEjCV0izQoEKC6Fqfw5q,Wild Wood - Demo Version,0,False,17,2,7Lf3LOZp3U3u2f6cWMd3AH,Paul Weller,6YsGI6GnGfmqfYqMd7Haqt,Wild Wood (Deluxe Edition),1993,album,0.614,0.363,4,-12.482,0,0.0348,0.406,0.0497,0.111,0.441,75.091,4,213960
77jFRApn3LsNtw73Wsdff7,Weaver Of Dreams - Demo Version 2,0,False,18,2,7Lf3LOZp3U3u2f6cWMd3AH,Paul Weller,6YsGI6GnGfmqfYqMd7Haqt,Wild Wood (Deluxe Edition),1993,album,0.498,0.735,7,-8.264,1,0.0646,0.215,1.93e-06,0.159,0.767,193.554,4,207347
3CrAA53xugrQKOiOF5PSHI,Foot Of The Mountain - Exclusive BBC Recording,0,False,19,2,7Lf3LOZp3U3u2f6cWMd3AH,Paul Weller,6YsGI6GnGfmqfYqMd7Haqt,Wild Wood (Deluxe Edition),1993,album,0.451,0.32,2,-10.605,0,0.0304,0.894,0.0,0.161,0.481,180.315,4,215120
7COUBZDJzuioPimQGTeNnk,Hung Up - Acoustic Exclusive BBC Recording,0,False,20,2,7Lf3LOZp3U3u2f6cWMd3AH,Paul Weller,6YsGI6GnGfmqfYqMd7Haqt,Wild Wood (Deluxe Edition),1993,album,0.48,0.49,9,-10.982,0,0.0313,0.559,1.71e-06,0.176,0.644,152.989,4,176520
4XlG2qADhYSoKBiWK0XrzO,Black Sheep Boy - Exclusive BBC Recording,0,False,21,2,7Lf3LOZp3U3u2f6cWMd3AH,Paul Weller,6YsGI6GnGfmqfYqMd7Haqt,Wild Wood (Deluxe Edition),1993,album,0.517,0.379,4,-12.189,1,0.0318,0.865,8.76e-06,0.188,0.744,161.679,4,129813
0i969ZFcLjz1fr0ScKUqOB,Uh Huh Oh Yeh! (Always There To Fool You!),0,False,1,1,7Lf3LOZp3U3u2f6cWMd3AH,Paul Weller,04ZvzEV1Qz9hQ4FPmbXtyP,Paul Weller (Deluxe Edition),1992,album,0.679,0.648,9,-12.618,1,0.0458,0.122,0.0113,0.133,0.444,100.936,4,192800
6jvjuUkGhG40CKhpvOqvdO,I Didn't Mean To Hurt You,0,False,2,1,7Lf3LOZp3U3u2f6cWMd3AH,Paul Weller,04ZvzEV1Qz9hQ4FPmbXtyP,Paul Weller (Deluxe Edition),1992,album,0.434,0.656,11,-14.567,0,0.112,0.19,0.000376,0.0988,0.811,189.318,4,208427
1r5SXLMUbQU793HsFfwuFW,Bull-Rush,0,False,3,1,7Lf3LOZp3U3u2f6cWMd3AH,Paul Weller,04ZvzEV1Qz9hQ4FPmbXtyP,Paul Weller (Deluxe Edition),1992,album,0.366,0.643,9,-11.005,1,0.0623,0.382,0.00376,0.0943,0.46,96.453,4,283547
15htkrr9DnALZQopQVLmWS,Round & Round,0,False,4,1,7Lf3LOZp3U3u2f6cWMd3AH,Paul Weller,04ZvzEV1Qz9hQ4FPmbXtyP,Paul Weller (Deluxe Edition),1992,album,0.642,0.579,9,-13.693,0,0.0404,0.464,0.223,0.0912,0.542,105.041,4,265867
7nF1gS7GfvyXVTiwrfbcXM,Remember How We Started,0,False,5,1,7Lf3LOZp3U3u2f6cWMd3AH,Paul Weller,04ZvzEV1Qz9hQ4FPmbXtyP,Paul Weller (Deluxe Edition),1992,album,0.531,0.435,4,-15.398,1,0.0485,0.22,0.0186,0.148,0.289,105.962,4,223547
79EYBwU5xIBXpfmp4btSgi,Above The Clouds - Album / Single Version,0,False,6,1,7Lf3LOZp3U3u2f6cWMd3AH,Paul Weller,04ZvzEV1Qz9hQ4FPmbXtyP,Paul Weller (Deluxe Edition),1992,album,0.683,0.476,4,-13.771,1,0.0551,0.578,0.0284,0.0978,0.843,169.968,4,254680
1VCnjFavyziaNZQmMNNMsw,Clues,0,False,7,1,7Lf3LOZp3U3u2f6cWMd3AH,Paul Weller,04ZvzEV1Qz9hQ4FPmbXtyP,Paul Weller (Deluxe Edition),1992,album,0.273,0.561,2,-10.696,1,0.04,0.126,8.96e-06,0.183,0.181,171.064,4,264053
2M44R03Y2EkEvOyywrVtvE,Into Tomorrow,0,False,8,1,7Lf3LOZp3U3u2f6cWMd3AH,Paul Weller,04ZvzEV1Qz9hQ4FPmbXtyP,Paul Weller (Deluxe Edition),1992,album,0.607,0.874,9,-9.308,1,0.0512,0.368,0.000217,0.105,0.449,105.393,4,187520
5yLvTUPVJ0Y9nld8E20sHE,The Strange Museum,0,False,10,1,7Lf3LOZp3U3u2f6cWMd3AH,Paul Weller,04ZvzEV1Qz9hQ4FPmbXtyP,Paul Weller (Deluxe Edition),1992,album,0.43,0.324,3,-16.872,0,0.0631,0.832,0.0768,0.11,0.294,171.172,4,197480
7GNdT9Rrk5sFllu0Am7y1J,Bitterness Rising,0,False,11,1,7Lf3LOZp3U3u2f6cWMd3AH,Paul Weller,04ZvzEV1Qz9hQ4FPmbXtyP,Paul Weller (Deluxe Edition),1992,album,0.458,0.659,6,-10.187,0,0.0921,0.0838,2.15e-05,0.0589,0.658,171.66,4,232880
1I1JJEIbHmtP3RI9KxwLgs,Kosmos - Edited Album Version,0,False,12,1,7Lf3LOZp3U3u2f6cWMd3AH,Paul Weller,04ZvzEV1Qz9hQ4FPmbXtyP,Paul Weller (Deluxe Edition),1992,album,0.544,0.717,7,-13.635,1,0.0759,0.0159,0.159,0.047,0.45,164.068,4,394107
2hUWRF35HOzLgxyqSTCkXN,Into Tomorrow - Demo Version,0,False,15,1,7Lf3LOZp3U3u2f6cWMd3AH,Paul Weller,04ZvzEV1Qz9hQ4FPmbXtyP,Paul Weller (Deluxe Edition),1992,album,0.732,0.834,4,-8.599,0,0.0636,0.118,0.0,0.0626,0.728,101.578,4,190760
28wdbBP8x8XqUjLBqVM2k0,I Didn't Mean To Hurt You - Demo Jan 1992,0,False,4,2,7Lf3LOZp3U3u2f6cWMd3AH,Paul Weller,04ZvzEV1Qz9hQ4FPmbXtyP,Paul Weller (Deluxe Edition),1992,album,0.349,0.725,9,-10.241,1,0.255,0.223,1.63e-05,0.185,0.564,176.557,4,279733
0B2zKgbuLPdObiSzjlaR4a,Round & Round - Alternative Version,0,False,6,2,7Lf3LOZp3U3u2f6cWMd3AH,Paul Weller,04ZvzEV1Qz9hQ4FPmbXtyP,Paul Weller (Deluxe Edition),1992,album,0.628,0.609,4,-13.315,0,0.0346,0.263,0.821,0.109,0.365,104.051,4,413867
6nprIWrxoeb4FvUKvb7yJn,Remember How We Started - Demo,0,False,7,2,7Lf3LOZp3U3u2f6cWMd3AH,Paul Weller,04ZvzEV1Qz9hQ4FPmbXtyP,Paul Weller (Deluxe Edition),1992,album,0.699,0.437,0,-11.558,1,0.0324,0.34,0.0551,0.0756,0.522,106.995,4,175173
4kVrg9EFT9XDJi38FKV596,Clues - Demo 1992,0,False,8,2,7Lf3LOZp3U3u2f6cWMd3AH,Paul Weller,04ZvzEV1Qz9hQ4FPmbXtyP,Paul Weller (Deluxe Edition),1992,album,0.267,0.337,2,-11.8,1,0.0308,0.0421,0.00679,0.206,0.22,84.791,4,267427
72IALzcgL8iHfvS7YtyBJi,Into Tomorrow - Alternative Acoustic Version 1992,0,False,9,2,7Lf3LOZp3U3u2f6cWMd3AH,Paul Weller,04ZvzEV1Qz9hQ4FPmbXtyP,Paul Weller (Deluxe Edition),1992,album,0.672,0.333,9,-9.696,0,0.0431,0.873,0.0,0.105,0.608,96.706,4,192440
4kRMXBgoHzNFFwq3eeWNvs,Bitterness Rising - Alternative Version 1992,0,False,11,2,7Lf3LOZp3U3u2f6cWMd3AH,Paul Weller,04ZvzEV1Qz9hQ4FPmbXtyP,Paul Weller (Deluxe Edition),1992,album,0.517,0.687,6,-11.803,0,0.0898,0.0256,6.72e-05,0.0577,0.785,173.071,4,215667
3u4sMjMqfDRvvLldxD0EB3,Kosmos - Demo 1992,0,False,12,2,7Lf3LOZp3U3u2f6cWMd3AH,Paul Weller,04ZvzEV1Qz9hQ4FPmbXtyP,Paul Weller (Deluxe Edition),1992,album,0.54,0.727,2,-9.41,0,0.0431,0.108,0.000673,0.0976,0.726,165.377,4,400133
4dwt7XmPbQggCz3hcSne37,Fly On The Wall - Demo 14/2/1992,0,False,14,2,7Lf3LOZp3U3u2f6cWMd3AH,Paul Weller,04ZvzEV1Qz9hQ4FPmbXtyP,Paul Weller (Deluxe Edition),1992,album,0.429,0.394,11,-9.546,0,0.0255,0.164,0.00378,0.12,0.432,98.092,4,216427
2oEVSZyoo0aCn22tsEwdom,Amongst Butterflies - Demo 1992,0,False,16,2,7Lf3LOZp3U3u2f6cWMd3AH,Paul Weller,04ZvzEV1Qz9hQ4FPmbXtyP,Paul Weller (Deluxe Edition),1992,album,0.574,0.487,9,-10.778,1,0.046,0.125,2.72e-05,0.129,0.575,190.094,4,154347
4Ee95wvKb30tsalGshTPKU,Kosmos - Lynch Mob Bonus Beats Full Version / Lynchmob Beats Mix,0,False,18,2,7Lf3LOZp3U3u2f6cWMd3AH,Paul Weller,04ZvzEV1Qz9hQ4FPmbXtyP,Paul Weller (Deluxe Edition),1992,album,0.577,0.719,0,-8.84,1,0.0743,0.00595,0.415,0.0771,0.646,164.09,4,485467
5Ee5eWSAvYTgR9QcFGapmn,Bus,28,False,1,1,3bUwxJgNakzYKkqAVgZLlh,Travis,2hdTBir1rQcEaRNDtF7ptU,L.A. Times (Deluxe),2024-10-04,album,0.702,0.605,7,-6.31,1,0.0262,0.212,0.0311,0.1,0.759,119.127,4,203993
28r3vbtFOBygOMgnOrmGpY,Raze the Bar,24,False,2,1,3bUwxJgNakzYKkqAVgZLlh,Travis,2hdTBir1rQcEaRNDtF7ptU,L.A. Times (Deluxe),2024-10-04,album,0.635,0.737,5,-5.488,1,0.0344,0.00733,0.00402,0.111,0.7,179.288,4,185401
0YrOgsjnUj60sWmxA7T2YP,Live It All Again,22,False,3,1,3bUwxJgNakzYKkqAVgZLlh,Travis,2hdTBir1rQcEaRNDtF7ptU,L.A. Times (Deluxe),2024-10-04,album,0.397,0.233,1,-13.775,1,0.0294,0.872,0.017,0.121,0.146,109.061,4,203549
0SFiA4Kid8ZxEXM19PXarr,Gaslight,26,False,4,1,3bUwxJgNakzYKkqAVgZLlh,Travis,2hdTBir1rQcEaRNDtF7ptU,L.A. Times (Deluxe),2024-10-04,album,0.548,0.764,9,-3.671,0,0.0422,0.00752,0.0,0.3,0.546,126.048,4,203628
3bZ8UovYJF6i5yoe55X6z8,Alive,27,True,5,1,3bUwxJgNakzYKkqAVgZLlh,Travis,2hdTBir1rQcEaRNDtF7ptU,L.A. Times (Deluxe),2024-10-04,album,0.541,0.801,9,-4.633,0,0.0253,0.000977,1.53e-05,0.335,0.523,93.018,4,168794
7wIlNsRiTPLkD76hto56Oq,Home,21,False,6,1,3bUwxJgNakzYKkqAVgZLlh,Travis,2hdTBir1rQcEaRNDtF7ptU,L.A. Times (Deluxe),2024-10-04,album,0.553,0.908,9,-4.076,1,0.0406,3.04e-05,0.00631,0.451,0.683,91.01,4,185646
7sSFQgYjWNTbxCR4WcOzpz,I Hope That You Spontaneously Combust,20,False,7,1,3bUwxJgNakzYKkqAVgZLlh,Travis,2hdTBir1rQcEaRNDtF7ptU,L.A. Times (Deluxe),2024-10-04,album,0.582,0.708,0,-6.027,1,0.0266,0.295,0.000236,0.389,0.711,101.052,4,138852
2naBp5OLScjSRusnLxs680,Naked In New York City,20,False,8,1,3bUwxJgNakzYKkqAVgZLlh,Travis,2hdTBir1rQcEaRNDtF7ptU,L.A. Times (Deluxe),2024-10-04,album,0.261,0.323,2,-10.353,1,0.0301,0.293,0.000497,0.225,0.131,87.187,4,263458
0z1UU85BuUCdA7wcHVBeFn,The River,19,False,9,1,3bUwxJgNakzYKkqAVgZLlh,Travis,2hdTBir1rQcEaRNDtF7ptU,L.A. Times (Deluxe),2024-10-04,album,0.306,0.664,9,-3.493,1,0.0374,0.00129,0.0,0.166,0.349,80.101,4,136488
7GQGdifaN8gjp8ziFbfAU0,L.A. Times,20,True,10,1,3bUwxJgNakzYKkqAVgZLlh,Travis,2hdTBir1rQcEaRNDtF7ptU,L.A. Times (Deluxe),2024-10-04,album,0.453,0.887,0,-7.689,1,0.0339,0.0396,0.859,0.101,0.903,174.032,4,248178
0MdwcB4uhfXmlBYJ0HC91K,Bus - Stripped,19,False,1,2,3bUwxJgNakzYKkqAVgZLlh,Travis,2hdTBir1rQcEaRNDtF7ptU,L.A. Times (Deluxe),2024-10-04,album,0.631,0.775,4,-6.034,0,0.0293,0.00773,0.0388,0.355,0.788,118.058,4,198846
5ivVU2XjzFR5aKzVWzggUP,Raze the Bar - Stripped,18,False,2,2,3bUwxJgNakzYKkqAVgZLlh,Travis,2hdTBir1rQcEaRNDtF7ptU,L.A. Times (Deluxe),2024-10-04,album,0.588,0.665,5,-5.731,1,0.0295,0.00147,0.138,0.276,0.56,179.862,4,186024
4LC7sDV10UgcZFdJdpqIpm,Live It All Again - Stripped,26,False,3,2,3bUwxJgNakzYKkqAVgZLlh,Travis,2hdTBir1rQcEaRNDtF7ptU,L.A. Times (Deluxe),2024-10-04,album,0.51,0.277,1,-11.922,1,0.0299,0.984,0.734,0.132,0.256,108.99,4,207967
1egQRZcX8eIJBonkcqmmyx,Gaslight - Stripped,17,False,4,2,3bUwxJgNakzYKkqAVgZLlh,Travis,2hdTBir1rQcEaRNDtF7ptU,L.A. Times (Deluxe),2024-10-04,album,0.641,0.821,2,-4.835,0,0.0447,0.435,1.54e-05,0.285,0.545,129.298,4,212112
2F5rcGjFUMqZD2A0zt2BEN,Alive - Stripped,18,True,5,2,3bUwxJgNakzYKkqAVgZLlh,Travis,2hdTBir1rQcEaRNDtF7ptU,L.A. Times (Deluxe),2024-10-04,album,0.555,0.743,2,-4.241,1,0.0283,0.000973,0.0601,0.17,0.466,93.988,4,174514
12XRkB1U928i9FyZJtZyJv,Home - Stripped,16,False,6,2,3bUwxJgNakzYKkqAVgZLlh,Travis,2hdTBir1rQcEaRNDtF7ptU,L.A. Times (Deluxe),2024-10-04,album,0.42,0.86,9,-3.09,1,0.0405,0.796,0.167,0.0501,0.613,86.839,4,235159
2xJiPToMXLafOBCbZgjzzo,I Hope That You Spontaneously Combust - Stripped,16,False,7,2,3bUwxJgNakzYKkqAVgZLlh,Travis,2hdTBir1rQcEaRNDtF7ptU,L.A. Times (Deluxe),2024-10-04,album,0.568,0.715,0,-4.383,1,0.0289,0.301,8.09e-05,0.132,0.454,97.589,4,147895
4hZcQYIY2Ul0Y7HwBi7ARt,Naked In New York City - Stripped,15,False,8,2,3bUwxJgNakzYKkqAVgZLlh,Travis,2hdTBir1rQcEaRNDtF7ptU,L.A. Times (Deluxe),2024-10-04,album,0.333,0.672,2,-4.727,1,0.0344,0.182,0.0229,0.163,0.365,122.829,4,261201
5ofrYxONrwEZDcVVeFDDwL,The River - Stripped,15,False,9,2,3bUwxJgNakzYKkqAVgZLlh,Travis,2hdTBir1rQcEaRNDtF7ptU,L.A. Times (Deluxe),2024-10-04,album,0.372,0.415,2,-11.882,1,0.0354,0.844,0.0453,0.232,0.485,58.684,4,102075
2phZRNRZ4e55lF222xe29v,L.A. Times - Stripped,14,True,10,2,3bUwxJgNakzYKkqAVgZLlh,Travis,2hdTBir1rQcEaRNDtF7ptU,L.A. Times (Deluxe),2024-10-04,album,0.471,0.822,0,-7.222,1,0.0334,0.019,0.936,0.36,0.606,88.452,4,258854
2z7j4mkyrfAlF8n6xcrKzK,Bus - Stripped,21,False,11,1,3bUwxJgNakzYKkqAVgZLlh,Travis,7wYyR1xrLO0uWxBlanysNT,L.A. Times,2024-07-12,album,0.631,0.775,4,-6.034,0,0.0293,0.00773,0.0388,0.355,0.788,118.058,4,198846
3x7b6Uah1ha4uhSM0viUmn,Raze the Bar - Stripped,19,False,12,1,3bUwxJgNakzYKkqAVgZLlh,Travis,7wYyR1xrLO0uWxBlanysNT,L.A. Times,2024-07-12,album,0.588,0.665,5,-5.731,1,0.0295,0.00147,0.138,0.276,0.56,179.862,4,186024
2XdxpA5pgds8Xd5USLBjXX,Gaslight - Stripped,19,False,13,1,3bUwxJgNakzYKkqAVgZLlh,Travis,7wYyR1xrLO0uWxBlanysNT,L.A. Times,2024-07-12,album,0.641,0.821,2,-4.835,0,0.0447,0.435,1.54e-05,0.285,0.545,129.298,4,212112
5m1odxT5tp6N4IomCpeegO,Naked In New York City - Stripped,18,False,14,1,3bUwxJgNakzYKkqAVgZLlh,Travis,7wYyR1xrLO0uWxBlanysNT,L.A. Times,2024-07-12,album,0.333,0.672,2,-4.727,1,0.0344,0.182,0.0229,0.163,0.365,122.825,4,261201
6LhDd0r6y3id4aY6wMo1Lz,The River - Stripped,17,False,15,1,3bUwxJgNakzYKkqAVgZLlh,Travis,7wYyR1xrLO0uWxBlanysNT,L.A. Times,2024-07-12,album,0.372,0.415,2,-11.882,1,0.0354,0.844,0.0453,0.232,0.485,58.684,4,102075
1A6agmiTEfUoEb8Y2YEaar,L.A. Times - Stripped,17,True,16,1,3bUwxJgNakzYKkqAVgZLlh,Travis,7wYyR1xrLO0uWxBlanysNT,L.A. Times,2024-07-12,album,0.471,0.822,0,-7.222,1,0.0334,0.019,0.936,0.36,0.605,88.452,4,258854
2ijUBp8kEaqW8WThFOzKhW,Give Me Some Truth,0,False,1,1,3bUwxJgNakzYKkqAVgZLlh,Travis,3Grn9dglgFwXrVK6A5wdp3,TRAVIS COVERS,2023-11-06,album,0.529,0.75,5,-5.887,1,0.0258,0.209,6.56e-06,0.304,0.615,136.011,4,196267
4jZYv9TNSunsu0D0NP6iQc,The Weight,0,False,4,1,3bUwxJgNakzYKkqAVgZLlh,Travis,3Grn9dglgFwXrVK6A5wdp3,TRAVIS COVERS,2023-11-06,album,0.522,0.438,10,-9.672,1,0.0284,0.0226,0.0,0.0957,0.147,135.266,4,312667
4xhnWQqSKt8C62HbAT2dY6,Reason,0,False,8,1,3bUwxJgNakzYKkqAVgZLlh,Travis,3Grn9dglgFwXrVK6A5wdp3,TRAVIS COVERS,2023-11-06,album,0.51,0.477,2,-9.99,1,0.026,0.506,0.404,0.258,0.37,105.373,4,208600
4woijC2Ja2Py9EPwsa4KNZ,Be My Baby,0,False,9,1,3bUwxJgNakzYKkqAVgZLlh,Travis,3Grn9dglgFwXrVK6A5wdp3,TRAVIS COVERS,2023-11-06,album,0.167,0.549,0,-8.807,1,0.0303,0.013,7.63e-05,0.0865,0.397,87.846,4,315507
6en0MFQMHld0PjY2FeAjYY,The Urge For Going,0,False,10,1,3bUwxJgNakzYKkqAVgZLlh,Travis,3Grn9dglgFwXrVK6A5wdp3,TRAVIS COVERS,2023-11-06,album,0.538,0.237,10,-15.578,1,0.0304,0.934,0.0103,0.119,0.393,101.276,4,364133
1rjKbFKV5ICxl3wxqaNXDV,River,0,False,13,1,3bUwxJgNakzYKkqAVgZLlh,Travis,3Grn9dglgFwXrVK6A5wdp3,TRAVIS COVERS,2023-11-06,album,0.422,0.148,9,-15.845,1,0.035,0.896,1.42e-05,0.125,0.351,112.477,5,238107
3cleUCzxCxIo0ahvlWNppk,Sing - Live At The Royal Concert Hall / 2022,16,False,1,1,3bUwxJgNakzYKkqAVgZLlh,Travis,6evOEA9KGmHwREckTF638F,"The Invisible Band Live (Live At The Royal Concert Hall, Glasgow, Scotland / May 22, 2022)",2023-04-21,album,0.272,0.709,4,-10.811,1,0.164,0.0669,4.14e-06,0.978,0.45,81.724,4,358644
0ArBGQx2IZm8Vx8UDz5EYo,Dear Diary - Live At The Royal Concert Hall / 2022,11,False,2,1,3bUwxJgNakzYKkqAVgZLlh,Travis,6evOEA9KGmHwREckTF638F,"The Invisible Band Live (Live At The Royal Concert Hall, Glasgow, Scotland / May 22, 2022)",2023-04-21,album,0.323,0.263,11,-15.194,1,0.0402,0.364,4.14e-06,0.786,0.229,106.873,5,193803
3Ka1qiHZqNx7Su3DpgbGdV,Side - Live At The Royal Concert Hall / 2022,16,False,3,1,3bUwxJgNakzYKkqAVgZLlh,Travis,6evOEA9KGmHwREckTF638F,"The Invisible Band Live (Live At The Royal Concert Hall, Glasgow, Scotland / May 22, 2022)",2023-04-21,album,0.282,0.884,7,-7.416,0,0.0609,0.0164,3.91e-05,0.726,0.335,92.917,4,246610
0W8CWIgXtaSqdqRUjj6WIm,Pipe Dreams - Live At The Royal Concert Hall / 2022,12,False,4,1,3bUwxJgNakzYKkqAVgZLlh,Travis,6evOEA9KGmHwREckTF638F,"The Invisible Band Live (Live At The Royal Concert Hall, Glasgow, Scotland / May 22, 2022)",2023-04-21,album,0.348,0.539,4,-11.722,1,0.427,0.176,0.0,0.978,0.312,82.791,4,439793
6o4dCYCHj0UewjNqFyDjxi,Flowers In The Window - Live At The Royal Concert Hall / 2022,14,False,5,1,3bUwxJgNakzYKkqAVgZLlh,Travis,6evOEA9KGmHwREckTF638F,"The Invisible Band Live (Live At The Royal Concert Hall, Glasgow, Scotland / May 22, 2022)",2023-04-21,album,0.418,0.622,0,-8.695,1,0.0345,0.297,0.0,0.686,0.597,101.54,4,201118
40v7cXN289sawNG6glfoU2,The Cage - Live At The Royal Concert Hall / 2022,11,False,6,1,3bUwxJgNakzYKkqAVgZLlh,Travis,6evOEA9KGmHwREckTF638F,"The Invisible Band Live (Live At The Royal Concert Hall, Glasgow, Scotland / May 22, 2022)",2023-04-21,album,0.183,0.505,5,-11.783,1,0.0427,0.112,0.000526,0.704,0.168,172.57,4,250386
1nCzedZiusocsDcTovjpFw,Safe - Live At The Royal Concert Hall / 2022,9,False,7,1,3bUwxJgNakzYKkqAVgZLlh,Travis,6evOEA9KGmHwREckTF638F,"The Invisible Band Live (Live At The Royal Concert Hall, Glasgow, Scotland / May 22, 2022)",2023-04-21,album,0.295,0.525,7,-10.6,1,0.0748,0.0755,0.0,0.911,0.192,82.561,4,309366
5tSRRtWDRX92axZqL8gPZq,Follow The Light - Live At The Royal Concert Hall / 2022,12,False,8,1,3bUwxJgNakzYKkqAVgZLlh,Travis,6evOEA9KGmHwREckTF638F,"The Invisible Band Live (Live At The Royal Concert Hall, Glasgow, Scotland / May 22, 2022)",2023-04-21,album,0.396,0.763,9,-9.234,1,0.0537,0.0391,0.0082,0.981,0.731,118.561,4,189938
4huoTQ9qGkEqZDFA0fdikW,Last Train - Live At The Royal Concert Hall / 2022,10,False,9,1,3bUwxJgNakzYKkqAVgZLlh,Travis,6evOEA9KGmHwREckTF638F,"The Invisible Band Live (Live At The Royal Concert Hall, Glasgow, Scotland / May 22, 2022)",2023-04-21,album,0.265,0.54,6,-13.198,0,0.0602,0.137,1.28e-06,0.945,0.315,83.528,4,238702
7fO7RiKy3SuSVZbGuuzUTB,Afterglow - Live At The Royal Concert Hall / 2022,10,False,10,1,3bUwxJgNakzYKkqAVgZLlh,Travis,6evOEA9KGmHwREckTF638F,"The Invisible Band Live (Live At The Royal Concert Hall, Glasgow, Scotland / May 22, 2022)",2023-04-21,album,0.322,0.613,4,-11.444,0,0.0479,0.0285,0.0521,0.524,0.129,113.601,4,280817
55gn0pKjQFrtEDuQfHagVQ,Indefinitely - Live At The Royal Concert Hall / 2022,10,False,11,1,3bUwxJgNakzYKkqAVgZLlh,Travis,6evOEA9KGmHwREckTF638F,"The Invisible Band Live (Live At The Royal Concert Hall, Glasgow, Scotland / May 22, 2022)",2023-04-21,album,0.461,0.382,9,-15.989,1,0.151,0.213,0.0,0.749,0.298,131.151,3,371124
2nfy8OxDcyyelibuQpcZGL,The Humpty Dumpty Love Song - Live At The Royal Concert Hall / 2022,10,False,12,1,3bUwxJgNakzYKkqAVgZLlh,Travis,6evOEA9KGmHwREckTF638F,"The Invisible Band Live (Live At The Royal Concert Hall, Glasgow, Scotland / May 22, 2022)",2023-04-21,album,0.486,0.602,3,-9.918,1,0.0324,0.244,0.0767,0.968,0.211,103.627,4,335023
2768sEgyCWTOBNKwF6tnSC,The Fear - Live At Glastonbury Festival / 1999,7,False,2,1,3bUwxJgNakzYKkqAVgZLlh,Travis,2G1MmiyNUY9H4Mw55NjB7l,Live At Glastonbury ‘99,2019-06-21,album,0.283,0.559,0,-12.219,1,0.0323,0.146,0.00102,0.719,0.459,148.434,4,259787
3jsvgaTzKUid0g9BNliJss,Writing To Reach You - Live At Glastonbury Festival / 1999,12,False,3,1,3bUwxJgNakzYKkqAVgZLlh,Travis,2G1MmiyNUY9H4Mw55NjB7l,Live At Glastonbury ‘99,2019-06-21,album,0.222,0.709,4,-10.287,1,0.0481,0.00431,0.0162,0.686,0.733,169.323,4,240187
47VF9P9bEUeTfIWHq3mTFw,Good Feeling - Live At Glastonbury Festival / 1999,7,False,4,1,3bUwxJgNakzYKkqAVgZLlh,Travis,2G1MmiyNUY9H4Mw55NjB7l,Live At Glastonbury ‘99,2019-06-21,album,0.283,0.573,9,-8.576,0,0.0402,0.159,0.00057,0.665,0.385,134.436,4,213840
68DvtiTP2fBdwXKzBAvTpq,U16 Girls - Live At Glastonbury Festival / 1999,7,False,5,1,3bUwxJgNakzYKkqAVgZLlh,Travis,2G1MmiyNUY9H4Mw55NjB7l,Live At Glastonbury ‘99,2019-06-21,album,0.246,0.737,9,-7.54,0,0.0747,0.00821,7.4e-05,0.782,0.465,136.444,4,270280
6HSetCsmmUVyIciI6yKiJG,As You Are - Live At Glastonbury Festival / 1999,8,False,6,1,3bUwxJgNakzYKkqAVgZLlh,Travis,2G1MmiyNUY9H4Mw55NjB7l,Live At Glastonbury ‘99,2019-06-21,album,0.372,0.399,3,-11.382,1,0.0435,0.621,2.79e-05,0.507,0.246,120.344,4,356320
1tHNJSD0Fgg0fXNlV9ABg9,Why Does It Always Rain On Me? - Live At Glastonbury Festival / 1999,17,False,7,1,3bUwxJgNakzYKkqAVgZLlh,Travis,2G1MmiyNUY9H4Mw55NjB7l,Live At Glastonbury ‘99,2019-06-21,album,0.351,0.563,4,-9.364,1,0.0407,0.0417,0.0,0.811,0.487,111.39,4,297707
6Xwma8HkiwJbjVFzeU94Mt,Coming Around - Live At Glastonbury Festival / 1999,8,False,8,1,3bUwxJgNakzYKkqAVgZLlh,Travis,2G1MmiyNUY9H4Mw55NjB7l,Live At Glastonbury ‘99,2019-06-21,album,0.386,0.706,2,-7.805,1,0.0573,0.00372,0.0,0.736,0.591,119.846,4,229760
00ZfeUYnleEksp0C0RqYGD,All I Want To Do Is Rock - Live At Glastonbury Festival / 1999,8,False,9,1,3bUwxJgNakzYKkqAVgZLlh,Travis,2G1MmiyNUY9H4Mw55NjB7l,Live At Glastonbury ‘99,2019-06-21,album,0.235,0.653,2,-7.857,1,0.0494,0.00285,0.0142,0.0797,0.27,128.788,4,263067
3aPmT4KSZMGgDrVw8ZoLnD,Yeah Yeah Yeah Yeah - Live At Glastonbury Festival / 1999,5,False,10,1,3bUwxJgNakzYKkqAVgZLlh,Travis,2G1MmiyNUY9H4Mw55NjB7l,Live At Glastonbury ‘99,2019-06-21,album,0.358,0.83,2,-6.156,1,0.0451,0.000537,0.246,0.528,0.727,110.847,4,212440
5KQrYcRnpoyosu9Ev1kZ0t,Good Day To Die - Live At Glastonbury Festival / 1999,6,False,11,1,3bUwxJgNakzYKkqAVgZLlh,Travis,2G1MmiyNUY9H4Mw55NjB7l,Live At Glastonbury ‘99,2019-06-21,album,0.306,0.636,4,-7.988,0,0.0624,0.0267,2.44e-05,0.327,0.376,141.769,4,243333
6MTLCVdR3dTUPT5mdnMj4y,More Than Us - Live At Glastonbury Festival / 1999,7,False,12,1,3bUwxJgNakzYKkqAVgZLlh,Travis,2G1MmiyNUY9H4Mw55NjB7l,Live At Glastonbury ‘99,2019-06-21,album,0.345,0.307,3,-11.681,1,0.0333,0.685,1.58e-06,0.277,0.151,130.34,4,259613
7yZj0rPiPcvkalLsvua3kR,Driftwood - Live At Glastonbury Festival / 1999,12,False,13,1,3bUwxJgNakzYKkqAVgZLlh,Travis,2G1MmiyNUY9H4Mw55NjB7l,Live At Glastonbury ‘99,2019-06-21,album,0.406,0.554,9,-10.08,1,0.056,0.472,0.0,0.387,0.741,87.844,4,270773
7bzat0VYDwQSdh1UiWTj1E,Slide Show - Live At Glastonbury Festival / 1999,7,False,14,1,3bUwxJgNakzYKkqAVgZLlh,Travis,2G1MmiyNUY9H4Mw55NjB7l,Live At Glastonbury ‘99,2019-06-21,album,0.404,0.297,7,-15.036,1,0.0374,0.779,2.09e-06,0.978,0.341,107.655,4,222773
29abE2mCZR2h1u3f6HQWVq,Turn - Live At Glastonbury Festival / 1999,11,False,15,1,3bUwxJgNakzYKkqAVgZLlh,Travis,2G1MmiyNUY9H4Mw55NjB7l,Live At Glastonbury ‘99,2019-06-21,album,0.312,0.687,4,-8.384,1,0.0412,0.00493,4.27e-05,0.63,0.311,145.958,4,288280
7GdlXxQ4lcxc3QnMIhQorf,Happy - Live At Glastonbury Festival / 1999,7,False,16,1,3bUwxJgNakzYKkqAVgZLlh,Travis,2G1MmiyNUY9H4Mw55NjB7l,Live At Glastonbury ‘99,2019-06-21,album,0.288,0.902,5,-7.425,1,0.0457,0.000179,2.75e-05,0.46,0.326,131.472,4,286827
1IzKLI1EZM3b7Pu2IbKzya,What Will Come,0,False,1,1,3bUwxJgNakzYKkqAVgZLlh,Travis,3CFHTvETs15Oh8mZtrAjpP,Everything At Once (Deluxe),2016-04-29,album,0.529,0.766,5,-5.964,1,0.0374,0.0713,7.78e-05,0.0918,0.272,86.008,4,176934
4OjmQuPfeViOoAFyFUcxeC,Magnificent Time,0,False,2,1,3bUwxJgNakzYKkqAVgZLlh,Travis,3CFHTvETs15Oh8mZtrAjpP,Everything At Once (Deluxe),2016-04-29,album,0.648,0.814,0,-5.146,1,0.0376,0.0336,1.22e-06,0.0912,0.818,125.963,3,170371
0eOYBXIN7e8h3ZCvx3QwPZ,Radio Song,0,False,3,1,3bUwxJgNakzYKkqAVgZLlh,Travis,3CFHTvETs15Oh8mZtrAjpP,Everything At Once (Deluxe),2016-04-29,album,0.429,0.816,7,-5.105,1,0.0298,0.00122,0.104,0.363,0.577,168.069,4,179729
7eaAYGnn9Raw41EUHZgf53,Paralyzed,0,False,4,1,3bUwxJgNakzYKkqAVgZLlh,Travis,3CFHTvETs15Oh8mZtrAjpP,Everything At Once (Deluxe),2016-04-29,album,0.613,0.784,2,-5.83,1,0.0294,0.0697,0.373,0.0716,0.777,126.941,4,169045
5B6lBWqrjvrez5OdV8UJGK,Animals,0,False,5,1,3bUwxJgNakzYKkqAVgZLlh,Travis,3CFHTvETs15Oh8mZtrAjpP,Everything At Once (Deluxe),2016-04-29,album,0.606,0.751,2,-8.302,1,0.0321,0.0464,0.000138,0.0682,0.507,124.019,3,223390
3E6Tw7Pk1Kvg9b3eFQWlv5,Everything At Once,0,False,6,1,3bUwxJgNakzYKkqAVgZLlh,Travis,3CFHTvETs15Oh8mZtrAjpP,Everything At Once (Deluxe),2016-04-29,album,0.57,0.882,4,-6.513,1,0.0303,0.034,0.00018,0.0962,0.921,152.979,4,179090
0DfDJrIXUcNSmc0vHKuNWd,3 Miles High,0,False,7,1,3bUwxJgNakzYKkqAVgZLlh,Travis,3CFHTvETs15Oh8mZtrAjpP,Everything At Once (Deluxe),2016-04-29,album,0.574,0.748,11,-5.86,1,0.0284,0.252,1.2e-05,0.0655,0.554,85.001,4,166734
5OnSDtjystJ5qKNr2RPmjf,All Of The Places,0,False,8,1,3bUwxJgNakzYKkqAVgZLlh,Travis,3CFHTvETs15Oh8mZtrAjpP,Everything At Once (Deluxe),2016-04-29,album,0.435,0.687,7,-9.044,1,0.0293,0.0146,0.216,0.0967,0.426,89.215,4,211890
36HzMX2iORqwEYOhcMEPZn,Idlewild - feat. Josephine Oniyama,0,False,9,1,3bUwxJgNakzYKkqAVgZLlh,Travis,3CFHTvETs15Oh8mZtrAjpP,Everything At Once (Deluxe),2016-04-29,album,0.645,0.528,4,-10.828,0,0.0275,0.173,0.00198,0.118,0.836,94.973,4,232490
0rDsMtR7x8KukAUpjg2fLm,Strangers On A Train,0,False,10,1,3bUwxJgNakzYKkqAVgZLlh,Travis,3CFHTvETs15Oh8mZtrAjpP,Everything At Once (Deluxe),2016-04-29,album,0.552,0.546,0,-6.974,1,0.0271,0.601,4.05e-06,0.177,0.437,77.013,4,292035
4QlvJs2TWfOk7CfrniLWbg,Sing - Live,0,False,11,1,3bUwxJgNakzYKkqAVgZLlh,Travis,3CFHTvETs15Oh8mZtrAjpP,Everything At Once (Deluxe),2016-04-29,album,0.413,0.836,6,-7.952,0,0.0457,0.0193,0.00501,0.954,0.735,163.96,4,239995
4tbu11HL7eyT07ChCUJccW,Closer - Live,0,False,12,1,3bUwxJgNakzYKkqAVgZLlh,Travis,3CFHTvETs15Oh8mZtrAjpP,Everything At Once (Deluxe),2016-04-29,album,0.291,0.527,2,-9.709,0,0.0351,0.302,0.0228,0.987,0.138,106.641,4,300802
5zcYgPXSmav53DkyLzxYae,Chinese Blues,0,False,1,1,3bUwxJgNakzYKkqAVgZLlh,Travis,3i42RUMHHf1J8A9isZWLky,Ode To J Smith (Blank),2008-09-29,album,0.527,0.551,0,-10.107,0,0.0262,0.039,0.017,0.154,0.43,105.225,4,226667
7fiPNIrrZP7WwF39WgkvCP,J. Smith,0,False,2,1,3bUwxJgNakzYKkqAVgZLlh,Travis,3i42RUMHHf1J8A9isZWLky,Ode To J Smith (Blank),2008-09-29,album,0.436,0.344,10,-12.098,1,0.0442,0.025,0.0223,0.0525,0.424,119.801,4,189320
6FsRFXDdA6ODmEK88IFbZs,Something Anything,0,False,3,1,3bUwxJgNakzYKkqAVgZLlh,Travis,3i42RUMHHf1J8A9isZWLky,Ode To J Smith (Blank),2008-09-29,album,0.542,0.692,11,-8.203,0,0.0672,0.136,6e-06,0.33,0.819,114.623,4,143720
5xn0ZKSVLk7gpWgZ62yiGW,Long Way Down,0,False,4,1,3bUwxJgNakzYKkqAVgZLlh,Travis,3i42RUMHHf1J8A9isZWLky,Ode To J Smith (Blank),2008-09-29,album,0.521,0.652,11,-9.705,0,0.0473,0.00517,0.0,0.0563,0.738,123.744,4,158250
6962fZ1c3B5OCs4ekJ5xbl,Broken Mirror,0,False,5,1,3bUwxJgNakzYKkqAVgZLlh,Travis,3i42RUMHHf1J8A9isZWLky,Ode To J Smith (Blank),2008-09-29,album,0.492,0.458,0,-12.457,1,0.026,0.00405,0.000166,0.0632,0.565,96.798,4,191133
1tj581mS4HSQNjKr0OCqUU,Last Words,0,False,6,1,3bUwxJgNakzYKkqAVgZLlh,Travis,3i42RUMHHf1J8A9isZWLky,Ode To J Smith (Blank),2008-09-29,album,0.419,0.611,0,-10.044,1,0.043,0.0108,0.00152,0.0823,0.829,78.18,4,251467
2To6cy7V59YbPdY4um43LM,Quite Free,0,False,7,1,3bUwxJgNakzYKkqAVgZLlh,Travis,3i42RUMHHf1J8A9isZWLky,Ode To J Smith (Blank),2008-09-29,album,0.427,0.73,7,-9.517,1,0.0339,0.0138,0.0,0.0756,0.493,129.808,4,240000
4YAnjzqXewpOYxeoNBR0Se,Get Up,0,False,8,1,3bUwxJgNakzYKkqAVgZLlh,Travis,3i42RUMHHf1J8A9isZWLky,Ode To J Smith (Blank),2008-09-29,album,0.611,0.742,2,-10.3,1,0.0476,0.068,0.000274,0.118,0.767,90.107,4,192480
7h4w0TUoCguK02WZhSLmhk,Friends,0,False,9,1,3bUwxJgNakzYKkqAVgZLlh,Travis,3i42RUMHHf1J8A9isZWLky,Ode To J Smith (Blank),2008-09-29,album,0.587,0.48,9,-10.37,0,0.0279,0.0186,0.0,0.172,0.496,113.482,4,203907
6qt6abm1kB8MX250mZImoS,Song To Self,0,False,10,1,3bUwxJgNakzYKkqAVgZLlh,Travis,3i42RUMHHf1J8A9isZWLky,Ode To J Smith (Blank),2008-09-29,album,0.411,0.769,0,-9.202,1,0.044,0.00895,1.41e-05,0.0945,0.522,121.311,4,225547
61Or25HecQk74m6V2SeAfs,Before You Were Young,0,False,11,1,3bUwxJgNakzYKkqAVgZLlh,Travis,3i42RUMHHf1J8A9isZWLky,Ode To J Smith (Blank),2008-09-29,album,0.515,0.375,4,-11.652,0,0.0332,0.069,4.47e-05,0.21,0.396,109.998,4,197750
37wLDxHTd18QMQvMlpQHa7,Chinese Blues,0,False,1,1,3bUwxJgNakzYKkqAVgZLlh,Travis,4QVIkSXbGBZ7m5LvbmbO7g,Ode to J. Smith,2008-01-01,album,0.527,0.632,0,-7.49,0,0.0254,0.0409,0.025,0.262,0.393,105.198,4,224667
4aSIKFVcG770rb5WsD3FCa,J. Smith,0,False,2,1,3bUwxJgNakzYKkqAVgZLlh,Travis,4QVIkSXbGBZ7m5LvbmbO7g,Ode to J. Smith,2008-01-01,album,0.439,0.413,10,-9.487,1,0.0486,0.0215,0.0279,0.0595,0.413,119.837,4,187320
65Ejz3TcxhJ8na14ZtSzTH,Something Anything,0,False,3,1,3bUwxJgNakzYKkqAVgZLlh,Travis,4QVIkSXbGBZ7m5LvbmbO7g,Ode to J. Smith,2008-01-01,album,0.541,0.819,11,-5.546,0,0.0751,0.127,3.14e-06,0.322,0.764,114.581,4,141720
6higS9ZrSzETjdFRWHmK8I,Long Way Down,0,False,4,1,3bUwxJgNakzYKkqAVgZLlh,Travis,4QVIkSXbGBZ7m5LvbmbO7g,Ode to J. Smith,2008-01-01,album,0.516,0.724,11,-7.092,0,0.0534,0.00475,0.0,0.0818,0.717,123.503,4,156627
736SuQjdnXoeVSV0Ws4tTm,Broken Mirror,0,False,5,1,3bUwxJgNakzYKkqAVgZLlh,Travis,4QVIkSXbGBZ7m5LvbmbO7g,Ode to J. Smith,2008-01-01,album,0.494,0.523,0,-9.863,1,0.0256,0.00501,0.000242,0.105,0.471,96.814,4,189133
47KGm8ckrjk7y8A7hiKYTn,Last Words,0,False,6,1,3bUwxJgNakzYKkqAVgZLlh,Travis,4QVIkSXbGBZ7m5LvbmbO7g,Ode to J. Smith,2008-01-01,album,0.487,0.698,9,-7.458,0,0.0416,0.0116,0.00194,0.105,0.847,79.515,4,249467
0TYs6HSWJd6B5QgmpbrJxH,Quite Free,0,False,7,1,3bUwxJgNakzYKkqAVgZLlh,Travis,4QVIkSXbGBZ7m5LvbmbO7g,Ode to J. Smith,2008-01-01,album,0.433,0.797,11,-6.865,0,0.0347,0.0111,0.0,0.144,0.49,129.786,4,238267
7Cu3kQWhoev1QJMs67jyMP,Get Up,0,False,8,1,3bUwxJgNakzYKkqAVgZLlh,Travis,4QVIkSXbGBZ7m5LvbmbO7g,Ode to J. Smith,2008-01-01,album,0.581,0.806,2,-7.679,1,0.056,0.0598,0.000724,0.191,0.725,90.048,4,190480
3FOKBQNaqX7YO3eoHtKyKT,Friends,0,False,9,1,3bUwxJgNakzYKkqAVgZLlh,Travis,4QVIkSXbGBZ7m5LvbmbO7g,Ode to J. Smith,2008-01-01,album,0.588,0.551,9,-7.76,0,0.0266,0.0154,1e-06,0.173,0.469,113.729,4,201907
168z1h4a3QorLNAytg2oW1,Song To Self,0,False,10,1,3bUwxJgNakzYKkqAVgZLlh,Travis,4QVIkSXbGBZ7m5LvbmbO7g,Ode to J. Smith,2008-01-01,album,0.421,0.837,0,-6.582,1,0.0459,0.0142,2.89e-05,0.0924,0.529,121.3,4,223547
0zciUTTLgMZEBoRlqNAGW7,Before You Were Young,0,False,11,1,3bUwxJgNakzYKkqAVgZLlh,Travis,4QVIkSXbGBZ7m5LvbmbO7g,Ode to J. Smith,2008-01-01,album,0.515,0.438,4,-8.979,0,0.0321,0.0727,4.16e-05,0.181,0.368,109.974,4,198533
46aWiMOwp7eXYgy3vbxmU9,Quicksand,0,False,1,1,3bUwxJgNakzYKkqAVgZLlh,Travis,19AFddVn6glH6MOLN0oxQG,12 Memories / The invisible band,2003-11-24,album,0.612,0.673,9,-6.565,0,0.0283,0.113,5.83e-05,0.107,0.478,120.898,4,159400
248RbKn4lhe4yxDBJCTnRq,The Beautiful Occupation,0,False,2,1,3bUwxJgNakzYKkqAVgZLlh,Travis,19AFddVn6glH6MOLN0oxQG,12 Memories / The invisible band,2003-11-24,album,0.583,0.741,6,-5.083,0,0.0327,0.108,0.000135,0.0864,0.628,119.959,4,225973
4nmZD2jMIEy5HoxTESolLF,Re-Offender,0,False,3,1,3bUwxJgNakzYKkqAVgZLlh,Travis,19AFddVn6glH6MOLN0oxQG,12 Memories / The invisible band,2003-11-24,album,0.499,0.722,11,-8.062,0,0.0313,0.00388,0.0886,0.271,0.316,93.972,4,226733
1TybJsNJGvfLpVwhXaqteJ,Peace The Fuck Out,0,False,4,1,3bUwxJgNakzYKkqAVgZLlh,Travis,19AFddVn6glH6MOLN0oxQG,12 Memories / The invisible band,2003-11-24,album,0.455,0.869,0,-6.558,1,0.0485,0.0875,0.0,0.696,0.549,112.659,4,175173
3rCgXQutnj5c2WNwYfSmPk,How Many Hearts,0,False,5,1,3bUwxJgNakzYKkqAVgZLlh,Travis,19AFddVn6glH6MOLN0oxQG,12 Memories / The invisible band,2003-11-24,album,0.375,0.533,2,-7.582,1,0.0313,0.324,0.306,0.178,0.33,126.735,3,286307
5qU43r66XLcYhrt8v4lNIr,Paperclips,0,False,6,1,3bUwxJgNakzYKkqAVgZLlh,Travis,19AFddVn6glH6MOLN0oxQG,12 Memories / The invisible band,2003-11-24,album,0.428,0.372,11,-11.6,0,0.0286,0.276,0.000746,0.173,0.085,89.793,3,214693
6IvayMhVzPRbdAw4bQXUwP,Somewhere Else,0,False,7,1,3bUwxJgNakzYKkqAVgZLlh,Travis,19AFddVn6glH6MOLN0oxQG,12 Memories / The invisible band,2003-11-24,album,0.681,0.665,4,-7.449,0,0.0257,0.18,0.0158,0.216,0.745,96.996,4,192040
1QUkUfBMhmrVE37nHhIgZM,Love Will Come Through,0,False,8,1,3bUwxJgNakzYKkqAVgZLlh,Travis,19AFddVn6glH6MOLN0oxQG,12 Memories / The invisible band,2003-11-24,album,0.329,0.788,11,-6.704,0,0.0364,0.147,2.98e-05,0.141,0.583,159.664,3,218240
2CbznEgmfE1EvEyqTDvGHQ,Mid-life Krysis,0,False,9,1,3bUwxJgNakzYKkqAVgZLlh,Travis,19AFddVn6glH6MOLN0oxQG,12 Memories / The invisible band,2003-11-24,album,0.535,0.617,0,-7.163,1,0.0268,0.011,0.000176,0.212,0.304,120.076,4,217773
2jwKJvPQLaOGbOhDM5OQ62,Happy To Hang Around,0,False,10,1,3bUwxJgNakzYKkqAVgZLlh,Travis,19AFddVn6glH6MOLN0oxQG,12 Memories / The invisible band,2003-11-24,album,0.558,0.789,11,-5.336,0,0.0354,0.409,0.0,0.159,0.727,139.965,4,214467
4O2ReEvVzKB1yzNFPHpqIH,Walking Down The Hill,0,False,11,1,3bUwxJgNakzYKkqAVgZLlh,Travis,19AFddVn6glH6MOLN0oxQG,12 Memories / The invisible band,2003-11-24,album,0.701,0.543,0,-13.483,1,0.0335,0.308,0.903,0.0873,0.197,109.038,4,227413
0RwxGoYlHHPuhyaTakwUZP,Some Sad Song,0,False,12,1,3bUwxJgNakzYKkqAVgZLlh,Travis,19AFddVn6glH6MOLN0oxQG,12 Memories / The invisible band,2003-11-24,album,0.363,0.253,0,-12.336,1,0.0304,0.975,0.527,0.379,0.157,132.384,4,271040
57KlCJq2s8PnK815jlkJvs,Sing,0,False,1,2,3bUwxJgNakzYKkqAVgZLlh,Travis,19AFddVn6glH6MOLN0oxQG,12 Memories / The invisible band,2003-11-24,album,0.331,0.905,4,-5.044,1,0.0452,0.00021,1.05e-05,0.0574,0.29,163.129,4,228800
53AwAf7ioYrwqzHCfpUKL4,Dear Diary,0,False,2,2,3bUwxJgNakzYKkqAVgZLlh,Travis,19AFddVn6glH6MOLN0oxQG,12 Memories / The invisible band,2003-11-24,album,0.244,0.296,4,-10.671,1,0.0334,0.771,0.00294,0.112,0.0951,149.009,4,177093
47zcE3yFUlP41UaCEbY3sm,Side,0,False,3,2,3bUwxJgNakzYKkqAVgZLlh,Travis,19AFddVn6glH6MOLN0oxQG,12 Memories / The invisible band,2003-11-24,album,0.457,0.846,7,-5.472,0,0.0287,0.000445,9.96e-06,0.46,0.514,90.915,4,239240
5CRWbpD1ZRfPBOWDViVugl,Pipe Dreams,0,False,4,2,3bUwxJgNakzYKkqAVgZLlh,Travis,19AFddVn6glH6MOLN0oxQG,12 Memories / The invisible band,2003-11-24,album,0.384,0.771,4,-5.383,1,0.0309,0.0218,0.00139,0.0838,0.338,79.102,4,245827
6dgTUQjJzhhe8mkixeWqcK,Flowers In The Window,0,False,5,2,3bUwxJgNakzYKkqAVgZLlh,Travis,19AFddVn6glH6MOLN0oxQG,12 Memories / The invisible band,2003-11-24,album,0.373,0.742,0,-5.468,1,0.0267,0.0705,0.0,0.141,0.493,98.093,4,221667
0DfWF4DlcsRs1QiFvl3d63,The Cage,0,False,6,2,3bUwxJgNakzYKkqAVgZLlh,Travis,19AFddVn6glH6MOLN0oxQG,12 Memories / The invisible band,2003-11-24,album,0.215,0.541,5,-7.986,1,0.0299,0.149,0.0,0.139,0.308,81.901,4,185800
5RFHa4BKbDw673ymV2cHGd,Safe,0,False,7,2,3bUwxJgNakzYKkqAVgZLlh,Travis,19AFddVn6glH6MOLN0oxQG,12 Memories / The invisible band,2003-11-24,album,0.379,0.5,7,-8.639,1,0.031,0.00855,2.37e-05,0.22,0.201,80.641,4,263307
3l8v0f2ziWymYObGqvYAoY,Follow The Light,0,False,8,2,3bUwxJgNakzYKkqAVgZLlh,Travis,19AFddVn6glH6MOLN0oxQG,12 Memories / The invisible band,2003-11-24,album,0.536,0.729,9,-6.402,1,0.0273,0.000129,0.0,0.12,0.359,111.583,4,188893
2q2ABlnWEOse0sQyuUN0lb,Last Train,0,False,9,2,3bUwxJgNakzYKkqAVgZLlh,Travis,19AFddVn6glH6MOLN0oxQG,12 Memories / The invisible band,2003-11-24,album,0.412,0.493,6,-7.493,0,0.0247,0.611,0.00026,0.1,0.372,83.994,4,196000
6UFdrvzX6wy4axCNxSK31a,Afterglow,0,False,10,2,3bUwxJgNakzYKkqAVgZLlh,Travis,19AFddVn6glH6MOLN0oxQG,12 Memories / The invisible band,2003-11-24,album,0.236,0.5,7,-7.066,1,0.0302,0.0865,0.0719,0.358,0.123,108.515,4,245933
7IIjMXcJAwBZfPoGVC1j9q,Indefinitely,0,False,11,2,3bUwxJgNakzYKkqAVgZLlh,Travis,19AFddVn6glH6MOLN0oxQG,12 Memories / The invisible band,2003-11-24,album,0.502,0.512,6,-12.57,0,0.0314,0.178,0.0632,0.0834,0.294,130.282,3,232800
0XyBcon8NcJrD7cRgfjvZD,The Humpty Dumpty Love Song,0,False,12,2,3bUwxJgNakzYKkqAVgZLlh,Travis,19AFddVn6glH6MOLN0oxQG,12 Memories / The invisible band,2003-11-24,album,0.155,0.418,3,-9.823,1,0.0395,0.381,0.0869,0.152,0.0906,205.768,4,302000
1NvRzZMHMjC8YMi2huGNpc,The Beautiful Occupation,0,False,2,1,3bUwxJgNakzYKkqAVgZLlh,Travis,1rP5ntAVL1Zp504KrsSLkD,12 Memories,2003,album,0.582,0.749,6,-5.036,0,0.0332,0.108,0.000198,0.0885,0.665,119.967,4,225973
6dwJnxyr4AKKqLxVLyACgv,Re-Offender,0,False,3,1,3bUwxJgNakzYKkqAVgZLlh,Travis,1rP5ntAVL1Zp504KrsSLkD,12 Memories,2003,album,0.336,0.717,4,-8.073,0,0.041,0.00374,0.0928,0.268,0.312,187.741,4,228093
6JMnht79eO4KVzcYRDGQZ4,Love Will Come Through,0,False,8,1,3bUwxJgNakzYKkqAVgZLlh,Travis,1rP5ntAVL1Zp504KrsSLkD,12 Memories,2003,album,0.309,0.785,11,-6.715,0,0.0469,0.145,7.59e-05,0.136,0.53,159.415,3,220067
6GGNvvTFhTjYmM72KWrz1E,Sing,0,False,1,1,3bUwxJgNakzYKkqAVgZLlh,Travis,0XgVEUmPgltdT6NGKbGBaq,The Invisible Band,2001,album,0.334,0.897,4,-4.989,1,0.0435,0.000265,1.22e-05,0.0583,0.298,163.349,4,228800
6yviDkEMdeqTpDkBt6yib5,Side,0,False,3,1,3bUwxJgNakzYKkqAVgZLlh,Travis,0XgVEUmPgltdT6NGKbGBaq,The Invisible Band,2001,album,0.454,0.845,7,-5.471,0,0.0282,0.000457,1.17e-05,0.46,0.545,90.927,4,239240
1IbM9pJOYPf2bEtURM8ZkV,Flowers In The Window,0,False,5,1,3bUwxJgNakzYKkqAVgZLlh,Travis,0XgVEUmPgltdT6NGKbGBaq,The Invisible Band,2001,album,0.38,0.738,0,-5.462,1,0.0265,0.0702,0.0,0.144,0.467,98.059,4,221667
0oiWfy3zQpfzUSFXnF4D3a,Writing To Reach You,18,False,1,1,3bUwxJgNakzYKkqAVgZLlh,Travis,6kjMSupUrq4GQJRAXEANqG,The Man Who (20th Anniversary Edition),1999-05-24,album,0.222,0.652,9,-8.385,1,0.0311,0.0457,0.00191,0.164,0.513,163.817,4,221760
1FrWedqJ3vntgMJ7Npzj3C,The Fear,12,False,2,1,3bUwxJgNakzYKkqAVgZLlh,Travis,6kjMSupUrq4GQJRAXEANqG,The Man Who (20th Anniversary Edition),1999-05-24,album,0.329,0.56,4,-12.512,0,0.0344,0.55,0.0474,0.645,0.463,155.291,4,252573
6Zrj06uHkwt0zHGi87j0FW,As You Are,13,False,3,1,3bUwxJgNakzYKkqAVgZLlh,Travis,6kjMSupUrq4GQJRAXEANqG,The Man Who (20th Anniversary Edition),1999-05-24,album,0.407,0.279,3,-11.727,1,0.0298,0.636,0.457,0.105,0.0476,124.747,4,254267
3Stq0JTCaLA7xCJEYgWLlg,Driftwood,16,False,4,1,3bUwxJgNakzYKkqAVgZLlh,Travis,6kjMSupUrq4GQJRAXEANqG,The Man Who (20th Anniversary Edition),1999-05-24,album,0.385,0.498,9,-8.127,1,0.0286,0.0784,0.000182,0.102,0.747,86.101,4,213667
1bNYFP8Mr5AiWQNzn25Udj,The Last Laugh Of The Laughter,11,False,5,1,3bUwxJgNakzYKkqAVgZLlh,Travis,6kjMSupUrq4GQJRAXEANqG,The Man Who (20th Anniversary Edition),1999-05-24,album,0.406,0.351,2,-11.278,1,0.0295,0.785,0.000445,0.138,0.306,154.734,4,260267
5XjF6hws3vxlrfCneLzKEM,Turn,15,False,6,1,3bUwxJgNakzYKkqAVgZLlh,Travis,6kjMSupUrq4GQJRAXEANqG,The Man Who (20th Anniversary Edition),1999-05-24,album,0.449,0.497,4,-8.176,1,0.0288,0.00122,0.000432,0.117,0.194,73.868,4,264227
6P7jVHJ8Tqz8Lfo0sIyE3J,Why Does It Always Rain On Me?,17,False,7,1,3bUwxJgNakzYKkqAVgZLlh,Travis,6kjMSupUrq4GQJRAXEANqG,The Man Who (20th Anniversary Edition),1999-05-24,album,0.497,0.537,4,-9.264,1,0.0269,0.079,0.000139,0.0782,0.371,108.448,4,265000
4wAPVFl0xEAg17YO3SpBhY,Luv,11,False,8,1,3bUwxJgNakzYKkqAVgZLlh,Travis,6kjMSupUrq4GQJRAXEANqG,The Man Who (20th Anniversary Edition),1999-05-24,album,0.225,0.392,2,-9.642,1,0.0313,0.153,0.001,0.16,0.294,130.748,4,295240
73lim7nPY9iKS9TBhan7yF,She's So Strange,11,False,9,1,3bUwxJgNakzYKkqAVgZLlh,Travis,6kjMSupUrq4GQJRAXEANqG,The Man Who (20th Anniversary Edition),1999-05-24,album,0.367,0.407,7,-13.18,1,0.028,0.0544,0.0162,0.347,0.349,133.63,4,195467
0GUbJJEmeILgsPlEFq839H,Slide Show,9,False,10,1,3bUwxJgNakzYKkqAVgZLlh,Travis,6kjMSupUrq4GQJRAXEANqG,The Man Who (20th Anniversary Edition),1999-05-24,album,0.191,0.00075,2,-8.843,1,0.046,0.223,7.45e-06,0.255,0.97,215.252,4,631027
5agx2G5Zzzr3Hvuqeea82F,Driftwood - Live At The Link Café / 1999,6,False,8,2,3bUwxJgNakzYKkqAVgZLlh,Travis,6kjMSupUrq4GQJRAXEANqG,The Man Who (20th Anniversary Edition),1999-05-24,album,0.498,0.362,9,-12.008,1,0.038,0.559,0.0,0.933,0.541,85.014,4,247827
2ukRXzaLvNLp7Ak71I476Q,Slide Show - Live At The Link Café / 1999,5,False,10,2,3bUwxJgNakzYKkqAVgZLlh,Travis,6kjMSupUrq4GQJRAXEANqG,The Man Who (20th Anniversary Edition),1999-05-24,album,0.587,0.229,7,-13.96,1,0.0321,0.46,0.0,0.603,0.12,104.491,4,194760
7Exti4fnfd0bWh09vXt2tP,Coming Around,30,False,15,2,3bUwxJgNakzYKkqAVgZLlh,Travis,6kjMSupUrq4GQJRAXEANqG,The Man Who (20th Anniversary Edition),1999-05-24,album,0.396,0.68,2,-7.643,1,0.0302,0.00017,0.0,0.162,0.684,118.353,4,189253
6ScadDsPhPNj55LkNsfh69,More Than Us,0,False,1,1,3bUwxJgNakzYKkqAVgZLlh,Travis,2wetPdpZxXj6K3rhwrWkGZ,More Than Us,1998-03-30,album,0.282,0.169,3,-12.288,1,0.0314,0.52,0.000217,0.11,0.0875,126.242,4,236427
3AvpJEYk4Cim4w6hiLU822,All I Want to Do Is Rock - Live,0,False,3,1,3bUwxJgNakzYKkqAVgZLlh,Travis,2wetPdpZxXj6K3rhwrWkGZ,More Than Us,1998-03-30,album,0.191,0.798,2,-5.343,1,0.0549,0.00086,0.00265,0.921,0.297,139.254,4,289600
6kuKLneT9MHVj7OIvIIbNt,Funny Thing,0,False,4,1,3bUwxJgNakzYKkqAVgZLlh,Travis,2wetPdpZxXj6K3rhwrWkGZ,More Than Us,1998-03-30,album,0.277,0.742,2,-4.257,1,0.0375,0.011,0.00198,0.118,0.322,77.257,4,224067
3VvDuqHJo7A3AiypqhpNQZ,More Than Us - Live Acoustic Version,0,False,7,1,3bUwxJgNakzYKkqAVgZLlh,Travis,2wetPdpZxXj6K3rhwrWkGZ,More Than Us,1998-03-30,album,0.551,0.297,3,-10.669,1,0.0475,0.871,0.0,0.165,0.228,128.931,4,289707
0voP3MfSdYEVnRKYgIL6nM,Driftwood,0,False,2,1,3bUwxJgNakzYKkqAVgZLlh,Travis,18NWKHHNIupWIvXxsG9vHh,Singles,1997,album,0.39,0.5,9,-8.13,1,0.03,0.08,0.0,0.1,0.75,86.1,4,213000
3z2WwXeZjoSIUa2c9r2SFV,Writing to Reach You,0,False,3,1,3bUwxJgNakzYKkqAVgZLlh,Travis,18NWKHHNIupWIvXxsG9vHh,Singles,1997,album,0.22,0.65,9,-8.39,1,0.03,0.05,0.0,0.16,0.51,163.82,4,221000
5Rx7IkXVP4Z1AoOgPACGKj,Why Does It Always Rain on Me?,0,False,4,1,3bUwxJgNakzYKkqAVgZLlh,Travis,18NWKHHNIupWIvXxsG9vHh,Singles,1997,album,0.45,0.56,4,-8.12,1,0.03,0.09,0.0,0.08,0.45,108.41,4,265000
6ojUy2g88apSI5Oji0cEWd,Tied to the 90's,0,False,7,1,3bUwxJgNakzYKkqAVgZLlh,Travis,18NWKHHNIupWIvXxsG9vHh,Singles,1997,album,0.47,0.65,9,-7.52,1,0.03,0.06,0.0,0.09,0.82,139.17,4,188000
1hOYuI5ICpXfk2GRumeMqH,More Than Us,0,False,11,1,3bUwxJgNakzYKkqAVgZLlh,Travis,18NWKHHNIupWIvXxsG9vHh,Singles,1997,album,0.28,0.17,3,-12.29,1,0.03,0.52,0.0,0.11,0.09,126.24,4,236000
2NbTpr7bjA5k3HPMaeb709,U16 Girls,0,False,13,1,3bUwxJgNakzYKkqAVgZLlh,Travis,18NWKHHNIupWIvXxsG9vHh,Singles,1997,album,0.335,0.816,2,-5.687,1,0.0484,0.000522,1.34e-05,0.253,0.432,134.032,4,241907
6CAnYsQUNuXjVwQe41ofs3,Happy,0,False,14,1,3bUwxJgNakzYKkqAVgZLlh,Travis,18NWKHHNIupWIvXxsG9vHh,Singles,1997,album,0.34,0.65,0,-5.81,1,0.03,0.0,0.0,0.08,0.39,131.54,4,255000
7obtAYHUrHyRPBBkTeDIDN,All I Want to Do Is Rock,0,False,15,1,3bUwxJgNakzYKkqAVgZLlh,Travis,18NWKHHNIupWIvXxsG9vHh,Singles,1997,album,0.35,0.43,2,-7.25,1,0.03,0.0,0.0,0.22,0.21,67.43,4,233000
6AjgjwjH5rGfv9tLFuy5ni,Turn,0,False,17,1,3bUwxJgNakzYKkqAVgZLlh,Travis,18NWKHHNIupWIvXxsG9vHh,Singles,1997,album,0.45,0.5,4,-8.18,1,0.03,0.0,0.0,0.12,0.19,73.87,4,264000
