spotify_track_id,mbid,isrc,release_date,release_country,label,artist_type,gender,artist_country,artist_lifespan_begin,artist_lifespan_end,tags
4Kucn8p48pDkoZdIRCOB01,098f842d-6628-4978-94f3-e152b1f1aed0,,,,,Group,,GB,1989,,
0boNKrTLvgY200vkhmfkrl,96388e46-7362-40bd-979c-d16e08172e72,,1994-10-01,XW,Echo,Group,,GB,1989,,
3dvxpgCNCgZqSqAdnSNU7n,ee26fb03-16fe-4737-9e83-7189da3a16d0,GBCRL0800534,1994-10-01,XW,Echo,Group,,GB,1989,,alternative rock;indie;indie rock;pop rock;punk;rock
1o5gIYys3cw11Ryur8GrND,accceed3-5be4-4520-a3b4-56885c7404e6,,2019-03-22,GB,Edsel Records,Group,,GB,1989,,
37LhwN5oJmvVmhBpl4MpSA,2fffca52-32c9-4e17-a4d1-d08a92f290b0,,1994-10-01,XW,Echo,Group,,GB,1989,,britpop;indie;indie rock;punk;rock
1ghYcDSNQofy8I5IjX0Eq4,f99abffd-2ba7-4385-a232-3908dbf584b3,,2007-06-27,JP,Sony Music Japan International Inc.,Group,,GB,1989,,
7zDKcvQ2LdmbAxDrVv1bFw,dc4bbd78-7635-4751-a2f0-1e1e960388b2,,1995,US,Reprise Records,Group,,GB,1989,,indie;indie rock;pop;punk;rock
0cA41ydiosNCgmmGiCST65,22e9a903-81a8-44b3-8589-fec45b715f67,GBCRL0800561,2008-11-03,GB,Rhino,Group,,GB,1989,,
7npgVYPIv7jzYC9yFKKHig,187d9fae-9190-4363-bfc9-5e5d54c105c8,,,,,Group,,GB,1989,,
3wUtrrnRvFEv3JTFYDqucE,d829f64e-596a-4ba4-8f4b-78a679bd0f82,,1997,XE,,Group,,GB,1989,,
3uxzoRjrJ6YzantwTtWlSb,121535dd-27e6-4596-be88-bb5ca399ee16,,,,,Group,,GB,1989,,
0piEd5VtQCA9UOcfef0g3Z,e591acb0-8888-45d0-ae7f-f9f3bbe08458,,1996,DE,Indigo,Group,,GB,1989,,
5OuSVkR7jty26vnV79AfbQ,ed8d93a5-2707-4fbe-95fd-bce3d29d60d1,,2016-12-02,XW,Atomic Heart Records,Group,,GB,1989,,
1hl4IbHsB8JGQwQVafwMPW,d370a9f3-86db-4647-a499-54eff19997e5,,1997,XE,,Group,,GB,1989,,
7JXiWo2TQnM50jBJcyLioK,5ed9e044-926e-44f9-9b1b-ece8ff9c2a7b,,2003,GB,Infectious Records,Group,,GB,1989,,
60FteVr8AUPzZmoGqYW61r,19d2bdab-84ba-419e-a94f-327566520a0f,,2016-12-02,XW,Atomic Heart Records,Group,,GB,1989,,
4ZlsMi2Ho5MaF8nZnX1fE6,e6ca08be-f86a-4d68-a714-fd36e9b1c6da,,1997,XE,,Group,,GB,1989,,
4oBvbRyTJFti3adfoz2B3W,defcfd30-12d0-456a-86a2-b04e25f0a90b,GBAHS0401215,,,,Group,,GB,1989,,
0JztoNJFzqdDUb9lQjtF1F,a925f091-fa85-4612-9113-4fb5a4a9f46c,GB5KW2202991;GBAHS0401212;GBCRL0800528,1996,CA,Homegrown;Infectious Records;Reprise Records,Group,,GB,1989,,alternative;alternative rock;britpop;indie;indie rock;pop rock;punk;rock
3fHVOcAV12GY8nOjWA8OUh,34ad8c45-587e-474a-9661-680dbb3bc839,,2004-05-17,JP,Sony Records International,Group,,GB,1989,,
4daraBRKwKGEA6dwom2DqG,8d4f049f-e702-4846-95d7-789aae6725ab,,,,,Group,,GB,1989,,
0XRONzbNix2Dnlx4SUzQVC,be853df0-cde7-4ecf-a80c-7839b4e50af1,,2006-06-19,US,Universal Music TV,Group,,GB,1989,,
2nHD2mLdFDGjHZOEoXsefb,0b475062-6322-41ad-9d4c-163058e1d1d9,,2001-10-01,GB,Infectious Records,Group,,GB,1989,,
3gXrK7e5IjeXTImmmxyLuJ,f4f70d68-a196-4647-87da-df0c52c32161,,2002-09-01,US,Heavy,Group,,GB,1989,,
3ktT5lFYscuRKnoVLq5V3h,87710bdd-2f02-4d0a-b254-6307ca0e15d1,,,,,Group,,GB,1989,,
1I42Fx04lhFWTCqogmFDUd,a031f4b5-4dd1-4c51-9c7d-570899e6788e,GBBUG0101007,2001,FR,Infectious Records,Group,,GB,1989,,britpop;indie;indie rock;pop;pop rock;punk;rock
5tvLu5uwx0ObRyJgOCZjX5,0c9d654e-e483-4f46-89bf-375dc7596af8,,,,,Group,,GB,1989,,
3GkWiscerLJlHVxlSzAhoI,8fab2380-a186-4199-99a5-508ce31cbd31,GBBUG0101009,2001,FR,Infectious Records,Group,,GB,1989,,britpop;indie;indie rock;pop;pop rock;punk;rock
48B8CIq0L9jc21pxJfYdGs,818bee51-3e78-4989-bfab-10ae02e0395d,,2001-12-13,NZ,Warner Bros. Records,Group,,GB,1989,,
4yM1MItEmpi1pSrqMx20oN,92322374-9ea2-49db-b3cf-7b9255b2638d,GBBUG0110011,2001,ZA,edel,Group,,GB,1989,,alternative rock;indie;indie rock;pop;pop rock;punk;rock
6IZvpP8V2FqP7kcowjpEc6,49c84e27-d7a6-4a95-a6bd-9192307976ec,,2002-01-21,GB,Universal Music TV,Group,,GB,1989,,
5KeIi5MrEIDK64BJL7lvx4,fb74b320-550f-485a-b9ea-6feb638e4995,,2001,FR,Infectious Records,Group,,GB,1989,,
5bIGlppeo6NT1kudUwCZ0Q,a3913bbc-4693-4d14-a01d-cff7a83ecc84,GB5KW1903404;GBBUG9800601,1998,XE,Homegrown,Group,,GB,1989,,alternative rock;indie;indie rock;power pop;punk;rock
0sf5O76JG3DbVRDYEZBWD8,e63cde6a-6f74-4aad-b336-6b17416efc8d,GBBUG9800602,1998,JP,BMG Japan,Group,,GB,1989,,alternative rock;indie rock;power pop;punk;rock
2yt29X77A6VuKd1lZvJgBI,d2352383-d5ae-4b28-8394-a5d18c5ba2e4,GBBUG0201207;GBBUG9800591,1998,,Edel Records,Group,,GB,1989,,alternative rock;indie;indie rock;power pop;punk;rock
0R7jH53mst2DmGjKQ2aVzn,f2a62986-b9f5-4a7e-b077-f897b905a164,,1998,GB,Telstar TV,Group,,GB,1989,,alternative rock;rock
1NfsPqz7RI3T6kfFMmYnXw,8194577c-3a78-4569-bac1-6e30cb702102,GBBUG9800605,1998,XE,Homegrown,Group,,GB,1989,,alternative rock;indie;indie rock;power pop;punk;rock
60DElPW33xO8N5cRwo4J8Y,d1afbe97-886e-4c75-8cf1-e2cd7d82f57e,GBBUG9800606,1998,XE,Facedown,Group,,GB,1989,,alternative rock;britpop;indie rock;punk;rock
5szhxXNaliZRyZ5Y57dhAb,6452a1ca-1e1b-4b18-b223-d7727ac4bb26,GBBUG9800607,1998,XE,Facedown,Group,,GB,1989,,alternative rock;indie;indie rock;pop rock;power pop;punk;rock
4HH3HfY0s3gz4NeJxx58AF,d6495500-a11f-4d6d-96a4-9aafed8ea7dd,GBBUG9800608,1998,XE,Homegrown,Group,,GB,1989,,alternative rock;indie rock;power pop;punk;rock
0hiLCA00nwUBABrS8fo8FL,9f083f85-a667-425c-8c88-70fb4becd8f9,,2000,GB,Infectious Records,Group,,GB,1989,,
6ZAdDVonM8vVGX2JdxAN6K,31d2a109-2098-46d7-b8a7-2339b0b158ec,GBBUG9806010,1998,XE,Facedown,Group,,GB,1989,,alternative rock;indie rock;punk;rock
4pq17B30spbG2ca344Zntv,ed6b02cd-7f0b-4780-9684-205b39508c76,,2001,GB,The Daily Telegraph,Group,,GB,1989,,
2OUykB2hSKjw2ueY1uaU4n,7214f014-0eb0-444e-b340-10dd54302542,GBBUG0201202,2002,AT,,Group,,GB,1989,,alternative rock;indie;indie rock;pop;punk;rock
1XfdRLyKALlyuSeisvzvdJ,3b748e6d-22a9-4dda-8d65-9230a504cfc7,,2002-11-04,GB,Warner Music,Group,,GB,1989,,
08qjaQGPFFGXXQpM0krRDF,d965b2cb-6738-49b0-879d-3894d90caeef,,2002-06-25,US,Kinetic Records,Group,,GB,1989,,
1iuZGd244aoBpi2J6GTPpr,f78c25ad-1bf1-4abb-aa9c-63bcc84e1e6c,,2002-10,GB,Uncut,Group,,GB,1989,,
723aiNf3l1zNcupzO886LK,b849059a-c673-4ff8-8e14-fa5722f98a51,,2002,AU,Mushroom Records,Group,,GB,1989,,alternative rock;britpop;indie;indie rock;punk;rock
2KTawcYv5UuYOxEw6hJgz7,252f2467-16c0-47f1-adcc-225b975f1cca,GBBUG9800592,1998,XE,Homegrown,Group,,GB,1989,,alternative rock;indie;indie rock;punk;rock
6A5S5RDcrChBuYlfGRPRjR,fc87af05-1d5a-49bd-89bb-1e93a6009341,GBBUG0100992,2001,AU,Festival Mushroom Records,Group,,GB,1989,,britpop;indie;indie rock;pop;pop rock;punk;rock
2YMr0U2v4d1MRbnNQeJhwS,5138701c-ce96-43d3-82e6-25a012494691,,1998-11-23,GB,Infectious Records,Group,,GB,1989,,
6TsnTjnXgvUDe3mxXlKHCg,ce65b2ad-b1d5-4bd2-ba28-90641e402e40,,1994-08-15,GB,Infectious Records,Group,,GB,1989,,britpop;indie;punk;rock
7tTRlxMUhuCmM4hDDTj1yI,11992819-3598-45a2-8694-d34030523753,,1999,US,DreamWorks Records;Infectious Records,Group,,GB,1989,,alternative rock;indie;indie rock;punk;rock
5AMaOED96iOFNXqoZPXTW5,b8fcab4f-65c5-4efb-bee0-ad679b4c138a,,2001-11-12,DE,edel,Group,,GB,1989,,britpop;indie;indie rock;pop;pop rock;punk;rock
3MYauUkbTrU41MmuqmLHQi,9fc7a427-71db-402b-99c4-ae248fb61c85,,2001-11-12,DE,edel,Group,,GB,1989,,alternative rock;indie;indie rock;pop;pop rock;punk;rock
6xm01I1Wz8rzU0WPGhhxhU,c5b217a0-db7f-4cc8-a752-628afe324379,,,,,Group,,GB,1989,,
0JJ5InyP9Ca0zo2e9JFDcK,53fb0620-5735-41b2-8f9b-7471d3aaf685,,2001-10-01,GB,Infectious Records,Group,,GB,1989,,
03pHq7w5h7W2mCYPysvJ5Y,7d239121-751e-4a57-bb0b-066220a3e630,,2002,AU,Mushroom Records,Group,,GB,1989,,indie;indie rock;punk;rock
1ntS2VwnzUDy0SHvNy4XzK,fe46958d-7f6b-4a26-ab4c-abc49c863c95,,2002,AU,Mushroom Records,Group,,GB,1989,,britpop;indie;indie rock;pop;pop rock;punk;rock
3uSqbBtWKTuRHr8ph6ssR5,ab2d8ccb-d984-48e4-8fd8-774282d84d45,GBCRL0800575,1996,XE,Infectious Records,Group,,GB,1989,,alternative rock;indie;indie rock;punk;rock
1omqLbPuJu3m8zm1lQGTwB,fd39ee6a-3c8b-4488-b463-08c2f723e52b,GBCRL0800576,2008-11-03,GB,Rhino,Group,,GB,1989,,
3sj7IzHcArYEZKy7T9W0E2,9399abc1-b377-45a4-80ce-b6c5613d3040,,2002,AU,Mushroom Records,Group,,GB,1989,,alternative rock;indie;indie rock;punk;rock
7i1NcCBjU56m9ca9p7XcQv,f9455969-1c5c-4c1b-acba-bdf648ffa635,GBCRL0800571,2008-11-03,GB,Rhino,Group,,GB,1989,,
1oLN8ZmxioTQvNH74PThsV,f5cf1b9f-70fb-46a7-b5ba-441f3f480ee4,,2002,AU,Mushroom Records,Group,,GB,1989,,indie;indie rock;punk;rock
6CQD6GXozJq2Q1J7qo1ZZB,96ac67ac-b03f-4dc3-a6e4-d629f2d122fe,,1999,US,DreamWorks Records;Infectious Records,Group,,GB,1989,,indie;indie rock;punk;rock
0nUL2eIfYWH3iw6DA51AxD,4a5fb979-85a3-475e-b29b-19dcd0a5835c,,2001,AU,Festival Mushroom Records,Group,,GB,1989,,
3mfoqLP28cp76zxKMBdRSp,8fb8de8b-251f-4668-a0c4-c0e9895be745,,2013-05-13,CA,Vicious Records,Group,,GB,1989,,
1LrOWxO1rhyg0gQXglHEj4,cc4e8c36-84a9-4471-8905-4299ef290d0c,,2004-11-15,GB,,Group,,GB,1989,,
0oooTKa5bzppmVTBADJqLB,aaf25e2c-6f6e-4333-95f3-a1f397c4fa3b,GBAHS0401049,2004,XE,Infectious Records;Homegrown;Warner Music United Kingdom,Group,,GB,1989,,alternative rock;indie rock;pop;rock
546GcfU8TYMoqKrALp8knd,3806bbcc-11c6-496a-83f0-c4a6859ba315,,2004-07,GB,Q,Group,,GB,1989,,
2OMClcWKyIPea8OwqPLOsr,8c76351c-0566-43e3-a136-111c259e1374,,2004,,Homegrown;Infectious Records,Group,,GB,1989,,
2tMCkzuAzKu9qis47x7b1A,aaa2965e-7e9a-47b3-aff3-6635a6aa2d10,GBAHS0401014,2004,GB,Infectious Records;Homegrown;Warner Music United Kingdom,Group,,GB,1989,,alternative rock;indie rock;pop;punk;rock
2c83O5J7Sjiqb7GkumZ40T,ae6bd510-c02d-49f6-b1d7-687d5230f9ee,,2004-12-06,GB,,Group,,GB,1989,,alternative rock;rock
3vPkRkd2ouHaELMSx8I0gR,6fd28c76-3e52-4ac9-bd70-b59516cf7839,GBAHS0401016,2004,GB,Infectious Records;Homegrown;Warner Music United Kingdom,Group,,GB,1989,,indie rock;pop;pop rock;punk;rock
1IFG4fZDjAPzHzMKGGoMgN,e528b9c6-cf7e-48b2-9e38-3a6db4c75238,,2004,JP,Sony Records International,Group,,GB,1989,,
4y5MdHpaTQk1wGqOA45izF,4a291f48-e60b-4573-a63f-5a74542f9109,GBAHS0401056,2004,XE,Infectious Records;Homegrown;Warner Music United Kingdom,Group,,GB,1989,,alternative rock;indie;indie rock;pop;rock
2lY20nLvKO2MhsMxZeRotH,8ae2337a-1ac7-4f57-ab81-7122c42e1d63,,2005-12-26,US,,Group,,GB,1989,,
4rnyY7Ah4bjrcuLnJNoui6,ef0f776e-aaa2-42d1-a903-e53c8afc703c,,2005-03-08,US,Record Collection,Group,,GB,1989,,
4WSWzINkkrkbxYgdXbz8aq,87b83936-ea79-43bf-83c6-03b9043a5d91,,2005-03-08,US,Record Collection,Group,,GB,1989,,
6GrphMzcCItyDFQEiZx5YK,76ab91fa-f38f-407f-aefa-5dbdcf7c9e59,,2004,,Homegrown;Infectious Records,Group,,GB,1989,,indie rock;pop;pop rock;punk;rock
0A9AXLTam469VpUBcyZUJM,fc1a04cf-cc67-47b3-80b3-c51b5c338731,,2007,XE,Infectious Records,Group,,GB,1989,,indie
3RqY2Ks7kvsObFHnjyth9V,b979d229-0020-4998-a074-79de3f8bb566,,2011-10-17,GB,Warner Bros. Records,Group,,GB,1989,,
02t6dVN4uWDmw9wSx9k4p3,73dc1536-dada-40fb-a13a-d49690531ca0,,2007,GB,Infectious Records,Group,,GB,1989,,
6JvKmAgvtwkVLM3cAi9UN2,bc696a4c-4167-4843-ace5-a4559b26f26a,,2007,GB,Infectious Records,Group,,GB,1989,,
5F1jiABQZ1aNW00ocALvQ9,0c25d299-a553-4845-881a-ef20db4ba1f9,,2007,XE,Infectious Records,Group,,GB,1989,,indie
6O8lvAw7cVpYdZwGCnGraY,601aef14-7768-4621-b386-a4e5d37cc707,,2007,GB,Infectious Records,Group,,GB,1989,,indie
7vHRhIu9msHNZINF1tbrn5,e766534a-7d55-411b-9544-5c0f71005345,,2007,XE,Infectious Records,Group,,GB,1989,,indie
3r0a6TlpRT4vwm5XyRUDFH,bcecf6a9-a146-4c81-8284-992be9985e80,,2007,XE,Infectious Records,Group,,GB,1989,,indie
1kAh8MCvyi0GkrbJm8BdHe,2612f9aa-e088-4765-a23c-f5a7e5b82a37,,2007,XE,Infectious Records,Group,,GB,1989,,indie
2tGJqNOi9AGlzB9mAY269i,2dddee08-a15e-4dbd-ad31-fb1a6b3a41d1,,2007,XE,Infectious Records,Group,,GB,1989,,indie
0Ubsh5wTWIOmbG6cVQGX0m,37679630-9d7c-43b2-b618-7458add54111,,2007,XE,Infectious Records,Group,,GB,1989,,indie
2QbCgig3v2SEHpwvExeHwO,e54bfc2f-7365-4752-a356-8db31507f2f2,,2007,XE,Infectious Records,Group,,GB,1989,,indie
1AofM2rYZyuzDWolKFHj8n,fcc59f51-3161-435b-8091-b320176bfea2,GBZSM0900001,2009-06-08,GB,Atomic Heart Records,Group,,GB,1989,,alternative rock;indie;indie rock;rock
3lHW7CCa4A5hcqG5Scry7F,5bf51532-5ff3-4a9a-ad00-b6ae9647a1c7,,2009-10-12,GB,Atomic Heart Records,Group,,GB,1989,,
5kUNKD6zEy0Ia2UM3hop0F,6e990f71-71bc-4b28-9ead-2c4b8d646426,GBZSM0900035,2010,ZA,Sovereign Entertainment,Group,,GB,1989,,pop
7eYigglevsTbNIwrq8gVu3,cb570b98-c117-4746-97bb-62c921c79a44,GBZSM0900021,2009-11-09,GB,Atomic Heart Records,Group,,GB,1989,,
7K8bV3DdWLFVgpLg7ClALK,695a8c42-e3ea-4e14-874a-f06dfd60432f,GBZSM0900037,2010,ZA,Sovereign Entertainment,Group,,GB,1989,,britpop;indie;pop;pop rock;power pop;rock
490xan2Vx0IDkAxXR8FIE8,f50576ca-c17a-4459-b3b3-0d31a63f4cf1,GBZSM0900038,2010,ZA,Sovereign Entertainment,Group,,GB,1989,,britpop;pop;pop rock;power pop;rock
12hu1nq0PDy7t4sQuoP6IW,46d4d766-6715-4840-ba5b-f34f1f1da563,,2009-12-21,GB,Atomic Heart Records,Group,,GB,1989,,
4fmfmZaMiDzAxuxVsSGE81,e4e5b3b0-e636-4f58-b90e-ec073729667f,GBZSM0900040,2010,ZA,Sovereign Entertainment,Group,,GB,1989,,pop punk
2eyaNsa1tLor96jDoKOWdZ,70d29b9e-d84c-4eb6-b820-6b8a669e607d,,2010-01-18,GB,Atomic Heart Records,Group,,GB,1989,,
1swBh1BhvyigT7BiANFPqO,2415eb32-4c7a-4b14-b47e-408fde6dbd44,GBZSM0900041,2010,ZA,Sovereign Entertainment,Group,,GB,1989,,alternative rock;britpop;indie;pop;pop rock;power pop;rock
44WuZMMV7pgkiwpC1YF251,1b7c4855-a414-4e98-bed6-bb237f5058e0,,2010-02-15,GB,Atomic Heart Records,Group,,GB,1989,,
3ecPqLWjicAoB8fGl1TcCo,7ed9cd98-48af-4f91-8221-5abe20105c19,GBZSM0900043,2010,ZA,Sovereign Entertainment,Group,,GB,1989,,pop;pop punk
1vlcwKmAV1UAqXzbaCYdzc,5a4cfe89-a059-4175-88b8-cd23c9dfede3,GBZSM0900044,2010,ZA,Sovereign Entertainment,Group,,GB,1989,,britpop;pop;pop rock;power pop;rock
1u5UEUje9O9cqDYC9ppRre,0aff6527-c891-42d2-a44d-394c2d68bac9,GBZSM0900004,2010,ZA,Sovereign Entertainment,Group,,GB,1989,,britpop;pop;pop punk;pop rock;power pop;rock
6vtGOiu1fkmvKcpxYrOolH,f839e922-6b07-4b36-b450-7e6f2f601c96,,2012-06-16,XW,Noyes Records;Atomic Heart Records,Group,,GB,1989,,
49SITyuDjcudYLPf8OXWkT,a5123c73-225c-4e09-8b0f-363003906231,GBZSM1000002,2010,ZA,Sovereign Entertainment,Group,,GB,1989,,pop
7p70pyxFBIHkfzRYeA7Qo9,c055b9db-99e4-477b-aac7-9c2c05cd9916,GBZSM1000003,2010,ZA,Sovereign Entertainment,Group,,GB,1989,,pop;pop punk
0H32UqGj175jgXkWSrJVQP,6d2ab88d-8bcb-4c7d-8633-4e008f812cda,,,,,Group,,GB,1989,,
2kNkNAUcLiF5OcbEwJYz6h,f53a2658-df98-4732-8b8e-590f6f556b57,,2010-04-26,GB,Atomic Heart Records,Group,,GB,1989,,
5pgFkBN9nzWUzRDkJPbuOt,3824466d-a9f8-4a64-bbbb-ae1c19537878,,2010-10-06,JP,Atomic Heart Records,Group,,GB,1989,,
3cDh2GWRKDioKuE0IKgtxF,78ad14e7-dc89-4d6e-8b71-9b6b31051663,,2010-10-06,JP,Atomic Heart Records,Group,,GB,1989,,
1mW2gO6IHKhe1Wnoq3Bvid,c9cb912f-64a3-44fd-aeb8-5803371e2bc6,,2010-05-24,GB,Atomic Heart Records,Group,,GB,1989,,
0ODJgxkcAeShlIia4gt630,801e16ef-37ed-4870-989e-a595009b67b6,,2010-10-06,JP,Atomic Heart Records,Group,,GB,1989,,
4GwpdEe02KKu5ZHTvgGfHO,7402a381-5433-42b6-a636-111f790ca821,,2010-10-06,JP,Atomic Heart Records,Group,,GB,1989,,
4E34FpAkHo0QgOraabJ4zq,bccde39b-8b8c-4169-9a73-9c2d4530bef4,,2010-10-06,JP,Atomic Heart Records,Group,,GB,1989,,
1VDjgCrNFI1CFjMQn9S73v,2ab801c2-b089-4bf1-a7bd-662b6627f482,,2010-10-06,JP,Atomic Heart Records,Group,,GB,1989,,
4W1JmWb5rIDYDJv4MOAp8T,ecbd2db9-a86b-4429-8834-92fa6bc7e229,,2010-08-02,GB,Atomic Heart Records,Group,,GB,1989,,
4pzwEJsgBplNKV8k4rjOAC,62d44979-e710-43df-88a8-74a47eecc9bc,,2010-08-16,GB,Atomic Heart Records,Group,,GB,1989,,
6xjCyL7jII6YbBduoT7ecs,ceda2fba-aa7d-433c-a50b-fd9d209fe646,,2010-08-30,GB,Atomic Heart Records,Group,,GB,1989,,
4Hj0kGqGn5VNRIfvcKZY1y,cbb8fe94-db64-4be6-97f7-bebd9ed69ccc,,2010-09-13,GB,Atomic Heart Records,Group,,GB,1989,,
53V41AKrJ74xOdHNjTQIS6,6cfb7dc5-5068-48a0-956d-9b0d296ff186,,2010-10-06,JP,Atomic Heart Records,Group,,GB,1989,,
5qZzcC2OdJyDPTvlEqZjDe,f0d6a98e-4d8e-4733-a3fa-599e3988dfb4,GBZSM1000055,2010-10-06,JP,Atomic Heart Records,Group,,GB,1989,,
5lYP8lOUact4e0kEHZU29W,5b9d3f13-8037-4227-a229-f2271a495085,GBZSM1000069,2010-10-06,JP,Atomic Heart Records,Group,,GB,1989,,britpop;pop;pop rock;power pop;rock
6y9slxSceTjVD4vcP9Z0Wv,05932c89-f53c-4182-b59b-dccf1a517b0e,,2010-10-06,JP,Atomic Heart Records,Group,,GB,1989,,
0O4E6VBHJ0uY9RNEhIqVce,bc51c2bb-d284-4620-8edf-ddcc06d76fb5,,2012-06-16,XW,Noyes Records;Atomic Heart Records,Group,,GB,1989,,
6f949yg0coDIIjDfrgJwqN,94f85ac0-3994-4703-9c69-f3d04279e201,,2012-06-16,XW,Noyes Records;Atomic Heart Records,Group,,GB,1989,,
42puFxeBbxQGgYpU3BQJ7D,31eaf02f-96b7-402b-bce8-06822ef9543a,,2012-06-16,XW,Noyes Records;Atomic Heart Records,Group,,GB,1989,,
2NH3QMcNUOFBcSMIaGdejk,bfc58aa7-a034-4c7a-9c56-659c6e391169,,2012-06-16,XW,Noyes Records;Atomic Heart Records,Group,,GB,1989,,
0o9zTMyMQbrn3DbQl2mIx5,73c8c10e-2848-432e-8954-06e40d087bb4,,2012-06-16,XW,Noyes Records;Atomic Heart Records,Group,,GB,1989,,
3Zddbt7FC8wiZTcFfvzdio,cfc6f707-de0a-4578-abf5-e6c543593177,,2010-04-07,JP,Atomic Heart Records,Group,,GB,1989,,
0nLzpyzCjZOYQlIIHkBGCw,d0e8e7a8-fd4e-4072-bf6f-69c7ace3c3c0,,2010-04-07,JP,Atomic Heart Records,Group,,GB,1989,,
6CHzPaWwrYcccKQR3toNVf,35cc8678-2071-4c8b-87c0-90534cdbf48d,,2010-10-06,JP,Atomic Heart Records,Group,,GB,1989,,
7GH9xk9xRS8QsxvFov96F7,08e8b416-aeb0-4f84-8d91-8359e6950e87,,2010-10-06,JP,Atomic Heart Records,Group,,GB,1989,,
6qREz748IUlVpdziMyhFCc,1ed70c4d-39c2-4a9b-afa6-4688024e9838,,2009-12-22,GB,Atomic Heart Records,Group,,GB,1989,,
5iD7WgG4qTZJuX1PSXN852,e3be4a00-c35d-408c-85ae-2c3738a867de,,2010-04-07,JP,Atomic Heart Records,Group,,GB,1989,,
7L066slhC7AtmDAUXX0wI7,a0ff7741-b192-4918-966a-8586a9f54e14,,2010-10-06,JP,Atomic Heart Records,Group,,GB,1989,,
2KQJoQVlXXRlg4dokTNDww,5b2211c0-2e5d-486e-8637-8ca43e65546c,,2010-10-06,JP,Atomic Heart Records,Group,,GB,1989,,
6M2Rv9o3wjbWEwgzXWcTcT,9c31768c-f05e-4a13-b579-40eff57b0c67,,2010-10-06,JP,Atomic Heart Records,Group,,GB,1989,,
3FFEG5Y11tOPNxvtqq2DrN,67ec2d52-a309-432d-8b0f-f5b3f58c1c32,,2010-10-06,JP,Atomic Heart Records,Group,,GB,1989,,
5Kwl65e6VIHS7pom22eVWZ,a1916f17-e34b-46e6-b19e-481162263f03,,2010-10-06,JP,Atomic Heart Records,Group,,GB,1989,,
5Z5rUS0kFPDHc332bsjOyi,5e505ba4-8fb8-4c25-ba00-396793e60a4b,,2010-10-06,JP,Atomic Heart Records,Group,,GB,1989,,
16HT1jjDcLiaUfhP0eBTlT,39743131-a2b1-44e9-ac2c-8fc59ef9af7d,,2010-10-06,JP,Atomic Heart Records,Group,,GB,1989,,
3uKI7mkW5fvLFAYQJrRoMt,5d941f3f-a09f-4ddf-a3f9-7051cdb3527d,,2010-10-06,JP,Atomic Heart Records,Group,,GB,1989,,
6N1WWbo0EJkLi0T23nT6gV,9ded9074-b1dc-4f8d-a66d-76053f6971af,,2015-03-28,GB,Post/Pop Records,Group,,GB,1989,,
3DRRIxgVYFYtcBjSS06RYJ,902d4612-0812-435d-8ff6-cc306e2b681b,,2015-05-22,,earMUSIC,Group,,GB,1989,,
4ubB8l3F3EmF9OXmgt3Cs1,5c26d1cf-71de-44a3-9c60-dbaf039637f1,DEH841500249,2015-05-22,,earMUSIC,Group,,GB,1989,,
6cboOO5gFswMOqCpayfR98,61930fe1-ca9c-45a9-b61f-92ad3b733a0a,,2015-05-22,,earMUSIC,Group,,GB,1989,,
3hD2bPO4r6SRvvMpvkeT8o,3896cae7-a782-481f-9484-2c27857b4d5e,,2015-05-22,,earMUSIC,Group,,GB,1989,,
1Eqsv6lsji0LrQNrZKZmmX,e2fbdf02-07d7-4053-b08e-ea8a49f50c4f,,2015-05-22,,earMUSIC,Group,,GB,1989,,
64MJbaSCMQpNQgVGQMAvFS,331c1be6-3eef-436a-b4fb-307c5194eac8,,2015-05-22,,earMUSIC,Group,,GB,1989,,
1yEYXbcpPcCePN7UgjMGwp,f8416ea1-45d4-42e7-b5e4-ece3c6f9590d,,2015-05-22,,earMUSIC,Group,,GB,1989,,
4dEz0afcWC3ZsyFWDYyrVN,cc0feccf-fe8c-45b7-a69e-62c12fbd41fb,,2015-05-22,,earMUSIC,Group,,GB,1989,,
7tLd9oFvHM0xHdjdQB0LDo,ffa98715-be19-49fe-be04-1eead24b52e8,,2015,GB,Classic Rock,Group,,GB,1989,,
4n3aLoRQhHkNJ7qXSmTMd5,a889dbe0-bdbe-419b-9982-774d79cedaab,,2015-05-22,,earMUSIC,Group,,GB,1989,,
4mZIZUXK4HdnSvjIiPxKTY,0185df9a-ee76-4052-ae60-c4d9d0ac7386,,2015-05-22,,earMUSIC,Group,,GB,1989,,
3KBjR0Mb2Xdrvm7wN1LQ57,b04ce18c-5fae-4766-8b72-23321ef3b308,GB5KW1800029,2018-05-18,XW,Infectious Music,Group,,GB,1989,,
5wPecrMtA8wqQdLImYcNXO,6b455828-eed9-49ed-a4ef-18f583a33dfa,GB5KW1800008;GB5KW1800030,2018-05-18,XW,Infectious Music,Group,,GB,1989,,
3vMV9P7rSy5brnnMwGeLTf,5b3c64ce-fa58-4171-bb8d-820dd1663b1c,,2018,DE,VISIONS,Group,,GB,1989,,
4kgvqHa6ucwrqGUYehqfbp,34efc451-4b76-40eb-b9d6-53f0511b0e2f,GB5KW1800010;GB5KW1800028,2018-05-16,FR,Les Inrockuptibles,Group,,GB,1989,,
0lRJwEH1VDr83tEEx0yDFC,aa574063-8924-4e22-baab-460dbc6e9175,GB5KW1800011;GB5KW1800033,2018-05-18,XW,Infectious Music,Group,,GB,1989,,
24pWJCVkkKlBCxHUjpnP88,570d4afd-1948-4292-a25b-9a3bfa1da05f,GB5KW1800034,2018-05-18,XW,Infectious Music,Group,,GB,1989,,
4l8D9d5Fn3fJrZlP2kp9yn,9245e6fd-17c4-447e-af40-b205579f4bc2,GB5KW1800031,2018-05-18,XW,Infectious Music,Group,,GB,1989,,
4zdvnfrFSGX6kMkqp7cQ4n,85667258-c8ed-4bdc-9f39-e19b2c3e46ee,GB5KW1800037,2018-05-18,XW,Infectious Music,Group,,GB,1989,,
0g0vIcgseGiSscqhdR4kci,066cb6ad-b69e-49a2-9bbe-54d3297da729,GB5KW1800038,2018-05-18,XW,Infectious Music,Group,,GB,1989,,
0poUp5ZD4ep7hT4OGGHX4s,d9da0b74-b744-46d3-b89a-4137abb8b412,GB5KW1800035,2018-05-18,XW,Infectious Music,Group,,GB,1989,,
0NMQKhVOAHtNmR4PCMjkE2,a9c95c94-9324-4984-9296-93379440d3f6,GB5KW1800036,2018-05-18,XW,Infectious Music,Group,,GB,1989,,
1pLwfuhQRE0WjOhJhB4Gzc,8e917738-3e8b-4e73-8845-ec1d9c0ed357,,2020-01-06,,,Group,,GB,1989,,
11J3yQJJFGwEm9mJkaSgbw,c6d90f54-a0cd-4783-9778-95c1ec20058e,GBBUG0101123,2001-12-31,GB,Infectious Records,Group,,GB,1989,,
1ZMo3WPjpN1i1F3ptfVOW2,c1910648-fa44-4c1b-b5b8-912ce3812246,GBBUG0201196,2002-08-26,GB,Infectious Records,Group,,GB,1989,,indie rock;rock
3d93AiwJZjr83o0hnRISRo,3318625d-3417-4982-9cfb-499a76f599fc,GBBUG0101012,2001-07-01,GB,Infectious Records,Group,,GB,1989,,
7ve9nMJMs4t5mWnxJHVtdC,2db6545c-2ece-4282-b07c-d39c74a2db99,,,,,Group,,GB,1989,,
5wzh0M0lC9KQNpXCmWRIBW,7a6166e2-672c-4394-98a0-7bbafbdeba8d,GBBUG0101064,2001-10-01,GB,Infectious Records,Group,,GB,1989,,
1oCvDlzruwxO7JT8KooesB,84fa20ba-cb73-43ba-b9df-eca3e6a9f10a,,2007-04-16,GB,Infectious Records,Group,,GB,1989,,indie
2u2nizUGP8y4KDZZO1s3fP,cc4338e8-0df8-44d7-a20a-d112623df2dc,GBAHT0700614,2007-09-10,GB,Infectious Records,Group,,GB,1989,,
2HKN6Lh4VJnfHfvk0Ukx8a,bfe872ec-a2cf-4a27-9b30-f9330904039e,,2004,JP,Sony Records International,Group,,GB,1989,,
6L5dLdQGmmhSXdj1rLHBZo,011e270d-2fb7-4667-ae8a-bb9a7693ce6b,GBAHT0700356,2020-02-14,XW,Echo,Group,,GB,1989,,
23u25976pGsJi6W9F0fWH1,3dadec3e-3d99-4f81-a487-7b47132d7ac9,GBAHT0700615,2007-09-10,GB,Infectious Records,Group,,GB,1989,,
4DFjdswNE4lttAWT0RCcPg,fcf20dcc-dff0-4cff-b12c-f1a0da20d9e6,GBAHT0700107,2007-04-16,GB,Infectious Records,Group,,GB,1989,,
27QrhwCaJvJbCAa1EJAJqp,59125d48-ff3f-4185-9f4f-7f1ac616b32c,GBFFA2300033,2023-07-19,,Fierce Panda Records,Group,,GB,1989,,
19zfciBkLEXLTsUqkPm7ZF,a31ceb99-bb1e-481d-a222-cf04edc62344,GBFFA2300039,2023-09-15,XW,,Group,,GB,1989,,
2SBCISlgQR2nEPYN0Ph7QC,18c4e83b-d9b5-4ba0-b364-aaa7e26929ad,GBFFA2300037,2023-09-15,XW,,Group,,GB,1989,,
7cWhNFqv9nhlIg2uRlUINe,c3f3747a-5aa7-4aa5-a6f4-48386c8fc12c,GBFFA2300045,2023-07-19,,Fierce Panda Records,Group,,GB,1989,,
4lDMHmTqfgmdHvwEWZO59l,25e98484-1570-4be6-9f19-c43f7ba71780,GBFFA2300041,2023-09-15,XW,,Group,,GB,1989,,
6jwgHppeFp9IIr7f1AySJs,c31ac704-a97b-4afa-91db-dbefe87dddf5,GBFFA2300038,2023-09-15,XW,,Group,,GB,1989,,
3ZfqLbX8ALEXyn8F058ahr,3cda076b-caa1-4fac-bb39-179f5dc4c5fb,GBFFA2300040,2023-09-15,XW,,Group,,GB,1989,,
3vbdRTcl99n6zGqGKylYeX,c5d80b55-422a-4a98-84b8-d0dcc2a787cd,GBFFA2300042,2023-09-15,XW,,Group,,GB,1989,,
7GtwiavDO84csvMkVqAhJN,c8aeaf38-aa3e-441e-abfa-9d63ef2c7aa9,GBFFA2300043,2023-09-15,XW,,Group,,GB,1989,,
32AtGbcJtMHcDnI8yBonGW,fd4012e5-c1db-4fee-8a70-dd79be812120,GBFFA2300044,2023-09-15,XW,,Group,,GB,1989,,
4pLuajhI2vycZSX78eHnhV,8c0ac23f-2869-48f4-8391-da77a98550d0,,2025-10-03,XE,Fierce Panda Records,Group,,GB,1989,,
79IAQ42zY8kcviLZ8jrKXj,093c712b-3547-4bfa-a3ed-913f46403c5f,,2025-10-03,XE,Fierce Panda Records,Group,,GB,1989,,
4PCyDu901hYqYiE28zsc0D,4b85a2c4-2fd3-4f21-ada1-104a207ad3b6,GBFFA2500052,2025,GB,Fierce Panda Records,Group,,GB,1989,,
4GXVDhtxSCfJca58uyQN6Z,3f359136-c99f-4b4b-a922-82ecd26367e3,,2025-10-03,XE,Fierce Panda Records,Group,,GB,1989,,
6H137sku81Yb9j7u7B85k4,4d6e2e3b-c7cd-4823-ae6b-5a9cadb2acd9,GBFFA2500053,2025,GB,Fierce Panda Records,Group,,GB,1989,,
3IfLe07U5e1zzUk90yygjn,803f5f39-9d62-4624-93e5-705d46834278,,2025-10-03,XE,Fierce Panda Records,Group,,GB,1989,,
1vX5PGIZ8v9hGllwQJq6UZ,c9e4c50b-eef2-4816-9120-0d64ab66cb68,,2025-10-03,XE,Fierce Panda Records,Group,,GB,1989,,
6gWDrRMUS9B750hJ2zAZ10,b0e845ce-53d3-4a29-a337-e5bcad1bb091,,2025-10-03,XE,Fierce Panda Records,Group,,GB,1989,,
7fsnoOn7lywCGgQThbZhM1,53bcfdc1-dbd4-4b95-b0ab-d6b62c81381b,,2025-10-03,XE,Fierce Panda Records,Group,,GB,1989,,
0VT44hPNOUC7Del0Cii5tB,91b0a888-3294-4d15-bf50-0022b3bdbf5e,GBFFA2500059,2025,GB,Fierce Panda Records,Group,,GB,1989,,
05qZMqqIIXOENX7lmA7kN6,6c376018-a83c-4b82-8caf-b946a5e29acc,,2025-10-03,XE,Fierce Panda Records,Group,,GB,1989,,
3VBGOg0iCbuIvdeuvDYTib,163a98aa-7040-49be-8207-8fcebce7d90e,GBFFA2500058,2025,GB,Fierce Panda Records,Group,,GB,1989,,
0cRVy5HCrvByvYMyeNW76k,0e213fb4-8e4b-4b9c-bb65-3be1a876d4a2,,1994,BE,EVA,Group,,GB,1990,,
0bb9bFfXAVCKuXUWEJzCjR,fcb45f4a-26b8-48c9-8958-97045d155d18,,2012-12-03,GB,Abbey Road Live,Group,,GB,1990,,
76glkvDsvoxa1PtJByTAZx,7c9ad8b8-5b94-4314-a50b-9591f584042c,GBPGU1100058,2003-05-06,,,Group,,GB,1990,,
6Cv1yU5lCryrYVamre6xGc,d541d8c7-19a8-442e-977c-fe96e82b83f3,,1995,BE,EVA,Group,,GB,1990,,
5TDGfTDRcljpOezH94BGI3,1d6f2cc4-b57a-4729-a711-ffab4a1d7d39,,,,,Group,,GB,1990,,
1G9IIlAf6PVBoY1KMyJGTo,bc98afa2-f01f-4ee0-a371-85578e6bf2e2,,1991-08-26,US,Food,Group,,GB,1990,,
7FxpjjJLmoWYOHFNTwwcMe,0aa4cdff-07ac-4eac-bab8-207fcb3f16b1,,1997,GB,Europress,Group,,GB,1990,,
43fzwBpIw30UlLLk7Huket,02228b4e-23f9-43de-9e76-40ec161aa9ce,GBAYE1200581;GBAYE1400790;GBAYE9400418,1994,JP,,Group,,GB,1990,,alternative & punk;alternative pop/rock;alternative rock;brit pop;british indie rock/pop;britpop;indie rock;rock
5tA1P3JwJtCJ3Xv90rhYta,97f5bc80-dace-45a9-80fc-2c4e09c82df7,,,,,Group,,GB,1990,,
7L0AwFf6LBYhlwP6TjZ6uN,70edc7f0-cab2-4ded-bed4-c34258135c5a,GBAYE1200583;GBAYE1400792;GBAYE9400419,1994,ZA,Food Records;EMI,Group,,GB,1990,,alternative pop/rock;brit pop;british indie rock/pop;britpop;indie;indie rock;rock
6m4me4M9g0ncicsh6jQUMv,a6f6a717-b9b9-4209-8551-f12426c7dc89,GBAYE1200584;GBAYE1200967;GBAYE1400793;GBAYE9400299,1994,JP,,Group,,GB,1990,,alternative pop/rock;brit pop;britpop;indie rock;rock
4RRuOtjbDCdRwr0CkR2cW2,7a8e520f-c09f-48a7-ae85-63d29ae0dc2c,GBAYE1200585;GBAYE1400794;GBAYE9400420,1994,JP,,Group,,GB,1990,,alternative pop/rock;brit pop;britpop;indie;indie rock;rock
7w5ffqfChGUCnesl9is2Tg,78bc9e8a-8483-470b-96de-e20949c7b4d6,GBAYE1200586;GBAYE1400795;GBAYE9400421,1994,ZA,Food Records;EMI,Group,,GB,1990,,alternative pop/rock;brit pop;british indie rock/pop;britpop;indie;indie rock;rock
55q3DK5L5QbINcDWFkbT7X,9731d926-a235-4948-ab35-42e8fa2cdbe0,,2012-12-03,GB,Abbey Road Live,Group,,GB,1990,,
4jDaPUUIzl0Nc6tfv00RgP,9e4e062d-5e98-4489-b28c-f15b82736666,,2026-04-18,GB,EMI,Group,,GB,1990,,
4lRgMecfBNLwtJshfzKOWI,60a7172b-a8d7-4334-83b8-87866017974a,,1994,FR,Food,Group,,GB,1990,,
3ntspsTsOkkpW8tZSUGtrd,11a62d53-a5db-421a-b995-1071b1067dc6,GBAYE1200527;GBAYE9500184,1995,XE,Parlophone;Food,Group,,GB,1990,,alternative rock;britpop;indie;noisy;pop;rock;sarcastic;sexual
2M8LyE5zoFp6cbep62X7kg,68d6bbf4-058b-44c5-8eda-472e40ba7dcd,GBAYE1200528;GBAYE9500168,1995,AU,,Group,,GB,1990,,acoustic rock;alternative rock;art rock;ballad;brit pop;britpop;dub;electronic;house;indie;indie rock;krautrock;leftfield;lo-fi;music hall;pop;punk;rock;shoegaze;synth-pop
48i7fJcyKN61ivbHxJPQZ6,33c0a174-3bc7-495b-8420-162b3a0696c5,GBAYE1200529;GBAYE9500476,1995,XE,Parlophone;Food,Group,,GB,1990,,acoustic rock;art rock;ballad;brit pop;britpop;dub;electronic;house;indie;indie rock;krautrock;leftfield;lo-fi;music hall;pop;punk;rock;shoegaze;synth-pop
5e3FlJMdvEHtUxA2Kixikb,305a5f82-c3c2-45c6-b4be-8196ffd3f28c,,1996,FI,PolyGram Finland Oy,Group,,GB,1990,,
0FUsqSWFIt3MPkyYwpU4AA,6d816285-f56e-4b2d-9634-5ebe6aca1734,,2026-04-18,GB,EMI,Group,,GB,1990,,
3i4yN9CIUp6b5SKg5CzU0U,18d779ab-fdb5-4500-bb53-41075685c713,GBAYE1200532;GBAYE9500478,1995,XW,[no label],Group,,GB,1990,,acoustic rock;art rock;ballad;brit pop;britpop;dub;electronic;house;indie;indie rock;krautrock;leftfield;lo-fi;music hall;pop;punk;rock;shoegaze;synth-pop
3wR9bqr5zhOgGGyrvKKf3J,e0831dea-f671-4960-b537-0f268aac6da6,,2023-06-13,XW,Vintage Jukebox,Group,,GB,1990,,
4xX5FUxUOy774D2y0OVPxt,658761b8-89d6-43f4-9afd-f1026a8c2229,,2023-06-13,XW,Vintage Jukebox,Group,,GB,1990,,
3xciNTbmOVD6kBNvfdcvv1,e8636658-e967-4d8f-93bb-45f684e819cb,GBAYE1200535;GBAYE9500480,1995,GB,Vox,Group,,GB,1990,,brit pop;britpop;indie;pop;rock
359Tk1X7bJtEEbxmY99E2F,94695c31-0e4c-443c-b541-90fcf4de2c48,GBAYE1400507,1996-05-22,JP,東芝EMI 株式会社,Group,,GB,1990,,
7vyMP2JnAVdOT1pcXQcOzo,57643fee-adc8-459d-b03c-b6ba5a10496d,GBAYE1200537;GBAYE9500482,1995,XE,Parlophone;Food,Group,,GB,1990,,acoustic rock;art rock;ballad;brit pop;britpop;dub;electronic;house;indie;indie rock;krautrock;leftfield;lo-fi;music hall;pop;punk;rock;shoegaze;synth-pop
5ENRslJsqyjB6lwxvVq35r,f0a3d6b7-1592-40d4-9f65-6093cecaa85c,,,,,Group,,GB,1990,,
6jswlIFEsZZB2z5zAjGHmg,0c0d6e25-0d90-4e32-8c55-85c5ef8a4a86,GBAYE1200539;GBAYE9500484,1995,XE,Parlophone;Food,Group,,GB,1990,,acoustic rock;art rock;ballad;brit pop;britpop;dub;electronic;house;indie;indie rock;krautrock;leftfield;lo-fi;music hall;pop;punk;rock;shoegaze;synth-pop
608TJ17ITc1Dz0ndrDa1uk,4c92e31c-0a7c-4e26-8b69-3dd7f15b4478,GBAYE1200540;GBAYE9500485,1995,XE,Parlophone;Food,Group,,GB,1990,,acoustic rock;art rock;ballad;brit pop;britpop;dub;electronic;house;indie;indie rock;krautrock;leftfield;lo-fi;music hall;pop;punk;rock;shoegaze;synth-pop
1sZf0mJnA9b7aWRfEVTxeA,4ee39885-f587-4e36-8866-9c8ae218c9c9,GBAYE1200541;GBAYE1201001;GBAYE9500486,1995,XE,Parlophone;Food,Group,,GB,1990,,brit pop;rock
7DL5almw5lJyDWODPiv31y,fe2ac079-fa12-4c8d-a647-f2aa111d2c37,GBAYE9700957,1998,,Food,Group,,GB,1990,,britpop;electro;electronic;indie rock;punk;rock;techno
5eSllZgRWCIJsDTAqFRwQw,a468ea0b-df56-41a0-a19a-dc03d3852762,,,,,Group,,GB,1990,,
42cxPm9jgbaxIVN77XA1m6,40754625-4eee-4fdd-9ba9-0b28671e50a1,,2003-11-13,LV,Mikrofona ieraksti,Group,,GB,1990,,
0SaRvx9eYudSCQYNjuCQKX,1e9527d8-6949-43d4-a386-a1b38f851e8c,GBAYE9900146;GBAYE9901644,1999,NZ,Food,Group,,GB,1990,,alternative rock;art rock;breakup;britpop;dream pop;melancholic;post-rock;rock;sad;slowcore
6I8JbgjPq1UKcTvjlROgLc,9bbad9b5-ea76-44b8-b48e-eebdda9f2c76,GBAYE9900134;GBAYE9900148,1999,US,EMI;BMG Direct,Group,,GB,1990,,acoustic rock;art rock;ballad;brit pop;britpop;dub;electronic;house;indie;indie rock;krautrock;leftfield;lo-fi;music hall;pop;punk;rock;shoegaze;synth-pop
01fSXBxjBbkAJ193kfUoUc,69d4fe0c-6bb9-4a8f-8d58-78dc15062364,,1999-03,NL,Rock Sound,Group,,GB,1990,,
3kg9LNFAdOynXO7VMpMwwR,2d4c3464-8bb2-4762-b828-fda9288d2e00,GBAYE1200835;GBAYE9900132,1999,NZ,Food,Group,,GB,1990,,alternative rock;atmospheric;avant-garde;britpop;chaotic;dissonant;drugs;energetic;experimental rock;indie;industrial rock;lo-fi;manic;noise pop;noise rock;noisy;pop;psychedelic;punk rock;raw;rebellious;rock;slacker rock
3RQkyuFw2g9aLw0bqNatE0,867a5462-11c7-4ae8-9592-0651f4c1b764,GBAYE1200838;GBAYE9900136,1999,GB,Food,Group,,GB,1990,,acoustic rock;art rock;ballad;brit pop;britpop;dub;electronic;house;indie;indie rock;krautrock;leftfield;lo-fi;music hall;pop;punk;rock;shoegaze;synth-pop
3i9gUpwdYrtxfLPuqFlCTt,a9a25994-4343-44bf-9212-ef91f8588b41,GBAYE9900142,1999,GB,Food,Group,,GB,1990,,acoustic rock;art rock;ballad;brit pop;britpop;dub;electronic;house;indie;indie rock;krautrock;leftfield;lo-fi;music hall;pop;punk;rock;shoegaze;synth-pop
5hQ0QRAtWe88YNYs2qE8ws,113b4af7-3163-43a4-993e-46987fc9f730,GBAYE1200839;GBAYE9900137,1999,GB,Food,Group,,GB,1990,,acoustic rock;art rock;ballad;brit pop;britpop;dub;electronic;house;indie;indie rock;krautrock;leftfield;lo-fi;music hall;pop;punk;rock;shoegaze;synth-pop
475xbsL4iDOtxLbeenheiw,38aa1a6b-fda1-4927-946b-7beb5d33e00a,GBAYE9900139,1999,GB,Food,Group,,GB,1990,,acoustic rock;alternative rock;art rock;ballad;brit pop;britpop;dub;electronic;house;indie rock;krautrock;leftfield;lo-fi;music hall;pop;punk;rock;shoegaze;synth-pop
1F8W2j3Z6P3oTY6nCdIz2T,d4a87b07-0b02-4017-ba40-b12eb9d6cf66,GBAYE9900141,1999,GB,Food,Group,,GB,1990,,acoustic rock;art rock;ballad;brit pop;britpop;dub;electronic;house;indie;indie rock;krautrock;leftfield;lo-fi;music hall;pop;punk;rock;shoegaze;synth-pop
2XZWpgwCr9GFZUI6QgPBl8,8b331ee8-d397-455e-8170-21482eff5bd4,GBAYE9802187,1999,GB,Food,Group,,GB,1990,,acoustic rock;art rock;ballad;brit pop;britpop;dub;electronic;house;indie;indie rock;krautrock;leftfield;lo-fi;music hall;pop;punk;rock;shoegaze;synth-pop
05SEo3GMZSrYo8nQC28B0m,3aa16075-9ee7-48ff-9ccc-a68ef117bcfa,GBAYE9900147,1999,GB,Food,Group,,GB,1990,,acoustic rock;alternative rock;art rock;ballad;brit pop;britpop;dub;electronic;house;indie rock;instrumental;krautrock;leftfield;lo-fi;music hall;pop;punk;rock;shoegaze;synth-pop
4JMEhtQ4qQ5mwN7eTLpDpG,ba78a331-0811-402e-aa50-e54a886c9bff,GBAYE0902222,2009-11-23,GB,Parlophone;Live Here Now,Group,,GB,1990,,
77KMgpRSXE5FJbkYuBieW0,15dd3516-db3f-43e2-a80e-4acc634276c2,GBAYE0202066,2003,GB,Virgin,Group,,GB,1990,,alternative rock;art rock;atmospheric;britpop;calm;deadpan;indie pop;indie rock;love;melancholic;mellow;rock
7KSw7ZPQSq7tNk6EySdMWU,14a4de79-239f-486b-ad19-c188d9465ad1,GBAYE0202071,2003,US,Parlophone,Group,,GB,1990,,alternative and punk;alternative rock;britpop;electronic;indie;indie rock;rock
3KJYy0umCizgspnm4zpqJL,d7b2a90b-97b7-4ad4-8d8f-4e222ef1c718,,2003,US,Promo Only,Group,,GB,1990,,
0DICm5ML6Kee7kAiwFGjbd,20e55ff4-c71b-4581-8343-c5bc00a59183,GBAYE0202063;GBAYE1201020,2003,US,Parlophone,Group,,GB,1990,,alternative and punk;alternative rock;indie rock;rock
4pfb8KDtoJwADf0t1wUaMS,e0072f20-c093-4ca3-92a0-9d678c534c2c,GBAYE0202069,2003,US,Parlophone,Group,,GB,1990,,alternative and punk;alternative rock;britpop;electronic;indie;indie rock;rock
5asCS4zjfEWbF39rJWYyY3,ce0faf1d-f2a0-4709-ae35-58b9444360a2,GBAYE0202067,2003,US,Parlophone,Group,,GB,1990,,acoustic rock;alternative and punk;alternative rock;art rock;ballad;britpop;dub;electronic;house;indie;indie rock;krautrock;leftfield;lo-fi;music hall;pop;punk;rock;shoegaze;synth-pop
5tVAtnw2FyyBZBzjOX4e6n,eb22ec2a-61e6-4083-99c4-d26f446f1748,GBAYE0202068;GBAYE1201025,2003,US,Parlophone,Group,,GB,1990,,alternative and punk;alternative rock;britpop;electronic;indie;indie rock;rock;synth-pop
2u9w6xVWqLCSPjAMfWOo9w,06beef2a-0bc3-4559-ab6d-e42cb45a7662,GBAYE0202072,2003,US,Parlophone,Group,,GB,1990,,alternative and punk;britpop;electronic;indie;indie rock;rock
08xT4sXJotusp2N09mwDt6,84d97b36-263b-4ad3-952f-5c9eb575cbf2,,2003-04,US,Virgin,Group,,GB,1990,,
6clcYIlfNXv5iP8dyP5duU,b8bce621-e742-4116-a7eb-a61a0695f16c,,,,,Group,,GB,1990,,
2LSRlxwvio31ghLMRhMNqk,0268fd42-ade0-4369-b3f6-5ab13e6ab3d9,GBAYE1200338,2003-05-06,,,Group,,GB,1990,,
5YRCBLowNEiuEEeJtZeBpg,35dff0bc-93ea-45a1-8ec5-da13693792e7,GBAYE0202073;GBAYE1201031,2003,US,Parlophone,Group,,GB,1990,,alternative and punk;alternative rock;britpop;electronic;indie;indie rock;rock
61JDaStnXY3vbaEjliB5WA,7b4285a2-13cc-4ae0-bbcd-83bd5ca3b2b1,GBAYE1500264,2015-04-24,XW,Parlophone,Group,,GB,1990,,alternative rock;dub;indie pop;indie rock;love;rock;soft rock;yacht rock
2BSDAVUzzQP7wpvcDybmsP,66583872-57e6-4067-9575-1225b5f9f7f2,GBAYE1500256,2015-04-24,XW,Parlophone,Group,,GB,1990,,alternative rock;baggy;britpop;indie rock;rock
5Z5noK2zThdqltHpmTyxSH,7d791c17-a8fa-4ba2-8f40-bbe6e271b6ec,GBAYE1500262,2015-04-24,XW,Parlophone,Group,,GB,1990,,alternative rock;indie pop;indie rock;indietronica
0lWu1wRAegvbC6Wb0jYKfA,4d27c227-7a3f-4192-ae9f-15bbbdc95479,GBAYE1500266,2015-04-24,XW,Parlophone,Group,,GB,1990,,alternative rock;britpop;indie rock;pop rock;rock
3nFmJyWPkhZuweqj1WkTCm,35e6aaf6-13ed-4733-971a-01d220515762,GBAYE1500259,2015-04-24,XW,Parlophone,Group,,GB,1990,,alternative rock;art rock;britpop;indie;indie rock;rock
5b8FvZT5IGWi2ilQZxXkZR,9842ed6b-313d-4358-b225-896aab17928e,GBAYE1500258,2015-02-15,,Parlophone,Group,,GB,1990,,alternative rock;art rock;indie rock;noise pop;playful;post-punk;rock
44PQEofvkk0Ul7M6ZDsOGS,c962d1fb-1905-4191-80cb-5ef01128ef89,GBAYE1500263,2015-04-24,XW,Parlophone,Group,,GB,1990,,alternative rock;art rock;indie rock;philosophical;rock
1YXGC7MQQCuPcyAfnSbK2p,16b6ad5d-9527-45d3-bbfd-3594ace1c598,GBAYE1500260,2015-04-24,XW,Parlophone,Group,,GB,1990,,alternative rock;art rock;indie rock;rock
0VNLvVaS0Njds7K6kD1iss,6081a235-2ee3-4be9-9fb2-be9dc53ed990,GBAYE1500257,2015-04-24,XW,Parlophone,Group,,GB,1990,,alternative rock;art rock;indie rock;rock
3ALyID6n3ZmzxchhiYA4o2,38ba3474-d920-4588-9083-86e30ae606a6,GBAYE1500261,2015-04-24,XW,Parlophone,Group,,GB,1990,,alternative rock;britpop;indie rock;indietronica;playful;rock
1IJvO4FVyfi7SenbjCwJ26,a516f349-1ec2-4ca0-af98-5194960bee2d,GBAYE1500265,2015-04-24,XW,Parlophone,Group,,GB,1990,,alternative rock;art rock;britpop;indie rock;rock
0pvCNOtn1OEQjHYwo0d7PY,5a78089c-4661-4d4d-982e-be0236781dfc,GBAYE1500267,2015-04-24,XW,Parlophone,Group,,GB,1990,,alternative rock;art rock;britpop;chillout;indie rock;rock
2TNyNqT3RBXhtNV7OiAgiC,fe11fd9c-935f-4189-9912-aeeb7072d37d,GBAYE2300565,2023-05-18,AF,Parlophone,Group,,GB,1990,,alternative rock;indie pop;jangle pop
71o2pLB6Xu62uVjqpwmiS9,78ac8541-fcf3-411c-b12d-7a63a632c160,GBAYE2300567;GBAYE2300868,2023-07-21,XW,Parlophone,Group,,GB,1990,,
7l6hvTRyX52kg6q4zNIfQA,487e0797-6c21-4211-a2fc-a64125cb384a,GBAYE2300570;GBAYE2300866,2023-07-21,XW,Parlophone,Group,,GB,1990,,
7lo2Wos97Xq6DFHURcsxeQ,aac152b1-4b67-4f46-aacb-156103de4df5,,,,,Group,,GB,1990,,
4PYSl6WeEhlTyHrkQhclTW,49ddef7b-15bf-4acf-83d5-e2e7c2dd41a4,,2023-07-21,XW,Parlophone,Group,,GB,1990,,
5TztAWoMbNwmAxMR7sNpjD,da225795-89dc-42d2-829c-192d14e9d035,,2023-07-21,XW,Parlophone,Group,,GB,1990,,
6KYmSvD6J9Ls70sJmD65QE,efcd7879-c80e-457d-a5e1-0998dc2a3d24,,2023-07-21,XW,Parlophone,Group,,GB,1990,,
7HInMIq6FYsAlslUFSgwWm,c8c5e254-0c86-414a-b5f4-0afd02521fba,,2023-07-21,XW,Parlophone,Group,,GB,1990,,
1SLBInoLmaz00IetfC0Mr6,a48b50b5-9798-497b-9041-255c28780cfa,GBAYE2300574;GBAYE2300874,2023-07-21,XW,Parlophone,Group,,GB,1990,,
04dv9cmB2ZaAC5EgewTKek,7fc0335c-3c15-4ff0-a536-ea13eadbfee8,GBAYE2300573;GBAYE2300873,2023-07-21,XW,Parlophone,Group,,GB,1990,,
3Lq6WHEpR75S8cKPIQlZfy,501c37c0-edbd-4c53-823a-80ebcdf58207,GBGFB0600098,2007,XE,V2,Person,Male,GB,1967-09-29,,britpop;dr8;indie;indie rock;pop;rock
7DmS1KHgiwfNYtM9hNZZne,38d7068a-36b7-4c37-93c1-dc98ba3bb5fa,,2007-05-09,GB,,Person,Male,GB,1967-09-29,,britpop;indie;indie rock;rock
3uNKqtmj8gN0Ne7gmewo1G,e9403fd3-fda4-4d2a-926e-0b982064c6c5,GBGFB0600101,2007,XE,V2,Person,Male,GB,1967-09-29,,alternative rock;britpop;dr7;pop;pop rock;rock
2HIVDRQ313uEQco6CT8s4k,6022d2ee-4e97-4987-aa9b-2d4d7c27bc13,GBGFB0600100,2007,XE,V2,Person,Male,GB,1967-09-29,,alternative rock;dr8;pop;pop rock;rock
72cVUdQK5lwskOaMWtT20U,d49c2ce2-2bd6-4afd-aede-608777b1b74c,GBGFB0600102,2007,XE,V2,Person,Male,GB,1967-09-29,,alternative rock;britpop;dr8;indie;pop;pop rock;rock
4jGKxXrA5BkwiBcucIr4xN,884143d6-a13f-4678-b1a8-f378109c7575,GBGFB0600103,2007,RU,Arnold & Gregor Records,Person,Male,GB,1967-09-29,,alternative rock;britpop;dr6;pop;pop rock;rock
4GqmyZM6CeM2Dka03jLSGH,c5fa18cd-2b99-49be-a9ab-7f432366d5d3,GBGFB0600104,2007,XE,V2,Person,Male,GB,1967-09-29,,alternative rock;dr7;pop;pop rock;rock
2RyIQDX9VGzdAFTXNQ9Qr3,7dc062fc-3dba-40c2-90b4-7219230a769d,GBGFB0600105,2007,XE,V2,Person,Male,GB,1967-09-29,,alternative rock;britpop;dr9;pop;pop rock;rock
7MLuQb4fgeTSHgXHkTksSe,f6b3544f-ddab-4444-b492-96dbec80c537,GBGFB0600106,2007,XE,V2,Person,Male,GB,1967-09-29,,alternative rock;britpop;dr8;pop;pop rock;rock
7xsArOEV2jidiYD1k2ox4L,57d10fd0-59fa-47c3-a23d-5c59178b6aba,GBGFB0600107,2007,XE,V2,Person,Male,GB,1967-09-29,,alternative rock;dr10;pop;pop rock;rock
5EdEqrinGB4eeYrxExyRbA,bcc68ee1-b5d2-48f3-9543-ef3b61ed2d52,GBGFB0600108,2007,XE,V2,Person,Male,GB,1967-09-29,,alternative rock;dr9;pop;pop rock;rock
2DPiTxkAJppAZ32M3jm6CZ,87f7d9f1-07d8-47e3-9842-1c720d0351e5,,,,,Person,Male,GB,1967-09-29,,acoustic rock;indie rock;pop;rock
07xVqunq3tVHDNBXQ0wli2,b87b4621-f0d1-4100-8f29-86dfc4bccb02,GBVYZ0800004,2008,RU,edel,Person,Male,GB,1967-09-29,,acoustic rock;dr8;indie rock;pop;rock;singer-songwriter
2E7IycyRrjsbeINkNrH33O,df93446a-1c16-4b78-a83e-c3d0e0e56150,GBVYZ0800001,2008,RU,edel,Person,Male,GB,1967-09-29,,acoustic rock;dr8;indie rock;pop;rock;singer-songwriter
5x4TWKp8YVTKM72UBIDJnF,fc115b76-45e5-4d56-b32e-78bfd943e976,GBVYZ0800003,2008,RU,edel,Person,Male,GB,1967-09-29,,acoustic rock;dr8;indie rock;pop;rock
18VHIH9tBsTNZvoaicJ4a1,adbf07c5-2794-4d31-9036-ad653ced3072,GBVYZ0800002,2008,RU,edel,Person,Male,GB,1967-09-29,,acoustic rock;dr8;indie rock;pop;rock
1Ofrsqu7nKEsdMgm9ibRIM,2f53e6d0-f243-405e-9b24-2756a35ed95d,,2008,RU,edel,Person,Male,GB,1967-09-29,,acoustic rock;indie rock;pop;rock;singer-songwriter
3fWf0ZwGdwZasb2nurYNiM,5a13605e-4103-4bee-9ee3-2eefbd99e4f5,GBVYZ0800008,2008,RU,edel,Person,Male,GB,1967-09-29,,acoustic rock;dr8;indie rock;pop;rock
2P5aSPOY0SVfc4JdIBgjrj,abb4ee81-2a8d-4a73-bf7e-4578bfef3197,GBVYZ0800010,2008,RU,edel,Person,Male,GB,1967-09-29,,acoustic rock;dr8;indie rock;pop;rock
0Oxw7fEW2MbNYdwungtPot,d18cfc93-69d3-4769-8fff-25c6b427ea7f,GBVYZ0800005,2008,RU,edel,Person,Male,GB,1967-09-29,,acoustic rock;dr7;indie rock;pop;rock;singer-songwriter
2flR5syfEnwyo97JyXzKeM,2e572a1f-b851-46c2-8739-c1cd0849c19e,GBVYZ1100025,2011-09-26,GB,BA Songs;EMI Label Services,Person,Male,GB,1967-09-29,,dr7
7JrLQVdwe71fNwMWJyXRxH,eb26cace-5b9e-4c4a-aa6c-c63012d0e065,GBVYZ1100024,2011-09-26,GB,BA Songs;EMI Label Services,Person,Male,GB,1967-09-29,,dr7
48iU4mKAYPUR6PSeRptRv1,10a563bc-921d-4387-8e80-042feb8bbc18,,2010-02-01,DE,Concert Online,Person,Male,GB,1967-09-29,,
1azkX4el8p11IXkcEw0Ue5,9945fe39-4bf2-40fc-b649-9a16727b2e61,GBVYZ0900011,2009-10-30,JP,BA Songs,Person,Male,GB,1967-09-29,,alternative rock;indie;pop;rock
6Zr2wu7byRqufgg6PuZ3w6,20486714-2763-458e-bd2f-f6dd147619f7,GBVYZ1100029,2011-09-26,GB,BA Songs;EMI Label Services,Person,Male,GB,1967-09-29,,dr7
1MISf2ESzNXeGlzbzP5KK9,0723f20a-0673-443c-9e4c-6425cef9ddf4,,2010-02-01,DE,Concert Online,Person,Male,GB,1967-09-29,,
55WSw3PhmFBDfxfqGSGZdp,8e0b4952-ee29-426d-908c-8436ad06da04,,2009-10-30,JP,BA Songs,Person,Male,GB,1967-09-29,,
1s0W7OJzHwT0TeCkGLQAp1,707e21fd-300a-4bfa-9a55-69a850d6e5c1,GBVYZ0900022,2009-10-30,JP,BA Songs,Person,Male,GB,1967-09-29,,alternative rock;indie;pop;rock
1rw31N23d1zJVbAxMcuOrn,ecba56d8-7db9-4fbe-a32a-4a308ed08cdf,GBVYZ0900017,2009-10-30,JP,BA Songs,Person,Male,GB,1967-09-29,,alternative rock;pop;rock
21Js7oyQzA1g6qtmX6mgjr,6188065f-30b2-461c-ab3a-bf979e1e401e,GBVYZ0900021,2009-10-30,JP,BA Songs,Person,Male,GB,1967-09-29,,alternative rock;pop;rock
0YHUbK79EHryICQM3G6HoQ,932692ce-4094-46bb-a5e1-9493385f4738,GBVYZ0900023,2009-10-30,JP,BA Songs,Person,Male,GB,1967-09-29,,alternative rock;pop;rock
70Xo36IUBG2YFco9z2sN8v,fdc01fc2-64e3-411d-bbec-7cd0553f2793,,2009-11-18,JP,Imperial Records International;BA Songs;earMUSIC,Person,Male,GB,1967-09-29,,alternative rock;indie;pop;rock
6uNu8jWcAQXt063CyMp3Ti,b06bd368-8d63-40b5-9e87-28bb212f1bc3,GBVYZ0900015,2009-10-30,JP,BA Songs,Person,Male,GB,1967-09-29,,alternative rock;indie;pop;rock
7MvRoVsdUCuhSp619i9LxI,5147a7a6-484b-42e8-8e18-5ac488606260,GBVYZ0900016,2009-10-30,JP,BA Songs,Person,Male,GB,1967-09-29,,alternative rock;pop;rock
7MGqm1Hgub3T8k1ihshEXL,ca9e23c4-7782-417c-9c95-0616c6eaa1c3,GBVYZ0900018,2009-10-30,JP,BA Songs,Person,Male,GB,1967-09-29,,alternative rock;chillout;pop;rock
4gK1qj2utSILqevLEzrTB3,e684c72a-9c73-42aa-ac5f-2c28f3532d08,GBVYZ1100026,2011,,,Person,Male,GB,1967-09-29,,dr6
4WpDllnn0mntvvAMoLwb7G,a8a8dfbd-150d-4ec9-a17e-7821b7ba0462,GBVYZ1100027,2011-09-26,GB,BA Songs;EMI Label Services,Person,Male,GB,1967-09-29,,dr8
66XZFAOB4g4Yb5wZU8nZ0k,9c99ef46-c8a7-4064-ba68-7968b83a92e2,GBVYZ1100028,2011-09-26,GB,BA Songs;EMI Label Services,Person,Male,GB,1967-09-29,,dr7
0MzcAULqMe7OzB45d3cE8B,0fa0a3fc-5943-4f99-9e07-42517954b7c0,GBVYZ1100030,2011-09-26,GB,BA Songs;EMI Label Services,Person,Male,GB,1967-09-29,,dr7
0mZGYOGka9hCktQtRxXAWz,2b45753a-9f95-4ec0-a452-c73d996f46e6,GBVYZ1100031,2011-09-26,GB,BA Songs;EMI Label Services,Person,Male,GB,1967-09-29,,dr8
3mnHHweh6OPR1M187RQhSf,506985c9-da26-4af1-a61d-9639ad3ad89c,GBVYZ1100032,2011-09-26,GB,BA Songs;EMI Label Services,Person,Male,GB,1967-09-29,,dr8
6bUX8RhdUG8i9HHZQMioR8,99edfc24-a4e5-4515-b870-fa2e1ce62f70,GBVYZ1100033,2011-09-26,GB,BA Songs;EMI Label Services,Person,Male,GB,1967-09-29,,dr8
0pab5P1Vod5G3Oex6Dh1El,f05df8c7-6ee7-4324-808c-c75cab714834,,2002,XE,EMI;Honest Jon’s Records,Person,Male,ML,1955,,african
4XEQqy7GlKVKKoC34yE0RU,767abab8-f42d-4a00-a52a-0f4403f7a581,,2002,XE,EMI;Honest Jon’s Records,Person,Male,ML,1955,,african
0KyoJbvoG6aChFiDHJdPwt,ea04ef73-a041-4848-b57c-08adc35fec3c,GBAYE0102299,2002,XE,EMI;Honest Jon’s Records,Person,Male,ML,1955,,african;rock
1qYHEHNKjhQWn8rYA9M51Z,0bdbe16b-af9f-47d2-a5c9-0e4774a10836,,2002,XE,EMI;Honest Jon’s Records,Person,Male,ML,1955,,african;blues
6jbc7r2zlPDn9wFchfcDmV,f0393dd4-e564-478b-8f3f-e74e882d778a,,2002,XE,EMI;Honest Jon’s Records,Person,Male,ML,1955,,african
68YutBG5OdYSkrc6L5nVrA,250ddca7-0724-43f6-9d7a-6247182c55e6,,2002,XE,EMI;Honest Jon’s Records,Person,Male,ML,1955,,african
26vsIw1eCsU4aGLZOZb4Qv,49e30c66-3d1e-41af-b3cb-85ff4fe62469,,2002,XE,EMI;Honest Jon’s Records,Person,Male,ML,1955,,african
4B0BPnMKrSXaqIIXlR5nHn,e664ab07-8b65-40c0-8e80-fa0a38914497,,2002,NL,Stichting Collectieve Promotie Geluidsdragers,Person,Male,ML,1955,,african
7vvqz7o4uZEAz5oV0Jxo6l,19ac50c2-aeca-4559-8efa-99ca31d51095,GBAYE0102298,2002,US,Honest Jon’s Records;Astralwerks,Person,Male,ML,1955,,african
6SR69waFd4pU2oSJ2xrYvZ,,,,,,,,,,,
2roPBwMJJLTQlPP4314Mfg,637c985e-379a-4d51-8935-55e44f9d2ce0,,2002,XE,EMI;Honest Jon’s Records,Person,Male,ML,1955,,african
13FZWbcSwfFVUxgIIBWyC1,8e8d0748-137c-4090-93a9-8fbf1f982515,,2002,XE,EMI;Honest Jon’s Records,Person,Male,ML,1955,,african
2qWnIKCZCgPSl4ysBIUSbg,6a9dcdd6-c01e-4fca-ae3a-de03ccbebba1,,2002,XE,EMI;Honest Jon’s Records,Person,Male,ML,1955,,african
35i4vu0WyG0oq73QVT7xJl,31761ce9-2357-4440-a0c4-edec491b729a,,2002,XE,EMI;Honest Jon’s Records,Person,Male,ML,1955,,african
1wvIbBFuunhh0ho1e7o0mn,fa8eedfd-975f-42e3-a438-973d5eacb6a8,,2002,XE,EMI;Honest Jon’s Records,Person,Male,ML,1955,,african
6j1eq9RFweno8xfGRi9GUf,,,,,,,,,,,
6hn5tLZaF69knJq3JqWBX0,,,,,,,,,,,
6txZb4vBRgmQdePx9olXX8,,,,,,,,,,,
0JJolcxh3vNm7B3xxscsat,,,,,,,,,,,
13nOO4MSxvsq00sB8QZhkB,,,,,,,,,,,
5i29TvEkHgoSX6JMruUmu0,e46f9f55-02ee-4ad9-b962-b2a4f8fc7160,,2012,US,Virgin,Person,Male,GB,1968-03-23,,classical;folk rock;indie rock;opera;pop;pop rock;progressive rock;rock;soundtrack
6zHjXMpgNT6xR3nAQzYRB1,71eacb7c-fc90-4cc3-9b69-40e95e82f2b2,GBWTK0800013,2008,GB,XL Recordings,Group,,,,,alternative rock;electronic;indie;modern classical;musical;rock;soundtrack;synth-pop
0ZYxcqsnSAxgeXMOo9Qpmm,3a7cfa2c-6491-460c-9e4c-0a003afbb7bc,,2000-03-13,GB,Icon Recordings,Person,Male,GB,1968-03-23,,
3VfbbBRtjIjrDyElXWJzI8,21e63ad3-1a8b-4f49-b77a-5733b49ab572,GBWTK0800015,2008,,,Group,,,,,alternative hip hop;alternative rock;club;dance;electronic;electronica fusion;hip hop;instrumental;modern classical;musical;rock;trip hop
1r6XDA3gPzsfVj55b4XlmC,e6f88d93-1923-405e-89c8-3472db1bb9a5,,2003-12-08,GB,Honest Jon’s Records,Person,Male,GB,1968-03-23,,indie;lo-fi;rock
5HKz1kgJtme1VBJ7Vnbclh,5d7396ba-366c-41c8-9c6f-a1e93fd95481,,2004,US,Synewave,Person,Male,US,,,
37FRV39L8mFihOvDeN4Uik,ec87a578-e397-4874-b7c2-4c62a987fafd,,2012,US,Virgin,Person,Male,GB,1968-03-23,,classical;folk rock;indie rock;musical;opera;pop;pop rock;progressive rock;rock;soundtrack
6SD09CgdK54xcOuiBuT2kD,,,,,,,,,,,
1AJORa7g2FMUgzRlMBxGT2,9ed7bde6-705a-4f20-a18c-6078ebd7d8a9,,2012,US,Virgin,Person,Male,GB,1968-03-23,,classical;folk rock;indie rock;opera;pop;pop rock;progressive rock;rock;soundtrack
2mTaIdJsL31nlCpAxOPDj9,,,,,,,,,,,
1V0XEskoOiJDj4U7JzxtSM,52417b86-4dd5-4eff-8c19-bc1fcbf808cb,,2003-12-08,GB,Honest Jon’s Records,Person,Male,GB,1968-03-23,,indie;lo-fi;rock
3NnFA8wY7DzjmEp4h2C6OA,db2b4f08-a066-4a78-92e9-fcfdcdebc202,,2003-12-08,GB,Honest Jon’s Records,Person,Male,GB,1968-03-23,,lo-fi;rock
6Y8ZoQqEiUwe3dkAQ5ktE5,,,,,,,,,,,
7fkJrGZFZ1kThz2kv4ibh5,a24fdc47-be2e-4e02-9848-51aae8c7c3c2,GBWTK0800028,2008,,,Group,,,,,chillout;club;dance;electronic;electronica fusion;house;modern classical;musical;rock;trip hop
4hszF784jEq3JTz2ktVpJS,,,,,,,,,,,
4scnJTEoFcdfbA6naAqHD4,0e7baabd-0e62-4269-9266-356194fa4ce9,GBWTK0800030,2008,,,Group,,,,,alternative rock;club;dance;electronic;electronica fusion;house;modern classical;musical;rock;soundtrack;trip hop
3fSMioFONEyNQZwr20uJZF,36aa83e7-f168-4e8c-a6c4-7aee03ed7dfa,,2012,US,Virgin,Person,Male,GB,1968-03-23,,classical;folk rock;indie rock;opera;pop;pop rock;progressive rock;rock;soundtrack
5oLOgSExVFBBzYTXVblcwu,6d809306-053a-4948-aa12-4f33b9f7dce5,GBAYE1301608,2014,FR,France Inter,Person,Male,GB,1968-03-23,,folk;indie;indie rock;rock
5lEIBqvpZEGhjMg8rdVKeg,08909ee9-1a3e-46aa-a30a-f728806ed98d,GBAYE1301603,2014-04-22,AL,Parlophone,Person,Male,GB,1968-03-23,,indie;indie rock;rock
2dLL8ikM6GXMhKX39c12zN,aa817597-58c0-4ee1-a1d2-830aee583e36,,2014-02-12,FR,Les Inrockuptibles,Person,Male,GB,1968-03-23,,
6lv4dGJ47PpsLGqVwG4Vp9,aaf1f9ea-cd47-450c-9c79-6e76fedb1d84,GBAYE1301612,2014-04-22,AL,Parlophone,Person,Male,GB,1968-03-23,,alternative rock;electronic;indie;indie rock;rock;trip hop
06cCNvDC89aT8m6J5VCmpv,8ce61f59-cc5b-401c-b63d-42ba57f41aa0,GBAYE1301605,2014-04-22,AL,Parlophone,Person,Male,GB,1968-03-23,,indie;indie rock;rock
7yg0uyelbPeGYeVxjRqjPx,0a998a64-c93a-49b7-9914-f0cf6cbaf472,GBAYE1301602,2014-04-22,AL,Parlophone,Person,Male,GB,1968-03-23,,electronic;indie;indie rock;rock;trip hop
0jm7k3F3OqF2ele4r8UN3l,bfe0ac9c-cded-40c0-adcb-9c153a848a58,GBAYE1301610,2014-04-22,AL,Parlophone,Person,Male,GB,1968-03-23,,electronic;indie;indie rock;rock;trip hop
2aRIH8e5e4Lx0hsCU86J3w,82e3ac36-b37d-414a-ae22-9e903ea6728e,GBAYE1301607,2014-04-22,AL,Parlophone,Person,Male,GB,1968-03-23,,indie;indie rock;rock
3YKzOayX42YJwpaVlpG5H0,84053867-a9a0-4c68-96b8-8ec63279c901,GBAYE1301604,2014-04-22,AL,Parlophone,Person,Male,GB,1968-03-23,,electronic;indie;indie rock;rock;trip hop
5D8WkUTnyX3QuExy9oJlbI,99c9d546-6c20-4814-8db5-e77ae3533a76,GBAYE1301609,2014-04-22,AL,Parlophone,Person,Male,GB,1968-03-23,,indie;indie rock;instrumental;rock
3VGcm8ZgGOWxdzu4fwCoKA,3d465e1d-6060-4e66-bbaf-e3e51fb932c4,GBAYE1301611,2014-04-22,AL,Parlophone,Person,Male,GB,1968-03-23,,alternative rock;folk;indie;indie rock;rock
0NFlpF08bWMko96LlUVTKH,0ca00842-5018-4afc-9cec-0e0d698963c1,GBAYE1301606,2014-04-22,AL,Parlophone,Person,Male,GB,1968-03-23,,indie;indie rock;instrumental;rock
3YcLuHLXrvJbGNzNlcqWaz,8acff897-1049-4ff5-8e1f-eb183424322e,GBKZV2100079,2021-11-12,XW,Transgressive Records,Person,Male,GB,1968-03-23,,
4P8ec5yOtF2INU3qaWIO6E,a23315a6-7754-4025-9f12-0a28d0cf05df,GBKZV2100077,2021-06-22,XW,Transgressive Records,Person,Male,GB,1968-03-23,,
3RZZ0VfccraPOwMbLrTpv4,d7e786e5-e0de-415c-a17f-cae9373b0a8d,GBKZV2100086,2021-11-12,XW,Transgressive Records,Person,Male,GB,1968-03-23,,
2rzhTTrPFoKX1MjxzW2dI2,5e3e76e8-158e-4eb1-80b8-69f2f203e2f6,GBKZV2100082,2021-11-12,XW,Transgressive Records,Person,Male,GB,1968-03-23,,
0Vu6WUisw1MwcZUVKIrn5l,98c0f7b3-0d12-47ad-a706-5956fc6454be,GBKZV2100084,2021-10-14,XW,Transgressive Records,Person,Male,GB,1968-03-23,,
3nfItYZl5QhfquxCe0RKSE,69dfdd6e-c527-4714-afd6-e8cdabac4bd6,GBKZV2100078,2021-11-12,XW,Transgressive Records,Person,Male,GB,1968-03-23,,
3MQbNVAj9u435fo4IbJ0yg,bc8f101b-ddd3-4692-b167-91fa2288c445,GBKZV2100081,2021-11-12,XW,Transgressive Records,Person,Male,GB,1968-03-23,,
72hwJaFXw1ZiyeZ6326fdc,5eb017a4-59f1-435e-a4b1-431d4a68d33a,GBKZV2100087,2021-11-12,XW,Transgressive Records,Person,Male,GB,1968-03-23,,
4od6yztrJvUwjj5nyECvAV,9d6f3f5e-c283-4024-9f2f-3b281101163e,GBKZV2100085,2021-11-12,XW,Transgressive Records,Person,Male,GB,1968-03-23,,
6KKSoR0u04ZwkDTCOHgNkv,38a7ccea-41bf-4fa8-ab2b-6fba2d386ca3,GBKZV2100080,2021-11-12,XW,Transgressive Records,Person,Male,GB,1968-03-23,,
4MHrILihLa88DohNZxzzhu,eb4d3a19-06f5-42e3-88d2-0559fbf2a088,GBKZV2100083,2021-11-12,XW,Transgressive Records,Person,Male,GB,1968-03-23,,
5gUg0GoCb5WqgscZS0XmwK,d14f8a2d-8d25-43d6-a59b-2f4b78f81663,GBBBM9400053;USBMG0700655,1994,BR,BMG Brasil Ltda.,Group,,GB,1992,,alternative rock;britpop;indie;movie soundtrack;rock;soundtrack
6KOv62kTB2AhsGBHFi8FYK,f649c73f-95c9-4de4-b53b-66f3ffed83ac,GBBBM9400047,1994,XE,Rhythm King,Group,,GB,1992,,
3NK0009gcxiXbqUSxfAdZJ,a6f8d530-5009-40f6-970d-9b113a15b7f7,GBBBM9400050,1994,DE,Sony Music,Group,,GB,1992,,
2ddIOtmt0gqEFIUQ874dD2,eccd2eef-61b3-48c5-9a63-1ff20e0f2d09,GBBBM9400049,1994,XE,Rhythm King,Group,,GB,1992,,
298OxUS2mZHOEM7EFwvl3P,b958790a-33dc-4615-93ec-a343571c1b2b,,1994-05,GB,Select,Group,,GB,1992,,
7vRgLsBWeS3VjswhXAZ40E,6f832433-fa12-4afd-8cb4-8eb2620d59a7,GBBBM9400054,1994,XE,Rhythm King,Group,,GB,1992,,
3XPygKZBH3cgeDr2AMJpzt,4297b651-fe27-42ad-a024-0142b6d98f13,GBBBM9400051,1994,XE,Rhythm King,Group,,GB,1992,,
3gGWHimAQgXzBn8ovkwjNR,1a3198a8-8ed8-4469-ab2f-816597b4e063,GBBBM9400057,1994,XE,Rhythm King,Group,,GB,1992,,
7rcsNxrcMZ1zEuplHFSmsM,7618357b-fc22-49a9-ba16-d4a71c316d93,GBBBM9400052,1994,XE,Rhythm King,Group,,GB,1992,,
4JLvN6OAW8UIzQmmdZdxDL,b8ed47cf-b6bc-44c4-a35e-19ebe8b06429,GBBBM9400056,1994,XE,Rhythm King,Group,,GB,1992,,
4x2nl5zrAbHw9yIVFZ6Dhu,beabddaf-3cc8-4b21-85c1-fb5e32a8f337,,1994-10-24,GB,Fauve;Rhythm King,Group,,GB,1992,,britpop;indie rock;rock
5xvVqECUVNTBGbnPEzqn3I,2c9d7bae-ec2a-43ad-a188-8c0a3f9f37a2,GBBBM9500040,1995,XE,Columbia;Fauve,Group,,GB,1992,,britpop;indie;indie rock;rock
1snTgWAiu5d20Rbke7aq9H,bbc0fbac-4280-4212-8f12-ab9997d6284d,,2001,XE,Time–Life Music,Group,,GB,1992,,
2q7CtN4Oif2NDfjPp4inob,f0ea4b53-a105-496d-a903-fcc7db79ed26,USSM19502782,1995,GB,Fauve;Rhythm King,Group,,GB,1992,,indie rock;punk;rock
2OzuW2fei05z0qW4AZ9GpT,5e619bb2-f388-492d-8c1b-e5b291004458,,1995,JP,Epic Records,Group,,GB,1992,,britpop;indie;indie rock;punk;rock
5n3vTMmC8z551iyqwbyb4K,9b257f46-5b0e-46ab-9493-332f393c3abb,,1995,JP,Epic Records,Group,,GB,1992,,alternative rock;indie;indie rock;punk;rock
3uj3aMlXoBjttE94ImSxnl,45257339-7b3f-450d-9a1d-b7e4be9e25fd,,2014-07-21,GB,3 loop music,Group,,GB,1992,,
1JJYEcLTpySRGUdNXAM7hA,14d217fb-a59c-4c90-9959-4587d60b8958,,1995,JP,Epic Records,Group,,GB,1992,,alternative rock;indie rock;punk;rock
6p2c6s4A7TZm9AkZscFaY1,f3e8093d-4239-47ce-b098-9f864932d298,,1995,JP,Epic Records,Group,,GB,1992,,alternative rock;indie rock;punk;rock
1H5BKlyviG7Se7YpJLxzDz,e96b2641-f46f-460b-acfe-24812751b364,,1995,JP,Epic Records,Group,,GB,1992,,alternative rock;indie rock;punk;rock
0eNaw3QMJHoA2fxcXfyfxX,b89c2d0e-5601-4bcc-a4c9-0bb899d82faf,,1995,JP,Epic Records,Group,,GB,1992,,britpop;indie;indie rock;punk;rock
2fLhtJMl9GG5sUrc1H5hlk,702aa4d4-6057-4cdf-b722-2e13bd0ef790,,1995,JP,Epic Records,Group,,GB,1992,,britpop;indie;indie rock;punk;rock
3Ghhzy6viozjEvwhwPIcNK,21c8dd30-93f1-4874-a5f3-a752a9b1ca63,,1995,JP,Epic Records,Group,,GB,1992,,alternative rock;indie;indie rock;punk;rock
63nPydeoBL0HdThnxAQpYu,8a709a9d-5b03-4ffb-bc83-67ddfbaaa480,GBBBM9701266,1997,US,Epic,Group,,GB,1992,,britpop;indie rock;rock
1f9QVhodbazKNQUahI0uyK,fd4d1b12-23e3-4c56-bca0-e5ff26eea73c,GBBBM9701268,1997-11-10,GB,Epic,Group,,GB,1992,,
2xLXtkJhrHtrGFzGT9M0jd,967531df-52af-461c-a028-88a0cea6fd1a,,1997-10-24,GB,Epic,Group,,GB,1992,,
79z4dO5uFa5ylPD3iZcHI9,bdd33ac2-e6fb-43f6-8e9d-727892db7023,GBBBM9701263,1997,US,Epic,Group,,GB,1992,,alternative rock;britpop;indie rock;pop;pop rock;rock
6HThLt75rjS5zaLGGskRYl,bde9d9d2-8dc8-40fd-89c9-7e72bf4b953d,,1997,US,Epic,Group,,GB,1992,,britpop;indie;indie rock;rock
3yYREqKcfLCs0isJomAMbq,f2e0f464-cd0d-4c3e-b88e-c43d42e1db9c,GBBBM9701267,1997,US,Epic,Group,,GB,1992,,alternative rock;britpop;indie;indie rock;rock
1qi6pueKTNvJHBtKepKHai,e50160a5-e1b1-4ccb-9649-0c6da10a2c3b,GBBBM9701274,1997,US,Epic,Group,,GB,1992,,britpop;indie rock;rock
3TXSyIQIEpnz5ROwK7nT0Z,5d65248d-4eaa-4bb2-b10b-06bccc06f5d6,GBBBM9701269,1997,US,Epic,Group,,GB,1992,,britpop;indie rock;rock
1DD2smwfmqzRthLIHvwq8q,abf69171-0352-4b06-a947-42659e297c7a,GBBBM9701272,1997,US,Epic,Group,,GB,1992,,britpop;indie rock;rock
18HfKyvIfF2YtBiIuvaMjG,c8bab294-1b41-420d-b7de-1ffaf8c50d47,GBBBM9701273,1997,US,Epic,Group,,GB,1992,,britpop;indie;indie rock;rock
2nCMWoMH1xy66KIOwhTZk6,90e35d9a-94f7-4fd8-b882-03421da8216a,GBBBM9701271,1997,US,Epic,Group,,GB,1992,,britpop;indie rock;rock
6PgeQDK3dZNMrHvwYb864d,9929cbb2-10e8-4be1-8ae5-c44d3c3cb818,,2001-05-21,GB,Fry Up,Group,,GB,1992,,
3JiqYxIkAdaV3k44ULx8dw,517cd991-2a73-4fea-b2ca-faa9a2110a03,,2001-05-07,GB,Fry Up,Group,,GB,1992,,
0H7Zb8lueqLJLEH2YK7sku,24824420-3ed9-4de2-b4f9-2dd6d52bcc1f,,2001-05-21,GB,Fry Up,Group,,GB,1992,,
2vyABwt2fVjT512UGMeiuI,d8328f3d-9c07-4780-a6a9-a88618e58b53,,2001-05-21,GB,Fry Up,Group,,GB,1992,,
4ZfxLNkkWskksBmPwDkDpT,dbf1d554-c146-46c3-8322-cf6edcfe7f38,,2001-05-21,GB,Fry Up,Group,,GB,1992,,
0dnaYZpaPiiMXNVKmPQVzY,aa61b47a-396f-43ca-85a6-35394fa14bfc,,2001-05-21,GB,Fry Up,Group,,GB,1992,,
1hHOyzQyjnlfxc29tQLNjG,633acdf7-b79b-47b1-8a8b-3284dc710de9,,2000-11-20,GB,Fry Up,Group,,GB,1992,,
5yMfv4uwPqzAhNVTsXGH3Z,a91e460e-d94d-4da3-9dd1-fee47cd4e0ef,,2001-05-21,GB,Fry Up,Group,,GB,1992,,
5ZWbUS3eGnHOOdkoOcbyov,ca9a1c34-fd07-4b10-bd6a-17a788d216d8,,2001-05-21,GB,Fry Up,Group,,GB,1992,,
4Qq1JtsBE6iAqd1dw2JbJO,f3e92d7e-9014-4c33-95ab-3f3f96de2a4e,,2020-08-15,XW,Fauve Music,Group,,GB,1992,,
71Mb3LxlOXn084jZNoN9IP,e3b63d19-921d-4a55-a6ea-35bc26efd6f8,,2001-05-21,GB,Fry Up,Group,,GB,1992,,
5LVkm71nk7P5ssUc3kNPQw,0c4b5a74-a84b-4161-b392-551aae019610,,2004-05-04,US,Takeout Records,Group,,GB,1992,,
3ujPTS6qvuG4pbRreIYHLT,835266af-a425-42fa-8cf2-824e1b6ac925,,2004-05-04,US,Takeout Records,Group,,GB,1992,,
3CTdv9Sny7S1E3eaPnacJR,0a330ff1-86d5-44d1-bb15-8d7ba750adbf,,2004-05-04,US,Takeout Records,Group,,GB,1992,,
6dDbs1gdGJmaWLmujHwG5T,7f5bb57d-d4ac-41b2-82b6-d03eb60a10b5,,2004-05-04,US,Takeout Records,Group,,GB,1992,,
2Jpvpx5GdrCgpmht2znOjh,a110b588-c98e-4888-8d83-1fe6471d4c5c,,2004-05-04,US,Takeout Records,Group,,GB,1992,,
1uAVsR31dhbA7lWHcfBZeF,e6ff60c0-a50e-4be7-80da-f6c801876268,,2004-05-04,US,Takeout Records,Group,,GB,1992,,
16EaNFYPYFpGBtEBVnqkMO,c1d2b801-101d-4d70-a7af-26db53b513fe,,2004-05-04,US,Takeout Records,Group,,GB,1992,,
3DkL6QpY1HwiXAx2LOE7n3,bf64e64a-e2c9-4841-8b58-2851727cf1f5,,2004-05-04,US,Takeout Records,Group,,GB,1992,,
16iJFfunjpSvBZVQ4fz0bm,f9844a71-b0c4-4398-a9e9-64222e4f09a0,,2004-05-04,US,Takeout Records,Group,,GB,1992,,
7tSH6fbBWSOeGeZSdgvcv8,4c41c354-9a52-4028-a8d3-7487c9f4e74b,,2004-05-04,US,Takeout Records,Group,,GB,1992,,
56xbvnpS5LPItx3RhvEZBO,028ac61e-5679-4b1b-aaf3-883f4533654a,,2017-05-26,,Fauve,Group,,GB,1992,,
37hNd8n58SnEBmWrhHIzhx,45859aa7-99e5-4529-a83c-065979fe2988,,2017-05-26,,Fauve,Group,,GB,1992,,
0vrbnI9obZpgQjCIC23sbo,5beb61dc-6d43-4631-925d-1ffc2d3c2cff,,2017-05-26,,Fauve,Group,,GB,1992,,
04K4XFzNH7LRFh3Mqhs7fJ,a8c6867a-6942-4568-a017-36054ed2a8fd,,2017-05-26,,Fauve,Group,,GB,1992,,
1eGVDfN0IrVBvcANQyviMu,5a3f78d4-16c2-4f23-b406-c9838b0f4a27,,2017-05-26,,Fauve,Group,,GB,1992,,
59wByGTYMpvCYWjC6l05g7,22c75a40-03a2-46e7-89e1-9ae78e2e5c6b,,2017-05-26,,Fauve,Group,,GB,1992,,
5oy0sLLfSVSjNSfDzc2VwV,8287c06d-f2f8-4b7a-89e3-9e8b17fe8462,,2017-05-26,,Fauve,Group,,GB,1992,,
5FaBoakC08515uZCWpalJ0,32978703-1955-45ec-a521-7cc97f7f260e,,2017-05-26,,Fauve,Group,,GB,1992,,
3D79eKhKUk0LFunq9OEupa,04656859-6c71-40d5-a995-ebe7ee5ab294,,2017-05-26,,Fauve,Group,,GB,1992,,
0ZfpteP64Ka3NjbMPcvzjb,88358f8f-ff22-4560-802a-cb3188436011,,2017-05-26,,Fauve,Group,,GB,1992,,
1UQXRhhKChPHhEl1h6ayPv,f5a5eaad-9219-4fb7-af8a-50e2c7e64e80,,1997,US,Epic,Group,,GB,1992,,britpop;indie;indie rock;rock
4urAJHyblTa7gSYdgOOO0D,ac886bd0-7126-4071-b153-a1873ec28897,,1994-06,GB,Fauve,Group,,GB,1992,,indie rock;rock
3WmsD60IjLxkNR944ZUsnX,3fa3831e-22f3-432f-807a-721954eb3954,,2020-08-15,XW,Fauve Music,Group,,GB,1992,,
2GiP0QwLLmZzCCeiFdYCaH,c341ca6e-54b8-4631-8ec3-b806deb5eb99,,2018-12-21,GB,Fauve Music,Group,,GB,1992,,
2L7fih1NxfqLgXg0giaT8j,e02df770-6b29-451b-9531-ccfd44e5d3fa,,1994-05-02,GB,Pandemonium Records,Group,,GB,1992,,
3iOi2Oib5o2uDUYgAQO3Gi,ddecc41d-16a1-4f32-9ebe-eb56e2a44349,,2001-05-07,GB,Fry Up,Group,,GB,1992,,
7xWTDSEre5x7tBZEyx1Maf,b9bbd875-a1d9-4203-ab41-2145f764504a,,2020-08-15,XW,Fauve Music,Group,,GB,1992,,
4kHCh9WO8qLBcMrCecDRxS,204cda4d-f732-4616-a7a1-6ceea324ae0c,,2020-08-15,XW,Fauve Music,Group,,GB,1992,,
6JTbxqcy3RlM00JQpF2cZB,9c116fdf-9d91-4f6c-94b5-12dc0431d1b1,,2018-12-21,GB,Fauve Music,Group,,GB,1992,,
283s2gZukqZ3b33LnVdNz5,c53eb2b4-8057-49b1-9301-1831b6b1285c,,1997,GB,Epic,Group,,GB,1992,,britpop;indie rock;rock
4PuPLCrNZ8ZgsCMaGN98RW,88db81b7-b31c-4c01-b86d-ec54af57ffa8,,2020-08-15,XW,Fauve Music,Group,,GB,1992,,
1vekJYS5R1kSRgiLUVtcCB,fc8566fb-d45e-4f25-90db-52bc1b8fa9c6,,2020-08-15,XW,Fauve Music,Group,,GB,1992,,
4EgIV6RjASl0lIDzTEDyGJ,8af75309-ae3a-41cb-a554-78b64765f3eb,,2001-05-07,GB,Fry Up,Group,,GB,1992,,indie rock;rock
3sp1soBs2eAWpTf8Vuo5Y2,79b007f1-1e0f-4228-866f-4d377612ff23,,2020-08-15,XW,Fauve Music,Group,,GB,1992,,
53LZqMzQEnjBkFXPqOq0cD,b29ddeac-8d50-47ea-8e6a-6fdf5c7cba06,,,,,Group,,GB,1992-10,2001-09,
4Gz79kVUfXjvdChYYl2vh4,c158c932-037a-40ee-ad5b-4a162262c04f,,2026-04-26,GB,Cherry Red Records,Group,,GB,1992-10,2001-09,
3ZGQMBLN5qpkR6R5qEuuUm,43ee54b7-041e-43e0-9db2-79d6aea74f88,,,,,Group,,GB,1992-10,2001-09,
0d5BPvJhvlyV30xu88DOVW,9c3d3ffa-3666-4454-bd5c-a10a90af17ea,,1995,AU,Geffen Records,Group,,GB,1992-10,2001-09,
0VTBq7PkeXaeNugFSTJhXh,c6b91909-4ad5-464b-8cc8-dc1d72357b50,,2001,GB,Strange Fruit,Group,,GB,1992-10,2001-09,britpop;indie;rock
4NKR77RM92DlVYmcLn79HW,0bd120f0-120b-4f9e-90b0-3bcfd6b43c9c,GBLMB0600001;USGF19472801;USIR10001392,1994-01-31,GB,Deceptive Records,Group,,GB,1992-10,2001-09,alternative;alternative pop/rock;alternative/indie rock;britpop;indie;indie rock;new wave/post-punk revival;pop/rock;punk;rock
14HLXW7CIUfRb4jHc1nfHJ,6c6257c6-ea47-425d-aa0c-17fac75e8c25,,1995,,Kiss the Stone,Group,,GB,1992-10,2001-09,
3j43m2MuVUFWMsnqSzdsLs,85a907eb-efcc-4f0f-a3d1-fb365bea59ca,,1995,,Kiss the Stone,Group,,GB,1992-10,2001-09,
6GH7rZ4T8uwV49rcKWqoot,410a3437-f282-4a87-b4cd-c17d8f3c4cc0,GBLMB0600002;USGF19472802;USIR10001393,1995,GB,Deceptive Records,Group,,GB,1992-10,2001-09,alternative;alternative pop/rock;alternative/indie rock;britpop;indie;indie rock;new wave/post-punk revival;pop/rock;punk;rock
6dY5wseExZdw80ie3or4TF,0900f4d3-1ec2-47a0-9a61-4224c90a0e56,GBLMB0600005;USGF19472805;USIR10001396,1995,AU,Geffen Records,Group,,GB,1992-10,2001-09,alternative;alternative pop/rock;alternative/indie rock;britpop;indie;indie rock;new wave/post-punk revival;pop/rock;punk;rock
7zpkb07R0SAKFugvMBZhKb,9f2d15c6-88bc-46d9-b0af-03cf89cd872b,,2001,GB,Strange Fruit,Group,,GB,1992-10,2001-09,britpop;indie;rock
6yxWn8FJsz2OIriaLhFEeb,eacb9080-0488-4c7d-836f-8fdfb5d68ace,,,,,Group,,GB,1992-10,2001-09,
323oiXriCfg4Jvg5idsVJb,67082aff-cf58-463b-95fd-5de5f4c92d9a,GBLMB0600013;USGF19472816;USIR10001406,1994-01-29,GB,New Musical Express,Group,,GB,1992-10,2001-09,alternative;alternative pop/rock;alternative/indie rock;britpop;indie;indie rock;new wave/post-punk revival;pop/rock;punk;rock
0v6LsCQq8XuFDytG01qx5w,5e90fff9-edf4-4266-b3fd-88b4da7de9ef,GBLMB0600010;USGF19472810;USIR10001401,1995,GB,Deceptive Records,Group,,GB,1992-10,2001-09,alternative;alternative pop/rock;alternative/indie rock;britpop;indie;indie rock;new wave/post-punk revival;pop/rock;punk;rock
2kQBpkJ62Rk4QrVe5Y33hF,17b5e3c1-cbd4-47a1-b135-ff69dcf738a0,USGFI9472813;USIR10001404,1994,AU,Geffen Records,Group,,GB,1992-10,2001-09,alternative;alternative pop/rock;alternative/indie rock;britpop;indie;indie rock;new wave/post-punk revival;pop rock;pop/rock;punk;rock
1pcTSTh8kXa87PBVlxjbtz,ab65e1eb-2395-4846-832a-630b518bab7d,GBLMB0600008;USGF19472808;USIR10001399,1995,GB,Deceptive Records,Group,,GB,1992-10,2001-09,alternative;alternative pop/rock;alternative/indie rock;britpop;indie;indie rock;new wave/post-punk revival;pop/rock;punk;rock
7ukRNi7ljZlpO2FdfcojxZ,b575d2eb-1abb-429f-9e84-f58fdc107860,USAT20002493,2000-04,AU,Atlantic,Group,,GB,1992-10,2001-09,alternative;alternative pop/rock;alternative/indie rock;britpop;indie;indie rock;new wave/post-punk revival;pop;pop/rock;rock
7tH71zPFewHULQb6SR5Mma,700e0cbd-4dbd-405f-b1ff-3f8fcdea9c4c,USAT20002241,2000-04,AU,Atlantic,Group,,GB,1992-10,2001-09,alternative;alternative pop/rock;alternative rock;alternative/indie rock;art rock;britpop;indie rock;new wave/post-punk revival;pop;pop/rock;rock
4ZMmGMjMbbhUPqFesyFwBH,33776184-0fda-445e-99d1-372b9fc28a5c,USAT20002247,2000-04,AU,Atlantic,Group,,GB,1992-10,2001-09,alternative;alternative pop/rock;alternative/indie rock;britpop;indie;indie rock;new wave/post-punk revival;pop;pop/rock;rock
5WWajLT48iEqKl3lHlmGpD,c52a8bc3-91b5-4213-ad4a-18cb663ab036,,2000,GB,Deceptive Records,Group,,GB,1992-10,2001-09,
6jYdhGNaDL7SuVEyIZ53RQ,41687f75-85e7-42f3-a58f-fd233b366c56,USAT20002237,2000-04,AU,Atlantic,Group,,GB,1992-10,2001-09,alternative;alternative pop/rock;alternative/indie rock;britpop;indie;indie rock;new wave/post-punk revival;pop;pop/rock;rock
0OlXwnQp77ySV7AlPDeKhU,318734fe-fe34-4568-a3ee-185b2bca760d,USAT20002243,1996-12,GB,Volume,Group,,GB,1992-10,2001-09,alternative;alternative pop/rock;alternative rock;alternative/indie rock;britpop;indie rock;new wave/post-punk revival;pop;pop/rock;rock
0itAa5AgZsNscVF37FsOUX,98136c09-5089-44da-b4cf-6672783cdea0,,2000-10-17,US,Posthuman Records;Priority Records,Group,,GB,1992-10,2001-09,
1Q4iOHgz3WCpGMpAT7zaBc,94e75f06-a3d6-4991-9df0-5ae918c12ac0,USAT20002245,2000-04,AU,Atlantic,Group,,GB,1992-10,2001-09,alternative;alternative pop/rock;alternative rock;alternative/indie rock;britpop;indie;indie rock;new wave/post-punk revival;pop;pop/rock;rock
0ap3emVuef1IWkNflx7lJO,91e89182-683f-4777-bc62-1e7080a89919,USAT20002238,2000-04,AU,Atlantic,Group,,GB,1992-10,2001-09,alternative;alternative pop/rock;alternative rock;alternative/indie rock;britpop;indie;indie rock;new wave/post-punk revival;pop;pop/rock;rock
18lgOWlEgdIlS2MpX2LEZN,ef20d5de-2955-4b0d-aef3-e3179036365e,USAT20002239,2000-04,AU,Atlantic,Group,,GB,1992-10,2001-09,alternative;alternative pop/rock;alternative/indie rock;britpop;indie rock;new wave/post-punk revival;pop;pop/rock;rock
0t88AbWFJIJo4fwqBKFv1D,fb1b88f2-28de-4708-bab0-0192e67881dd,USAT20002242,2000-04,AU,Atlantic,Group,,GB,1992-10,2001-09,alternative;alternative pop/rock;alternative rock;alternative/indie rock;britpop;indie rock;instrumental;new wave/post-punk revival;pop;pop/rock;rock
0k8Fu4v0uCmXNagNXaKiXN,133caa81-14bf-4b2e-bf75-27dd4618f82c,,2001,GB,Strange Fruit,Group,,GB,1992-10,2001-09,britpop;indie;punk;rock
4JuA9ZwxAB9jl1RsH6TA4y,b261bd75-2641-4a22-9a18-948d8091c191,USAT20002246,2000-04,AU,Atlantic,Group,,GB,1992-10,2001-09,alternative;alternative pop/rock;alternative/indie rock;britpop;indie;indie rock;new wave/post-punk revival;pop;pop/rock;rock
5h7FPRpcnRbLG2SqNldk05,5c98aa64-14ad-4abd-bcf8-adfc4944ca65,,1994-10-10,GB,Deceptive Records,Group,,GB,1992-10,2001-09,
68lt7P7DuGLgAj5Vm2eqQ4,70b3966d-3046-4f62-986a-bfb0d56fb6a4,GX4BM2100004,1995,AU,Geffen Records,Group,,GB,1992-10,2001-09,britpop;indie;indie rock;rock
2zwbwMWHI33pf3ee020FtG,658e5d5f-66c5-458c-aeec-5c0e6f792dd0,,2001,GB,Strange Fruit,Group,,GB,1992-10,2001-09,britpop;indie;rock
0JBndPQU1q75fBvmXxkOUE,3e1c40c9-b23a-4242-991d-de6fc861723c,,2001,GB,Strange Fruit,Group,,GB,1992-10,2001-09,alternative rock;britpop;rock
70iZXon0xjv5Vq4Zgz8dxU,8130245e-5c5b-4414-a650-0cbdec37463f,,2001,GB,Strange Fruit,Group,,GB,1992-10,2001-09,britpop;rock
7otGB5zPnYKcrjCCxlG46n,32b528c7-177e-4cb1-9b25-148bcb3a26bf,GBBNF0100077,1995,AU,Geffen Records,Group,,GB,1992-10,2001-09,britpop;indie;rock
14m0frCHbtMm3WylO4uYZz,783d4ac3-5083-497f-b330-79f65542dbe1,,2001,GB,Strange Fruit,Group,,GB,1992-10,2001-09,britpop;rock
3k37ZpIaokCAxJRyAISinE,a2af6921-5b92-44bc-b8c9-92a8ce24ef67,,1990-08,GB,BBC,Group,,GB,1970,,
12kbg2xVZsIwkNXCGHM6nS,577797a2-b629-4836-a729-4847fd42e230,,2001,GB,Strange Fruit,Group,,GB,1992-10,2001-09,alternative rock;britpop;rock
3urUlYFNbi7cyDPKRVueTI,103aa3a1-18b9-4e2f-96f0-a735a5034845,GBCVZ2000062,1993-11-04,GB,Deceptive Records,Group,,GB,1992-10,2001-09,
6TN9rO1YvLVk5bPrCQsttI,cb628bcb-1d86-4d88-8bf4-24d4c5310bc2,USGF19472821,1995,AU,Geffen Records,Group,,GB,1992-10,2001-09,
0M5xtx6ncdKWaKNfrPQecw,dd1214a0-7437-4051-9c95-7208b6d85a8d,GBCVZ0601619,2006,GB,Rough Trade,Person,Male,GB,1963-09-19,,indie;indie rock;pop;rock
3a9KGm07KS9LgO2veW3GkZ,3a791a73-8a26-494c-94f0-86b452fe21a1,,2007,US,Cornerstone Promotions,Person,Male,GB,1963-09-19,,
6GEkxlE7lveRqo85HS9HQ4,e033cb66-c99a-4cb7-986a-5b77c67e3726,GBCVZ0601680,2006-11,AU,Rough Trade,Person,Male,GB,1963-09-19,,
7h6YUwDTHr2gxkEyYCQKWG,2c0d75da-d984-4459-b699-288b8893f064,GBCVZ0601681,2006-11,AU,Rough Trade,Person,Male,GB,1963-09-19,,
0QFLseoT5sL3NadXCNQDpJ,5e29a187-2cdd-46c0-b386-fcdf66fa5b41,GBCVZ0601682,2006-11,AU,Rough Trade,Person,Male,GB,1963-09-19,,
4pbiaBCbLVdMRI3XQryMap,fb18869e-837f-4518-9f41-9d81427d23ae,GBCVZ0601683,2006-10-10,FR,Les Inrockuptibles,Person,Male,GB,1963-09-19,,
5JsVlXDFbiSzWIZ7cbxwEg,3bb008f1-6531-459d-9e18-8ee10014808a,GBCVZ0601684,2006-11,FR,Because Music;Rough Trade,Person,Male,GB,1963-09-19,,
1pTVZBydlK11GolyeomYX0,a803a50f-41bd-4ab1-aedf-194f8a89d649,GBCVZ0601685,2006-11,AU,Rough Trade,Person,Male,GB,1963-09-19,,
5xkhM5MbThk2cY0TohwfKa,899c20ba-f38e-4f8b-b2c7-e43ec5a7b0b8,GBCVZ0601686,2006-11,AU,Rough Trade,Person,Male,GB,1963-09-19,,
4HuYzZH0qdXqL3Mar14WQd,44a76f60-faa1-4d07-a6e5-4eb860eddf97,GBCVZ0601687,2006-11,AU,Rough Trade,Person,Male,GB,1963-09-19,,
7I3PflOVt7czjMtQuLktvA,7e28bc53-91e6-4e06-9ccd-30e01b11f79e,GBCVZ0601688,2006-11,AU,Rough Trade,Person,Male,GB,1963-09-19,,
5Wdtxe8gmMmiNGQqYDw6W5,62de3b55-93d7-4af5-9235-ddf289e09f51,,2020-11-27,XW,Rough Trade,Person,Male,GB,1963-09-19,,
45GrIV8XIiUOXSH2AuSm6J,5d304608-e03d-4158-99b5-87d8912f7921,GBCVZ0701953,2007-07-16,GB,Rough Trade,Person,Male,GB,1963-09-19,,
7FKRBUI44Z8UoFzHKDm8lv,5d3f3bf4-22f0-43bc-b53d-ae483be73a58,GBCVZ0902628,2009-05-15,XE,Rough Trade,Person,Male,GB,1963-09-19,,indie;indie rock;rock
6N4BhP1QwfRyvdDzSYmloJ,27626abd-1c90-4476-9a72-4841c8f64d4d,GBCVZ0902629,2009,GB,Rough Trade,Person,Male,GB,1963-09-19,,britpop;indie;indie rock;rock
3WIAoShH4up864p7H2VAOp,00f202ef-2bbf-4dfd-8b18-fab4c856abff,GBCVZ0902630,2009,FR,Rock & Folk,Person,Male,GB,1963-09-19,,alternative rock;indie;indie rock;rock
1NAuiDjq3EH5kFdvtlWtkG,4d59f51c-dae3-41ff-9f81-6fe001395bbc,GBCVZ0902631,2009-05-15,XE,Rough Trade,Person,Male,GB,1963-09-19,,indie;indie rock;rock
0URhVoCdavThbFoc2A3Uto,a3d10e1a-7586-42f6-b47e-59b9f2a2635b,GBCVZ0902632,2009-05-15,XE,Rough Trade,Person,Male,GB,1963-09-19,,britpop;hard rock;indie;indie rock;rock
0pqJ7iNaLtxW7jjV25hdbt,e78c87d7-20cb-4bda-b729-b789366d7cf8,GBCVZ0902633,2009-05-15,XE,Rough Trade,Person,Male,GB,1963-09-19,,indie;indie rock;rock
6rEnDrZf8lygtqV0Yu6p1m,2a52d8eb-f987-466e-be7c-a0bce039aeb1,GBCVZ0902634,2009-05-15,XE,Rough Trade,Person,Male,GB,1963-09-19,,indie;indie rock;rock
1P8ii7oHWJFv6cCEvceBaO,2689ad41-15d4-420a-82fb-1a1811380b7c,GBCVZ0902635,2009-05-15,XE,Rough Trade,Person,Male,GB,1963-09-19,,indie;indie rock;rock
2Xg6xlGUrJUWXGTpSk9EO9,9ee089bb-1cae-4a92-aabf-69f32cd7563f,GBCVZ0902636,2009-05-15,XE,Rough Trade,Person,Male,GB,1963-09-19,,alternative rock;indie;indie rock;punk;rock
5aKi85tBtbnM1RWcGMjeoO,44ec53eb-b559-4b79-8005-9b7ec0e9602d,GBCVZ0902637,2009-05-15,XE,Rough Trade,Person,Male,GB,1963-09-19,,alternative rock;indie;indie rock;rock
5INnfnAIymlroSXVEExAG1,44b17f43-e4d9-471d-a742-fdef2a9608d8,GBCVZ0902638,2009-05-15,XE,Rough Trade,Person,Male,GB,1963-09-19,,indie;indie rock;rock
0FbcDysomMCrXNIgW4Rbjf,d3f02aff-7895-4203-8e49-2bf698fd4a04,GBTZZ1100024,2011-09-05,XW,Phantasy Sound,Person,Male,DE,1982-08-22,,
6LiKLk1W0h1iWGV4F7oZO9,46b15e65-2cf9-4055-8612-87d1d6e2d31a,GBTZZ1100015,2011-09-05,XW,Phantasy Sound,Person,Male,DE,1982-08-22,,
3EJhuwvFm5iAelB5gAeWGd,8ffec952-ae67-4351-a891-ee76eac88ef7,GBTZZ1100013,2011-09-05,XW,Phantasy Sound,Person,Male,DE,1982-08-22,,
6Msbz4rP7i02D97IuKRx8u,6f41be83-eabd-4781-aa0d-26b90f98c81f,DEY381680561,2017-03-17,GB,Deutsche Grammophon,Person,Male,DE,1972-03-20,,
5DB31HBSdOzQaDSTfj36g6,c12be2d8-fb47-4a5a-a60d-d9c699ed8d65,DEY381680549,2017-03-17,GB,Deutsche Grammophon,Person,Male,DE,1972-03-20,,
4A2LpFbrnO5t9lhQ1WW0rq,9c9db86e-6e8f-40f9-b39a-71a7d1293ce2,DEY381680560,2017-03-17,GB,Deutsche Grammophon,Person,Male,DE,1972-03-20,,
7e4BW8QXa4xTdNs8VO9tSL,ffa048b0-2c51-40d6-9de3-3630204963da,DEY381680550,2017-03-17,GB,Deutsche Grammophon,Person,Male,DE,1972-03-20,,
58ADAAOJ1XVKPtU0KtSQz3,9a06204e-08b4-4080-b08a-280554fe7812,DEY381680553,2017-03-17,GB,Deutsche Grammophon,Person,Male,DE,1972-03-20,,
11v33ULu9MSLVtQF1YPPU4,4dcdf4e7-e9e3-45e2-87b6-bcf0db51456e,DEY381680552,2017-03-17,GB,Deutsche Grammophon,Person,Male,DE,1972-03-20,,
7jU1VMUX6U9Kdi8RNkPjrf,225b6819-f32b-4852-baa3-a642462368cc,DEY381680554,2017-03-17,GB,Deutsche Grammophon,Person,Male,DE,1972-03-20,,
3xZvXVkaWDzv53Sbjnl1ms,00890817-4c9d-48e7-be8e-c99a95f6b1eb,DEY381680556,2017-03-17,GB,Deutsche Grammophon,Person,Male,DE,1972-03-20,,
1M6aaLXVBqdGWUpekCJbcr,89152454-a6a9-457c-aeb1-8026a56b9bd6,DEY381680557,2017-03-17,GB,Deutsche Grammophon,Person,Male,DE,1972-03-20,,
6ewhQu1ZlEhnLztg3wCnik,de60e6f1-bcdb-4b16-bb46-ec964f69c1d9,DEY381680562,2017-03-17,GB,Deutsche Grammophon,Person,Male,DE,1972-03-20,,
0YJE7H3kMfuQ96ATP2baJ3,82336197-df0f-4e1d-a5b4-f7dc71bd924a,DEY381680555,2017-03-17,GB,Deutsche Grammophon,Person,Male,DE,1972-03-20,,
5oJCxQqWBwwydQVX7zkkfG,6b0d8cd8-4b61-4eb8-a1f6-2241f8055a7b,DEY381680564,2017-03-17,GB,Deutsche Grammophon,Person,Male,DE,1972-03-20,,
0Zt0cVtGHCilmZY5ESy632,cd74c55e-d5f9-4f6e-9736-ccc32c25bc41,DEY381680558,2017-03-17,GB,Deutsche Grammophon,Person,Male,DE,1972-03-20,,
05kAaHlHO49qjztmZ7l0lN,717bf69a-2220-475b-857b-f63dc979bbcc,DEY381680559,2017-03-17,GB,Deutsche Grammophon,Person,Male,DE,1972-03-20,,
61L1Kzl0G7l3F8AWoEU1tF,ee9d67f7-2744-4220-b309-0d197f44e48b,,2020-04-03,XE,Rough Trade,Group,,GB,2017,,
5hiorvEf37HXVAXqTzwLAn,169c19ea-3984-4b15-9d18-a51e1033be12,GBCVZ1900072,2019-05-15,,Rough Trade,Group,,GB,2017,,
0SrPq63zeMkZmqXsMNAr8V,,,,,,,,,,,
66CSwoo8op0tU1Jhswsag2,ace9b7b4-3cf6-4f03-b67a-7b2749e9638f,,2001-09-22,GB,Telstar Records,Person,Male,GB,1963-09-19,,
2MgDTYUvRXw2gNXIRAqjLa,c3108ed5-6284-4716-84ea-2ad857a47fe5,,2021-08,,Rough Trade,Group,,GB,2017,,
2W7FcHE1RLpbJ5RbEtXYDG,dd34feaa-fb57-41c8-a139-f4f3b5162e29,,2020-11-11,GB,Bandlab,Person,Male,GB,1963-09-19,,
0KacdizqDsSrzWBg70RnQg,,,,,,,,,,,
4spUOLlrBfFT9DBL6Yojbg,83841061-5c9c-4885-8ec4-fb6e50486043,USG880600008,2006,XE,Verve Forecast,Person,Male,GB,1963-09-19,,britpop;indie;movie soundtrack;rock;soundtrack
07PsRbOJF7xY5nDOiStfKc,a05694e1-e281-429a-8d1d-213da53f5d63,USA172191006,2021-10-22,AF,ABKCO,Character,Male,,2021-09-14,,
4qRQBX0lXwFjD6aKnu9ZVy,6fbc37da-1325-402c-bc90-684c4ebf19d7,USA172191000,2021-10-22,AF,ABKCO,Character,Male,,2021-09-14,,
3JYKnLYjSDak38XRYdULjn,6f9f0a24-d80e-4154-858f-5aaaf6d345a2,,2008,GB,Finders Keepers,Group,,,,,experimental;progressive rock;psychedelic;psychedelic rock;rock
2dWrIJdwYWI6K7WWL3kpqu,,,,,,,,,,,
6Kxa8wtHSkyYHRSWqQ2CCt,f7685ae6-95dd-4a62-980d-b5eb4e7862fe,USA172191003,2021-10-22,AF,ABKCO,Character,Male,,2021-09-14,,
6rCPmphmfWs2ynww1KNtiR,93887a75-0e22-40a3-8116-9c49bb5343e8,GBCVZ0601761,2007-01-08,GB,Rough Trade,Person,Male,GB,1963-09-19,,
7HNTnIScuWC3jaG18Za9Vl,24e32c42-ed79-4e21-b229-4b4b574d9fa4,USA172191008,2021-10-22,AF,ABKCO,Character,Male,,2021-09-14,,
0dXi0nyTNov142d7Sv4gHD,c89f9cf1-5ebe-4488-8e1f-62c8595f7fc5,CA6C31200004,2012-04-10,XW,,Person,Female,,,,
4jp8eESIUmvdgLAEosFVGJ,bf7d1015-5a21-4b0a-a0d5-934d83cdcd56,,2002-12-05,FR,Tigersushi,Person,Male,FR,,,electronic
1ma34WhccJifhe3ouDeGrX,36c5bf1a-bc7d-4578-920d-7f60107c1d8c,USA172191004,2021-10-22,AF,ABKCO,Character,Male,,2021-09-14,,
7Cp6kiPUf49J8Hc6EOWmsi,678df60b-0928-411b-9c98-d76b8b5356cc,USA172191005,2021-10-22,AF,ABKCO,Character,Male,,2021-09-14,,
5MGVZGg2royJKIBlI43vxU,6b7c7e39-181f-4401-9efb-f5e7d659c2fb,GBCVZ2100242,2021-11-02,XE,Rough Trade,Group,,GB,2017,,
4f4pdQGaVxVDZcktdF2tLA,2ca8a2ce-4f8e-40ce-af0f-1e0aeb0ed699,GBAJC0900182,2009-10-13,US,Silva Screen Records,Orchestra,,CZ,1947,,
2L8buOlTQ8XoOAubQGOlVG,2123224b-4d11-44fc-9071-e26fbff4484f,USWB10504719,2005,FI,Warner Bros. Records,Person,Male,GB,1963-09-19,,glam;movie soundtrack;rock;score;soundtrack
5kkvPuDwMuICfIS5tp2oFl,75810388-d0e9-4368-bc18-c101b8ccd056,,,,,Person,Male,GB,1963-09-19,,
5Ih40KFkj3cSzxgisQxBvX,b5a11d29-abc5-4f6d-93f4-c6a210547313,GBAHT1700415,2017,BH,Warner Music UK,Person,Male,GB,1972-09-21,,britpop;rock
5qlSYa5PePLAuAsAFgqVxW,11662a96-a164-4955-94a0-da2b993e7e87,GBAHT1700306,2017,BH,Warner Music UK,Person,Male,GB,1972-09-21,,alternative rock;baggy;britpop;pop rock
6fUdJcLuiealkrWLMPkmzV,8760aacd-1a45-4a68-9e63-890a3e963f00,GBAHT1700680,2017-10-25,DZ,Warner Bros. Records,Person,Male,GB,1972-09-21,,
7mar4DMFlVi5DwbarqP38M,4380807a-9346-4b34-9531-5b09e244721f,GBAHT1700414,2017,BH,Warner Music UK,Person,Male,GB,1972-09-21,,rock
5eY44OoKgZTotXKfypXvXX,ac6f2756-d0b9-4f32-8748-19c7565429db,GBAHT1700419,2017,BH,Warner Music UK,Person,Male,GB,1972-09-21,,folk pop;rock
2g2zaYC7BYSu9kUpmu7Tjf,b4d448e4-8d8a-4137-ab2e-50ea6fd6ab54,GBAHT1700422,2017,BH,Warner Music UK,Person,Male,GB,1972-09-21,,britpop;rock
1lgtuKQkhlOr0LySn892KY,0b866017-a9fd-49db-b426-de87f28aa7a2,GBAHT1700413,2017-09-27,GB,Warner Bros. Records,Person,Male,GB,1972-09-21,,rock
219nY3WjD9ZxpwquMQuksi,f7eef995-310f-4526-a433-3a7d140f784f,GBAHT1700420,2017,BH,Warner Music UK,Person,Male,GB,1972-09-21,,pop rock;rock
76c0MTUA6LzZSyGuuhG4bp,330bc9df-0e88-4417-8e81-76cf748dae79,GBAHT1700417,2017,BH,Warner Music UK,Person,Male,GB,1972-09-21,,rock
1ukSzmXbpTpcQgyHtqXXiL,f3846eff-f467-41cf-be01-8fed686cd344,GBAHT1700421,2017,BH,Warner Music UK,Person,Male,GB,1972-09-21,,rock
0qdWB1TrrnVBTPsqJ5JL19,5daf732e-fbf4-4ba3-919b-4fca8f35e146,GBAHT1700416,2017,BH,Warner Music UK,Person,Male,GB,1972-09-21,,rock
78I628ipFGe8v3d9dbM4Xv,80a8f754-ab1e-4320-9913-2173af5eee0b,GBAHT1700418,2025-09-26,XW,X5 Music Group,Person,Male,GB,1972-09-21,,
2mIeS5PC4vmibgmUcMGg9g,10725f78-3acf-45c5-8952-7131c662474a,GBAHT1700447,2017,BH,Warner Music UK,Person,Male,GB,1972-09-21,,rock
2vv85G0gGI2gwLuklvf5LX,f3a0a81c-32b6-42c7-8376-6a05209e93c8,GBAHT1700425,2017,BH,Warner Music UK,Person,Male,GB,1972-09-21,,rock
6yvufTNEoh95nPcjjtbWXo,4f768995-5833-4d74-84f7-0555a1dd25ed,GBAHT1700423,2017,BH,Warner Music UK,Person,Male,GB,1972-09-21,,rock
34fv3psKQOOwWZBRxoIF4I,d6101afd-f58a-4ed9-a390-f84ba3ae81e6,GBAHT1900588,2019-07-26,DZ,Warner Records,Person,Male,GB,1972-09-21,,britpop;chamber pop;pop rock
6qeFKhT0Khb9ySbb5pNYT5,66c2ab1c-a965-4f3c-97a3-433c076b65e4,GBAHT1900587,2019-08-16,XE,Warner Records,Person,Male,GB,1972-09-21,,britpop;gospel;neo-psychedelia
4QSxcUAwEx5sFitOKZfQDN,c71d1f73-7e70-4c8a-a49e-a5456dc87510,,2019-09-21,GB,,Person,Male,GB,1972-09-21,,
2EZvArENO4nZq7Re0zhEAA,1ce67933-8f4a-4388-981a-7a29300032d6,GBAHT2100360,2022-05-27,XW,Warner Records,Person,Male,GB,1972-09-21,,
5DJctS0yiHX7agIGnfgnu1,3a16b2ec-3543-41f3-b2e9-7d0bd5fce03c,,2019,,VISIONS,Person,Male,GB,1972-09-21,,
21rBVSwu6bc1zwSd6J8Xo4,269685ba-4765-4689-8e4d-d8a97712b02d,GBAHT1900592,2019-09-20,XE,Warner Records,Person,Male,GB,1972-09-21,,
4MmiBCpdYhJvVU5EjNEnst,5dbe4dd5-9ea1-4cbb-98e7-5d9623ac7351,,,,,Person,Male,GB,1972-09-21,,
2Byoha5i4PuzTstLLr8Mq1,72964c8e-6ecb-46db-9cc4-d3b7293631f0,GBAHT2100356,2022-05-27,XW,Warner Records,Person,Male,GB,1972-09-21,,
0TE8iJF4CGawEWiS1bahCP,393f9c4c-fa49-499f-8daf-aaee2bab1380,GBAHT1900593,2019-09-20,XE,Warner Records,Person,Male,GB,1972-09-21,,
76PQ202w9HhxHCqGgIv4lE,21959cba-f5f2-4aa8-95ca-c32e13ec365c,GBAHT1900612,2019-09-20,XE,Warner Records,Person,Male,GB,1972-09-21,,
2BgLA9knCmBHipRH1tBk9S,78bdbb75-f63e-497c-a574-dc6b5c9bb544,GBAHT1900596,2019-09-20,XE,Warner Records,Person,Male,GB,1972-09-21,,
5Q7NEt1PcVuTBBMz8XmrNZ,2fd12484-74dc-4707-9df8-9963bbc5bfdc,GBAHT1900611,2019-09-20,XE,Warner Records,Person,Male,GB,1972-09-21,,
1moe13YJt9zgGMyMbCZ5Gt,84fc6586-d29f-4d8e-8b9a-2223a238706a,GBAHT1900613,2019-09-20,XE,Warner Records,Person,Male,GB,1972-09-21,,
28nIJLAEZLfr5M3OblsKvN,9bab3951-1036-459e-bab0-ab2dfe9fbaaa,GBAHT1900594,2019-09-20,XE,Warner Records,Person,Male,GB,1972-09-21,,
0HzZB3Z6gIk3VOlS5WjT49,5205f773-97d5-4190-9b86-c680a6e2c6d0,GBAHT2300273,2023-08-11,XW,Warner Records,Person,Male,GB,1972-09-21,,
6cWSuPDQT56oPVqWSsNSee,2eae265f-7c62-48fe-b8bf-61749563d484,GBAHT2200207,2022-05-26,GB,,Person,Male,GB,1972-09-21,,
4atldZjadpvPFKueZtldB7,d9a4ac61-f154-4d5e-a3d1-e4cc327f546e,GBAHT2200007;GBAHT2200008,2022-05-27,GB,Warner Records,Person,Male,GB,1972-09-21,,
024E9hWCSo77SRWKzNOyV1,70b37722-a94f-4346-b6e3-df1dba5f221f,GBAHT2200004,2022-05-27,GB,Warner Records,Person,Male,GB,1972-09-21,,
5uhYRnjYFjNBXzFL2dp9gu,cad427a2-abce-4405-a5ff-d3c1a8ddb9ca,GBAHT2200209,2022-04-01,GB,,Person,Male,GB,1972-09-21,,
44u3oKlSBPfDdZ6TFG4DiV,b84ef09a-33b9-4fc9-8eaf-2bec91557c9b,GBAHT2200014,2022-04-29,GB,Warner Records UK,Person,Male,GB,1972-09-21,,
2AnzWLuXyVd8KboTWZbgvP,6aeedb08-721f-4ef4-8ad0-f49b3f3ed248,GBAHT2200006,2022-05-27,GB,Warner Music UK,Person,Male,GB,1972-09-21,,
5u6TVPNF9v5AB1X5ZYDehh,7646b6f9-29f4-48a9-8ecd-ed788826c770,GBAHT2200011,2022-05-27,GB,Warner Records,Person,Male,GB,1972-09-21,,
6WewCrteHKA6ifzFPGzajq,ef153d46-55ea-499a-8d35-524661225832,GBAHT2200013,2022-05-27,GB,Warner Records,Person,Male,GB,1972-09-21,,
7febydZm0KpZXihEp6THCE,ba0c4b95-f3c3-4d9b-90fa-412b52bfb92c,GBAHT2200016,2022-05-27,GB,Warner Records,Person,Male,GB,1972-09-21,,
255gwwtdyW7c7J89o5GINK,4f367147-bb62-41ae-a899-64c943179451,GBAHT2200012,2022-05-27,GB,Warner Records,Person,Male,GB,1972-09-21,,
1zMEBWFeYcRociBCqYfnyU,9301bb96-1975-4c14-a92b-1b495f1ae882,GBAHT2200009,2022-05-27,GB,Warner Records,Person,Male,GB,1972-09-21,,
3vvpq0JSRAjsMfsx9XMDoD,8e750d9f-ad26-4bcb-bda5-dd0004ff2731,GBAHT2200015,2022-05-27,GB,Warner Records,Person,Male,GB,1972-09-21,,
0Vr2gS3YFbS2WRw5nCPMFY,b4bd93db-fc33-4aa8-befa-3562246399ec,GBAHT2301501,2024-01-26,GB,Warner Music UK;Warner Records,Person,Male,GB,1972-09-21,,
4b4DoogqoGBbkd7EgWPtgp,48614a59-c446-4093-bc2e-37f2e0c2eea3,GBAHT2301492,2024-01-05,,Warner Records,Person,Male,GB,1972-09-21,,
1WAgMzQu2hQcJlmRu3P6Cp,12c3a8b4-ff3b-41b8-b741-ca3ad6ba5d4d,GBAHT2301500,2024-02,,Warner Music UK,Person,Male,GB,1972-09-21,,
4ieV8bclay8YP3Cpn5fPuR,969e082b-c2a1-4802-a3d1-7b768499e5a2,GBAHT2301506,2024-02,,Warner Music UK,Person,Male,GB,1972-09-21,,
3aGXmay2g98lmL0sZk3SLr,b544f3b4-994b-45da-82c1-de576ea532c5,GBAHT2301502,2024-02,,Warner Music UK,Person,Male,GB,1972-09-21,,
3JsDtQVw8AXEhevxFWtTGM,00aeba27-cebb-445b-99ba-91a87c496142,GBAHT2301503,2024-02,,Warner Music UK,Person,Male,GB,1972-09-21,,
5jouuKkqe5eCFBVTF3uHWB,de448c1f-8dd5-4914-81e2-334d12aa5b5b,GBAHT2301504,2024-02,,Warner Music UK,Person,Male,GB,1972-09-21,,
5eSPoTfa8d3BA7SaC5bIQl,0f10e248-2562-4b2a-87da-2f5d4e8cc01b,GBAHT2301505,2024-02,,Warner Music UK,Person,Male,GB,1972-09-21,,
5Q8D1GmIGyDEVdfg4DVKQz,9811b9ea-33c0-4e72-9956-4db88486abc7,GBAHT2301508,2024-02,,Warner Music UK,Person,Male,GB,1972-09-21,,
3U6zVXn1JBiT0QiyJHUJ2o,67d3e6aa-5826-4eb8-9cbb-c71a50e3b669,GBAHT2301507,2024-02,,Warner Music UK,Person,Male,GB,1972-09-21,,
577LINEVunl9HDxC4vxuAx,79a237b0-a671-4e5f-9eed-e7ec9cb63ffc,,,,,Group,,GB,1987,2016-11-25,
4tsteRyfqzTrLMiFDlIJhA,281e89e1-403f-4001-acc5-4d814cddd365,,,,,Group,,GB,1987,2016-11-25,
3bzPeNnkDTzXFSTxrSHpVV,2d40f4e4-ace1-495d-901f-a09b4b05dc12,,1990,US,Reprise Records,Group,,GB,1987,2016-11-25,alternative and punk;alternative rock;britpop;indie rock;punk;rock;shoegaze
5aUCwet7abFYrClJNtZ2hO,fd674574-ff59-489c-8d1f-5df562bac063,GBAFL9000041,1990,US,Reprise Records,Group,,GB,1987,2016-11-25,alternative and punk;alternative rock;britpop;indie;indie rock;punk;rock
55SuzmHZVSBOiGSHXWL3QG,64431222-92a7-49e0-9987-baf9aaf79ada,,1995,IT,Insect Records,Group,,GB,1987,2016-11-25,
2ezUo1LTTov8ql7gpaL5dF,e38e4a9d-deb7-4366-b775-b8a6795bd5e2,,1990,US,Reprise Records,Group,,GB,1987,2016-11-25,alternative and punk;alternative rock;indie rock;punk;rock
2Xp13rqih9w9hBceyRHRpc,3cd724f2-d29b-46c9-8939-22eb57f4305f,,,,,Group,,GB,1987,2016-11-25,
1wWU1F0Lhu9x2geX2h4L0x,4d1b6ef0-3c9f-4cd2-825c-f7d7ee7e89a4,GBAFL8900001,1989-10-09,GB,4AD,Group,,GB,1987,2016-11-25,alternative rock;indie;rock;shoegaze;shoegazer
7tuRY10SatGBp3wRu6jusU,5194190e-14d8-46e5-8c45-c659e0572627,,1989-10-09,GB,4AD,Group,,GB,1987,2016-11-25,alternative rock;indie;punk;rock;shoegaze;shoegazer
4taZYuVqS3UcjVaJwoT5kD,1ec0f6ba-36e5-4779-a526-b47e2e6197a5,,1989-10-09,GB,4AD,Group,,GB,1987,2016-11-25,alternative and punk;alternative rock;indie;punk;rock;shoegaze;shoegazer
4l9fMz6MrDCVLFucfo963d,4a9b14b3-cf8b-4d00-b753-8c44d6bee45b,,,,,Group,,GB,1987,2016-11-25,
0TPwU1vgNoTaHo1OMH0oc5,6f545549-6073-4d42-96bf-4e67831c932a,,1989,GB,,Group,,GB,1987,2016-11-25,
6K7JkDuQgX8S2XD5qScYRQ,e735dd0d-2ab9-4308-8586-3e98ab571316,,1990,US,Reprise Records,Group,,GB,1987,2016-11-25,alternative and punk;alternative rock;britpop;indie;indie rock;punk;rock;shoegaze
5bwJQCgLvc9XmkmyYDOnnS,8f178c35-11b4-448f-b124-d319a87ea1ff,,1993,AU,,Group,,GB,1987,2016-11-25,
6zrL6etENCa2ZEwnPcxGkb,3717822a-4ce7-4e44-996f-40a5b1019eed,,1993,AU,,Group,,GB,1987,2016-11-25,
5zf44oXIsZhjERrAZWA3CM,7ea80dd8-f477-4621-bf20-99ee3124c04f,,1992,LT,Zona Records,Group,,GB,1987,2016-11-25,shoegazer
0kDwR4VIAIXpzKYg99dwhc,9829ae92-2429-4427-b542-bce3c23c6bd0,,,,,Group,,GB,1987,2016-11-25,
4YVHu7k0hMN7EQ4GWilPOy,38107a83-20df-44e9-a7c3-5d49740e7bfe,,,,,Group,,GB,1987,2016-11-25,
2Fq7EkgIuXr3mzoZXJyRSn,3e94945e-5721-455b-9c69-7078dd39966e,,,,,Group,,GB,1987,2016-11-25,
2ojberQOPGUP9KMdOWiuSE,c4201a8d-a0c9-4b20-9a1d-780e05b80dc2,GBAFL9200098,1992,US,Reprise Records,Group,,GB,1987,2016-11-25,shoegazer
5BoaTuNIh0kN3yoOg74aak,50481590-1c4e-42a3-b631-f69e3e529698,GBAFL9200089,1992,BE,Play It Again Sam,Group,,GB,1987,2016-11-25,shoegazer
0kmHykwvMUIeZqFzt3QiZp,771b5955-4c2d-49c3-899f-e326ddb6a939,,1992,CA,4AD,Group,,GB,1987,2016-11-25,shoegazer
5C65OgUEiHF0ujNvgFRbFD,fbefb99e-2ca3-438a-b43c-c3a565e2131f,,1992,CA,4AD,Group,,GB,1987,2016-11-25,shoegazer
6kqOxGGY8PTUOaiK6J5tmG,15987017-63b3-4ffc-ad95-fc5f2a064bf4,GBAFL9200102,1992,CA,4AD,Group,,GB,1987,2016-11-25,
6agRMf0Wps2cw59fppsYKH,9c3092d9-6377-42e9-82f8-a00e96be948d,,1992,IT,Kiss the Stone,Group,,GB,1987,2016-11-25,alternative rock;indie;rock;shoegazer
34JwLGY5weiR3bUoqt8fZr,80569b98-5ef4-4d65-8986-6ad161ebafad,,1994,ES,Caroline Records España,Group,,GB,1987,2016-11-25,
1qAa04pjsqQTl2xGB3l2mw,6fcc65db-e4ec-43ef-9450-4a8681b1e926,GBAFL2100402;GBAFL9400105,1994,GB,4AD,Group,,GB,1987,2016-11-25,alternative rock;britpop;indie;indie rock;punk;rock;shoegaze
4UkJazCaXFLf5zTDjWnNrz,be86f8bd-72a0-4069-ae40-6b54ee6e582f,,,,,Group,,GB,1987,2016-11-25,alternative rock;indie;rock
2V3amBvWTifrtkujbs8bzr,53c3745b-e01d-4914-9100-ffbf7d2b25f1,GBAFL2100404,1994,GB,4AD,Group,,GB,1987,2016-11-25,britpop;indie;indie rock;punk;rock;shoegaze
7HUALt3lxXFQL6JhjWxFWz,3d5e4645-5e67-4d7c-a9b1-1a24b90d0b7b,,,,,Group,,GB,1987,2016-11-25,
1pThuJLma6Yd30OaNqALCn,6bc42e35-4c57-4603-888f-bde2368760eb,GBAFL2100407;GBAFL9400001,1994,GB,4AD,Group,,GB,1987,2016-11-25,alternative rock;britpop;indie;indie rock;punk;rock;shoegaze
5YF0Ndutn6jZur4YEEqFyS,439323f2-9e60-4c46-a690-5c43edd40ee9,GBAFL2100408,1994,GB,4AD,Group,,GB,1987,2016-11-25,alternative rock;britpop;indie rock;punk;rock;shoegaze
3kmVjwZgOn7MGBvAnermTc,bc85ec51-4e86-4fec-a8d3-cf60221a1c97,GBAFL2100409,1994,CA,PolyGram,Group,,GB,1987,2016-11-25,britpop;indie;indie rock;punk;rock;shoegaze;soft rock
2vWYQH8YRnRgBRpmQdn8Ef,15b03896-5169-4eed-a560-c4145578ba2c,GBAFL2100410,1994,GB,4AD,Group,,GB,1987,2016-11-25,alternative rock;britpop;indie;indie rock;punk;rock;shoegaze
24E9dPBsf3c3BNpX2RH5iV,40c8a84f-12c2-4559-9813-f2b602e9e8c2,GBAFL2100411,1994,NL,Play It Again Sam,Group,,GB,1987,2016-11-25,britpop;indie;indie rock;punk;rock;shoegaze
1rekKuNoaufKQf9OwdqbDS,d305f24b-4570-4688-baaa-de61bd13f15a,,1995,IT,Insect Records,Group,,GB,1987,2016-11-25,
2tMwSqWDsnVRhAIvbhHaTl,5f4a6a05-752f-44e1-a505-eac82c7e8653,GBAFL2100413;GBAFL9400108,1994,GB,4AD,Group,,GB,1987,2016-11-25,britpop;indie rock;noise pop;punk;rock;shoegaze
5Spepb3tkndyhhQLgr2jpL,b2dc4d61-8cfe-4438-8db4-ebbe47730f73,GBAFL9600001,1996,AU,Shock,Group,,GB,1987,2016-11-25,alternative and punk;alternative rock;britpop;indie;indie rock;pop rock;rock;shoegaze
6n1zTcEkVzKUV1qcOQ4QIm,990926dd-b1ea-4c8d-bd12-2f6908579539,GBAFL9600002,1996,CA,4AD,Group,,GB,1987,2016-11-25,alternative and punk;alternative rock;britpop;indie rock;pop;pop rock;punk;rock;shoegaze
31fCdHyWK7QJMJGjV2gOee,bc20fb23-de1a-4ec6-8103-32e0de274d88,GBAFL9600003,1996,US,Reprise Records,Group,,GB,1987,2016-11-25,alternative rock;britpop;indie rock;pop;pop rock;punk;rock;shoegaze
0Rb1kJluBo3yd7nfkl78yA,1014ba6f-c9e4-40b6-bca2-539732865178,GBAFL9600004,1996,AU,Cortex,Group,,GB,1987,2016-11-25,alternative rock;britpop;indie;indie rock;pop rock;punk;rock;shoegaze
0UzsFjWCsdYzPSWPYBWa6t,42b69bb5-9018-4f7b-8e4b-ec6782f65b90,GBAFL9600005,1996,CA,4AD,Group,,GB,1987,2016-11-25,alternative rock;britpop;indie;indie rock;pop rock;punk;rock;shoegaze
4hVDL3opoZM3r8UiP90IHp,c09276f2-c982-4397-bfa5-fb2efed86da2,,,,,Group,,GB,1987,2016-11-25,
1qA85f4y2thsPFL0TakxVN,2279d190-1d8d-4714-9a9f-97d17666990c,GBAFL9600007;GBAFL9600070,1996,CA,4AD,Group,,GB,1987,2016-11-25,alternative rock;britpop;indie;indie rock;pop rock;punk;rock;shoegaze
4VpyViJK9t6cwrRqVcr4Jr,b156521f-ec0c-467b-ab4d-3dc08324229e,GBAFL9600008,1996,CA,4AD,Group,,GB,1987,2016-11-25,alternative and punk;alternative rock;britpop;indie rock;pop rock;punk;rock;shoegaze
4GGfAM5e2eJ3QFH6VHMIXo,7eb64efa-6b4c-4452-812a-dcfcdcb33ec5,GBAFL9600009,1996,DE,Rough Trade Germany,Group,,GB,1987,2016-11-25,alternative and punk;alternative rock;britpop;indie;indie rock;pop rock;punk;rock;shoegaze
6s0tQNN3GMfIlgvcbpp7vU,71e2ad8a-73ed-4eaf-8794-3defe0dab25f,GBAFL9600010,1996,DE,Rough Trade Germany,Group,,GB,1987,2016-11-25,alternative and punk;alternative rock;britpop;indie rock;pop rock;punk;rock;shoegaze
1HYSYhxsbBweZF5oaQRtQm,64e7f0c5-a9ec-42c5-98dd-c3a3901dba85,,1994,US,Reprise Records;Warner Bros. Records,Group,,GB,1987,2016-11-25,
2mzh9kabao54H5RMZZ3fOI,c819a941-1cce-4493-9d20-84aff8164c05,GBAFL9600012,1996,CA,4AD,Group,,GB,1987,2016-11-25,alternative rock;britpop;indie rock;pop rock;punk;rock;shoegaze
30Y9OTR7fOzu0Bpbo3kcdk,5eef6f17-bf5e-4745-b904-a4f388d5b091,,1996,AU,Cortex,Group,,GB,1987,2016-11-25,alternative rock;indie;rock;shoegaze
4xFHKWq58nf7gi0tV1Lsw6,e0b93bab-d3fe-481e-8f2b-c7cc99b6cd8f,,1996,CA,PolyGram,Group,,GB,1987,2016-11-25,
0hp2DhKrFE804O5o67RyAv,db3659cf-88ee-45d6-95e1-1f610f6a2cc5,,1996,ES,Caroline Records,Group,,GB,1987,2016-11-25,britpop;power pop;rock;shoegaze
1cX1aKY10FgbO0Y7FF05yM,29899601-3369-42b7-9978-69d29c0e237b,,1996,CA,PolyGram,Group,,GB,1987,2016-11-25,
5i73opYP0gDmWR5KGvAKwf,a4fc66f0-1ae7-4e72-a339-6804d7121a57,,1996,CA,PolyGram,Group,,GB,1987,2016-11-25,
2FyrkSNUoOEnavMFgih3XZ,d3c7607d-a4b0-4a53-9144-d7098ae94fa2,,1996,CA,PolyGram,Group,,GB,1987,2016-11-25,
1lPhuM7Y94I9kyNH65Ef4G,c968efdf-7d35-47e9-8676-801b3286e2e3,,1996,CA,PolyGram,Group,,GB,1987,2016-11-25,
2k7hUYbQOcsnU5M4ISxNGw,caa77389-b89a-4aba-babe-71708c5c3bc9,,1996,CA,PolyGram,Group,,GB,1987,2016-11-25,
5oRkiTS1jcegpVcZ3dcmQt,1b19d9f2-924b-4036-9853-c9de86a63d69,,1996,CA,PolyGram,Group,,GB,1987,2016-11-25,
2rSh2SBzxw2lHymS5jE0uC,65dbc7c7-d0a8-46ef-8d87-80bd8976a6ce,,1996,CA,PolyGram,Group,,GB,1987,2016-11-25,
4KfEBhdyu2GywDDWraZhtf,aa3c63d3-bc16-4a21-a318-1d70cbe0fa9e,,1996,CA,PolyGram,Group,,GB,1987,2016-11-25,
5Rz7WIGDRcU9ADpe3CCOWv,6cee8e9f-0b53-4c59-a509-2da88c9792ca,GBARL2201497,2022-06-30,,Sony Music CG,Group,,GB,1986,,cover
0TLSscVXAwa1TkUO3l3fRY,7471ee6c-c483-4591-91d1-3ddf0c64f88b,GBARL2201486,2022-06-30,,Sony Music CG,Group,,GB,1986,,cover
0rn2PuJNknty7zgEOqV32h,6caab11c-d734-46f6-847a-3932b5a0a4bf,GBARL2201487,2022-06-30,,Sony Music CG,Group,,GB,1986,,cover
2JCehb7oTGfVJfbPYJQFwX,884d489b-1125-4831-90f7-4382ac8249af,GBARL2201488,2012-08,GB,Q,Group,,GB,1986,,cover
6vHgrHJOYwCeSF8BqTLsBn,832c4300-9e99-44f9-b42e-65c3a39422c9,GBARL2201491,2006-03-27,IE,Yesboyicecream,Group,,GB,1986,,cover
0I8ISiKJzfefkNEFohmUsS,de8ef1fa-8af0-4831-a584-8c73757d5295,GBARL2201606,2022-07-05,,Sony Music CG,Group,,GB,1986,,cover
0okmGr69a15FjKKizftm3S,c778b04d-3974-4e8c-8b71-3e2387859fbe,GBARL2201605,2011-10-13,GB,Columbia,Group,,GB,1986,,cover
59Ba8tQVhTHQNFTR1pQKEf,31af62b2-afd2-4f5a-a6c7-da57194d0d17,GBARL1201418;GBBBM9200008,1992,XE,Columbia,Group,,GB,1986,,alternative rock;britpop;indie;indie rock;pop;punk;rock
446aUpgX8qrjJlcL9sprdH,c7522cde-2f91-4dff-85c0-6d9d2b144d46,GBARL1201419;GBBBM9202028,1992,XE,Columbia,Group,,GB,1986,,alternative rock;britpop;indie;punk;rock
4N5QoXtyzWuLhPGAFneHE9,031c0bf5-f951-4854-9f7d-fe612536744d,GBARL1201420;GBBBM9202029,1992,XE,Columbia,Group,,GB,1986,,alternative rock;indie;indie rock;punk;rock
7agAgK8nZc535r8Xj1jmKw,bf399026-9f76-4a01-b33f-058747029659,,2002-08-18,GB,[no label],Group,,GB,1986,,
6L9yqWp0rDzPiUGyYz0Duv,aed43e08-0be4-45e3-9248-4e9570f4e8cd,,1992-08-21,JP,Epic Records,Group,,GB,1986,,
6zBIghuTkaMAfA8su78orF,f9a5c7e7-48cd-4aaa-b802-212fb2b57573,,2011-10-31,GB,Columbia,Group,,GB,1986,,music video
2Cr9XhJDCID8vSig4SFP8T,fa4f12da-cfde-4aa9-9612-1ed04499995b,,1992,SE,Epic,Group,,GB,1986,,
1bwZQVjuFMQ5QJEmbXLEtA,d81732c7-64e4-4f5d-aa8f-cf067a7d5734,GBARL1201425;GBBBM9202030,1992,XE,Columbia,Group,,GB,1986,,alternative rock;indie;punk;remix;rock
71teitp5ve5L5aYUaXs7z0,2b1cfa69-250a-45f6-9434-41ffbdce0e01,GBARL1201426;GBBBM9202031,1992,XE,Columbia,Group,,GB,1986,,alternative rock;indie;punk;re-recording;rock
6Yxj74WQGcnGJfkRJ0sH3X,89c8c140-817d-4d4f-be25-759928e3e0d4,GBARL1201427;GBBBM9202032,1992,US,Columbia,Group,,GB,1986,,alternative rock;indie;punk;rock
2TZx21BPjOIomRBkwLC1Sc,f23317df-52f4-46ae-a4a3-6f74f7d41a31,GBARL1300861,2013-09-16,GB,Columbia,Group,,GB,1986,,
5qXSUPwNUtqHgsGhjBlNMl,b473f81c-0ba4-403c-9e66-d9f7edae3740,GBARL1201429;GBBBM9202033,1992,XE,Columbia,Group,,GB,1986,,alternative rock;indie;punk;rock
1VbsRkNmZYtCOOM0eI76ko,cc158fa1-5bdf-4f5f-b346-d6eae1bffa04,,1992-08-21,JP,Epic Records,Group,,GB,1986,,
2jWfM1jD8OV0hOAz2W5dcr,46eaaf52-cdd5-46ef-9a5f-c0b4486ec3dc,GBARL1201431;GBBBM9202034,1992,XE,Columbia,Group,,GB,1986,,alternative rock;indie;punk;re-recording;rock
047PvdtKV7wqwiuyZV09Ou,81fa18e7-956b-4fc6-b1e5-1b5529d9fa53,GBARL1201432;GBBBM9202035,1992,XE,Columbia,Group,,GB,1986,,alternative rock;britpop;cover;indie;punk;rock
67CXH1PWtjACZe3Mnh8TKk,9128c16f-eeb2-4c59-9626-38f9fa19be0c,GBARL1201433;GBBBM9201241,1992,XE,Columbia,Group,,GB,1986,,alternative rock;indie;punk;rock
4EigtMZvabfRszkiaIYaS9,8e2e9985-8a96-457c-a262-c8ae1993a157,GBARL1201434;GBBBM9202036,1992,XE,Columbia,Group,,GB,1986,,alternative rock;punk;rock
1wHa5858b44SKZ7DRZU0RU,a42a5aae-3715-4ba0-8f17-cbf5289d23b8,GBARL1201435;GBBBM9202037,1992,XE,Columbia,Group,,GB,1986,,alternative rock;indie;punk;rock
7sElDsT29acDJE8SDWd8Ej,f1841966-e074-4104-95d5-1152c5c6ce13,,2002-12-07,GB,Temple of Sound,Group,,GB,1986,,
1Lk9x2LkNhfbtHell2nbaZ,a20d70dd-8cc1-46a1-a0fe-226e534d9c93,GBARL2000023;GBBBN9302013,1993,GB,Columbia,Group,,GB,1986,,alternative rock;indie;punk;rock
0xvx6wzrE4ECseylimFK12,57440209-e6a9-45f0-b8c9-ece2f958993d,,2022-11-20,,,Group,,GB,1986,,
6rVUFjCgGQGNvIYkNuyOCw,af0913a0-0dfd-4aaf-ad9b-d65ad00687af,,2002-12-04,GB,,Group,,GB,1986,,
7khWc7MdIAVwTlMIbJDUIT,67417f40-b4ee-4204-a009-ef1fba5d90f8,,,,,Group,,GB,1986,,
6F4qJ1qvF1V3h4iCrgwKAo,c381e45b-7815-4256-b021-cdc29cedf5bd,GBARL2000026;GBBBN9302016,1993,GB,Columbia,Group,,GB,1986,,alternative rock;britpop;indie;punk;rock
1O1QtvJ3kWAu4t10Yzek9V,7175efec-f478-4442-95c1-40c619b992d9,GBBBM0400144,1994-08-01,GB,Epic,Group,,GB,1986,,alternative rock;rock
4p8rxrS9kEtkmDg9Iy7hkU,89e380f4-31ee-4a12-b44d-77d59fc21398,GBARL2000030;GBBBN9302020,1993,AU,Columbia,Group,,GB,1986,,alternative rock;britpop;indie rock;punk;rock
7DiYE1DFlsalYp4VYJiiTy,5880f0d3-9ea1-4bcc-9ef9-2f4a7830f1ce,GBARL2000032;GBBBN9302022,1993,AU,Columbia,Group,,GB,1986,,alternative rock;britpop;indie rock;punk;rock
6TdZr8mwMiIelI5nHPdXXv,c103f2cb-b2cf-4f20-90fe-119e18f813a0,GBARL2000031;GBBBN9302021,1993,GB,Columbia,Group,,GB,1986,,alternative rock;britpop;indie;punk;rock
3wOgIt9nhRHfpPKghBQajK,903ad99c-1b7c-4d8b-a106-999a3c23e698,,1996-07-19,GB,[no label],Group,,GB,1986,,
4leTxM4sHw3sKFu1gbxHg7,8dd39bac-3a1e-425a-a5cd-5172cd7fccf1,,2001-03-28,GB,[no label],Group,,GB,1986,,
4BZqDPZhPdvl89zuWKjPLa,a23c1836-fa3e-4ede-ba6b-334db1ad6ef9,GBARL1401470;GBBBN0401013,1994,CA,Epic,Group,,GB,1986,,alternative;alternative rock;indie rock;rock
4wanOUhMrCw8IEmRCz8AKZ,ca1304e1-f04c-4472-b413-0c9fe99316f1,GBARL1401432;GBBBN0401001,1994-08-29,GB,Epic,Group,,GB,1986,,alternative;alternative pop/rock;alternative rock;britpop;dark;haunting;indie;punk;rock;welsh
0sHo31GszCLb2c6mNYToHQ,f4494bb6-ad8d-4411-9871-a8599d44a3dd,GBARL1100957;GBARL1401429;GBBBN0400998,1994-08-29,GB,Epic,Group,,GB,1986,,alternative;alternative pop/rock;alternative rock;britpop;dark;indie rock;pop;punk;rock;welsh
4fI41CLoCeszy2VKMb4QJS,d39e1030-b65c-4b45-b3e2-2b227a9411db,,2000,GB,SMV Enterprises,Group,,GB,1986,,
3ntbm3NOxtIlLjUjavqmAO,7f1956b4-d5b6-475f-9840-e74476c096a6,GBARL1401473;GBBBN0401016,1994,CA,Epic,Group,,GB,1986,,alternative;alternative rock;rock
0RalH408nZLSUmeFLmnRtz,ee40eb61-9660-4656-9abb-610c0b3d88c0,GBARL1100956;GBARL1401431;GBBBN0401000,1994,DE,Sony Music,Group,,GB,1986,,alternative;alternative pop/rock;alternative rock;britpop;dark;hard rock;indie rock;intense;pop;punk;rock;upbeat;welsh
6Zfws1tobpoCmkxyRe52wD,e183e624-2f27-4f0f-8b34-517c79429c81,,2004,GB,BBC Radio International,Group,,GB,1986,,
5JZ1ZkfSh2AC9Jrh3uXgXh,ffd33d1f-ae5e-4ac3-a90b-eaec3f489321,GBARL1401476;GBBBN0401021,1994,CA,Epic,Group,,GB,1986,,alternative rock;indie;rock
5Ed5qoaVRWpMaUbCeRJJId,7b6c2078-528a-4837-a47f-0758798381df,,1995-06-13,GB,Volume,Group,,GB,1986,,
4MQC0bJ45JeaadOveVvOsZ,62577398-1015-4e63-bd17-fa328eaa52d7,GBBBM9402087,1994-06-06,GB,Epic,Group,,GB,1986,,alternative rock;britpop;indie rock;pop rock;punk;rock
2I7AQiijIRQAMIhWj0vOm7,9a32f7ee-06eb-492e-9247-03bea825f2c2,GBARL1401437;GBBBN0401006,1994-08-29,GB,Epic,Group,,GB,1986,,alternative;alternative pop/rock;alternative rock;britpop;dark;haunting;indie rock;melancholy;post-punk;punk;rock;welsh
2HwON96D8XSQLwRvCzn5rQ,b224828e-6d5e-4d71-accf-cba97dc97e85,GBBBM0400143,1994-08-01,GB,Epic,Group,,GB,1986,,alternative rock;rock
7uHVnRQ3hZGeKZdNcXVVc4,2ea87e6b-0797-4ac0-8f31-293609e102fe,GBBBM0400150,1994-10-03,GB,Epic,Group,,GB,1986,,alternative rock;britpop;rock
2qDlFmzUaHRY7Gwg2KORUv,2b64407d-a601-4299-bc41-1fd1f5c64211,GBARL0601126,2009-03-27,GB,Sony Music,Group,,GB,1986,,
31EPqgLmzv1Pr7W4C7P8iD,ff394fdb-4d32-4d28-abb1-21b0362d82a9,GBARL0601133,2009-03-27,GB,Sony Music,Group,,GB,1986,,
1muJcTyEzWHDIt1HStNieL,56ea053f-e054-4086-8f97-ea20e210bf80,GBARL0601115,2006-11-06,GB,Sony BMG Music Entertainment,Group,,GB,1986,,alternative rock;indie;indie rock;rock
1SZlRFC8nclt6sakXyFpD0,4ba0a9b8-8eed-404f-97c3-369ef178654d,GBARL0601127;GBBBM9602053,1996,,Epic,Group,,GB,1986,,alternative rock;pop;pop rock;punk;rock
6RiOT1laslR4QxVXndB7tK,bcbc51bb-ba14-4c0e-a5b1-c80aade6d79c,,1996,DE,Epic,Group,,GB,1986,,
6bQHGuqFsLLOfwJZrGSNCY,ca68461d-dc3f-416d-935d-c56213805068,GBARL0601129,2009-03-27,GB,Sony Music,Group,,GB,1986,,
0PZniRQo3Zd6zFh4BYvAiI,710ebfca-dfc7-471e-a07f-72288e1e6f2b,,1996,DE,Epic,Group,,GB,1986,,
5As3K7EOXM5LYL9A35FzD6,1f65956c-2e14-4aba-a4c7-de3f0ff60305,GBARL0601132,2009-03-27,GB,Sony Music,Group,,GB,1986,,
6uj5Z7m6QvFwbWhbQbCGS5,69508c7b-fcab-4536-992e-1ee2461a2a2e,GBARL0601134,1996-09-30,GB,Epic,Group,,GB,1986,,alternative rock;rock
4a71tCQWhmRTgDMRj4xhle,8c92bcf4-0182-40f1-b4ad-22631ca724fc,GBARL0601135,2009-03-27,GB,Sony Music,Group,,GB,1986,,
7txhAI4QJagj4ZWjYsv7Rt,77f0541c-4e1e-4791-8722-6922b9885d1c,GBARL0601136,2009-03-27,GB,Sony Music,Group,,GB,1986,,
3djnJx2lPjWRBSmCYjJXo2,7110f25d-293d-47ba-9ff4-d8e4680f669f,GBARL0601128,1996,,Epic,Group,,GB,1986,,alternative rock;big beat;breaks;electronic;indie;punk;rock;synth-pop
3Mr7jrNciZqnAFUOQuicUl,4a8afcea-21b6-4a3b-8134-522973ec3fce,GBARL0601124,2009-03-27,GB,Sony Music,Group,,GB,1986,,
69YIDUXe2PjKRtinNri6S6,62b7a372-eb2b-4169-9c0e-f72aff8c87c2,GBARL0601137,2006-11-06,GB,Sony BMG Music Entertainment,Group,,GB,1986,,alternative rock;rock
0hvn8GWnmECHQZaaF4kQYW,6ebea095-d7ea-4ecf-987a-32426c6fc1a5,GBARL0601125,2009-03-27,GB,Sony Music,Group,,GB,1986,,
6QN0JoTCJktAjVbikvUva2,145834e1-944d-4d5e-8461-79d35152ac14,,2000,GB,SMV Enterprises,Group,,GB,1986,,
6uh0GkTcRMd38Yhm356YDA,0696a415-aec3-4481-ae86-f075a4d8041e,GBARL0601099;GBARL1501663;GBBBM9600009;GBBBN0009106,1996,GB,Epic,Group,,GB,1986,,alternative;alternative pop/rock;alternative rock;britpop;haunting;heartbreaking;indie;melancholy;punk;rock
0mX3QD1FSB6a55vDmS78kZ,eb5eb30f-bd3a-484d-849a-dc1d506b7d1a,,1997,GB,,Group,,GB,1986,,
1zsbdNmMTUxG3h6Bx763un,6173dd92-7f9c-497d-a4cf-9115cc9148ea,GBARL0601101;GBARL1501665;GBBBM9600011;GBBBN0009107,1996,GB,Epic,Group,,GB,1986,,alternative;alternative pop/rock;alternative rock;britpop;chill;haunting;heartbreaking;indie;melancholy;punk;rock
0KPCCsHdhNeEDQoTFblyQH,3c2695f5-d5e5-4fec-8abf-30c8d74d340f,,1997-05-24,,,Group,,GB,1986,,
4XKTF0ZMSeMPI3smmCz2f5,c3f363a6-55ad-47b5-9dbd-f2b15f16e57d,GBARL0601105;GBARL1501669;GBBBM9600015;GBBBN0009104,1996,GB,Epic,Group,,GB,1986,,alternative;alternative pop/rock;alternative rock;britpop;haunting;heartbreaking;indie;melancholy;punk;rock
49VZ4VsE6GhVfDAYHeySgP,f172936e-4c72-461f-8302-978c080b0efa,GBARL0601106;GBARL1501670;GBBBM9600016;GBBBN0009352,1996,GB,Epic,Group,,GB,1986,,alternative;alternative pop/rock;alternative punk;alternative rock;britpop;haunting;heartbreaking;melancholy;punk;rock
4L86Us0bgO34gGrj07fku6,97553a9d-3409-4887-b8f2-59715b14d64b,,2001,GB,[no label],Group,,GB,1986,,
0CqXAc0u2YX0aGaLig37XV,513a0410-2af2-4701-8306-d1ade9e16ac2,,,,,Group,,GB,1986,,
5fIsucl4E3XE2wdtXAJn0y,d3d18ff9-4ec8-4f2c-a361-95a614e0bdfe,GBARL1100963;GBARL1801302;GBBBM9802038,1998,FR,Epic,Group,,GB,1986,,alternative;alternative rock;britpop;indie;indie rock;pop;punk;rock
5ZS8PQ9gJmIxTK1y4IVoVJ,26dbbbab-90f6-4bdd-8a89-ed9db421fd9c,,2011-10-31,GB,Columbia,Group,,GB,1986,,music video
1O3QBBqvg7oPQPp0VBdHnM,93ec4923-89ea-45a7-b541-856903eaafe3,,2002-12-06,GB,,Group,,GB,1986,,
518yDJZDf0KQnLrr27Eepx,e3244060-60ae-420f-9663-e2720215fda8,GBARL1801305;GBBBM9802042,1998,XE,Epic,Group,,GB,1986,,alternative;alternative rock;britpop;punk;rock
7nqw4SD55orY7KQKXJX4rl,42f939e5-d74d-4481-afdf-3a76fde52032,,,,,Group,,GB,1986,,
6wxSMXE7EtwHicOA2j97Wc,4d0819fd-b744-4b9c-b415-c38907691547,GBARL1801309;GBBBM9802039,1998,XE,Epic,Group,,GB,1986,,alternative;alternative rock;britpop;punk;rock;soft rock
3yrbTH3Gul43mx0RpTYhwv,75099063-602d-4848-95ba-d3bd3aeab5a9,GBARL1801312;GBBBM9802040,1998,BE,Sony Music Media,Group,,GB,1986,,alternative;alternative rock;punk;rock
5v4stFnPLy7pb1PA1TN6kx,a1d42369-fd32-4b9c-9421-05c4b9eb3108,GBARL1801308;GBBBM9802036,1998,XE,Epic,Group,,GB,1986,,alternative;alternative rock;britpop;punk;rock
6BVtUXRknMq9oiOq79Weju,090e459b-26f2-4bc0-bced-64d6f4ce7481,GBARL1801311;GBBBM9802052,1998,XE,Epic,Group,,GB,1986,,alternative;alternative rock;britpop;indie rock;punk;rock
7nkxszwPVQ4ktOiCE6bdd4,8cb6e3f8-7d71-41ac-b78b-38dc29370da8,GBARL1801402;GBBBM9802049,1998,XE,Epic,Group,,GB,1986,,alternative;alternative rock;britpop;punk;rock
7pKTGwJFHrg9gqEuGhBWV5,1359df84-9253-4a46-b8a7-e471cdf6fabe,GBARL1801310;GBBBM9802043,1998,XE,Epic,Group,,GB,1986,,alternative;alternative rock;britpop;indie;punk;rock
0SwNFfDkGtCdPqT0ATCT2d,74267dc8-9e6c-4c91-a441-903143885835,GBARL1801314;GBBBM9802041,1998,GB,Epic,Group,,GB,1986,,alternative;alternative rock;britpop;indie;punk;rock
0dCu53T79eWwmLJgfWqLZZ,4c290ee2-1cf4-41f7-9ef7-2625dba95986,GBARL1100968;GBBBM0002254,2001,GB,Epic,Group,,GB,1986,,alternative;alternative rock;britpop;indie;indie rock;pop;punk;rock
6ISmQ7CmgalecSshTE8NfX,158d6952-9ca9-4c87-9074-d1cf1e2a669d,GBBBM0102011,2001,GB,Epic,Group,,GB,1986,,alternative;alternative rock;british indie rock pop;britpop;indie rock;punk;rock
3xMNULMS3OX25fzafo1Ezx,6e9c598b-29b0-404e-9269-d72927ff1551,GBBBM0102007,2001,GB,Epic,Group,,GB,1986,,alternative;alternative rock;britpop;indie rock;punk;rock
3WztKOeGVmCyuwmm08s5mn,2b0a47ce-9c9a-42a5-bbba-d2753edb9739,,2001-11-26,GB,Virgin;Circa Records;Virgin TV,Group,,GB,1986,,
2p7rXqA65rWBPBwqavTK9k,fa7657bd-ec88-4a4c-b4d3-fa39da6dcbaf,,2002-01-21,GB,Universal Music TV,Group,,GB,1986,,
3hSRz7vCtwIqFrmxHPXPK3,e8eb2bf5-5a86-4dcf-a94f-06c66671294e,GBARL2200547,2022-09-09,XE,Columbia,Group,,GB,1986,,
3ZtI6lo1MUx7i8grETU41e,664f2503-eec4-4b12-ac17-baad99f3e49d,GBBBM0102010,2001,GB,Epic,Group,,GB,1986,,alternative;alternative rock;indie;indie rock;punk;rock
254TAmOsA4qY4JOZD3nYJN,39bea3c2-916e-4061-a7d2-fa5275aa9bce,GBARL2200575,2022-09-09,XE,Columbia,Group,,GB,1986,,
4nIukNXYAoacpBh9TqR1M6,979f7b5c-eb2c-4b83-a98c-8991a55436c5,GBBBM0102013,2001,GB,Epic,Group,,GB,1986,,alternative;alternative rock;britpop;indie rock;punk;rock
0KOHIID4za7sCOH3Lh80AR,38d767de-d819-48b6-955e-689db2947cfe,GBARL2200556,2022-09-09,XE,Columbia,Group,,GB,1986,,
7IxYjmJ0eDQTzqQkbk4jhd,6fdf0645-9611-415c-aa7b-76c77a14df93,GBBBM0102009,2001,GB,Epic,Group,,GB,1986,,alternative;alternative rock;indie;indie rock;punk;rock
0VhbNg7f6nHHrHgQ3IhgJx,b97db5d1-4ba6-4496-ac57-fed62f84c4c1,GBBBM0102014,2001,GB,Epic,Group,,GB,1986,,alternative;alternative rock;britpop;indie rock;punk;rock
6i83u0cdCbnVT6IrCXzATv,3cb623b5-ec2a-40f3-a5c4-d67f87d12212,GBARL2200928;GBBBM0102005,2001,GB,Epic,Group,,GB,1986,,alternative;alternative rock;britpop;indie;indie rock;punk;rock
5uWDnwfEsskDgybLqfaE8r,2d1791d6-5910-4310-9ad2-dac2149ef096,GBBBM0102012,2001,GB,Epic,Group,,GB,1986,,alternative;alternative rock;indie rock;punk;rock
2F3Qgm73SN10TsPTu0TJyP,d0b3fdd4-203c-4b3d-8392-ef2a4db0c578,,2001-09-24,GB,Epic,Group,,GB,1986,,
2SfMgueBnqfzBGM4WHdym3,ed795689-3412-4b68-b376-58c62c42890b,,2001-03-07,GB,[no label],Group,,GB,1986,,
5Jen8OQdBLujxmzKyOZWuc,a0a94f1d-fa69-4a94-991a-ea417e6c5550,GBBBM0102020,2001-03-14,JP,Epic Records,Group,,GB,1986,,britpop;indie rock;pop;pop rock;rock
78V2kcPJmwsWCht9lpCsEK,d6b7912c-0ff4-4f7e-9703-c3bfc1e59574,GBARL2200570,2022-09-09,XE,Columbia,Group,,GB,1986,,
4JNz2B12rkk88uoFyHPImB,a28aafe9-aacd-473a-952e-3b325b576988,GBARL1100972;GBARL2301392;GBBBN0400978,2004,GB,Sony Music UK,Group,,GB,1986,,alternative rock;britpop;indie rock;pop;rock
4wDgSz33gLEog03CBrTpg0,bc364991-24f7-4322-831e-a5d95d7d9b6c,GBARL2301396;GBBBN0400981,2004-10-20,JP,Epic Records International,Group,,GB,1986,,alternative rock;indie rock;rock
6b606ParqRiSSoPYMpPKYR,5f6d645e-4312-4d98-a878-66c26cc669a7,GBARL2301391;GBBBN0400989,2004-10-20,JP,Epic Records International,Group,,GB,1986,,alternative rock;indie;indie rock;rock
7cYRdniDrUjZJTRNsVGuuT,2ac0acc4-6f8a-4523-bd02-2792adc2b36a,GBBBN0401205,2005-01-10,GB,Sony Music UK,Group,,GB,1986,,
4ubH7Bd6Xg0CrsvmlnAWPH,8f30eb71-7778-4c9b-86dd-b473390aaeda,,,,,Group,,GB,1986,,visualizer
7FnU3VkRD2bpkqQllXjug9,7ba2eb6c-917b-43e7-ab16-f79fdec6fd81,GBARL2301395;GBBBN0400979,2004-10-20,JP,Epic Records International,Group,,GB,1986,,alternative rock;britpop;indie rock;rock
48OrDkWQSJB9o8Bpdm74xm,3b6dded2-91df-4683-b519-8ed1129b0729,GBARL2301400;GBBBN0400988,2004-10-20,JP,Epic Records International,Group,,GB,1986,,alternative rock;indie;indie rock;rock
4mjODTjDCQdIxAo1kT0iiV,cbc85b2a-2c99-4813-891e-7c0c9c26a2e1,GBARL2301397;GBBBN0400985,2004-10-20,JP,Epic Records International,Group,,GB,1986,,alternative rock;indie rock;rock
4degehy5yWazlxP1tzH1QH,a5951e6c-49b2-42f9-ac43-1c168a394db0,GBARL2301398;GBBBN0400987,2004-10-20,JP,Epic Records International,Group,,GB,1986,,alternative rock;britpop;indie rock;rock
6E9sEykE4VaIzLzMnNgfDg,cb42f358-cf2c-49b7-b9b0-9ead3086d90a,GBARL2301399;GBBBN0400983,2004-10-20,JP,Epic Records International,Group,,GB,1986,,alternative rock;britpop;indie;indie rock;rock
1SylCJI2pHEXC1GO3cd9iR,999fafbb-4fb0-4730-8588-fb4233c70038,GBARL2301402;GBBBN0400986,2004-10-20,JP,Epic Records International,Group,,GB,1986,,alternative rock;britpop;indie rock;rock
0rgDn2tNlyVqdl9ItoMUNd,d750d49f-07df-4142-bc50-de12d292d1b1,GBARL2301401;GBBBN0400984,2004-10-20,JP,Epic Records International,Group,,GB,1986,,alternative rock;indie rock;rock;soft rock
2wpP9VRrMDfQqYyHwV6cZw,523bcb6d-5410-4455-bcff-da5ecdac1712,GBARL0700050;GBARL1700103,2007,ZA,Sony BMG Music Entertainment,Group,,GB,1986,,alternative rock;brit pop;britpop;pop;punk;rock
0zSqn8RG87pg3rMrLd2d4W,e3e0b2b6-d0db-4bd5-89ee-7a1cf1d753aa,GBARL0700051,2007,ZA,Sony BMG Music Entertainment,Group,,GB,1986,,alternative rock;brit pop;britpop;pop;punk;rock
2Ms3JT7IBpn6ASgIdDGUZm,75e55e8b-2e57-4155-ab1b-04aabcd8c767,,2007,GB,Music Factory,Group,,GB,1986,,
0ngBchFJBzgX4TUCFOO10Q,14954970-9040-40ac-8d8e-1bcb8ad0bfc7,GBARL0700053,2007-10-01,GB,Columbia,Group,,GB,1986,,alternative rock;britpop;indie rock;rock
3FsNBTdFPemAkH7RkaPlym,c1a3de48-00d1-4344-b3b5-7300eff92716,GBARL0700054;GBARL1700107,2007,ZA,Sony BMG Music Entertainment,Group,,GB,1986,,alternative rock;brit pop;britpop;pop;punk;rock
4PtjG8SQJLjJHkcay6AQKf,d1687223-a699-41fc-9591-3f9f62c05584,GBARL0700055;GBARL1700108,2007,ZA,Sony BMG Music Entertainment,Group,,GB,1986,,alternative rock;brit pop;britpop;pop;punk;rock
2xkZgMXJYEdjpFrEZ3yfaB,45267eba-6a5b-4a7d-8a06-f19015595268,,2022-11-20,,,Group,,GB,1986,,
0iQoBjSxJ1riFNrRzIPYrg,3feb6dfa-7632-4c41-8117-090e7a93fcb0,GBARL0700057;GBARL1700110,2007,ZA,Sony BMG Music Entertainment,Group,,GB,1986,,alternative rock;brit pop;britpop;pop;punk;rock
0757ctxwmB1kOtLGx3YHoX,cce52af2-c659-4a52-8736-6fb46f78d674,GBARL0700058;GBARL1700111,2007,ZA,Sony BMG Music Entertainment,Group,,GB,1986,,alternative rock;brit pop;britpop;indie;pop;punk;rock
2CY7uv4GSmBTp2IJYOlWnM,fff74caf-9b22-4d10-a6a0-1278e7cb74bb,GBARL0700059;GBARL1700112,2007,AR,Sony BMG Music Entertainment,Group,,GB,1986,,alternative rock;britpop;pop;rock
7cvoFTB2uYU1fDtymYu8V2,e727ac19-ff97-4775-9ca5-9a66ef8674de,GBARL0900141,2009,US,Columbia,Group,,GB,1986,,alternative rock;hard rock;indie;indie rock;punk;rock
23q1pibB8CJCboLqZtRDCf,16576d59-fca8-4681-8153-de8b562eb68c,GBARL0900142,2009,US,Columbia,Group,,GB,1986,,alternative rock;britpop;indie rock;pop;punk;rock
5C55En2nGvC80MCjWMV8bu,5d6b00b9-8458-45c1-b3d1-2d6e1732418a,GBARL0900143,2009,US,Columbia,Group,,GB,1986,,alternative rock;britpop;hard rock;indie rock;punk;rock
1AGSLggDJ085dYOZr9UgNR,0e496bd2-1abe-453e-b720-fade26178dac,GBARL0900144,2009,US,Columbia,Group,,GB,1986,,alternative rock;britpop;hard rock;indie;indie rock;punk;rock
75ENedsbGH4aFjRLIKVMPK,1b09551c-a72f-4d4e-9cf7-65435762dba7,GBARL0900145,2009,US,Columbia,Group,,GB,1986,,alternative rock;hard rock;indie rock;punk;rock
6LC8T7kclOSebn8j0Ejics,12415547-43cc-43a6-9228-7b52e10d4cee,GBARL0901057,2009-09-15,CA,Columbia,Group,,GB,1986,,edit
2SZkDkRzG929gZ3ZiEWyvb,1f2271ac-8b8e-469c-a90d-3ca73343a165,GBARL0900146,2009,US,Columbia,Group,,GB,1986,,alternative rock;hard rock;indie rock;punk;rock
1QjlvffY8IsgMFMD8OEBt5,7679ccc4-ef8b-4a23-a867-1fb55bef8759,GBARL0900150,2009,US,Columbia,Group,,GB,1986,,alternative rock;hard rock;indie rock;punk;rock
2gpBhoXeXzrJX4mVqncd5u,76bbe417-8537-473e-bac9-211aea053e19,GBARL0900147,2009,US,Columbia,Group,,GB,1986,,alternative rock;britpop;hard rock;indie rock;punk;rock
6J6HMtapbg3f7fbNYVilwF,19aa6a86-c3c9-44c0-aab1-4447f6797e80,GBARL0900151,2009,US,Columbia,Group,,GB,1986,,alternative rock;hard rock;indie rock;punk;rock
11uahFdb1wiVsxg7k3BdVX,6e05b06d-d12c-41bd-9856-53c310321288,GBARL0900149,2009,US,Columbia,Group,,GB,1986,,alternative rock;britpop;hard rock;indie rock;punk;rock
14NxAYPgKAZoW1iwQqoAUf,691c91d2-208e-4335-8d23-5379a11e63da,GBARL0900152,2009,US,Columbia,Group,,GB,1986,,alternative rock;hard rock;indie;indie rock;rock
1vw2eIrv2zJ4uZEqTSF9a7,a6dac0ac-5a88-462c-8b44-85f2f2a285d4,GBARL0900391,2009,US,Columbia,Group,,GB,1986,,alternative rock;hard rock;indie;indie rock;pop;rock
6Aiv4hBXWW4oloWYlCEHvy,d8846afc-9add-442d-a01b-bb66a6e35ce1,GBARL1000817;GBARL1100979,2010,SE,,Group,,GB,1986,,alternative rock;british indie rock/pop;britpop;indie rock;pop;rock
7u18aGet1l6zppNCfNQiPU,48e98578-5e0d-475d-8313-ef32c844ab57,,2011-10-31,GB,Columbia,Group,,GB,1986,,music video
6CYOFQqU3jsLVniaJRtKzm,b83c05e2-5585-416a-b790-ce860bf0104c,GBARL1000824,2010-09-20,GB,Columbia,Group,,GB,1986,,alternative rock;indie rock;rock
1JcSkCP6SV7Ns0YRX6mjbT,0c5edead-4f11-4163-b1e8-45dcabd734ef,,2011-10-31,GB,Columbia,Group,,GB,1986,,music video
1yDCcXm2GOXTZjJ8UlVQPY,22393e41-d073-4f64-bbcc-85851d0f8383,GBARL1000820,2010-09-20,GB,Columbia,Group,,GB,1986,,alternative rock;british indie rock/pop;indie rock;rock
4I506fwzDlp4DAKesLfpyi,ae6caeae-e954-4698-92c2-5f6a19add9c6,GBARL1000821,2010-09-20,GB,Columbia,Group,,GB,1986,,alternative rock;indie rock;rock
0oN1xdHqs7pb65So3ndCxe,f4aac890-5a23-4e6e-ac4f-1710a7b22238,GBARL1000822,2010-09-20,GB,Columbia,Group,,GB,1986,,alternative rock;british indie rock/pop;indie rock;rock
3DyWkF6Lzxvl8FXCtWQ2vP,9600f1f6-7f0f-4b4a-a259-dc2884385cc3,GBARL1000823,2010-09-20,GB,Columbia,Group,,GB,1986,,alternative rock;indie rock;rock
5McVuYQIn4A3P1x2VYZXFb,0e5bb57e-50ae-494c-80b4-114e88cd7ab3,GBARL1000825,2010-09-20,GB,Columbia,Group,,GB,1986,,alternative rock;indie rock;rock
0X5rpsJ1paeudrrz6yrHup,4d60dda3-cb50-496b-a2f8-47885fe91772,GBARL1000826,2010-09-20,GB,Columbia,Group,,GB,1986,,alternative rock;british indie rock/pop;indie rock;rock
0eSga4XPLmRT7FKJkOELhS,0be3568f-ad7a-42d9-943d-149eebe05b09,GBARL1000976,2010-09-20,GB,Columbia,Group,,GB,1986,,demo;indie rock;rock
10cVPCwLrROAwJrKga4g8K,0a3d1257-c155-468b-8423-be216c4cbcf2,GBARL1000828,2010-09-20,GB,Columbia,Group,,GB,1986,,alternative rock;britpop;indie;indie rock;rock
1zGE6B3aBDbRg3LNH1qsjw,f5a99110-ad2d-4c40-8acf-01d8a7b67a1f,GBARL1001009,2010-09-22,JP,Sony Music Japan International Inc.,Group,,GB,1986,,
2fqgFCJpqJ8KFzkxq5QRF1,ceb0fa81-f0c6-43ea-b61d-6990563f9c68,GBARL1001010,2010-09-22,JP,Sony Music Japan International Inc.,Group,,GB,1986,,
3Vf88PGkMxy2lWszTd3wk2,d7b7ffc3-deca-416f-956a-c6a182efdd7d,GBARL1300809,2013,XE,Columbia,Group,,GB,1986,,acoustic rock;alternative rock;indie rock;rock
7ynvXCLdbzFfeOsyx2URX9,fe3969b5-f9c8-4c4f-bcf7-887f399422d3,GBARL1300808,2013,XE,Columbia,Group,,GB,1986,,acoustic rock;alternative rock;indie rock;rock
6HPAdYh05ZO85qUfshjw1M,ed4c68bc-409f-4f70-812f-c45c4af72a39,GBARL1300810,2013,XE,Columbia,Group,,GB,1986,,acoustic rock;alternative rock;indie rock;rock
5DLWJSfmBKZ6iRPXQGK7Fx,a90b1787-1321-43a8-a298-f733d25baed9,GBARL1300814,2013,XE,Columbia,Group,,GB,1986,,acoustic rock;alternative rock;indie rock;rock
71RX2kNwxHeZ7sslGbUub0,470debee-8825-483b-a7dd-d09b917da1b4,GBARL1300812,2013,XE,Columbia,Group,,GB,1986,,acoustic rock;alternative rock;indie rock;rock
6YkqCfHhyRweym5YamMm06,ab9f0a88-bcf0-4077-9fcf-c47171f28b3b,GBARL1300813,2013,XE,Columbia,Group,,GB,1986,,acoustic rock;alternative rock;britpop;indie rock;rock
5qsQDlKuKKeVrilxEGWq3G,a8282218-4b2f-40c8-91b9-944d0dc8b542,GBARL1300811,2013,XE,Columbia,Group,,GB,1986,,acoustic rock;alternative rock;britpop;indie rock;rock
5vwC9yW7adNobhthVbdqCm,05b796e6-789f-4a20-a87f-ca19231dd956,GBARL1300815,2013,XE,Columbia,Group,,GB,1986,,acoustic rock;alternative rock;britpop;indie rock;rock
6cWe2bqujgXuyJZA8qmPUZ,ec9e79c0-fc5b-42fd-8653-2948ecac44a4,GBARL1300816,2013,XE,Columbia,Group,,GB,1986,,acoustic rock;alternative rock;indie rock;rock
4r2gREaj9YiVV7OAwvBPDE,25dc3ba2-fc4c-45bc-92e7-5fb08b12da4f,GBARL1300819,2013,XE,Columbia,Group,,GB,1986,,acoustic rock;alternative rock;britpop;indie rock;rock
0nRqvf2jm507vHMWMsL5nN,d84f386d-4485-49f2-bff9-3f2e2bf64a36,GBARL1300817,2013,XE,Columbia,Group,,GB,1986,,acoustic rock;alternative rock;britpop;indie rock;rock
622OgJTVuuZiowiX6suL2Q,84629675-d0e7-4845-9595-5ab553c3fdf9,GBARL1300818,2013,XE,Columbia,Group,,GB,1986,,acoustic rock;alternative rock;indie rock;instrumental;rock
5GXwfiCwLiaxU6RygfOY28,46cd2453-89f5-49ba-aed3-7e451c58636b,GBARL1400223,2014,XE,Columbia,Group,,GB,1986,,alternative rock;rock
0AGnJzCq1MDTgbbBI55tPt,1a280e97-cab0-4765-9565-592a22d9cf27,GBARL1400257,2014,XE,Columbia,Group,,GB,1986,,alternative rock;rock
7mHzn47C38tAEjBA153YVP,fc8abf5a-4a0c-4b4b-ac5c-1caa01fa8f30,GBARL1400258,2014,XE,Columbia,Group,,GB,1986,,alternative rock;rock
5c9sZXGUpQVLT3QghOBwJz,9ad2e2ce-d02c-4aa3-b52d-e693f424764e,GBARL1400259,2014,XE,Columbia,Group,,GB,1986,,alternative rock;rock
6OdN64GztupOYNmszR0dpq,8859f800-c65e-49a8-b513-76551da366ac,GBARL1400273,2014-07-04,DE,Columbia,Group,,GB,1986,,alternative rock;rock
0zhUmpuYAzijO2K9vxqiyR,2b667ddb-0404-4723-b939-f0ab095aff0c,GBARL1400261,2014,XE,Columbia,Group,,GB,1986,,alternative rock;rock
7kznosC4c7uU5OgSBLqQ3r,32450971-c33c-4a95-8b60-98eb6bee0d96,GBARL1400262,2014,XE,Columbia,Group,,GB,1986,,alternative rock;rock
5On6MWzHP2f65ejPfXDcGQ,e8df84cb-c917-4fc4-be7a-7baadacccc83,GBARL1400263,2014,XE,Columbia,Group,,GB,1986,,alternative rock;instrumental;rock
4e0MothkbjleMhcvqCDUiy,29cfdd8e-f294-45e3-af88-4c09db889b5d,GBARL1400264,2014,XE,Columbia,Group,,GB,1986,,alternative rock;post-punk;rock
52L26YGKXm7dPwkQWxpTga,69cfe53f-e50a-4276-ab3b-4cae2f6f67bc,GBARL1400278,2014-07-04,DE,Columbia,Group,,GB,1986,,alternative rock;rock
1Vq5TUcitTwlb2yOpUmvrP,fb34f445-70a0-435a-a993-01a398cba0ac,GBARL1400266,2014,XE,Columbia,Group,,GB,1986,,alternative rock;rock
2Epxyw4w8LdiE49v2RtviQ,3db6b162-df59-44d4-aac6-7f4ded8cf050,GBARL1400267,2014,XE,Columbia,Group,,GB,1986,,indie rock;rock
4KqmWLddnXu60qpI9LCKO5,8bf45a66-564c-4bc6-a934-83c12ab3f4e2,GBARL1400268,2014,XE,Columbia,Group,,GB,1986,,alternative rock;rock
1Vi7Diq7u2RBgTRSOAKQgm,e36dd200-1cf3-4a60-b175-57eaa881eb3a,GBARL1702165,2017-12-08,XW,Columbia,Group,,GB,1986,,
47zaDP1ycAe75JHLNDgaUe,6e3a3609-2f82-4acb-831c-43ec28738ba2,GBARL1702301,2018-04-13,US,Shornday Limited,Group,,GB,1986,,
0SuJEvig2vYsCGLA4lziIu,7531edcd-96c5-45f3-9996-1686d4b7b81a,GBARL1702303,2018-02-16,XW,Columbia,Group,,GB,1986,,
68L8s05DLPWaO44EfxGRtH,2f218fb6-f4c2-4bbe-85a8-6458f737385c,GBARL1702305,2018-03-09,XW,Columbia,Group,,GB,1986,,
52Nsv41OsGVKSvHIAoFf2f,0b49664c-afcb-4a67-9752-8e3411308bb9,GBARL1702308,2018-04-13,US,Shornday Limited,Group,,GB,1986,,
7oOELD9fD5UhXfKnDOQyEm,1c09b1d5-7167-41d9-92b0-3c30c3b137b7,GBARL1702304,2018-04-13,US,Shornday Limited,Group,,GB,1986,,
0xfgIPgJLvhX1GTQUxq7Lh,d1dddf80-d1e8-4a86-a9ea-0a4862ff9d82,GBARL1702306,2018-04-06,XW,Columbia,Group,,GB,1986,,
5dDrCUxPacs56kJGDoUYa0,2dfeae37-347d-4c3a-a06e-248141b97c69,GBARL1702307,2018-04-13,US,Shornday Limited,Group,,GB,1986,,
2xmizKwPCQVlOCOxDGSm3C,9134b717-9832-4746-85d6-8459e06e071b,GBARL1702309,2018-04-13,US,Shornday Limited,Group,,GB,1986,,
2UbJCb8sb4mZMtxizHCVuv,d949daa5-3e82-4b8a-ac69-0acc65ed2c91,GBARL1702311,2018-04-13,US,Shornday Limited,Group,,GB,1986,,
2IR7BXINfCNuclY1noPjMf,a433c6b2-8fe9-4488-b775-c2af543bfb4b,GBARL1702310,2018-04-13,US,Shornday Limited,Group,,GB,1986,,
6rlm5yTR0Rd4260tRmNQpR,b865c64e-f62e-45af-93eb-48d48a11e55c,GBARL1702312,2018-04-13,US,Shornday Limited,Group,,GB,1986,,
0PzE990Go3tn4D4VrXKk0o,576416bf-b83c-4ed0-b382-24088906febe,GBARL2100499,2021-09-10,XW,Columbia,Group,,GB,1986,,
5KbKTzDJUbrlgfbnRk860H,f6d70e2a-3202-4ccd-97e2-ac5610ba7ca8,GBARL2100459,2021-05-14,AF,Columbia,Group,,GB,1986,,
2Rc90eJBxuQLFa38bOo90i,9b926089-2c3b-43d0-92c7-2d061b85d224,GBARL2100512,2021-09-10,XE,Columbia,Group,,GB,1986,,demo
4NU47oyWlouZG4ix2mbWb2,034e6e7d-fe14-411f-9b03-f2548f50ce89,GBARL2100502,2021-09-10,XW,Columbia,Group,,GB,1986,,
08inpNc6uVqB4dir4mz6rV,07833947-82d0-4ef6-8325-cc5dc6c43402,GBARL2100503,2021-09-10,XW,Columbia,Group,,GB,1986,,
08dtxb72nIuMijVnbdmS0P,33644a62-1711-47b6-b280-599a7494f927,GBARL2100504,2021-09-10,XW,Columbia,Group,,GB,1986,,
7jiYjn0Eh5Lq9j3u1NTGsX,1fd328b7-2b04-4617-8cf9-f48b6472c92c,GBARL2100505,2021-09-10,XW,Columbia,Group,,GB,1986,,
51dgmJtO8ncyZChmkOwlVH,fd2a5071-6390-4841-95e5-d199e2acc37e,GBARL2100520,2021-09-10,XE,Columbia,Group,,GB,1986,,demo
7pIp6M6lMhtOwI8sQRDMet,78a727a5-79b4-47a4-b3bb-43c2a4882828,GBARL2100508,2021-09-10,XW,Columbia,Group,,GB,1986,,
1sVUE6DzGA7WU5rI2x4Dvc,cf37b24a-914f-4bdc-b525-babaa6bf3835,GBARL2100501,2021-09-10,XW,Columbia,Group,,GB,1986,,
01yTPlLri8xCPUd6QXb13Y,34798e36-6e28-4700-98be-056c95691adf,GBARL2100507,2021-09-10,XW,Columbia,Group,,GB,1986,,
3LbPketmpsepuhmsVDGsvX,9afe2157-c01b-4038-a0c4-661b887c2e26,GBARL2301408;GBBBN0401193,2005-01-10,GB,Sony Music UK,Group,,GB,1986,,
1YyNDBsu562DOOkbxZQDPd,6c9d4c34-3e9b-411b-ac6c-7241d2fbae2c,GBARL2301403;GBBBN0400993,2004-10-18,GB,Sony Music UK,Group,,GB,1986,,alternative rock;britpop;rock
5oJhcclm8RTJbJf3YeOy7o,60b0c56b-72de-4e2e-8aaa-60b226bbe46e,GBARL2301404;GBBBN0400992,2004-10-18,GB,Sony Music UK,Group,,GB,1986,,alternative rock;britpop;rock
7L6IuEJM0jJXb4j3gPFsbZ,081a6206-a2c2-4987-aaaf-5d37c3e26f59,GBARL2301414;GBBBN0401083,2004-10-20,JP,Epic Records International,Group,,GB,1986,,alternative rock;indie rock;rock
1gvJDSSHA4vXvf8F88vEYn,af9f3cde-3b46-4b7a-9ea6-a7840c945b7d,GBARL2301410;GBBBN0401195,2005-01-10,GB,Sony Music UK,Group,,GB,1986,,
3KT4zSSVgbYX1ZBJs9Hk5B,e9817ce7-2331-42ed-a3f1-e9561a9e0a20,GBARL2301405;GBBBN0400991,2004-10-18,GB,Sony Music UK,Group,,GB,1986,,alternative rock;britpop;rock
5GtvgS97DUoyBXIQ6axTlm,d73c47ca-8276-42dd-ac1f-3dd37a4f6ff2,GBARL0900232;GBARL2301407,2009-07-01,JP,Sony Records International,Group,,GB,1986,,alternative rock;indie rock;rock
6ZY8Lv6x0381fkzSIALuhV,c0610177-6605-4068-894b-5b798c72ecad,GBARL0900233;GBARL2301406,2004-10-18,GB,Sony Music UK,Group,,GB,1986,,alternative rock;britpop;indie rock;rock
6P8pvR99j5aQ7NsgnPbZmj,a148bc03-811d-4a50-a288-69d510c0a882,GBARL0900234;GBARL2301409,2009-07-01,JP,Sony Records International,Group,,GB,1986,,alternative rock;indie rock;rock
7F6QGsrYUDaxhIKIzMgpfu,6c8f8b25-912f-4f24-a0d9-3ee1f75d6085,GBARL0900235;GBARL2301411,2005-01-10,GB,Sony Music UK,Group,,GB,1986,,alternative rock;indie rock;instrumental;instrumental rock;rock
3YjyNrvyj503WEACFEL7qj,0a1053ef-2cd0-4c26-a3f0-a9825e742654,GBARL2301412;GBBBN0401196,2005-01-10,GB,Sony Music UK,Group,,GB,1986,,
1pJ06PMmjdb50IbjAfwtJj,117fdb44-d5f5-4730-8b99-e695a9695e75,GBARL2301413;GBBBN0401085,2004-10-20,JP,Epic Records International,Group,,GB,1986,,alternative rock;indie rock;rock
0XOZmsuI4JL6KK63RquX9M,4c7d70c3-6867-41fd-8388-d5f9f4bc19f0,GBARL2401770,2025-02-14,,Columbia,Group,,GB,1986,,dolby atmos
0Cxfp9zhoJAUpzxzvUPiuL,9bf09620-0a2d-46e3-9fb0-ca2e00bd217d,GBARL2401485,2025-02-14,,Columbia,Group,,GB,1986,,
35gP2erBk1fBOhs7BsY2UU,40cd4953-5e7b-4504-8dfd-00bd43576f35,GBARL2401509,2025-02-14,JP,Columbia,Group,,GB,1986,,
45KdvdyYm6pFNQOyepVUjS,dbb8218e-5ad3-4ebc-8ad8-45e2d9db04a8,GBARL2401487,2025-01-10,,Columbia,Group,,GB,1986,,
66qncZVw1lvr4fuqOoJHfc,3442c3f0-01a3-4979-b267-87418758ba9f,GBARL2401766,2025-01-31,,,Group,,GB,1986,,dolby atmos
37koFecSoI44RGHbMdjeFi,f469d661-16b1-490b-b3db-675dda5df4e1,,,,,Group,,GB,1986,,music video
1aqhDP3K8qzEtizjySemK3,887e010c-24f2-46e7-baa6-90b6f4c60242,GBARL2401488,2025-02-14,,Columbia,Group,,GB,1986,,
3BT6iSDxCymoy003NqoP4N,f6fa5b2b-64b9-44e8-bf10-909e1ab89211,GBARL2401769,2025-02-14,,Columbia,Group,,GB,1986,,dolby atmos
0QvCBzVzUL7KjjXlfO8RAh,783e1926-00bf-4f48-9054-172d1127d59d,GBARL2401771,2025-02-14,,Columbia,Group,,GB,1986,,dolby atmos
5LrwYVbkG269DOhtYZmGGo,89f4f10d-12dc-4cda-83e5-4cac7e422ae7,GBARL2401492,2025-02-14,,Columbia,Group,,GB,1986,,
1rMsv867No7HVl1DETkpOy,a02cb874-8d9e-4a4e-9884-23017717555e,GBARL2401773,2025-02-14,,Columbia,Group,,GB,1986,,dolby atmos
0rjhfpZzsbZGJGGagbc9aF,309fcffa-c059-4c57-84a4-7b4f38acd31d,GBARL2401774,2025-02-14,,Columbia,Group,,GB,1986,,dolby atmos
65VbL7MCcvmCK65uib9aX7,00b7755e-7256-4874-b489-a9e0c6170cb1,,1996,GB,Select,Group,,GB,1994-10,1998,
7GAOuv3jY2kBRiVmTm2dc8,fba087f7-a176-454b-80eb-5d2f35c89f26,GBAAP9500341,1995,US,London Records,Group,,GB,1994-10,1998,britpop;indie;indie rock;rock
3yza81qzTzpbBnm0DEN4iT,b3277b2b-d5d4-424c-91de-6a61465d6fb0,GBAAP9500342,1995,US,London Records,Group,,GB,1994-10,1998,britpop;indie;indie rock;pop;rock
1YEg4ho6MS5X6NQNxarvqU,14b87a5c-26ee-40fb-8cd4-73d66bf6a343,GBAAP9500343,1995,US,London Records,Group,,GB,1994-10,1998,britpop;indie;indie rock;rock
014Iv1iiaU5RGwqa2xiIct,76fa65f0-120d-4c2b-8cc4-555d5fbb2df3,,1995,US,,Group,,GB,1994-10,1998,
17brsZYiFRC3N0ZcHulpMv,53ca408c-ebb1-4f76-a65f-82257760083c,GBAAP9500345,1995,US,London Records,Group,,GB,1994-10,1998,britpop;indie;indie rock;rock
0vR2w25LuByFRD4icwFlkX,7b3893a3-139c-4f8b-9e9d-8f65994148d8,GBAAP9500346,1995,US,London Records,Group,,GB,1994-10,1998,britpop;indie;indie rock;rock
2lY8QHjITi1hYwHsAy9bd2,a280eb39-48d8-4056-bef6-6b9319a64b1e,GBAAP9500347,1995,US,London Records,Group,,GB,1994-10,1998,britpop;indie;indie rock;rock
4CLZxdFhmjVSKzmilwojrz,be542163-cd53-44f3-aa10-b4f7dcd03790,GBAAP9500348,1995,US,London Records,Group,,GB,1994-10,1998,britpop;indie;indie rock;rock
1sAsLJCC6wSsnT4Gf4Zt9F,7f67d6cd-0d1c-49db-a8c8-93b5fa150402,GBAAP9500349,1995,US,London Records,Group,,GB,1994-10,1998,britpop;indie;indie rock;rock
6ctu2jgQMqYJJQaZI1nSqz,c80d5748-427f-4b1b-a0c6-c9984dac53bb,GBAAP9500350,1995,US,London Records,Group,,GB,1994-10,1998,britpop;indie rock;rock
00uzcL7QZxLOR7Uc13aQE5,58f666cf-e2b7-4f59-892c-fa0f04b1a189,,2020-10-23,,Edsel,Group,,GB,1994-10,1998,
2RhxL0sHtdHUvx4ljwwoeR,550cbb05-6d6b-4d67-bef3-b6ab91cf77fa,,1996,JP,London Records,Group,,GB,1994-10,1998,
6YZgjTmdXbRNemJY6NXyqu,bd30c1b8-b8b0-432d-876f-1b4ee9ff7699,,1996,JP,London Records,Group,,GB,1994-10,1998,
07yhqHDDD9kQXAQ1cLqlK1,5f826bf3-5ee0-4b6d-b04c-eda2a26ab6f5,,1996,JP,London Records,Group,,GB,1994-10,1998,
7KsKFw5NO6tlbkS9nnbxKX,6f46984a-ac7e-45f7-959e-566f12fd6072,,1998-10-14,JP,Polydor,Group,,GB,1994-10,1998,
28rY4Xkhvr8C1NbNspHt91,682f7487-8752-4b21-be8c-4a4c04fe0f11,,1998-10-14,JP,Polydor,Group,,GB,1994-10,1998,
70oXaUA5C2OOiwnyJAWU60,0e5e99fb-0ce0-4250-ace8-b7991f4c4ae7,,1998-10-14,JP,Polydor,Group,,GB,1994-10,1998,
6LgMGE6S6s6db0LDVCjzkc,ba4b9347-6844-4dba-a231-476b383b7866,,1998-10-14,JP,Polydor,Group,,GB,1994-10,1998,
3MwpSAdJAFVN2WpQh2bEyE,82ca0cfd-0f73-42c3-bb6c-a6b57b12b63e,,1998-10-14,JP,Polydor,Group,,GB,1994-10,1998,
4fkBTxwLWeGxwsvoh64q1v,5f4149dc-00d8-411e-aa29-4c78f0cda632,,1998-10-14,JP,Polydor,Group,,GB,1994-10,1998,
4Wv8k8m1eUwBw0xCkBIe0v,ae58ddcd-c96a-4328-b074-be725813ed4a,,1998-10-14,JP,Polydor,Group,,GB,1994-10,1998,
5szZ1qrAHUvUwgkKCRf8iI,26cdc179-0c92-4a16-9775-854ee704b972,,1998-10-14,JP,Polydor,Group,,GB,1994-10,1998,
3x7EPbxzwIUbQe7K7DV5CJ,42c857c2-05fd-42d0-8154-22572fda6901,,1998-10-14,JP,Polydor,Group,,GB,1994-10,1998,
4jH7MDHhWLYVQ4uSRLcjo4,3b6f2149-8baa-4e79-862a-b15c5e69c8ef,,1998-10-14,JP,Polydor,Group,,GB,1994-10,1998,
0o5qT5LIismH9fvkS3u33i,4de3af7d-6969-43e7-b4b5-ffc8becbfb6e,,1996,GB,PolyGram TV,Group,,GB,1994-10,1998,
3qVpmRmSrbGbo2SRpYciS6,a1ec246d-a23c-4897-8bc7-33da2f6f4f0d,,2020-10-23,XW,,Group,,GB,1994-10,1998,
3ZpoRSKAemkzWkEKXL6DhA,e7c542f7-105c-4a95-9629-84c81b13b108,,2020-10-23,XW,,Group,,GB,1994-10,1998,
5iSQ2EV1R1Z68XB3QjuSQ7,9027ba43-84bb-457e-ba03-0c0989865810,,2020-10-23,XW,,Group,,GB,1994-10,1998,
16xMj03XfQIxd89JkBW6FQ,6f96c127-e6f3-42fb-9f69-6b682856e8ee,,2020-10-23,XW,,Group,,GB,1994-10,1998,
7KgP9wES7PuRjHLcY3eslO,c106abc3-c4f7-4db3-b424-41ee71e1016e,,2020-10-23,,Edsel,Group,,GB,1994-10,1998,
0BcLBdrOKnslZST8xncutX,ac5d10e5-53b9-4cfb-a8e2-e724d3da6fb4,,2020-10-23,XW,,Group,,GB,1994-10,1998,
30zEgej6dpmPaLffyL5TKR,cc26b216-e497-4510-bbbc-38feaa7ece67,,2020-10-23,XW,,Group,,GB,1994-10,1998,
2OkWy0lyrdZlA2VUshJlgG,2ed12418-24ec-47c6-9250-f03f9a8544fc,,2020-10-23,XW,,Group,,GB,1994-10,1998,
3CRisRi2xs10aBRb1mnB5J,379a1e1c-df04-45f6-9b95-21e7a6a07224,,2020-10-23,XW,,Group,,GB,1994-10,1998,
1Y5nmXdj2U364u8ex1DpDc,d0f548f1-03b7-4157-a216-d00b02e0fce7,,2020-10-23,XW,,Group,,GB,1994-10,1998,
5KIFCFgcJuSqW0txwr2gAs,b95175ab-9440-4b90-a85d-4d2ae018473b,,2020-10-23,XW,,Group,,GB,1994-10,1998,
46XAD1qS8iGwuE2HIW2NhP,2c719eb2-e396-41b5-9cf4-2aaa873f930d,,2020-10-23,XW,,Group,,GB,1994-10,1998,
3dKxt31V2r7KSaSPdOdLWy,2ddf5758-998f-4b78-bb0c-565ad89ff035,,1995,,Kobra Records,Group,,GB,1991,,
4yEdC88ck5sij3ldJgi37l,5f6bb48c-b2c3-4650-99a6-533afaf3915b,GB3999400150,2010-06-09,JP,Big Brother,Group,,GB,1991,,
0PQj3GPHKb0MB9GdLKFKFS,607cf252-e3e2-4939-98fa-05f1482cd812,,,,,Group,,GB,1991,,revival
2R8xuflBnHJCsA6geHT0PO,8fbfba23-f543-415d-aeb3-02b7614f8628,,1995,XE,Picture Music International,Group,,GB,1991,,
0NfKnIWgB8AsPIKF9QMzha,aaeeacfb-d542-440f-adfc-8b3f232d629a,,2005-05-31,US,,Group,,GB,1991,,alternative rock;britpop;indie;pop;rock
7nRb6KTjrjuUAb9KQR4KIF,6d3af4d6-b10c-4d4c-86b2-c92216119703,,1996,CZ,Oxygen,Group,,GB,1991,,
5E0JPr1Z7BvY4z7bDmrRQe,aacf0e4a-4bcd-4eff-a083-ba183e3d8c9e,,,,,Group,,GB,1991,,
2fWB7gPd1zVQSZAQClUjFM,d5a5fd61-de7b-465b-bc0a-ae7aa6d103d8,,1996-10-14,GB,SMV Enterprises,Group,,GB,1991,,
5wqbYtk1EBwAZKuuZnMKlF,fa66900c-f062-4314-8dd0-4a49a254d327,,1995,LU,Chelsea Records,Group,,GB,1991,,
2qJajJipc1tcXyCzCc6a4x,7509a829-44e5-427e-9651-7659c8425b3b,,2021-11-19,XW,Big Brother,Group,,GB,1991,,
12ZIA1XIlFxwMptsCrhFYE,265b7d25-e65a-45da-a27a-b55e627069a5,,,,,Group,,GB,1991,,
3ixTiPABjqkBKPocxq6oIe,6ecb934a-3bd7-4073-8dc9-a83207699337,,,,,Group,,GB,1991,,
79RUMZfMNMpqZnswovvTqv,6ba34914-6d1a-459f-845f-246f376582c4,,2000-11-24,US,,Group,,GB,1991,,
2UjLzxf4oYjHOVOBoVojlL,d64e43c6-dd16-4271-b768-29891d781533,,,,,Group,,GB,1991,,
08nqNn2aPDjIEHeiMZ39hH,101cc522-2ffb-4bc7-a87b-e4f1361d5830,,2002,JP,,Group,,GB,1991,,
3Byhgg2myPVhAHa60Oh4xM,6c664fb7-d652-499c-95ff-c99a6511cd8e,,1996,,,Group,,GB,1991,,
570GxciWuCiaGX6Yn6srNT,1aef090e-335d-4ea3-8284-6060ec321f76,GBAAW9500191;GBBQY9502004;GBQCP1400111;GBQCP1400151,1995,XE,Helter Skelter,Group,,GB,1991,,alternative;alternative pop/rock;alternative rock;alternative/indie rock;brit pop;british trad rock;britpop;pop;pop/rock;rock;rock & roll;rock music;shoegaze
6FBpIPlWYCQyXiJsmIDTOV,eaf5e4f6-a4d8-4599-b174-a86615c40415,,2008,GB,,Group,,GB,1991,,britpop;pop;rock
5idxI74LP1QrwcMEzw4hkP,ed29d3fc-a898-44be-8472-18eccdc22a13,,1996,,,Group,,GB,1991,,britpop;rock
3n2ujlr3mCscnFFpepXAIy,622e4994-6fb8-435c-a9c1-330fb0f026a8,,2021,XW,Viacom,Group,,GB,1991,,
05KqIX6uLMfirw5KkjRNTO,d86c5faf-23e1-472a-baa8-f3b75d2f0237,,,,,Group,,GB,1991,,
54wiqHqjmNj36dGk3elxN0,1652d259-7b63-451b-b57d-6fbd8187d249,,1996-03-09,GB,,Group,,GB,1991,,
0zxHSBTEKdH8CI3auJ7Jyc,3655a28d-858d-4ae7-8172-1fce1956b9f1,,1997,SE,Mr Music,Group,,GB,1991,,
5d3GTM2ynSLRHgDIdKVZ6Z,c8076a19-3573-4a38-9df3-f3666ee5f00f,,1997-12-14,XW,,Group,,GB,1991,,
0zi2KtA58cFVruffc35lHT,6ea8d2dd-40f8-4f37-9b26-3be5d878f11f,,1997,IT,RCA,Group,,GB,1991,,
7Ahfgm00h6Vbo3Z1bRbXcI,e931ac2d-c8a7-4434-8bb5-8eb9429a1734,GBBQY9700014;GBQCP1600018,1997,US,Epic,Group,,GB,1991,,alternative pop/rock;alternative rock;anthemic;brit pop;british trad rock;britpop;dense;epic;lush;neo-psychedelia;optimistic;pop;pop/rock;psychedelic;psychedelic pop;repetitive;rock;rock & roll;symphonic rock;uplifting;wall of sound
3FsbnzT1WGdKNemelAbbuX,486afc48-8646-4e92-88cc-39aef0243932,,1997,,,Group,,GB,1991,,
2hfblyLmXeUipmwcMYRhy1,0c30f90e-b766-43c9-b23e-4cf7f1f5ee9c,GBBQY9700010;GBQCP1600014,1997,AU,Creation Records,Group,,GB,1991,,alternative pop/rock;alternative rock;alternative/indie rock;brit pop;britannique;british trad rock;britpop;contemporary pop/rock;pop/rock;power pop;psychedelic rock;punk;rock;rock & roll;rock pop
6l9XHrJLlgMfYFWakmESJi,5c2e3599-067e-4d30-8c1e-f30343825529,GBQCP2100005,2021-11-19,GB,Big Brother,Group,,GB,1991,,
4qZMdbomTBFEUxmeCP7A9l,451e333f-0cfb-4d6e-978e-b5292db9bb0d,,1997-06-18,XW,,Group,,GB,1991,,
4vJq4bW0mSk8lUAkfvM3iG,5d5bf9f5-723c-45bb-9c34-e250b2dc76fb,,1997-12-17,GB,[no label],Group,,GB,1991,,
6Gg9k8F3p5b30IemvjrKi9,8408baa1-8d8d-4724-aad7-51e9ebd239b6,GBBQY9700007;GBQCP1600011,1997,AU,Creation Records,Group,,GB,1991,,alternative pop/rock;alternative rock;alternative/indie rock;brit pop;britannique;british trad rock;britpop;contemporary pop/rock;neo-psychedelia;pop/rock;punk;rock;rock & roll;rock pop
4CtuQUJzscEkaxKZuZ7PiJ,2f498a58-7d4e-4268-a600-c01723fcf7b2,,1997-09,GB,BBC Radio International;BBC Worldwide,Group,,GB,1991,,
61JFplRvSKha9QgJNpXVcQ,25c2f53a-dd91-45e9-b137-708ab60ac1d3,,2000,PT,Columbia,Group,,GB,1991,,
4GNqKY08LDjmXemf9IbVDt,34eb95f8-6790-43b1-9c1a-42db263de381,GBBQY9902011,2000,BE,Sony Music,Group,,GB,1991,,alienation;alternative pop/rock;bittersweet;britpop;dense;existential;introspective;melodic;neo-psychedelia;pop;post-britpop;psychedelic;rock;shoegazer
53K2TxjPF6pkQJMaqe52S4,74f6fedc-5c43-4670-8367-2ff55be2c1d5,GBBQY9902005,2000,US,Helter Skelter;Epic,Group,,GB,1991,,alternative dance;alternative rock;anthemic;baggy;big beat;brit pop;britpop;energetic;epic;hard rock;repetitive;rock;sampling;sexual;sound collage;spoken word
6P1Dtepq0BWIQR2wDXYVF3,18ed799c-0b8c-41c4-bca6-5889b014b699,,2000,JP,[no label],Group,,GB,1991,,
3bSEFbnwfSB3Yi94em8GEm,9c2e9325-805d-4d4e-8290-79c51c77d64a,,2002,TW,台灣索尼音樂娛樂股份有限公司,Group,,GB,1991,,
7rTuk7EqfV1meCxZQkucbM,cdad562a-8421-4471-9ddf-df6ae2a828f2,GBBQY9902013,2000,ZA,Helter Skelter,Group,,GB,1991,,alternative pop/rock;alternative/indie rock;brit pop;british trad rock;britpop;contemporary pop/rock;hard rock;pop/rock;rock;rock and roll;shoegazer
5wQ0JTCQNenWEFHMqtWKbm,e0eef52b-40e8-4a8d-95c0-a064afca4c5b,GBBQY9902008,2000,ZA,Helter Skelter,Group,,GB,1991,,alternative pop/rock;alternative/indie rock;brit pop;british trad rock;britpop;contemporary pop/rock;hard rock;indie;pop/rock;rock;rock and roll;shoegazer
1YuFGA9F6b6JYhKU0pXjRh,9e9279a2-1c86-4ff5-a3fd-6d802e111bef,GBBQY9902007,2000,ZA,Helter Skelter,Group,,GB,1991,,alternative pop/rock;alternative/indie rock;brit pop;british trad rock;britpop;contemporary pop/rock;hard rock;pop/rock;rock;rock and roll;shoegazer
3F7c6EpLGbEHCrAYpopm0m,21ff7e9b-e896-45b2-99eb-82fedccb34f4,,2000-01-31,,,Group,,GB,1991,,britpop;genre;rock
39zEbv4yDluDC2taZx680u,fbcb2001-ad9e-4666-98e9-52b83c1a0707,GBBQY9902012,2000,ZA,Helter Skelter,Group,,GB,1991,,alternative pop/rock;alternative/indie rock;brit pop;british trad rock;britpop;contemporary pop/rock;hard rock;pop/rock;rock;rock and roll;shoegazer
1IlyLCN86jiMbssPCzgBnG,4010f45e-0b84-4eb5-b01d-93b51a3202a6,,1996,IT,Kiss the Stone,Group,,GB,1991,,
2wCwYx1kk6aNSenKWu2tQn,10fa7a47-8270-4a0a-bcc6-2e78ec88d643,,2001-06,GB,Uncut,Group,,GB,1991,,
5Rz67qqWLKmi4tZlAja89a,46f5116c-d48a-4124-8399-c1e36074d418,,,,,Group,,GB,1991,,
7LpCbvQnh1x6SeSAiVp1xG,38d880de-1fc6-4596-87d6-cb5df5891002,GBBQY0202061,2002,TW,台灣索尼音樂娛樂股份有限公司,Group,,GB,1991,,alternative pop/rock;alternative/indie rock;brit pop;british trad rock;britpop;contemporary pop/rock;hard rock;indie;indie rock;pop;pop/rock;rock;rock & roll
1PeOGXr2qgg3cr0IFceot2,bb1db141-a54c-4e02-aaed-e62e7c581ad3,,2002,TW,台灣索尼音樂娛樂股份有限公司,Group,,GB,1991,,
2NhzOhdlLtBuA7T5ZmO5hG,6b55fd60-8d8a-44c0-92bd-54efb610b9ea,,2002,NL,Sony Music Media,Group,,GB,1991,,
1wFBBRJ218jmNIlB9q9oS4,e592e48d-6672-4549-bba9-e38024d7945c,,2008,GB,,Group,,GB,1991,,britpop;pop;rock
7z5nCHqqK6z94bTL7ItTlu,294ab5df-856e-4ebd-a4d6-30be4c096e2c,,2005-07,GB,,Group,,GB,1991,,
0WOsnMkSRGtSsqO7XNwl0O,4a483882-796b-48d9-8956-2a28644ea7ae,GBBQY0202065,2002,AU,Sony Music,Group,,GB,1991,,alternative pop/rock;alternative/indie rock;brit pop;british trad rock;britpop;contemporary pop/rock;hard rock;indie rock;instrumental;pop;pop/rock;rock;rock & roll
3FAEhl7NDelHtkFNLxAH5V,614f50bf-e1d1-47fd-8872-6682fd750dc1,,,,,Group,,GB,1991,,
1BSJVQ4Q52gwUA6Y2fTgAI,5d962890-fb47-4db7-ac93-9c4576037594,GBBQY0202067,2002,AU,Sony Music,Group,,GB,1991,,alternative pop/rock;alternative rock;alternative/indie rock;brit pop;british trad rock;britpop;contemporary pop/rock;hard rock;indie;indie rock;pop;pop/rock;rock;rock & roll;rock and roll
6l2qjQCx80pXCu3PkCRe4B,2cc15125-2e5c-42e1-9cc8-f5b23796452b,GBBQY0202068,2002,AU,Sony Music,Group,,GB,1991,,alternative pop/rock;alternative/indie rock;brit pop;british trad rock;britpop;contemporary pop/rock;hard rock;indie rock;pop;pop/rock;rock;rock & roll
6r3bSOXTuirL6SIdu251Df,6d22d751-6cdf-40c3-9c32-b2bbe2a6dd25,GBQCP2000033,2010,AR,Sony Music;Big Brother,Group,,GB,1991,,
4tLq2tgqn1ozdMwt1rmcIr,390af50a-3d95-498a-84cf-7f7e480d3c60,,2005-11-28,GB,New Musical Express;Universal Music TV,Group,,GB,1991,,alternative rock;indie;rock
7l2mOp0Xje25VwilLdqFXb,01176de5-60fc-4037-832f-5b53d0e41da0,,2007-10-29,GB,Big Brother,Group,,GB,1991,,
26IGFgeenfHYk2nLVvavgO,7a5c2e7d-59fb-4644-9eaf-832a7814da30,,2007-10-29,GB,Big Brother,Group,,GB,1991,,
55OJ3pcoBXbVgTANuCbL5F,ebccfd6f-a096-46d9-af4f-ab4c48020081,GBBQY0500096,2005,CA,Epic,Group,,GB,1991,,alternative pop/rock;alternative rock;alternative/indie rock;brit pop;british trad rock;britpop;contemporary pop/rock;hard rock;pop;pop/rock;punk;rock
5BhubtCZQs9lwM6OJIO3dF,84f63447-fc39-43ed-945e-3f2ee7c1fd16,,2007-10-29,GB,Big Brother,Group,,GB,1991,,
77lx00su7nLZVUrCOH3fv0,52af6f52-089c-49ab-b700-4d6ca24adbd6,,2005,,,Group,,GB,1991,,
0YNiAnTL8YoQsbQxz45VHv,c1fa45b8-99c7-465a-aaf0-024c5fa0fc0b,,2005,,,Group,,GB,1991,,
0v6e3IbzNv6tuYaxJupAM1,c6767f45-fba6-48b9-8778-6593dfbec831,GBBQY0500095,2005,CA,Epic,Group,,GB,1991,,alternative pop/rock;alternative rock;alternative/indie rock;brit pop;british trad rock;britpop;contemporary pop/rock;hard rock;pop;pop/rock;punk;rock
1hSOSPrSFTLPIC792X0xFD,5a88ebbf-35e8-4683-b5e5-4b41dbf2be58,,2005-05-25,IT,The Godfatherecords,Group,,GB,1991,,
6JCS3ZGbrEMDmXzPnz74zU,b1701ffa-fe36-475a-8527-ea0fd13a203e,,2007-10-29,GB,Big Brother,Group,,GB,1991,,
2kfIGtU59KKoMpSuMDKDAG,e5686ad6-536e-4aa3-ab94-dcca6f46483d,GBQCP0800002,2008,ZA,Big Brother,Group,,GB,1991,,brit pop;britpop;indie rock;pop rock;rock
2Y9WDziUo09SY9NI0zhls6,b4f97522-88ea-4334-87f5-d5fe2ebbdf79,GBQCP0800003,2008,ZA,Big Brother,Group,,GB,1991,,alternative rock;brit pop;britpop;indie rock;madchester;pop rock;rock
28CKz2ueWn8tIcalRQQwdK,2b343b68-0c4a-4d56-b328-27c8caa380da,,2009,XW,[no label],Group,,GB,1991,,
36IPioEV4kO2ljjO1cupWX,7c1d34cd-cbea-4356-9a10-2e2b1a8246f4,,2008,BE,Universal Music Belgium,Group,,GB,1991,,
3znKsIYYHbrpzuMTtnm9wf,7dc7ee3c-abe0-4de0-b31f-7f7103d5c033,GBQCP2000038,2025-06-13,AL,Big Brother,Group,,GB,1991,,
3s1NOBKeyysOM1tpXPTKoR,933e0d84-af14-4d84-8e2e-a27abff2a38b,GBQCP0800007,2008,ZA,Big Brother,Group,,GB,1991,,alternative rock;brit pop;britpop;indie;indie rock;pop rock;rock
36DEaOuL66U4u4DpR7lgj4,b74bec0c-1d49-4a22-94e9-9371805975a1,,2008,GB,,Group,,GB,1991,,britpop;indie;pop;rock
75vXzp1f5OYFc0sDxTFB9Q,d6238403-5080-4ce0-b7f0-62c8b5c8befa,,,,,Group,,GB,1991,,
73IGsKq4gnSVfANY4GzO6f,c9e93c54-0cc0-4edf-809d-f0496c3dd8ea,GBQCP0800010,2008,ZA,Big Brother,Group,,GB,1991,,brit pop;britpop;indie rock;pop rock;rock
4LScmQqsBiQsAKr4aqH88l,8e53cb1d-c11a-4a7f-ae75-1915c172a3da,GBQCP0800011,2008,ZA,Big Brother,Group,,GB,1991,,brit pop;britpop;indie;indie rock;pop rock;rock
4c1YPfILOCOl9ByDBZaMtq,d67b3fa6-361c-4853-b22e-7cbdef2967fd,GBQCP0800012,2008,ZA,Big Brother,Group,,GB,1991,,alternative rock;brit pop;britpop;indie rock;pop rock;rock
5NtuKLR7VhHSFbT1lkAtrw,38817d63-ebc2-4288-8528-d8cd43b18a1d,GB3999400290,2010-06-09,JP,Big Brother,Group,,GB,1991,,
4nxLCMQplLSozaNlpYnCkg,141537bb-6c65-4784-9f7e-eb0942603538,,2008,GB,,Group,,GB,1991,,britpop;pop;rock
2M97Aw7I48Hu3JQwdswi39,34121088-be30-4305-bbe8-1dbca46499d9,,2023,GB,Sony Music,Person,Male,GB,1958-05-25,,
0kYjJXklze12GceFq4Xb7f,30d7599e-433f-40a0-a3c9-c877593fd88f,GBAQT9600260;GBUM70913191,1992,US,London Records;Go! Discs,Person,Male,GB,1958-05-25,,alternative rock;brit pop;electronic;indie rock;jazz;leftfield;mod;pop;power pop;psychedelic rock;rock;singer-songwriter;smooth jazz;soul
6rQWiaaIIVJ3hQK9DnSEkv,e2a1106a-9ca2-4637-b18e-526119abd374,GBAAN0080064,1992,US,London Records;Go! Discs,Person,Male,GB,1958-05-25,,alternative rock;electronic;indie rock;jazz;leftfield;mod;psychedelic rock;punk;rock;singer-songwriter;smooth jazz;soul
1V2NbFrzcuvSGxRkQTnaOt,022762a7-a0f6-4768-ac15-350bfb5522e5,GBAAN0080062,1992,US,London Records;Go! Discs,Person,Male,GB,1958-05-25,,alternative rock;electronic;indie rock;jazz;leftfield;mod;psychedelic rock;punk;rock;smooth jazz;soul
3FibyndYuFLblTnWbPocgl,30e69f9f-fe79-47f1-81c4-6ca5cad6ae20,GBAAN0080063,1992,US,London Records;Go! Discs,Person,Male,GB,1958-05-25,,alternative rock;art rock;electronic;indie rock;jazz;leftfield;mod;psychedelic rock;punk;rock;smooth jazz;soul
4BUoLWlAXYlzD95uA29vSZ,9c99278c-a755-46aa-ac19-0f07c1d1ba3a,GBAAN0080066,1992,US,London Records;Go! Discs,Person,Male,GB,1958-05-25,,alternative rock;electronic;indie rock;jazz;leftfield;mod;psychedelic rock;punk;rock;smooth jazz;soul
7CHMaEaRqgG7JLnLP5YFy9,08aec3fe-a5af-4697-80dc-a868f16c5b8d,GBAAN0080071,1992,US,London Records;Go! Discs,Person,Male,GB,1958-05-25,,alternative rock;electronic;indie rock;jazz;leftfield;mod;psychedelic rock;punk;rock;singer-songwriter;smooth jazz;soul
30wB4QgDHxxL9aRLnnbBp5,740f392b-339b-49f2-a770-9b74f105e718,GBAAN0080072,1992,US,London Records;Go! Discs,Person,Male,GB,1958-05-25,,alternative rock;electronic;indie rock;jazz;leftfield;mod;pop;psychedelic rock;punk;rock;singer-songwriter;smooth jazz;soul
3VchZNVTETPH4QHbf1MioX,5b534746-c8b6-4423-9222-7a35ba1e761c,GBAAN0080073,1992,US,London Records;Go! Discs,Person,Male,GB,1958-05-25,,alternative rock;electronic;indie rock;jazz;leftfield;mod;psychedelic rock;punk;rock;singer-songwriter;smooth jazz;soul
3Bg2hCiXR6U3EPg6f1RhdM,3eeaa992-fcb3-4354-a06d-b23100b55600,,1992,US,London Records;Go! Discs,Person,Male,GB,1958-05-25,,alternative rock;downtempo;electronic;indie rock;jazz;leftfield;mod;psychedelic rock;punk;rock;smooth jazz;soul;trip hop
1vtAtehgyFcTh9wSc0EE8k,00d4a319-0c45-45e8-bfc5-cc6a89057f5c,GBAAN0080074,1992,US,London Records;Go! Discs,Person,Male,GB,1958-05-25,,alternative rock;electronic;indie rock;jazz;leftfield;mod;psychedelic rock;punk;rock;smooth jazz;soul
79Uhf1utbFuvsxbzK0sms9,467ae41c-2602-44d0-a009-3cfa4c1336a0,,2003-10-20,GB,Family Recordings,Person,Male,GB,1958-05-25,,
1LEGtuvjcOpScn3LH6ogrL,6bc0b8ca-0203-41e8-b091-ef61f459f208,,2008-11-03,XE,BBC;Island;Universal;Universal UMC,Person,Male,GB,1958-05-25,,
4sthLZoAMNs8jRY6vRUTHS,11982144-83f6-41c0-a1e7-1cbe776f511e,,1994,XE,Go! Discs,Person,Male,GB,1958-05-25,,mod;rock
4dZUXxYLokasdfSNhB5T3Q,6a9bc2bf-34ea-49f5-9915-18e415d6582f,,2003,GB,Sanctuary Visual Entertainment,Person,Male,GB,1958-05-25,,
1No9FLbtdhDjuuQTbb8i1A,47dbcd3b-44d2-40c6-93f5-3a447c21a210,,1994,XE,Go! Discs,Person,Male,GB,1958-05-25,,alternative and punk;alternative/indie rock;mod;rock
4yENxtbqXMsIASxC1cBWge,4e6a103f-6586-46cd-bc9f-d6f70f766a86,GBAQT9400007,1993-09-06,XE,Go! Discs,Person,Male,GB,1958-05-25,,adult contemporary;alternative and punk;alternative/indie rock;britpop;chill;mellow;passionate;reflective;relaxed;rock;rock music;soul;yearning
4xuK7svvkJ5CnA8N52A0O0,3497c2f7-5c5a-4520-9d0b-06bdde89904c,,2008-11-10,GB,Universal,Person,Male,GB,1958-05-25,,
3WByqbR5SvatNDCNx8tLLJ,f59617ff-f085-431b-bb99-f311cadf441d,,1993-09-06,XE,Go! Discs,Person,Male,GB,1958-05-25,,alternative and punk;alternative/indie rock;britpop;mellow;passionate;reflective;rock;yearning
30MACKRJWzzMyXF57K7sZQ,d6a7a8f0-6e02-42b8-a887-fb6071f22ddf,GBAQT9400009,1993-09-06,XE,Go! Discs,Person,Male,GB,1958-05-25,,adult contemporary;alternative and punk;alternative/indie rock;blues rock;britpop;mellow;passionate;reflective;rock;yearning
3KVocHjYLgRyWTfDyVa7OF,09b88431-da93-45a2-a138-df9d8993c122,GBBLK0600102,2006-06-12,GB,V2,Person,Male,GB,1958-05-25,,britpop;indie;mod;pop;pop rock;rock;singer-songwriter
6HaMDUuXtRukMtWJDdoaEm,6d904feb-568c-4aca-b6d8-d9c3f22a6716,,2008-11-10,GB,Universal,Person,Male,GB,1958-05-25,,
0wSJYqsGKpi26GVoTxgmAt,cc9945dc-343e-45fb-b851-6b2a4a559608,GBAQT9400013,1993-09-06,XE,Go! Discs,Person,Male,GB,1958-05-25,,alternative and punk;alternative/indie rock;britpop;cool;mellow;passionate;reflective;rock;soul
2dXQzZU8VrHZIR6NYub3mW,59eac96c-5a06-4e21-bc1e-000147863ba8,GBAQT9400015,1993-09-06,XE,Go! Discs,Person,Male,GB,1958-05-25,,adult contemporary;alternative and punk;alternative/indie rock;britpop;easy listening;melancholy;mellow;passionate;reflective;rock;yearning
5AwkQ2TeYSRUGAivMWuFtZ,87f15683-ec2b-460d-8489-21010c305531,GBAAN0080102,1993-08-23,GB,Go! Discs,Person,Male,GB,1958-05-25,,alternative and punk;brit pop;mod;pop;pop rock;rock
1w2PdX20DUVNPBLmAkSjo8,beb99ce5-73c5-4659-ac32-c7785b6f638a,,1994,GB,Go! Discs,Person,Male,GB,1958-05-25,,alternative and punk;rock
4QOgSV879luNSFfIX3Polh,1c783a06-5c35-489b-bbe0-595b1e6308db,,1993,GB,Go! Discs,Person,Male,GB,1958-05-25,,
236AvzoCN1C3VFmVZ7dnwo,ec2c82a3-2cdb-466c-9892-0f924ab1c815,GBAAN0080123,1993-11-01,GB,Go! Discs,Person,Male,GB,1958-05-25,,alternative and punk;brit pop;instrumental;mod;pop;pop rock;rock
6uCOkIHzw4hTeKtc9bLNZO,dde0e83c-020d-4efc-a4e1-c6da8f330d3c,,2007,XE,Island,Person,Male,GB,1958-05-25,,alternative and punk;rock
4qaIOhuqSB6JrkZKDsVygw,314ef4b6-031b-4d04-97f5-3dd11d2ab00a,,2007,XE,Island,Person,Male,GB,1958-05-25,,alternative and punk;rock
2fptHxyR5SQIazmNj9cAvl,f302b2fd-d62e-4a00-ba26-e76a1de75571,,2007,XE,Island,Person,Male,GB,1958-05-25,,alternative and punk;rock
4RaZ7BF9DTlSpmqphlugR5,2b881f70-a6a7-4c01-9f61-8faeeb63e31f,,2008-06,GB,Q,Person,Male,GB,1958-05-25,,
5uIfDOBO1kFGtZ0tvSE0fj,2bbd1a09-978d-4978-af52-48226d9f47b9,GBAQT9500044,1995,US,Go! Discs;London Records,Person,Male,GB,1958-05-25,,indie rock;power pop;punk;rock;rock and roll;singer-songwriter
0TNdwzQMd24OUlU1wiLKun,ae44f0a8-7041-4d5e-80a7-3c328f4969ad,GBAQT9500045,1995,US,Go! Discs;London Records,Person,Male,GB,1958-05-25,,indie rock;pop rock;punk;rock;rock and roll
6hKi7fbGQu9gqfgc6TTeX9,0de76764-b37d-4ca0-a488-bb815fba06e6,,2000,XE,Warner Music Vision,Person,Male,GB,1958-05-25,,
2c2hzTm2y642D0KBWo4UOv,9286cd3e-72e8-45ec-82aa-89581b7064b3,,2002-11-18,GB,Warner Music Vision,Person,Male,GB,1958-05-25,,alternative rock;rock
2cT1tNZcoORINfbvHksMXW,bf979967-8311-4d1f-94b3-28595f96a9df,GBAQT9500048,1995,US,Go! Discs;London Records,Person,Male,GB,1958-05-25,,indie;indie rock;punk;rock;rock and roll;singer-songwriter
07i1tip7JGbWZBtrfhsPXI,84e938de-66fe-4424-a962-b9a630aad1e1,GBAQT9500049,1995,US,Go! Discs;London Records,Person,Male,GB,1958-05-25,,alternative punk;indie rock;punk;rock;rock and roll
5s0l1SDNxf0thprYf9GHUd,db9cb13e-f790-4ec9-96d6-11cdd0f2a478,,1998,GB,Independiente,Person,Male,GB,1958-05-25,,
70yop4wYJrmfPPNylXFG2d,886fdcfc-9db0-4f40-a1a9-8edcd0c2d080,,1998-11,GB,Island,Person,Male,GB,1958-05-25,,alternative rock
3zXg1Z3bjw5RApbEW7vY8n,a8c55a1d-01bd-48dc-add5-066d47eb0b42,,2008-11-03,XE,BBC;Island;Universal;Universal UMC,Person,Male,GB,1958-05-25,,
41LnjzVXebI9Ro59LGRZl2,e103b285-6605-4585-aeb9-6daafe20d7e4,GBAQT9500055,1995,US,Go! Discs;London Records,Person,Male,GB,1958-05-25,,indie rock;punk;rock;rock and roll
4DEctQVsoAveyZ795BzUCq,906a0116-8787-4a83-b537-145910b3c55d,GBAQT9500057,1995,US,Go! Discs;London Records,Person,Male,GB,1958-05-25,,indie rock;punk;rock;rock and roll;singer-songwriter
4uV0ocM3qgbZFTEeVWmKAY,6ccd6bb0-8e5b-4283-ac3c-a08bfe3978b4,GBAQT9600183,1996,GB,Go! Discs,Person,Male,GB,1958-05-25,,alternative rock;british indie rock pop;indie rock;new wave;pop;pop rock;rock;singer-songwriter
5nlJlh1XFgyYqBRQDd1S2x,31dc27b7-c60d-455d-aa79-5749a4c385e8,,2008-11-03,XE,BBC;Island;Universal;Universal UMC,Person,Male,GB,1958-05-25,,
6XvUlXv8zirjcLUKXXhcJL,b97b094e-3d86-4a5d-af84-ce96de48d185,GBAAN9700114,1997-06-20,JP,Island,Person,Male,GB,1958-05-25,,britpop;indie rock;mod;rock
4znSez3OpTvbJ0yBQlgtUA,411c0573-f516-429f-9f14-a617612457ba,,1997-09-08,GB,The Big Issue;XFM,Person,Male,GB,1958-05-25,,
0dMUJ24XZXoAaDav1FtAFB,9d638476-fc85-439e-959a-b27e506381f3,,2008-11-10,GB,Universal,Person,Male,GB,1958-05-25,,
6GC7UItcPb8wE2RLapfo8u,ec463703-e012-4196-8344-90e4c76481e9,,2008-11-03,XE,BBC;Island;Universal;Universal UMC,Person,Male,GB,1958-05-25,,
2DcxMIrkDY8LoVsAwVPa7s,d6a522ef-2910-4e35-8b74-a5f0cbb1b05f,GBAAN9700119,1997-06-20,JP,Island,Person,Male,GB,1958-05-25,,britpop;indie;indie rock;mod;pop;r&b;rock;soul
07yc2Y5A8UmHxTkNv0UbwW,e0e8c6d0-b882-4990-8e8d-bbda68bac4a3,,1998,GB,PolyGram TV,Person,Male,GB,1958-05-25,,
2R71xIUVyMOhOZPFMpRinJ,72a55ee5-07d3-4f7a-9572-247bd2f81ea5,,2008-11-03,XE,BBC;Island;Universal;Universal UMC,Person,Male,GB,1958-05-25,,
08pTJ7YUPQOxW9FvPhfTtN,7336fdae-326b-4bca-924e-c430d13aab6e,,1997,GB,Island,Person,Male,GB,1958-05-25,,
5OdCxy4BKPYszdgCyKcR9p,fbd8c251-c436-43fa-92ef-6734c0e4b710,GBAAN9700123,1997-06-20,JP,Island,Person,Male,GB,1958-05-25,,britpop;indie;indie rock;mod;pop;rock;singer-songwriter
5WuGoApgTn7Xpi29kFTJ1Q,2e4c5f84-8649-4cdb-924b-b75d20ee4de9,,2000,GB,Island,Person,Male,GB,1958-05-25,,classic rock;indie;pop rock;punk;rock
4sITZvwJZUEJUKPx3yKACZ,f5307ad5-caf9-41a1-a177-48864c9369fa,,2000,XE,Warner Music Vision,Person,Male,GB,1958-05-25,,
5e6nwfnbQM7BHlmS0czDHT,6733eac9-dc19-4e2d-9f04-6b7430d50b35,GBAAN0000021,2000,GB,Island,Person,Male,GB,1958-05-25,,indie;mod;pop;pop rock;rock
4QfOAyp4Ia56sjIof6TsMF,4e21fcb3-967b-450f-b89d-0f0677968538,GBAAN0000022,2000,GB,Island,Person,Male,GB,1958-05-25,,classic rock;indie;pop rock;punk;rock
7EGnWTG4w8TdS6wgTk34Dm,1f46e7f0-aea4-475a-ad5b-8470ce60b3fb,GBAAN0000023,2000,GB,Island,Person,Male,GB,1958-05-25,,classic rock;indie;pop rock;punk;rock;singer-songwriter
5qudKL5r9xKNm0RIS8ThDM,8339e021-3b46-43a1-b5b0-6937d65de427,GBAAN0000024,2000,GB,Island,Person,Male,GB,1958-05-25,,classic rock;indie;pop rock;punk;rock
67jkslpMrmhhdYmPCd4VIg,2fd3d068-33da-45d5-812e-55dcb199a700,,2008-11-10,GB,Universal,Person,Male,GB,1958-05-25,,
0eK6KyhZrtS0naQIPYPhZf,7ce22c8c-cb57-4fa3-a3d4-56459d1a11c2,GBAAN0000026,2000,GB,Island,Person,Male,GB,1958-05-25,,indie;mod;pop rock;punk;rock
5HQWwPGmieWy7mUQ0259aI,6e27965e-36e0-4462-8d62-a08ec4604cd1,GBAAN0000027,2000,GB,Island,Person,Male,GB,1958-05-25,,classic rock;indie;pop rock;punk;rock
5RXtRlsoW3BqFUQlLsCTil,6831a65f-539e-4b57-b9f2-3c6aab2ae7cb,GBAAN0000028,2000,GB,Island,Person,Male,GB,1958-05-25,,classic rock;indie;pop rock;punk;rock;singer-songwriter
4yfFPrUTSlTcn5WKUh5CnD,c573fbcb-7fb5-42f6-ba0f-76288560ea7f,GBBPF0100585,2001,GB,Independiente,Person,Male,GB,1958-05-25,,acoustic rock;alternative & punk;alternative rock;pop rock;punk;rock;singer-songwriter
10vZwMt7JBh8W3ASXctVTW,c14324ad-da52-4472-b74a-0e4f82c2e0e5,GBBPF0100589,2001,GB,Independiente,Person,Male,GB,1958-05-25,,acoustic rock;alternative & punk;alternative rock;britpop;pop rock;punk;rock;singer-songwriter
6jraJ3aWTUBNWOgp5imcsS,94d0d7aa-3349-48eb-9c3e-4a666c6ac27d,,2006,GB,Sunday Express,Person,Male,GB,1958-05-25,,rock
5KJnF5yvf9C9wC6ckU9YY9,75570eae-bb32-4904-b78b-e54f90c9a616,GBBPF0100593,2001,GB,Independiente,Person,Male,GB,1958-05-25,,acoustic rock;alternative & punk;alternative rock;pop rock;punk;rock
5uRWCoPprJuTRtMfbrhYSq,012460a3-7ff7-43cc-be03-2ee430a078c1,GBBPF0100592,2001,GB,Independiente,Person,Male,GB,1958-05-25,,acoustic rock;alternative & punk;alternative rock;pop;pop rock;rock;singer-songwriter
4610UBPscnAHWqX7sh4802,17674d86-619b-4603-9ce7-ffbd41ac190e,GBBPF0100596,2001,GB,Independiente,Person,Male,GB,1958-05-25,,acoustic rock;alternative & punk;alternative rock;pop rock;punk;rock;singer-songwriter
0HlMUOV0RFXM292itYvbse,a3db77f4-040c-40ad-bb82-c566987eded0,,,,,Person,Male,GB,1958-05-25,,
1sL9ChAdl3P6LbsoWzdZeR,442dcc3b-a7b3-4e22-a10a-999f0fcfe17e,,2006,GB,Sunday Express,Person,Male,GB,1958-05-25,,rock
7xWQpmrgeO0lvAAJdwMOtT,154d47a2-f339-4ac3-96b9-0b132a56482f,GBBLK0600110,2006-06-12,GB,V2,Person,Male,GB,1958-05-25,,britpop;mod;pop;pop rock;rock;singer-songwriter
6wACmLlwSvXJE8m0m2H9jD,c6a80897-79e8-4214-b1da-b88c0a91691a,GBBPF0200742,2002,AU,Independiente,Person,Male,GB,1958-05-25,,indie rock;mod;pop;rock
0NIv9R7tqBzW0Tfqa8aqX0,fcc2d2ab-310d-4a8e-b1af-a282978d5ab3,,2005,XE,Warner Music Vision;Baker Street Recordings;BBC,Person,Male,GB,1958-05-25,,
6J9t5b2YPvpSa5rsyAceLD,bed34fdf-a285-4c07-b26e-3b5888b5a922,GBBPF0200761,2002,GB,Independiente,Person,Male,GB,1958-05-25,,alternative rock;britpop;indie;mod;new wave;pop;pop rock;rock
6dMYYEc9vKDKn6Z4mumQ5z,0ae4754c-5829-4a95-a784-fec1caa8c2b2,GBBPF0200737,2002,AU,Independiente,Person,Male,GB,1958-05-25,,indie rock;mod;pop;rock
2ahboMQIhJi5gwXFL1V1K8,f0ea21cd-2963-4869-aa55-9e5b849a84c0,GBBPF0200741,2002,AU,Independiente,Person,Male,GB,1958-05-25,,indie rock;mod;pop;rock
1ZfSfLLMxKlzHjmoSieWpe,d129379f-9105-42cb-b693-94a97e4373d4,GBBPF0200745,2002,AU,Independiente,Person,Male,GB,1958-05-25,,indie rock;mod;pop;rock;singer-songwriter
7DhsCfgoK86X4tje0InpL3,bbac5187-dd92-4843-b1cf-5e0733afb774,GBBPF0200735,2002,AU,Independiente,Person,Male,GB,1958-05-25,,indie rock;mod;pop;rock
20pfhtmstfJ2uOvyjVUcMS,4657d0e1-a195-45c2-be16-783641a1ac1f,GBBPF0200743,2002,AU,Independiente,Person,Male,GB,1958-05-25,,indie rock;mod;pop;rock
480UacZvKzWh2Rm8LYVcah,babd28a5-da30-4f01-b66b-6d88ce22965a,GBBPF0200747,2002,AU,Independiente,Person,Male,GB,1958-05-25,,indie rock;mod;pop;rock
2ccUG1vL2lOOa9thi4A5U6,ebba90d9-e2e8-4130-b9ec-d05da31dc92d,GBBPF0200746,2002,AU,Independiente,Person,Male,GB,1958-05-25,,indie rock;mod;pop;rock
1N7IDbhQrsKL8Vf0dx6Pxd,1e5aa917-b095-43d0-b2e6-c95fc846f0de,GBBPF0200739,2002,AU,Independiente,Person,Male,GB,1958-05-25,,indie rock;mod;pop;rock
65uIItGG6ZWNNKXr47FMCu,b6691482-9a02-4af2-9f28-317cb1ec5afc,,2003-01-14,US,Yep Roc Records,Person,Male,GB,1958-05-25,,indie rock;mod;rock
4zz1TGTA5m5ixeiKK3DbhP,414fe4b1-77c2-4318-b012-32af5fbce1e2,GBBPF0200751,2002,GB,Independiente,Person,Male,GB,1958-05-25,,indie rock;mod;punk;rock
7EXzxqFcL1Ko7AHu9OtkFW,97ba54fb-e4e9-41a2-883a-21b392f494a2,GBBPF0200752,2002,GB,Independiente,Person,Male,GB,1958-05-25,,indie rock;mod;punk;rock
32cn8hkQKCjZ31kByVSdSd,dbd0607f-d1a0-4034-8744-b9bda0499780,GBBPF0200805,2002-09-16,GB,Island,Person,Male,GB,1958-05-25,,indie rock;mod;punk;rock
60LXIoAGW5tdqQxjaVa1v7,d881fb24-2298-4c27-993d-77e0b1d1678d,GBAQT9600040,1996-02,,Go! Discs,Person,Male,GB,1958-05-25,,alternative singer-songwriter;brit pop;jazz;pop;pop rock;rock
02V1k5rXTqkuNoZRXL8jQq,addb186d-3575-4ad6-adcd-57c8618632a3,GBAAN0080121,2003-08-25,GB,Universal,Person,Male,GB,1958-05-25,,brit pop;jazz;pop rock;rock
6Xdxw1uXa2lojI8NMH9BoQ,b90b671c-6759-458d-80ba-45f4fed51cd3,GBAAN9700147,1997,JP,Island,Person,Male,GB,1958-05-25,,brit pop;indie rock;jazz;pop;pop rock;rock
7LVpojqnYck6SUiT3bUbaK,5044ec5d-c423-47ac-807d-23a301d7d876,,1992,FR,Sangatte Records,Person,Male,GB,1958-05-25,,
7ssOnImYuoE13rAFXHC7NN,199ec1e4-390a-49e7-b5d5-5fb78a0bb004,GBAAN0000018,2003-08-25,GB,Universal,Person,Male,GB,1958-05-25,,brit pop;jazz;pop;pop rock;rock
3qekL6T0lllTc4JhoRMppR,d333409f-456b-4cae-a9b4-a551acdc9b36,GBUM72401412,2002-11,GB,Uncut,Person,Male,GB,1958-05-25,,brit pop;pop
0jiONMGw3WLuKNa8m9DEAT,e1af52ba-055f-4299-a5ff-427a0ba1e6be,,2008-11-03,XE,BBC;Island;Universal;Universal UMC,Person,Male,GB,1958-05-25,,
6KaWkjePVunj8OsKkVGTVs,779aa25a-b45e-4c81-80dc-e2fa9e001f80,GBAQT9500033,2003-08-25,GB,Universal,Person,Male,GB,1958-05-25,,brit pop;britpop;jazz;pop;pop rock;rock
0fonpJQPYLy8qlXB0jMRbM,c59977db-6377-4a0c-abb6-46a626b3d419,GBAQT9500034,2003-08-25,GB,Universal,Person,Male,GB,1958-05-25,,brit pop;indie rock
39QAv5nc6KbCLxNZuS7b8K,9ad4e085-1199-46f0-8da8-653beaeab50a,GBAQT9500085,1995-07-06,GB,Go! Discs,Person,Male,GB,1958-05-25,,acoustic rock;ballad;blues rock;brit pop;indie rock;pop;rock
2gnXUwwqdT21pxvWfdeTUA,5bd1af7b-13ae-4c35-aaa3-e8aa325f43c8,GBAAN9700148,1997,JP,Island,Person,Male,GB,1958-05-25,,brit pop;jazz;pop;pop rock;rock
0J97vqWwp8eMNYgq41NCHa,bc424b26-2abd-46d4-a870-196e542b4d10,GBAQT0300001,1993-12-17,JP,Canyon International,Person,Male,GB,1958-05-25,,acoustic rock;brit pop;britpop;pop;rock
3fJr3RtKn3wxFXJFnfwS81,764f1951-6d56-4390-b16e-bcbad67fd940,GBAQT9400101,1994,GB,Go! Discs,Person,Male,GB,1958-05-25,,brit pop;indie rock
6ZUUWYOWsVmDvpruIwV7JT,2aa26d48-1cec-4fc0-8f37-418895d313b1,GBAQT9500119,1995,GB,Go! Discs,Person,Male,GB,1958-05-25,,brit pop;instrumental;jazz;pop;pop rock;rock
7JOepeCJJaBYTalMu90NLB,b9146eb0-ff6d-415f-8321-48851995138c,GBAQT9600184,1996,GB,Go! Discs,Person,Male,GB,1958-05-25,,brit pop;jazz;pop rock;rock
46solrsELAMfUhR0lVJJ4z,87731cde-105f-4711-9792-04b67e646263,GBAAN9800269,1998,,Island,Person,Male,GB,1958-05-25,,brit pop;jazz;pop;pop rock;rock
1Nrbl09lmaVgyFtuPpI1Hs,2700622a-09b5-42b6-b688-c2cd433b5fc4,,2010,GB,Island,Person,Male,GB,1958-05-25,,alternative rock;britpop;indie rock;pop;rock
000Mqx7Or66K79kTKxVFOB,747e86db-a35e-49f4-8d5e-fd082ce3cacc,GBAQT9200272,1992-09-28,GB,Go! Discs Ltd.;EMI,Person,Male,GB,1958-05-25,,brit pop;mod;pop;pop rock;rock
3J29OkzIjdNwjJDh5LT0Tc,17d9cca3-f8ba-4052-8ef6-2a0688c6817b,GBAAN9700206,1997,GB,Island,Person,Male,GB,1958-05-25,,brit pop;jazz;pop;pop rock;rock
0BtMKyz9noskSiQP3Flt3t,53d8f335-1359-4a36-825d-c2bf7bd0633d,GBAAN0000017,2000,GB,Island,Person,Male,GB,1958-05-25,,brit pop
4hPQxvu50JrSqB7O2q9lwK,50838e6b-5e55-4c3d-a888-a11b51171ad4,,2005,DE,Cool D:vision,Person,Male,GB,1958-05-25,,
70X0btFpFhDoAvPHl7fThM,2bbe8905-3a1d-489a-a3a7-775f948c98c5,,2008-11-10,GB,Universal,Person,Male,GB,1958-05-25,,
3tBuH1llI0a6EyUT1DDOoX,cc549a6a-caf5-4bc1-9412-75d83384c825,,2005,GB,V2,Person,Male,GB,1958-05-25,,
7umhVw1qWAGdoqpT5TfRvN,71340f6a-1aa2-46db-8853-81b90bc0d3bd,GBBLK0400129,2004,XE,V2,Person,Male,GB,1958-05-25,,britpop;pop rock;punk;rock;singer-songwriter;soul
4bXdrjC06tt0RBaqlGGp8D,dfb41567-ac2b-4be3-b153-4386b11bfa1f,,2004-11-08,GB,Warner Music UK;Warner Strategic Marketing,Person,Male,GB,1958-05-25,,
2jmRMHeSbszkjatNW38Tzm,21e18d23-47b8-4852-a1d5-c4cb60ed9cd9,GBBLK0400132,2004,XE,V2,Person,Male,GB,1958-05-25,,folk;pop rock;punk;rock
0pE5zWTSmRgi6kAcZCwLcj,1334716e-6e41-4dd2-a704-5ebb9b50ce8b,GBBLK0400133,2004,XE,V2,Person,Male,GB,1958-05-25,,pop rock;punk;rock
7aYF1JbdtjCHxoO1LjrJFA,4175c5cd-86e1-4ce8-86d7-86225f55eff0,GBBLK0400136,2004,XE,V2,Person,Male,GB,1958-05-25,,britpop;indie;mod;pop rock;punk;rock;soul
5JQSohJGMmYGWCqAsyl9Bc,73bbcbd8-6892-4742-b787-758b5f496d7b,GBBLK0400131,2004,ZA,Just Music;V2,Person,Male,GB,1958-05-25,,britpop;mod;pop rock;punk;rock
0RW6zalKuMtpzveCvo0ub0,dbbe4c58-dc7e-4cf5-b5af-65c235db3c7a,GBBLK0400138,2004,XE,V2,Person,Male,GB,1958-05-25,,britpop;pop rock;punk;rock;singer-songwriter
1hyaRKqxGjHCtxQBAqOv1W,a2e84e7e-58ca-482f-8a57-a43a484c87bb,GBBLK0400114,2004,ZA,Just Music;V2,Person,Male,GB,1958-05-25,,britpop;mod;pop rock;punk;rock;soul
13SkxUG3I7aOVo72FbCnQ1,bba4ee0e-64b6-4fbd-b38f-a9c315aa7cbd,GBBLK0400137,2004,XE,V2,Person,Male,GB,1958-05-25,,britpop;indie;pop;pop rock;rock
0gijMmxG87kRbVslCYgG7W,9e547863-f15c-45ae-b306-d89646aa95df,GBBLK0400139,2004,ZA,Just Music;V2,Person,Male,GB,1958-05-25,,britpop;mod;pop rock;punk;rock;soft rock
1CnUMfEJN74W8mV0OraOS8,0c9681bb-0c2e-4f0b-842b-d0cf16cf1508,GBBLK0500092,2005,GB,V2,Person,Male,GB,1958-05-25,,alternative rock;british indie rock pop;folk rock;indie;mod;pop;pop rock;rock;singer-songwriter
4i5E7m0sHVcCE6kPDHiUw7,21963e30-a226-4fb6-b75a-4175501d3561,GBBLK0500246,2005,GB,V2,Person,Male,GB,1958-05-25,,alternative rock;rock
57Ug4MxEWL6QO8MnB6mXWJ,28c4f461-3c87-465f-98fe-8d7c51bf2b9e,GBBLK0500244,2005,GB,V2,Person,Male,GB,1958-05-25,,alternative rock;britpop;indie;mod;pop;pop rock;rock
49Iu8CSy2ZxzCH8TNlMGUx,85c512f5-a179-43ba-822f-57dbf6e9942c,GBBLK0500250,2005,XE,V2,Person,Male,GB,1958-05-25,,alternative rock;indie;pop;rock
4mR47rU8xG2PoRIdTCtHr2,63b8516c-d0b5-4a49-913b-7d678f8f692e,,2006,XE,Liberation Entertainment;V2,Person,Male,GB,1958-05-25,,
3f57aZ356OLNIJ0EySjE7m,0a0065bc-6cb9-4cc5-b882-2ac8815f3da0,GBBLK0500256,2005,US,Yep Roc Records,Person,Male,GB,1958-05-25,,alternative rock;britpop;mod;pop;pop rock;rock
70c1HExiz5Dcm6qTeuFWKM,8d2668f3-4df2-411d-a325-e3ec54279927,GBBLK0500245,2005,XE,V2,Person,Male,GB,1958-05-25,,alternative rock;britpop;pop;rock
2D8rFX1YKFuQO0MQhCqJjX,570afce0-384d-459f-81ff-df3ce0860b7e,GBBLK0500248,2005,XE,V2,Person,Male,GB,1958-05-25,,alternative rock;britpop;pop;rock
60tWkvcKtcPxsBxT7tyCuH,0769649b-d7e9-4082-93e4-601525a43ad6,,2008-11-10,GB,Universal,Person,Male,GB,1958-05-25,,
7t8dVio5ntrNHkTyr1WaYl,f516cb46-3a7d-4ae5-b30c-d30f2b1e6544,GBBLK0600109,2006-06-12,GB,V2,Person,Male,GB,1958-05-25,,britpop;mod;pop;pop rock;rock;singer-songwriter
3EcViBXmbZfVfe7HzyMGUL,c5247d4d-a3ba-407f-8738-69844f11ae2e,GBBLK0500255,2005,XE,V2,Person,Male,GB,1958-05-25,,alternative rock;pop;rock
6RyPs63bcI55KBuep9RYqW,5e39eca1-758a-4a58-8064-346503ad2aaf,,2008-11-10,GB,Universal,Person,Male,GB,1958-05-25,,
1cTEa7YsEejUA0ypAJFhcg,f59c20f4-5dc6-4600-a8d8-439158446ee5,GBBLK0500253,2005,XE,V2,Person,Male,GB,1958-05-25,,alternative rock;britpop;pop;rock;singer-songwriter
1eVLycZlFAavZni5d4esBI,72a06766-9ef3-4da6-a708-3dea8b8eb9b9,GBBLK0500249,2005,XE,V2,Person,Male,GB,1958-05-25,,alternative rock;folk;pop;rock
5XYyZ1ekfsszAMse2AY4Eg,ea253744-8c3e-4a36-9834-cc75428c26d8,GBBLK0600112,2006-06-12,GB,V2,Person,Male,GB,1958-05-25,,britpop;mod;pop;pop rock;rock
0XRZstpcP1TdxU5mEohKP4,55848e62-ede3-4f9f-9c51-ba4af02cd8c3,GBBLK0600113,2006-06-12,GB,V2,Person,Male,GB,1958-05-25,,britpop;indie;mod;pop;pop rock;rock
79nLLQxPoK9svul9PTeckJ,1dd9d296-7939-4413-8297-c74f40280278,GBBLK0600122,2006-06-12,GB,V2,Person,Male,GB,1958-05-25,,britpop;indie;mod;pop;pop rock;rock
4SK4Aw0B7uzauDgA0pARbm,13475d38-ab0a-4b61-84a8-21aa14941972,GBBLK0600123,2006-06-12,GB,V2,Person,Male,GB,1958-05-25,,britpop;mod;pop;pop rock;rock
2AIcP6YcU0S0pxG9RkwokQ,305bc2e4-b475-45a6-974c-73f8a3b8862f,GBUM70802704,2008-01-01,GB,Island,Person,Male,GB,1958-05-25,,alternative rock;folk rock;rock;singer-songwriter
3Gvfs9Dyl8XQzVwf4G1EwW,1bf01ad2-0ab3-4011-b496-08cd794eecec,GBUM70802693,2008-01-01,GB,Island,Person,Male,GB,1958-05-25,,alternative rock;folk rock;rock
5RdzDHIxjVN09FttQE6EJo,db52add8-6dfe-4999-a983-887099ceaf89,GBUM70802695,2008-01-01,GB,Island,Person,Male,GB,1958-05-25,,alternative rock;folk rock;indie rock;rock;singer-songwriter
3sP9cWAkwadRQDDhZIIGsM,3ee731be-9cf0-408a-bfbb-21f5d26a8066,GBUM70802702,2008-01-01,GB,Island,Person,Male,GB,1958-05-25,,alternative rock;britpop;folk rock;indie rock;pop;pop rock;psychedelic rock;punk;rock;singer-songwriter
0JyOghnJP119OBOUfkuMRw,d5ec3731-a774-4d35-b630-b9555603d27f,GBUM70802700,2008-01-01,GB,Island,Person,Male,GB,1958-05-25,,alternative rock;folk rock;indie;indie rock;mod;pop rock;psychedelic rock;punk;rock;singer-songwriter
10QpFOEBjyCfPVA0i5xUa8,a638ea6a-df8d-4a01-a32f-480d9dbbd0c2,,2008-07-12,FR,V2,Person,Male,GB,1958-05-25,,
2GvWaQSK5X3m3GBbJ3IIz0,ec739f07-3912-4841-a851-8a54280f1528,GBUM70802710,2008-01-01,GB,Island,Person,Male,GB,1958-05-25,,alternative rock;folk rock;indie rock;psychedelic rock;rock
5dKbeEvbMwKr6sW9MnUF0H,7d65f31e-cfb5-4b66-8e64-71dfae06c39b,GBUM70802697,2008-01-01,GB,Island,Person,Male,GB,1958-05-25,,alternative rock;britpop;folk rock;indie rock;psychedelic rock;punk;rock;singer-songwriter
4X2ObrsTHPCKAJCgZPhNfJ,3f721e37-9964-480c-941b-85d848dfd7b3,GBUM70802711,2008-01-01,GB,Island,Person,Male,GB,1958-05-25,,alternative rock;folk rock;indie;indie rock;instrumental;psychedelic rock;punk;rock;singer-songwriter
1iEpRDABA6xaRQDJV2Lw4j,d94e6a67-0b80-4668-a4bd-758ac76659f1,GBUM70802696,2008-01-01,GB,Island,Person,Male,GB,1958-05-25,,alternative rock;britpop;folk rock;indie rock;psychedelic rock;punk;rock;singer-songwriter
3qrJy1Z7glP4Noq4fwXZQP,169a7412-0b71-447f-a798-091653a84cd7,GBUM70802713,2008-01-01,GB,Island,Person,Male,GB,1958-05-25,,alternative rock;folk;folk rock;indie rock;mod;pop rock;psychedelic rock;punk;rock;singer-songwriter
284f9GECM4NGRzFE2oWJkm,e1ad1a5e-85a6-4602-90ac-80a6717cae88,,2008-08-17,GB,Island,Person,Male,GB,1958-05-25,,
0775UqY5Cdwe8XVEnGi1DU,35df0009-4c98-4ac2-b3d5-76bc169d7fe5,GBUM70802694,2008-01-01,GB,Island,Person,Male,GB,1958-05-25,,alternative rock;folk rock;indie;indie rock;psychedelic rock;punk;rock
02BItfHdD8VyxLzxu9PDFi,bfafff1a-71d5-474c-ae3f-1e724987fd7a,,2009,XE,Island,Person,Male,GB,1958-05-25,,
6TKFbNKe5QuAv09gtYsWIB,28f9d41a-73e4-4e97-b842-21f09ca72021,GBUM70802707,2008-01-01,GB,Island,Person,Male,GB,1958-05-25,,alternative rock;folk rock;indie rock;psychedelic rock;punk;rock
7gdyUuWI0ue8SEY71H4vGU,4ebef598-7669-4b09-8a56-c03f63dd35d0,GBUM70802705,2008-01-01,GB,Island,Person,Male,GB,1958-05-25,,alternative rock;classical;folk rock;indie rock;instrumental;psychedelic rock;punk;rock
7qXRoC6F4W9fBkPvbMjEzd,66efe8b7-f948-4148-bff4-f05d2410050a,GBUM70802712,2008-01-01,GB,Island,Person,Male,GB,1958-05-25,,alternative rock;britpop;folk rock;indie rock;psychedelic rock;punk;rock;singer-songwriter
7gFN6LOPEArxFrcHGY0ZOb,12fa7e57-dac3-427e-9678-2e0cd0403173,GBUM70802692,2008-01-01,GB,Island,Person,Male,GB,1958-05-25,,alternative rock;folk rock;indie rock;instrumental;psychedelic rock;punk;rock;singer-songwriter
3EzGypwKmV4JHfpRRxw8m2,fb5cdb75-f5c6-4aac-ae76-890b24b37536,GBUM70802709,2008-01-01,GB,Island,Person,Male,GB,1958-05-25,,alternative rock;britpop;folk rock;indie rock;psychedelic rock;punk;rock;singer-songwriter
7byy0k3v96oV3IVHWm6aou,66ed4945-1b2c-4acd-8c69-660a1c00ea57,GBUM70802706,2008-01-01,GB,Island,Person,Male,GB,1958-05-25,,alternative rock;folk rock;indie rock;instrumental;psychedelic rock;punk;rock;singer-songwriter
5uOXuDg7kNceWmywyxmin9,fa6e7d92-e37b-42bd-b126-3abfde282e18,GBUM70916344,2010,US,Yep Roc Records,Person,Male,GB,1958-05-25,,britpop;pop;pop rock;rock
2nu1WpuRpiDh4RORtoPHfD,afc1e8c1-f3eb-4506-b926-2a171fc08f1d,GBUM70916333,2010,GB,Music Prize Ltd.,Person,Male,GB,1958-05-25,,alternative rock;indie;mod;pop rock;rock
66GruH8sjSDg7PHs1M8frd,696f4e13-95e4-43b2-ac07-425a799219a4,GBUM70916334,2010,GB,Island,Person,Male,GB,1958-05-25,,alternative rock;indie;mod;pop;pop rock;rock
11CJTsNCKtCYk3Rv5UIMi3,f2aee3dd-6a52-4de4-84a3-84c425b6e2f8,GBUM70916364,2010,US,Yep Roc Records;V2,Person,Male,GB,1958-05-25,,mod;pop;pop rock;rock
2TcjJyLF7oZ5EsDUvSMNqr,459ebd90-c77e-450f-ae9c-71766be6a0a3,GBUM70916361,2010,US,Yep Roc Records,Person,Male,GB,1958-05-25,,baroque;classical;pop;pop rock;rock
4kYRIM2wvDuTJpgTGhuMfp,a53ec7f6-348e-4e96-9497-df4c0b16d4f1,GBUM70916362,2010,US,Yep Roc Records,Person,Male,GB,1958-05-25,,instrumental;pop;pop rock;rock
7fnU1LkYcnmCli4lNdtwcs,67955b15-c987-4092-b39c-32a27e71cbfd,GBUM70916365,2010,US,Yep Roc Records,Person,Male,GB,1958-05-25,,britpop;pop;pop rock;rock
1kxl1FmiYVjC8P2Gw0BafE,52284b16-f176-4000-ad3b-295fcd177988,GBUM70916366,2010,US,Yep Roc Records,Person,Male,GB,1958-05-25,,baroque;classical;pop;pop rock;rock
11ffLlfotgCepIhQyVtotU,041fdf9a-7b51-4dbf-bab5-75f154d55c4c,GBUM70916367,2010,US,Yep Roc Records;V2,Person,Male,GB,1958-05-25,,pop;pop rock;rock
2IXAIC24dn9BfeynkBYFMz,49755b84-b857-478a-8e2a-527db070f63e,GBUM70916368,2010,US,Yep Roc Records;V2,Person,Male,GB,1958-05-25,,britpop;mod;pop;pop rock;rock
3J2q7eFuGiASwfAFeuJBVs,156aaeb7-5354-400a-abf1-581f568e7ea5,GBUM70916369,2010,US,Yep Roc Records,Person,Male,GB,1958-05-25,,pop;pop rock;rock
7Dsn7uvJQxe43gfCGPEjPo,50952cab-964b-4606-8b30-433061ee3002,GBUM70916370,2010,US,Yep Roc Records,Person,Male,GB,1958-05-25,,baroque;classical;pop;pop rock;rock
287368NWTupMGHYumVBtj7,d7410ff3-a579-4ce7-8155-3f0ea0bdffa3,,2010-11-29,GB,Island,Person,Male,GB,1958-05-25,,
4KETw10RRcTR2jqAysva2k,08db10f5-c0e0-4072-bb3c-3978166878f0,GBUM70916371,2010,US,Yep Roc Records;V2,Person,Male,GB,1958-05-25,,baroque;classical;mod;pop;pop rock;rock
5paIxZyy2qJbP2aHxkNkPp,fd90acb5-724a-4e0c-9809-d4a2c07830b2,GBUM70916372,2010,US,Yep Roc Records,Person,Male,GB,1958-05-25,,pop;pop rock;rock
69FAq7s1E30Dk0nRgZE7hM,e3b2e008-4926-4d8c-b9f8-65f458ea224a,GBUM70916373,2010,US,Yep Roc Records,Person,Male,GB,1958-05-25,,britpop;pop;pop rock;rock
5LaWMOw0SdTgIADMXDkHZB,286c3794-4fc2-4e8c-9a23-1e7c6c6ff656,GBUM71110539,2012-01-01,GB,Island,Person,Male,GB,1958-05-25,,folk rock;indie rock;mod;pop;pop rock;pop-rock;rock
4Nz3vJMS02nd9EmaySMZ36,64558436-b708-44e7-902c-0a98440efafa,,2014-01-01,GB,EMI,Person,Male,GB,1958-05-25,,mod;pop rock;rock
2RIeWhlf1MfumdbHG1wa4F,9b0c7ded-a338-442d-92ae-74477f7be802,GBCAD1200604,2012-09-24,GB,,Person,Male,GB,1958-05-25,,
40xew6OWabKR3NjRbTLeaC,73d4a37a-e802-447c-ad7e-abba974c394f,GBUM71110550,2012-01-01,GB,Island,Person,Male,GB,1958-05-25,,alternative rock;indie rock;pop rock;pop-rock;rock
5gZIpyk3QXkHQHDyntr06o,e691bf96-4ef5-4e30-80ce-63f299b50139,GBUM71110552,2012-01-01,GB,Island,Person,Male,GB,1958-05-25,,folk rock;indie rock;mod;pop;pop rock;pop-rock;rock
4t8hPy9WOLaqwHEa8KJwfB,3553dcda-306b-4451-94f1-5eb6f3a1bd2d,GBUM71110514,2012-01-01,GB,Island,Person,Male,GB,1958-05-25,,indie rock;pop rock;pop-rock;rock
2hxuWByinOy0vYCdUyN0yH,8ae86f0a-4f97-43ac-8207-a1e6098cf56b,GBUM71110546,2012-01-01,GB,Island,Person,Male,GB,1958-05-25,,indie rock;pop rock;pop-rock;rock
0V5t9Jlscyb1qO9CRMiEJw,b6d43110-c217-4bcd-8748-fd7f792d8219,GBUM71110547,2012-01-01,GB,Island,Person,Male,GB,1958-05-25,,indie rock;pop rock;pop-rock;rock
54eB1sDC4P8nAXuj4eZcmE,2eb49adc-6375-4670-9190-85cdb5eddd59,GBUM71110551,2012-01-01,GB,Island,Person,Male,GB,1958-05-25,,alternative rock;britpop;indie rock;pop;pop rock;pop-rock;rock
4xQHJ6tK1UI8lBLS5lKlBZ,28a74757-f5ab-47b0-97dd-045445da24cf,GBUM71110556,2012-01-01,GB,Island,Person,Male,GB,1958-05-25,,indie rock;mod;pop rock;pop-rock;rock
5jCgp8jBRqbVBjQHQkNT2R,6e3d4c92-3d02-4267-979f-f080ef2898f1,,2012-01-01,GB,Island,Person,Male,GB,1958-05-25,,
6xiCu3PQk4OHXNBXfHBGCg,cb194b28-73a0-4e19-a819-889b1e2a3af3,,2012-01-01,GB,Island,Person,Male,GB,1958-05-25,,
3QkXtyXqVLRYFggkUveJoK,f28436aa-8779-4b92-a364-050d14e84c67,GBUM71110555,2012-01-01,GB,Island,Person,Male,GB,1958-05-25,,indie rock;pop rock;pop-rock;rock
1c2DsNWHBeI4solfzob7rk,9d4bc6ea-4942-4edd-b69a-3340d65a61b8,GBUM71110553,2012-01-01,GB,Island,Person,Male,GB,1958-05-25,,alternative rock;indie rock;pop rock;pop-rock;rock
"1rZLiz1huOrOyNNJ42RLeX, 1rZLiz1huOrOyNNJ42RLeX",1348e2ba-184e-429d-89b9-36497e4dfedf,GBYG51320001,2013-04-20,GB,Gearbox Records,Person,Male,GB,1935-04-04,2021-07-07,
"4YUcTmGOGc3rokSCkTeUYq, 4YUcTmGOGc3rokSCkTeUYq",97253a0f-667c-4066-94a3-c8fb2187b4e0,GBYG51320002,2013-04-20,GB,Gearbox Records,Person,Male,GB,1935-04-04,2021-07-07,
"2tA1zB604uG54Fjb9fhSHp, 2tA1zB604uG54Fjb9fhSHp",f11d8d59-27c6-4b5b-bea6-75cc289e01af,GBYG51320003,2013-04-20,GB,Gearbox Records,Person,Male,GB,1935-04-04,2021-07-07,
"0AtAV5F0h5lm7DKHda1Gut, 0AtAV5F0h5lm7DKHda1Gut",3e23b9e3-a1a7-4309-9273-b794305784a7,GBYG51320004,2013-04-20,GB,Gearbox Records,Person,Male,GB,1935-04-04,2021-07-07,
"6HnXNtVxuKoYTHXsntfedo, 6HnXNtVxuKoYTHXsntfedo",70bcb6ee-7034-41d0-a65b-9574806a240c,GBYG51320005,2013-04-20,GB,Gearbox Records,Person,Male,GB,1935-04-04,2021-07-07,
"2Gm92Y3FLSGIslXHaHn9BV, 2Gm92Y3FLSGIslXHaHn9BV",8bf2d72c-fd5a-4ab2-9022-c3cf7492853d,GBYG51320006,2013-04-20,GB,Gearbox Records,Person,Male,GB,1935-04-04,2021-07-07,
0f3zubSyrsz3W5Thb23PMS,d57f4f20-e6d0-467d-abe5-545ff6d42c68,GBAYE1500036,2015-05-11,,Parlophone,Person,Male,GB,1958-05-25,,alternative rock;blues rock;indie rock;mod;rock
5Z5cfECBr3tIHQyfUILUjb,8d48cdf4-fef5-412d-acff-c262a4802f15,GBAYE1500037,2015,GB,Parlophone,Person,Male,GB,1958-05-25,,alternative rock;indie rock;mod;rock
48xlKIxVTY18KZCW1khQN9,e219d826-aee9-4079-8e06-30683e17976f,GBAYE1500038,2015,GB,Parlophone,Person,Male,GB,1958-05-25,,alternative rock;indie rock;mod;rock
2hqG1Kygr0afu7gSTtpQCT,f90e2986-7c03-4d9e-988f-a34d7dd3a9ad,GBAYE1500042,2015-05-11,,Parlophone,Person,Male,GB,1958-05-25,,alternative rock;indie rock;mod;rock
4am7VpIVzI129I2dW4KcmY,5ab4ebdf-dc92-4ae7-b2d0-3a6d2d6861a6,GBAYE1500039,2015-05-11,,Parlophone,Person,Male,GB,1958-05-25,,alternative rock;blues rock;indie rock;mod;pop;rock
40OZWqWqm1ZOISpzBN27KR,4ea79858-b160-458e-baed-432b2af127d5,GBAYE1500040,2015-05-11,,Parlophone,Person,Male,GB,1958-05-25,,alternative rock;indie rock;mod;rock
7sxvaVvo3fBxAFu5vY8vfN,4921c114-7103-40f0-b6ca-7070c487b8b1,GBAYE1500041,2015-05-11,,Parlophone,Person,Male,GB,1958-05-25,,alternative rock;indie rock;mod;rock
7AdGQk6dKmmmPfYwKawhE3,304689f6-cb3f-47e9-af80-e41f9bc16f0a,GBAYE1500044,2015-05-11,,Parlophone,Person,Male,GB,1958-05-25,,alternative rock;indie rock;mod;rock
6k4FqAowWEDMKruNVzsr8L,659aee97-70bc-42a3-9fd6-3e07374bbbf7,,2025-07-16,GB,Uncut,Person,Male,GB,1958-05-25,,alternative rock
5hX913TPOji7GAImDlh0qh,4185b94f-77eb-47cc-95e1-95d450dbd4b0,GBAYE1500184,2015-12-18,GB,Parlophone,Person,Male,GB,1958-05-25,,alternative rock;mod;rock
0eJYLi6W9LCjb4wKg5AVIt,f081363f-7ddf-4ae6-80c8-e2afc9ba333a,GBAYE1601854,2017-03-03,ES,Parlophone,Person,Male,GB,1958-05-25,,alternative rock
43vTR7F7rzNLiefarLOHm9,d2be826f-64e0-47ca-8ce7-19da73b724fb,GBAYE1601855,2017-03-03,ES,Parlophone,Person,Male,GB,1958-05-25,,
69RqklstdOrsLTKFMb13jA,0d5a63a9-5d64-43c5-af3e-f73e62d96293,GBAYE1601853,2017-03-03,ES,Parlophone,Person,Male,GB,1958-05-25,,
2FVEpimweQ9EagVGaMoLZg,c6bbd58b-bc8c-4e9e-9aa9-155889a44510,GBAYE1601858,2017-03-03,ES,Parlophone,Person,Male,GB,1958-05-25,,
7fY1xDV60YXeHZtJzMgLCS,8ec7a05c-16f6-46f8-a470-5ab5a6d09db6,GBAYE1601859,2017-03-03,ES,Parlophone,Person,Male,GB,1958-05-25,,
6HtLfv1PDUikwCGIyLy0EV,09da2af7-2cd4-4768-9c1b-670acc162bb2,GBAYE1700531,2017,GB,Parlophone,Person,Male,GB,1958-05-25,,alternative rock
1hnN2Ui2Ui9ZUx0YSe1N7D,3910f6ab-2b9d-49ee-b299-a98de606d351,GBAYE1700529,2017,GB,Parlophone,Person,Male,GB,1958-05-25,,alternative rock
36kUWA62OZNbRaHA5UqqUH,e9fa69a0-2a78-4af9-a0b6-cc4e3d80ffe4,GBAYE1700536,2017,GB,Parlophone,Person,Male,GB,1958-05-25,,alternative rock
3zDnrvd9Uw6iHVqOgauuw6,21a370a0-0eb6-4924-a7ba-688ef042da78,GBAYE1700533,2017,GB,Parlophone,Person,Male,GB,1958-05-25,,alternative rock
4Kr7YkiRjdo2243mDKTSZo,92fc2921-4c65-4b3e-8bd0-39c430d8ba17,GBAYE1700530,2017,GB,Parlophone,Person,Male,GB,1958-05-25,,alternative rock
2e9xPZYaUwsDFN1TvGdBDj,c55c4d52-30aa-42bc-9466-f68cd5259564,GBAYE1700532,2017,GB,Parlophone,Person,Male,GB,1958-05-25,,alternative rock
5nHOrFZM96uJHWqt9h2nZ1,a2469ef0-c024-4ba3-809c-b984e88eba24,GBAYE1700534,2017,GB,Parlophone,Person,Male,GB,1958-05-25,,alternative rock
7EkqomzuJQ98YweqjgP6v0,0be6691b-ca9c-45bc-aa8d-8e7bb3422866,GBAYE1700538,2017,GB,Parlophone,Person,Male,GB,1958-05-25,,alternative rock
3y1tQgVkcy0cpGm3wKRvAN,92f610c0-bbc2-4b22-adc2-5f9a187b2f3c,GBAYE1700535,2017,GB,Parlophone,Person,Male,GB,1958-05-25,,alternative rock
0AVDaUhTt51Wgb1bnZnUOl,d8089a80-9714-453c-ace4-fbb11737cfa0,GBAYE1700537,2017,GB,Parlophone,Person,Male,GB,1958-05-25,,alternative rock
14YJhTszrr5BQsWoAcPdul,2de33574-5a6a-4725-9ea7-ffcc3ce697df,GBAYE1700957,2017-05-12,XE,Parlophone,Person,Male,GB,1958-05-25,,
3mDLVvHYf1lfJnvhz4ekl1,7755109e-e7ac-4e0f-b843-40b0fe3df6ba,GBUM72103691,2021,,Polydor,Person,Male,GB,1958-05-25,,
2MNn7UxNnpwwiKeY1h8Ime,a13e3fb9-a1aa-4cf1-8806-fe9a00154479,GBAYE1800428,2018-05-25,,Parlophone,Person,Male,GB,1958-05-25,,folk rock
5YIvqEmx62bGzXluzNkHAP,d8a159c0-cc0f-42a4-8bbe-d3e782c5c7ea,GBAYE1800422,2018-08-14,XW,Parlophone,Person,Male,GB,1958-05-25,,folk rock
3bzbzZelDhS6cuSRqN88bU,b7b410db-68c9-4022-a5bc-49e9d8f3d341,GBAYE1800424,2018-08-14,XW,Parlophone,Person,Male,GB,1958-05-25,,folk rock
3pLJsDTBkaLYZ2XQDqm5uq,0274ce22-773b-4ed4-958c-744d88720dd7,GBAYE1800433,2018-08-14,XW,Parlophone,Person,Male,GB,1958-05-25,,alternative rock;folk rock
65yzeXye6OFzjelGCZz4lK,28d89069-1797-44d1-aeff-ea93679bc895,GBAYE1800426,2018-08-14,XW,Parlophone,Person,Male,GB,1958-05-25,,folk rock
5QzlxG7NV2VhsUfin72PpI,37cc0558-8227-4f42-9a62-aea621f0f4cf,GBAYE1800429,2018-08-14,XW,Parlophone,Person,Male,GB,1958-05-25,,folk rock
327aHHeBrC7druDjYQyM6e,77ab4243-ec1b-409d-8eab-ce2daaa28f38,GBAYE1800435,2018-08-14,XW,Parlophone,Person,Male,GB,1958-05-25,,folk rock
3wpoSgBofUgVVVrMNFnZnF,dca48bda-adce-47f7-9c68-8728ada391c4,GBAYE1800423,2018-08-14,XW,Parlophone,Person,Male,GB,1958-05-25,,folk rock
0CCXILNH8DIwIPbVJoaO1l,45cbc6df-723a-4c1a-8bf3-cc2f44f5c810,GBAYE1800427,2018-08-14,XW,Parlophone,Person,Male,GB,1958-05-25,,folk rock
0Ssoy566mnThpyPG5BN44I,e366ebb2-e102-4ff5-a5cc-29edaa961548,GBAYE1800430,2018-08-14,XW,Parlophone,Person,Male,GB,1958-05-25,,folk rock
4nfGjdb91xHU9za6z4yh16,f372edfc-89a8-402d-a7f2-a672c77e95e9,GBAYE1800434,2018-08-14,XW,Parlophone,Person,Male,GB,1958-05-25,,folk rock
1cf0CgjFhMDAPoOgTMIq0X,938f5844-7de7-4576-8a8d-ca7d2e2f64c2,GBAYE1800431,2018-08-14,XW,Parlophone,Person,Male,GB,1958-05-25,,folk rock
1t1WNeyEDzpMWGa5e4Yl33,db4df118-f780-4486-8ec1-f3cf3d2aada5,GBUM71906529,2020-07-03,XW,Polydor,Person,Male,GB,1958-05-25,,
2daSDaZgZSSABrDKlQMqgn,06ae775c-a28d-4ab9-8820-5b5a976a606e,GBUM71906528,2020-07-03,AF,Polydor,Person,Male,GB,1958-05-25,,
1aKQlttljhiHZtaMXqpnUi,0d5e5e74-ca61-4244-a310-09b3755b15e0,GBUM72103692,2021,,Polydor,Person,Male,GB,1958-05-25,,
3edn29DI5h8TLMNYEgVgq0,d7fb11f3-4404-4e8c-acfa-c7f91c24d3da,GBUM71906526,2020-07-03,AF,Polydor,Person,Male,GB,1958-05-25,,
2utnTbWkJ27ELj5n0jo5GU,eec6fe18-4954-4c9a-bf80-92f9e5cc8f21,GBUM71906523,2020-07-03,AF,Polydor,Person,Male,GB,1958-05-25,,
18p8KuwD4meYdFYhsxI03V,3bad547d-e3d6-4c25-a037-56ae2c830f34,GBUM72103694,2021,,Polydor,Person,Male,GB,1958-05-25,,
5H3X1ix282WIfs6L2atQKq,0659f862-c837-4731-b63e-23f11afadf02,GBUM71906524,2020-07-03,AF,Polydor,Person,Male,GB,1958-05-25,,
3xj5EGvjMvOvq7QpGEdRYA,4bf01f87-889f-4ff7-8f88-c314b968fdb6,GBUM71906533,2020-07-03,AF,Polydor,Person,Male,GB,1958-05-25,,
7s6ziTJm11EFeXxSQDQHLz,a11edd27-fb2e-4f09-a348-c247d56e160b,GBUM71906527,2020-07-03,AF,Polydor,Person,Male,GB,1958-05-25,,
1tms8ClACbQPDTPH8YomCl,4abed770-a62b-4d3a-b7ad-cfe4e1a07b2f,GBUM71906530,2020-07-03,AF,Polydor,Person,Male,GB,1958-05-25,,
5CwSDI8oNftBjLop8BcnTE,3523e579-710c-43dc-8903-4c5fc7a19f1e,GBUM72001003,2020-07-03,US,Polydor,Person,Male,GB,1958-05-25,,
4Ath1Fe2UfvAs3crallRYT,89048ba1-7c1d-4188-85cf-3f3d74adfe07,GBUM72001005,2020-07-03,US,Polydor,Person,Male,GB,1958-05-25,,
0L34FMQ3wbhrldEbN4O5oH,67c4a699-9398-4810-a171-b0c0b45e62cf,GBUM72001004,2020-07-03,US,Polydor,Person,Male,GB,1958-05-25,,
6ggoPGUGRzXBBArldt4ESv,73bd40d7-db18-463b-aaf8-a167ef85b0e9,GBUM72006100,2021-05-14,XW,Polydor,Person,Male,GB,1958-05-25,,pop rock
4bA1sUm0ehx3FZIWM6rDl2,62bd5f6f-edb3-47ac-afd5-8e7dd18c0f33,GBUM72006098,2021-05-14,XW,Polydor,Person,Male,GB,1958-05-25,,pop rock
3Hr91vr862eQqocik4Og50,c9c8d3a6-56d3-47f0-95ed-d06d4629d755,GBUM72006103,2021-05-14,XW,Polydor,Person,Male,GB,1958-05-25,,pop rock
6Qjaa8xn44u0WgRHhF8maL,c3793d9e-1f42-45cf-af56-bb218a261e00,GBUM72006097,2021-05-14,XW,Polydor,Person,Male,GB,1958-05-25,,pop rock
3Q7R2on0ViJhl4Zo8qOk9f,3ba9b9ba-7e3c-4b7f-b206-31e665a9b033,GBUM72006094,2021-02-25,US,Polydor,Person,Male,GB,1958-05-25,,pop rock
3vXAqNH1WAid5Tzpm7MC74,e6cb543c-1b90-425d-9ed5-8a2cf99061d4,GBUM72006104,2021-05-14,XW,Polydor,Person,Male,GB,1958-05-25,,pop rock
0mEqtPkhXubY1RLbzxGtvF,79fd593f-c89d-4275-9a96-3e2e3229643e,GBUM72006096,2021-05-14,XW,Polydor,Person,Male,GB,1958-05-25,,pop rock
5CAdXvvBfu2CRqBy7hpvmp,2bb73111-7ca9-4408-8ad4-404eed5d2901,GBUM72006095,2021-05-14,XW,Polydor,Person,Male,GB,1958-05-25,,pop rock
5F8WcZPpizVYlCJLjsg3UJ,98136dec-e511-4b89-a8d6-67da3de3fd1a,GBUM72006486,2021-05-14,XE,Polydor,Person,Male,GB,1958-05-25,,
2cmzpYfH0BRpZwhd2dyTfq,5afb844c-4648-48c8-a817-0304768da1db,GBUM72006102,2021-05-14,XW,Polydor,Person,Male,GB,1958-05-25,,pop rock
1msmi59PvRgl7s3SMa4BjU,3ac9c8e5-b05a-4d3d-a45a-4a2b30c5c8f6,GBUM72006099,2021-05-14,XW,Polydor,Person,Male,GB,1958-05-25,,pop rock
2tHBWQ7nb9GgDBMBaz18xN,bd5a1344-234f-4f49-abd0-03359df8bb71,GBUM71200692,2012,IE,Island,Person,Male,GB,1958-05-25,,britpop;pop;pop rock;rock
7vbshsdQMEmbV8g1c53sY0,034b1314-9093-421f-b5a0-6efe1a65da19,,2008-06-02,GB,Island,Person,Male,GB,1958-05-25,,alternative rock;folk rock
4XcFL3SjAE6bOp2GMeWBEh,3fa1be98-3090-4186-a21f-42c933989a4f,GBUM71001332,2022-10-28,,UMC,Person,Male,GB,1958-05-25,,
5TYH7KiGVkaIbG6NgUNGie,fffe04e8-05cb-478a-a845-51bc22159af8,GBUM72006511,2022-10-28,,UMC,Person,Male,GB,1958-05-25,,
7iX4ujAVcITW7MmJe312z0,45fc49f7-494a-43af-8a3e-980c3897bb22,GBUM70805335,2022-10-28,,UMC,Person,Male,GB,1958-05-25,,
0dp9tmXpMdLTYpWVNY6uBb,0151321d-e482-4a46-948c-67bd53dc5648,,2017-08-11,,Parlophone,Person,Male,GB,1958-05-25,,
6O0ZOhs34n1rrRNv9VTps9,83493bce-47aa-4f98-a094-eb36a860b0c8,GBUM71200688,2012-01-01,GB,Island,Person,Male,GB,1958-05-25,,britpop;pop rock;rock
6VNxsi0DGoaW3arNDkcf9H,0328e60f-51a8-4ee3-b3a4-ccdd53a42a6b,GBUM72201704,2022-10-28,,UMC,Person,Male,GB,1958-05-25,,
03abxrsFFsXse3tRMzlvHt,30ad549e-f70a-423d-aa05-bfdcaa39e3ae,GBAYE1500187,2015-07,GB,Parlophone,Person,Male,GB,1958-05-25,,alternative rock;indie rock;mod;rock
3uCjwH3L6GXRexnMAjK5ku,495f1572-f10e-42b4-bcd5-0f9133f59dad,GBUM71200693,2012,IE,Island,Person,Male,GB,1958-05-25,,pop;pop rock;rock
02O6uSZbDD3tzBqxLvZYIW,f3aca160-f723-4bcd-bee9-775602860fa4,GBUM72201706,2022-10-28,,UMC,Person,Male,GB,1958-05-25,,
5fHlciRpeEbAv6pRWOCE0q,ac1866b5-9a34-45cc-867d-4de45959fafb,GBAYE1500170,2015,GB,Parlophone,Person,Male,GB,1958-05-25,,alternative rock;indie rock;mod;rock
4h60diITLiB89qbAv4v5G6,e153c459-3fd1-453f-83c7-ba08b2142b06,GBUM71200677,2012,IE,Island,Person,Male,GB,1958-05-25,,pop;pop rock;rock
5VhvCDIdXRAbssauxYQnSw,47f36502-9b43-426a-a9b1-8889ed4667eb,GBUM71400720,2014-04-19,US,Virgin,Person,Male,GB,1958-05-25,,mod;rock
5IV51FslYnmdqrpVyQI0d3,bc802a3e-57c7-453d-ac78-ae85ec2fc296,GBUM72201703,2005,US,Yep Roc Records,Person,Male,GB,1958-05-25,,
7JXWMUIVQyaD3B3J3uNwZX,7de9ce6e-ed00-4ba9-9b6a-e20179ffed62,GBAAA1300146,2013-04-21,,,Person,Male,GB,1958-05-25,,electronic;mod;pop rock;rock
2lW9RZTZg4t2R7ABIQDVrD,1ea17b4f-fb33-49dd-88f5-1cfa0b27910b,GBAYE1500186,2022-10-28,,UMC,Person,Male,GB,1958-05-25,,
5pj2Q0Qr0IaJLlwYZDTqFB,b4493ec3-2f5c-4981-b905-701cefe9a7bd,GBUM71204021,2022-10-28,,UMC,Person,Male,GB,1958-05-25,,
09GN6xtRWdKxXqyB0tFzV6,4cdaee43-8078-44d9-94ae-5801ea7d9349,GBUM72006512,2021-05-14,XE,Polydor,Person,Male,GB,1958-05-25,,
2fzur3l6Max1syxAbontsY,26a9f5d2-95d0-4e23-9351-827391ca2a61,GBUM72006509,2021-05-14,XE,Polydor,Person,Male,GB,1958-05-25,,
2jckqLtesH78APzlHuuUn5,a48ca492-1c41-480a-b804-086baf2ee30e,GBUM71200689,2012,IE,Island,Person,Male,GB,1958-05-25,,britpop;pop;pop rock;rock
43BZ2THNlXB7VWwSWGg5Ir,c24eec95-34fc-4c66-b067-7d7d0d2941ca,GBUM72310151,2024-05-04,XW,Polydor,Person,Male,GB,1958-05-25,,alternative rock;pop rock;rock
2IhEAgTDJ6I5KrLCExuLag,0a69c1b8-b9b7-476b-83cc-198a31729ddc,GBUM72310149,2024-05-04,XW,Polydor,Person,Male,GB,1958-05-25,,alternative rock;pop rock;rock
1QFaBKerXimH1z3FieDOXr,74d3d2fc-6a9e-4dd3-a706-b97f5af1f2a3,GBUM72310146,2024-05-04,XW,Polydor,Person,Male,GB,1958-05-25,,alternative rock;pop rock;rock
20UXHfP8HY1Wau8l2cEP9E,7ac8b8f8-b4c8-4772-8856-aceca8be0d84,GBUM72310147,2024-05-04,XW,Polydor,Person,Male,GB,1958-05-25,,alternative rock;pop rock;rock
1sP0AFB0504edd4f60KPYU,0a8e08c8-7f0c-4ed7-a1b9-182c212d4fa2,GBUM72310148,2024-05-04,XW,Polydor,Person,Male,GB,1958-05-25,,alternative rock;pop rock;rock
0miI6L1Ayva7SYFYyKT367,a3f77cd1-3fe7-497d-87a6-7d9c7ec24aca,,,,,Person,Male,GB,1958-05-25,,
6xlGPnFeqOhXyP4r2Vhf0b,e14573d3-1fc7-4481-8f27-4963e8af9441,GBUM72310152,2024-05-04,XW,Polydor,Person,Male,GB,1958-05-25,,alternative rock;pop rock;rock
1JJR4DIZHPjJtBXoTH6KRN,05abcffa-3afe-4cc1-b998-005de5b504c3,GBUM72310150,2024-05-04,XW,Polydor,Person,Male,GB,1958-05-25,,alternative rock;pop rock;rock
5fnSD6RhCaQiKXNOg1O3ko,f48b561f-aad9-418f-ae50-674fc5f0aa1f,GBUM72310153,2024-05-04,XW,Polydor,Person,Male,GB,1958-05-25,,alternative rock;pop rock;rock
46G1kDWbPRYkK6TyMxCfnz,221db561-db95-455e-bef3-e66676ebd6f8,GBUM72310154,2024-05-04,XW,Polydor,Person,Male,GB,1958-05-25,,alternative rock;pop rock;rock
5ASbwZ7ICzeSxIMt5DYG2H,74750304-ac79-4c32-bf24-cc6963f1020c,GBUM72310155,2024-05-04,XW,Polydor,Person,Male,GB,1958-05-25,,alternative rock;pop rock;rock
2bnaKfimPmoOFY64onrlGe,d9acda2e-2324-48f3-977f-bcfa3c58d6fa,GBUM72310157,2024-05-04,XW,Polydor,Person,Male,GB,1958-05-25,,alternative rock;pop rock;rock
2t5zvzeSF5kaRdlD4Dae20,39d2db8d-0435-43ab-881c-a62b21fc3ee8,GBAYE2500255,2025-07-25,GB,Solid Bond Productions Ltd.,Person,Male,GB,1958-05-25,,britpop;pop;pop rock;rock
4h5wSFz3WGt2FyCaEkUg9q,194e8f91-085d-443f-bb57-9c8b02888346,GBAYE2500256,2025-07-25,GB,Solid Bond Productions Ltd.,Person,Male,GB,1958-05-25,,britpop;pop;pop rock;rock
0OpvptoJ19YMRBmOyua580,e98c2de5-1acd-436b-a222-34354650ab99,GBAYE2500257,2025-07-25,GB,Solid Bond Productions Ltd.,Person,Male,GB,1958-05-25,,britpop;pop;pop rock;rock
07y8GduzsusbQFtXbnRlDx,bf3f14bc-3894-4ef8-9b2a-3ee9c02ce621,GBAYE2500258,2025-07-25,GB,Solid Bond Productions Ltd.,Person,Male,GB,1958-05-25,,britpop;pop;pop rock;rock
1OkSUxLYdNHxJZh7nFYjXM,ac666e8a-79ef-4eff-b213-e6f7d8f155eb,GBAYE2500267,2025,GB,Mojo,Person,Male,GB,1958-05-25,,britpop;pop;pop rock;rock
2SuIf85IBwsU5WLJ6GYskG,a55747ae-7768-43a6-a661-182587077fe4,GBAYE2500259,2025-07-25,GB,Solid Bond Productions Ltd.,Person,Male,GB,1958-05-25,,britpop;pop;pop rock;rock
6w04OHz5LYYYaZtBRH57U0,aab07cc9-9a5a-46e3-84a7-04dec90c73e1,,2025-05-21,GB,,Person,Male,GB,1958-05-25,,
6V6KeRTiRIRauKbCY7eZQf,635fd88b-f319-4e58-b4bd-fef30c4feded,GBAYE2500260,2025-07-25,GB,Solid Bond Productions Ltd.,Person,Male,GB,1958-05-25,,britpop;pop;pop rock;rock
5jx7MwLof9Ux9P5e6QtL9a,a9c3a625-2281-46db-9d3a-e55201d77567,GBAYE2500261,2025-06-13,,Parlophone,Person,Male,GB,1958-05-25,,britpop;pop;pop rock;rock
5OAxkrLWBZlKZ9QymG2tQP,0aff788c-abae-426a-b417-36131b702724,GBAYE2500262,2025-07-25,GB,Solid Bond Productions Ltd.,Person,Male,GB,1958-05-25,,britpop;pop;pop rock;rock
37EOSsf63Ik8FZEun49AUO,920a09d1-e05d-4744-84ec-bd5e069e82c3,GBAYE2500253,2025-06-13,,Parlophone,Person,Male,GB,1958-05-25,,alternative rock;britpop;pop;pop rock;rock
5Z1hwqfnw8cGQByVO59aQa,8af1751b-6d00-42a0-a819-ac13f8f3fdf5,GBAYE2500263,2025-07-25,GB,Solid Bond Productions Ltd.,Person,Male,GB,1958-05-25,,britpop;pop;pop rock;rock
1hXmV2vRkANgYMPm8sjTpo,d9edd1c7-8472-40bf-873b-80fa824f250b,GBAYE2500264,2025-07-25,GB,Solid Bond Productions Ltd.,Person,Male,GB,1958-05-25,,britpop;pop;pop rock;rock
0lgtsfq1BYzgsY8Sqd7u3A,85050e0d-313b-4896-b546-b03ae7bf30fd,GBAYE2500265,2025-07-25,GB,Solid Bond Productions Ltd.,Person,Male,GB,1958-05-25,,britpop;pop;pop rock;rock
3cDVAfkekSJDtutmmR9D2b,a24a64ec-d5b9-4a6b-b43c-b0de6ba7e2ac,GBAYE2500266,2025-07-25,GB,Solid Bond Productions Ltd.,Person,Male,GB,1958-05-25,,britpop;pop;pop rock;rock
1ITjbmn7VsA7EWYStcnmFW,df18dddd-f054-4e36-8334-87192cba111f,GBCKK1122309;USA371595318,1983-05-02,GB,Red Rhino Records,Group,,GB,1978,,new wave;rock
6IxxaTqEjzdQkEKKBufB0V,dba0a6d0-d4a2-4c9d-9cbf-6455677c5809,GBUM70602737,2006-10-23,GB,Island;BBC;UMC,Group,,GB,1978,,
0hpert0m9bKWptep31SZLs,0a8a6cf7-401b-41df-a01e-491e80a0959b,GBCEJ8300003;GBCKK1122303;GBCKK8300403;GBCQV0299925;USA371595312,1983-04-18,GB,Red Rhino Records,Group,,GB,1978,,britpop;indie rock;new wave;rock
5cFJmGy4os695UCV3RXnlp,39da0912-a9fa-4e83-b3a1-82d1d2811226,GBCEJ8300004;GBCKK1122304;GBCKK8300404;GBCQV0299924;USA371595313,1983-04-18,GB,Red Rhino Records,Group,,GB,1978,,britpop;new wave;pop;rock
16LOyX67qvcIzElbeEXCep,ae55ae20-bc47-442e-aede-382bef032de2,GBCEJ8300005;GBCKK1122305;GBCKK9606816;USA371595314;USMC10111098,1983-04-18,GB,Red Rhino Records,Group,,GB,1978,,art rock;britpop;indie;indie rock;new wave;pop;rock
4w8hFcqY0FUM71gisvAyej,b1ad641f-4303-4260-b70b-f2a7cb7abbb3,GBCKK1122306;GBCKK8301506;GBCQV0299922;USA371595315,1983-04-18,GB,Red Rhino Records,Group,,GB,1978,,art rock;britpop;indie rock;new wave;pop;rock
60eRosuCBGOzeDGCaccPdM,b23517f6-e857-4508-9506-f01cfff3e312,GBCEJ8300007;GBCKK1122307;GBCKK8300407;GBCQV0299921;USA371595316,1983-04-18,GB,Red Rhino Records,Group,,GB,1978,,alternative rock;art rock;britpop;indie rock;new wave;pop;rock
00RrHXEEzQqIWdPpPc6aFf,9eed3da6-4f2d-43f3-b5e4-5197f00bfa86,GBCKK1122308;GBCKK8300408;GBCQV0299920;USA371595317,1983-05-02,GB,Red Rhino Records,Group,,GB,1978,,art rock;britpop;indie rock;new wave;pop;rock
3WLOJzErGH7JtQcbC2OPA0,f067d381-c788-4ae0-ad60-58f4802302d1,GBCKK1122310;USA371595319,2012,GB,Fire Records,Group,,GB,1978,,new wave;rock
2jSPXAHBRZOeoDlPTdlVKi,5d7656e3-1d42-478b-95a9-12fde1ab0d15,GBCKK1122312;USA371595321,2012,GB,Fire Records,Group,,GB,1978,,new wave;rock
0AAigTnpklPOAYZLcY7X11,ca2c966c-d370-4435-a4d6-8c01eb378d67,,1994-01-01,XW,Fire Records,Group,,GB,1978,,
03CHzMRBWYWNQHfUkHg5Cz,2a149af6-ad3c-4383-9fac-3620918aff27,GBCEJ8500002;GBCKK9403602,1985-10-28,GB,Fire Records,Group,,GB,1978,,art rock;britpop;indie rock;new wave;pop;rock
6sS3Nfk4tTnPqHTSzfA5Bx,2c26769e-7319-47f1-8027-4d527b6dafd3,,1984,GB,,Group,,GB,1978,,
3tAhoWpOJ7BJiDvxiKv2xm,d6b041f2-8a7a-4efa-b155-77e69e8153a4,,1984,GB,,Group,,GB,1978,,
2keQF3Gs6OHEA4OvFuAyIn,97fb67bf-9d47-424c-aa5e-7026f6f24e4f,GBCEJ8600013;GBCKK9403605;GBCKK9606812;USMC10111091,1986-06,GB,Fire Records,Group,,GB,1978,,britpop;electronic;indie;indie rock;punk;rock;synth-pop
0cDrK6jOLX2LmafHuEteBE,52f2afb8-2962-44cc-9b3f-159443624ebb,,1994-01-01,XW,Fire Records,Group,,GB,1978,,
0G3HjWiyh1WAt6c56kMhba,822a582d-bd22-4858-a6cc-f1545a8e3bfb,,1994-01-01,XW,Fire Records,Group,,GB,1978,,
4bG0aGuBJrxpdjCJndYRJF,e3d671aa-b096-47cd-b17b-5224c1b261f6,GBCEJ8600016;GBCKK9403608,1986-06,GB,Fire Records,Group,,GB,1978,,britpop;electronic;indie;indie rock;rock;synth-pop
661abRgjmsVS2a0CZUJiF1,d3fd50c1-52da-4de2-93b0-082cbba613b5,,1994-01-01,XW,Fire Records,Group,,GB,1978,,
0tLnRAQUJ52jIJZBEy0vzx,68a29a2d-2d67-4b69-b4c8-d5c4621377a1,GBCEJ8600018;GBCKK9403610;GBCKK9606811;USKO19700733;USMC10111090,1987-01,GB,Fire Records,Group,,GB,1978,,brit pop;britpop;electronic;indie;indie rock;rock;synth-pop
0dKKoDhAE7Izb8TkBOVVTu,fa020ae8-b7f4-4ee3-9f43-e5481d9e3431,,1994-01-01,XW,Fire Records,Group,,GB,1978,,
4UZQEYpcBmGUT2wBIH2Ldi,7d5f7a68-9aef-41ea-8d76-f139f27c3c1c,GBCEJ8600025;GBCKK9606809;USKO19700727;USMC10111088,1987-05,GB,Fire Records,Group,,GB,1978,,brit pop;britpop;disco;electronic;funk;indie rock;pop;post-punk;rock;synth-pop
6vMcOwEpRCrruapBcQoZzQ,f768965b-37a7-438f-89a2-e9b117150508,,1994-01-01,XW,Fire Records,Group,,GB,1978,,
4f1wVpomWhrWKhhEbRyQBM,3f493513-8860-4ca7-bb8f-4a8e6507add1,GBCEJ8600022;GBCKK8601301;USKO19700724,1987-05,GB,Fire Records,Group,,GB,1978,,art rock;britpop;indie;indie rock;new wave;pop;rock
5H3IFgwVJVIR9DnzBn9qCx,b53a5f7f-b557-49b2-98cc-086485af3ab2,GBCEJ8600023;GBCKK9606807;USKO19700725;USMC10111086,1987-05,GB,Fire Records,Group,,GB,1978,,alternative rock;art rock;brit pop;britpop;electronic;indie;indie rock;rock;synth-pop
3hfTHAmyxR0xBQnKr8FZlM,a17ce432-e8f7-45ea-95a7-4d73b7958ff4,GBCEJ8600024;GBCKK9606808;USKO19700726;USMC10111087,1987-05,GB,Fire Records,Group,,GB,1978,,art rock;brit pop;britpop;indie;indie rock;new wave;post-punk;rock
4JSNMPBbRXtHc6FYD1S5Ef,4ed8328e-ab8c-483d-a7ec-ded8be449842,GBCEJ8600026;GBCKK8601305;USKO19700728,1987-05,GB,Fire Records,Group,,GB,1978,,art rock;britpop;indie rock;new wave;rock
3jaqrXwZDQBQUBKm5BoAh1,d368b03a-b55c-4c46-bdf9-a7a4bc50a286,GBCEJ8600027;GBCKK8601306;USKO19700729,1987-05,GB,Fire Records,Group,,GB,1978,,alternative rock;art rock;britpop;indie rock;new wave;rock
6zSTBcdfTkSqZkbEbKrO93,e22c0fbc-9fa6-4a0c-8b85-c84fa65d4001,,1984,GB,,Group,,GB,1978,,
0karGviwp8mQzE6Vmjmtby,70354451-946a-484a-9d9b-ee364fb64451,GBCEJ8600029;GBCKK8601308;USKO19700731,1987-05,GB,Fire Records,Group,,GB,1978,,art rock;britpop;indie;indie rock;new wave;rock
0wCVHLjdG3AN3f7mnLaKab,d39edc42-9d10-44d7-9253-aeec00a5712f,GBCEJ8600030;GBCKK9606810;USKO19700732;USMC10111089,1987-05,GB,Fire Records,Group,,GB,1978,,brit pop;britpop;electronic;indie;indie rock;rock;synth-pop
3eYo71k7L4ZlzOfXxvjgYX,eb2e772f-abc6-462c-a260-2be47aade0bc,GB4VD0901971;GBCEJ9200008;GBCKK9202608;USA371595304,1992,FR,Rosebud,Group,,GB,1978,,art rock;britpop;dance;disco;electronic;indie;indie rock;pop;rock;synth-pop
7CoOxqpbrXCxHSJEESOKVw,4fa4c87a-63dd-45cc-8186-8a734e613382,,1994,,Fire Records,Group,,GB,1978,,
6p7mqhWs6DMMx6zY5j6mLj,b5ebff95-66ae-49f9-8be4-885ed7c70665,GB4VD0901973;GBCEJ9200001;GBCKK9202501,1992,FR,Rosebud,Group,,GB,1978,,art rock;britpop;dance;disco;electronic;indie pop;indie rock;rock;synth-pop
1VyDuU80SZN8kxcF36drdg,3db92023-d7ed-41a7-9715-140a50e62e97,GBCEJ9200002;GBCKK9606804;USA371595298;USMC10111083,1992,FR,Rosebud,Group,,GB,1978,,alternative rock;brit pop;britpop;disco;electronic;indie rock;new wave;rock;synth-pop
0xKJHO6PTHIyqO1cnE7mNV,651e8849-f049-4d4b-a7da-3776307971e5,GBCEJ9200003;GBCKK9202603;GBCKK9606805;USA371595299;USMC10111084,1991-12,GB,Volume,Group,,GB,1978,,brit pop;britpop;electronic;house;indie rock;new romantic;rock;synth-pop
033YDZwlgopNae29ip7gYO,a1f40286-10bc-42de-b4bb-f765d3ab63f9,GBCEJ9200007;GBCKK9202607;GBCKK9606803;USA371595303;USMC10111082,1991-03,GB,Fire Records,Group,,GB,1978,,brit pop;britpop;electronic;house;indie pop;indie rock;rock
4M7oOyjwcq8vySkFshx5dT,a6adbb0a-0465-4a57-9fb5-b42f5dabb0d1,GBCEJ9200004;GBCKK9202604;USA371595300,1992,FR,Rosebud,Group,,GB,1978,,art rock;britpop;disco;electronic;indie;indie rock;rock;synth-pop
5bVnPQD9WNNV4t8nos5Efe,cd4ecd09-ef0f-4c78-97a6-11f211381268,GBCEJ9200005;GBCKK9606806;USA371595301;USMC10111085,1992,FR,Rosebud,Group,,GB,1978,,brit pop;britpop;disco;electronic;new wave;rock;synth-pop
57sdy5p4mjolfychP43eF2,1e9b1e4d-eab2-4f09-9444-a55da0ca2532,GBCEJ9200009;GBCKK9202609;USA371595305,1992,FR,Rosebud,Group,,GB,1978,,art rock;britpop;disco;electronic;house;indie rock;pop;rave;rock;synth-pop
4j3obTRIyR7QzvdeQz9vaO,919280d7-ddc2-444c-9e7f-3abb12c4482b,,2000,SE,Tidningen Pop,Group,,GB,1978,,
0txLC5NA64M8siGn3mnET0,5adeeab0-3b25-4196-9e4e-863be8e9fb00,,1994,FR,Island,Group,,GB,1978,,
1h9GNQ3aCkQyMAaM40a5xU,ffc85f4e-27d3-4468-bf49-7ae3d9365b20,GBAAN9300123,1993-11-15,GB,Island,Group,,GB,1978,,alternative rock;britpop;indie;indie rock;pop;rock
1pWNYcXIr97LPoYyrg4gNz,e31fca7e-b142-49b1-8725-1ce30d712da7,,1995,LU,Loose Records,Group,,GB,1978,,
4tvQNzT0gpfENRbW0abkit,f53285b6-29c7-42b2-9b69-2a06bd23a9e2,GBAAN9400050,1994,DE,Island,Group,,GB,1978,,alternative rock;britpop;indie;indie rock;rock
2F7YEAkDRGuPNX2WdIEIuo,2e844acd-c16b-4b8f-bca9-89a1c2252b16,,1995,IT,Red Line,Group,,GB,1978,,
5mJTv6ZRyjLdzSwMirJ7qS,3e459e26-1c56-4b4b-bdc0-bd05bf0264da,GBAAN9400049,1994,DE,Island,Group,,GB,1978,,alternative rock;britpop;indie;indie rock;rock
1IO8AA2cSPTPG8HpFiHPHr,427749ba-f77c-4dc2-b694-06c8d6731129,GBAAN9400051,1994,DE,Island,Group,,GB,1978,,alternative rock;britpop;indie;indie rock;rock
3ZC8rTabR4E2S4s8LEQsEa,2d30896c-9454-4c1f-a6ff-a2bd79f8ce77,GBAAN9400054,1994,DE,Island,Group,,GB,1978,,alternative rock;britpop;indie rock;rock
5yjKWD8yEufEzUQrQhr0CI,69fd72d3-deda-4b38-b048-0e8a50ccf0c0,GBAAN9400052,1994,DE,Island,Group,,GB,1978,,alternative rock;britpop;indie rock;rock
5j2W9gvoVQ7gtiPSJSQ2MF,ec6f8094-76a6-41cc-a726-898f2584f60e,GBAAN9400061,1994-05-23,GB,Island,Group,,GB,1978,,britpop;disco;electronic;pop;rock;synth-pop
2QAwomxTvAFtwvPsmD2uPZ,2b147b0f-838b-4917-88fb-bd4b7d863c15,GBAAN9400062,1994-05-23,GB,Island,Group,,GB,1978,,britpop;electronic;indie pop;pop;rock;synth-pop
67emeXGAacTijR3Nm8OoQX,8e5da47a-e4fb-4e17-ba8b-624c8bbf8339,GBAAN9400055,1994,DE,Island,Group,,GB,1978,,alternative rock;britpop;indie pop;indie rock;rock
6J577haIPgzkWrJLl6TIbQ,c28f7079-29f3-4cdc-a0bf-6e2108d7ac3a,GBAAN9400060,1994-05-23,GB,Island,Group,,GB,1978,,britpop;disco;pop;rock
4FcEx7SpUp5ZBMZDF3W2ga,4a37711a-a78d-4ba1-999a-68b11e24ec61,GBAAN9400021,1994-03-21,GB,Island,Group,,GB,1978,,britpop;dark wave;gothic;indie rock;rock
6Urn3aYEf7jUYGZz5L3IlX,a9460465-d705-4b0a-8bab-5a35e20c5c33,GBAAN9300124,1993-11-15,GB,Island,Group,,GB,1978,,britpop;indie pop;indie rock;pop;rock
7lYHgP2IF4gW7inUnz7oPF,a4f39cf7-4e7e-448b-97e3-d4ee823922a4,GBAAN9400022,1994-03-21,GB,Island,Group,,GB,1978,,alternative rock;britpop;punk;rock
0TnjxMTTsCKoqxkuNp43A6,772ec1bf-3a32-4b97-9a06-f54cb89d8a0c,,1996,IT,Consorzio Produttori Indipendenti;Mercury Records,Group,,GB,1978,,
1CBxPOi1iHFlPRjNWmHUJx,b58961b6-79ea-40cd-a5a8-dc57efde5c0e,GBUM70602754,1995,LU,Loose Records,Group,,GB,1978,,
0TVDr7WHHQeeRrNOwO82xJ,efc9d4c9-9eb4-4226-9217-97c21102542c,GBAA95000078;GBAAN9500078,1995,US,Island,Group,,GB,1978,,alternative rock;alternative/indie rock;britpop;club;indie;indie rock;rock;trance
4lp1N0qlUTjksByHpyTx3c,f7ef1496-aecb-4281-a32c-f828e4401e8a,GBAAN9500144,1995,ZA,Island,Group,,GB,1978,,alternative rock;alternative/indie rock;britpop;indie;rock
3O0ZuqmDLb6ph2PVg6SAKW,cb4ff313-6842-4d7c-a16f-cf93977efa2c,,1996,MX,PolyGram,Group,,GB,1978,,
6NbVXlNupkMJo8o2z4a9RB,5f201e2f-5f49-40ac-a3d8-97b1f290e17f,GBAAN9500146,1995,CA,Island,Group,,GB,1978,,alternative rock;alternative/indie rock;britpop;rock
0LPSqhSlSwRrI1NiQB6g8M,aa660dc5-164b-4958-bb24-039f093b169e,,1995,IT,Kiss the Stone,Group,,GB,1978,,
6LrJSqwwIYTixohW1MQapR,aed073a8-9a84-4f63-b7a1-21e5ea7fc36b,,1996-01,DE,Island,Group,,GB,1978,,
1Y8tpQQYYHIU4AGFcJpuON,a4be1394-7dbc-4923-a536-424ceda5f95e,GBAAN9500148,1995,ZA,Island,Group,,GB,1978,,alternative rock;alternative/indie rock;britpop;indie;rock
0KUHs6stBOi1qqsy1JIjJ6,e06e1337-a850-430a-83ec-147f5c158678,,1995,LU,Loose Records,Group,,GB,1978,,
0YFCp9QdGMJ6KvrCnqKNQs,1da22b6a-422c-489b-8993-a46048f08cbd,GBAAN9500149,1995,ZA,Island,Group,,GB,1978,,alternative rock;alternative/indie rock;britpop;indie;rock
0iLtR3vw6oAbkRgf0Va7q4,34d37374-ff94-43be-9f3e-71dc57f4a233,GBAAN9500150,1995,CA,Island,Group,,GB,1978,,alternative rock;alternative/indie rock;britpop;indie;rock
2TI7jHYVbAqumEm7LHgPo0,a782c938-8839-4503-b1e4-bd40f1552191,GBAAN9600025,1995,,,Group,,GB,1978,,britpop;indie;movie soundtrack;rock;showtunes;soundtrack
4uQNtydi3dzeVqUdgNfEUA,8e597ef1-078e-4932-a6a3-44659f8e9a72,GBAAN9500133,1995,,,Group,,GB,1978,,britpop;electronic;indie;pop;rock
1weJOlBVEf3VaAlGNuRpdD,99de0cb5-35e5-4967-b26f-18464e07ad05,GBAAN9400130,1996,GB,PolyGram TV,Group,,GB,1978,,alternative rock;britpop;indie;pop;rock
0EYvyoSfbjHE6OLGXLH86F,1657fd4a-f8d0-40d4-a5bc-017cfd2da573,GBCKK0730902;GBCKK9606802;USA371595306;USMC10111081,1991-08,GB,Fire Records,Group,,GB,1978,,brit pop;britpop;disco;electronic;funk;pop;rock;synth-pop
6NDeYUp2bn6ywQX7B4hnsb,d0825271-fb62-4d5f-a60d-623592e93aa7,,2005,XE,Warner Music Vision;Baker Street Recordings;BBC,Group,,GB,1978,,
3RcSVRMoqd6H6MKOP9YQqd,c5161d33-60f3-474c-acb0-77a1e91e86f0,GBAAN9800135,1998,CA,Island,Group,,GB,1978,,alternative rock;britpop;indie rock;pop;rock
6CB9dEcJawIBQBw1UTGfUc,0dd3ce02-d5a3-4698-87a3-198ea092e2d4,GBAAN9800114,1998,US,Island,Group,,GB,1978,,alternative rock;alternative/indie rock;brit pop;britpop;drum and bass;electronic;noise;rock
5VB2IkFHOX70DjPDHijkxb,00fe6efd-61f2-4e3e-a8d0-493352878dd0,GBAAN9800115,1998,US,Island,Group,,GB,1978,,alternative rock;alternative/indie rock;brit pop;britpop;drum and bass;electronic;indie;noise;rock
6v90ogq4aY6xoM4pY8nwzw,3db47a54-626e-4d07-bda2-2ecffffde8fe,,1998,DE,,Group,,GB,1978,,
77knlhpQqHNqHu8AjUySY8,f8c42b6c-c1ac-4580-94ed-f047dfd4688f,GBAAN9800118,1998,GB,PolyGram TV,Group,,GB,1978,,alternative rock;alternative/indie rock;britpop;indie rock;rock
4tBkCVE4ilmUG8fo7GVlr6,79ea714e-3972-442e-942c-e9bdc2b00780,GBAAN9800123,1998,CA,Island,Group,,GB,1978,,alternative rock;alternative/indie rock;brit pop;britpop;drum and bass;electronic;indie pop;noise;rock
7cc2gARncEvBqP4Zxj67E4,56700c82-e1f2-4df7-9bc2-90b61a6c5ed2,GBAAN9800116;GBAAN9800323,1998,CA,Island,Group,,GB,1978,,alternative rock;alternative/indie rock;brit pop;britpop;electronic;house;indie rock;pop;rock
4rZv2kWueiHpTnF5BRIjUy,79b286a1-27b3-4bb8-8865-92c6c5310dbc,GBAAN9800119,1998,US,Island,Group,,GB,1978,,alternative rock;alternative/indie rock;brit pop;britpop;drum and bass;electronic;hard rock;noise;rock
0MOCejwDcm1V6JdCeobiYR,8f82d78b-4c7f-4bbb-901e-548a61fbc0d1,GBAAN9800120,1998,GB,Island;London Records;Mercury Records;Mother Records;Polydor;Roadrunner Records,Group,,GB,1978,,alternative rock;alternative/indie rock;brit pop;britpop;drum and bass;electronic;indie;noise;rock
5zo4UAqQ7hnFmwbwNqEccV,536cc40f-f0bc-452b-8735-8d79fa8ee7f8,GBAAN9800121,1998,US,Island,Group,,GB,1978,,alternative rock;alternative/indie rock;brit pop;britpop;drum and bass;electronic;indie;noise;rock
23v2HwDsIJExxPQd7qh02A,e1658458-c76f-434f-9969-9cd1747f9ff7,,1998,DE,,Group,,GB,1978,,
2VLs1V9IP8JkhZWCtQHnj1,a768a0c3-18f2-4b98-92d2-07bb6d0b6d4d,GBAAN9800122,1998,US,Island,Group,,GB,1978,,alternative rock;brit pop;britpop;drum and bass;electronic;noise;pop;psychedelic rock;rock
6sAEtisNgrA84IdPtwYJbO,9e1af9a0-343c-4e25-9c4f-9415ca78eb5b,GBAAN9800239,1998-06-08,GB,Island,Group,,GB,1978,,
0cHm9kszj5trfP73Ah6dL1,3d184bb6-3b42-4783-9b62-fc172fecf0f2,GBAAN9800087,1998-03-16,GB,Island,Group,,GB,1978,,britpop;indie rock;pop;rock
52Bw3bS9aWmrlUgjoAZdF1,599094f2-d36e-48e0-a361-2008d4d3f919,,,,,Group,,GB,1978,,
62i9xKIHQ4lBZZld4CpF0b,826bf026-4935-40d1-8e82-3c422168a817,GBAAN9700194,1997-11-10,GB,Island,Group,,GB,1978,,britpop;classic rock;indie rock;pop;rock
2oEECCEcxqEto4KRMDU2tF,443279d9-c454-429d-a965-6a267c30319b,,1982-11-06,GB,No Future,Group,,GB,1980,2007,
4J9fgzcMHOQe3TfG6wLqMg,657910a0-5685-492d-82be-74ff1700d4d7,GBAAN9700193,1997-11-10,GB,Island,Group,,GB,1978,,britpop;indie rock;punk;rock
2YnnLjMC8xTCH9ikzY63NN,e4c6b09f-7fd4-4b2a-b989-75890baff58a,GBUM70602778,2006-10-23,GB,Island;BBC;UMC,Group,,GB,1978,,
5D3qROnMqiZLL4LotIiHtA,40121fe5-40fa-4603-ad69-641c00f20e32,GBAAN0100238,2001,GB,Island,Group,,GB,1978,,britpop;electronic;indie;indie rock;pop;pop rock;rock;synth-pop
1Zq2kaj7ZJ4rx4XvpK5zZz,a19b3b85-e624-41ed-a726-d1de5eda93ef,,2009,,,Group,,GB,1978,,
2cjkj9iaZ13YrB0q2rbFTi,de3e2ba3-9f82-45e0-b413-92752ac98529,GBUM70603485,2006-10-23,GB,Island;BBC;UMC,Group,,GB,1978,,
3i3Z98bJjTihG4N5flBjiM,d2ba7b1d-be07-44d1-a438-d9b167e81e76,GBAAN0100230,2001,GB,Island,Group,,GB,1978,,britpop;electronic;indie;indie rock;pop rock;rock;synth-pop
4YuYYujW5QassRbpykoR5E,257233de-aca9-4d8b-83e9-b29a8309fc2f,GBAAN0100233,2001,GB,Island,Group,,GB,1978,,britpop;electronic;indie;indie rock;pop;pop rock;rock;synth-pop
3GGhd9ifONnwPZhtrnAbls,cd239319-df1b-4875-a1c0-42730a2bb253,GBAAN0100234,2001,GB,Island,Group,,GB,1978,,britpop;electronic;indie;indie rock;pop rock;rock;synth-pop
3fO3PkYur0T4KpsbobfV5s,78074414-17b7-45da-932e-eaad19c4ed9d,GBAAN0100237,2001,GB,Island,Group,,GB,1978,,britpop;electronic;indie;indie rock;pop;pop rock;rock;synth-pop
5zgvODYDS8PNgsDDdXIyUT,31275979-4f6b-4ab5-8028-e722524a56a7,GBAAN0100235,2001,GB,Island,Group,,GB,1978,,britpop;electronic;indie;indie rock;pop rock;rock;synth-pop
0R0OFra7VeWG9wLVxnPb9E,04f56305-e8da-4edf-ba1d-3b511ac216e1,GBAAN0100231,2001,GB,Island,Group,,GB,1978,,britpop;electronic;indie;indie rock;pop rock;rock;synth-pop
7h69ev9ZHGs7krGVT63iW6,59f609a2-f7a9-471f-9812-e78fb06b1628,GBAAN0201062,2002-04-15,GB,Island,Group,,GB,1978,,
3oAT7mLfu3p3F2iZ1H1CG3,b20228da-4f01-4709-994c-932cdad3b98f,GBAAN0201063,2002-04-15,GB,Island,Group,,GB,1978,,
2Zc1HjfnmobygsHyNSPYtU,4c2157ef-a503-4076-9948-95948717b498,GBUM70602735,2006-10-23,GB,Island;BBC;UMC,Group,,GB,1978,,
3ydzAhDRpJbvyG9CyoGhtS,bc212c1c-9cda-4403-83f1-7d15cf7b1e51,GBUM70602736,2006-10-23,GB,Island;BBC;UMC,Group,,GB,1978,,
28Pgg5ucPVw6TbQV859EXZ,87dd2a68-2a43-4a06-a1de-3b7943948048,GBUM70602741,1993-11-15,GB,Island,Group,,GB,1978,,britpop;pop;rock
5eCEwajaTiJfLqaIfZdas2,8e9b7e1f-bf45-45aa-8bec-7d6d59fdb41b,GBUM70602767,2006-10-23,GB,Island;BBC;UMC,Group,,GB,1978,,britpop;indie rock;rock
2WtG1vMY5H1aGresVwJ59Z,cf518583-64c8-41d5-ab43-23e8842d3c0b,GBUM70603566,2006-10-23,GB,Island;BBC;UMC,Group,,GB,1978,,
1c66APUihMSvbniRdka1Er,fe2c9531-ad89-4f7a-b083-3342f332b579,GBCVZ2500003;GBCVZ2500014,2025-04-10,,Rough Trade,Group,,GB,1978,,
7uFif00qArtq2USCkQEGac,0b7f3f39-6203-4f6b-9700-fb5af77eaa8c,GBCVZ2500004;GBCVZ2500015,2025-06-06,,Rough Trade,Group,,GB,1978,,
6Uhe8b6DCz9a3UWCtioH1n,31fa5e12-6057-4230-90c2-432e6490865e,GBCVZ2500005;GBCVZ2500016,2025-06-06,,Rough Trade,Group,,GB,1978,,
7mnug6FnByIxbrvXYsJbCL,4422ee69-a385-4430-8ec4-017478c66bef,GBCVZ2500006;GBCVZ2500017,2025-06-06,,Rough Trade,Group,,GB,1978,,
5fCPLcQyzDdkQx9ABomVBN,798d79bf-5147-464b-aad7-2a04ef9640fb,GBCVZ2500007;GBCVZ2500018,2025-06-06,,Rough Trade,Group,,GB,1978,,
2lGVqy4UBYTlKC6igDdXDb,b88e65b8-609a-46bd-abe5-9b646e756c3a,GBCVZ2500008;GBCVZ2500019,2025,GB,Mojo,Group,,GB,1978,,
4Z6rhg5FOWidgYhJ2Masw6,7ff72272-9b8c-436e-ac25-391eedc4f93d,GBCVZ2500009;GBCVZ2500020,2025-05-22,XW,Rough Trade,Group,,GB,1978,,
0hHE2ObOBkUDaeISIwt1sN,635c567e-0cdf-48ae-ad9c-9d3675657de6,GBCVZ2500010;GBCVZ2500021,2025-06-06,,Rough Trade,Group,,GB,1978,,
70JPdIveHLZ4rmckNtQALM,bf846820-61a8-4956-85c6-1752ccdd381a,GBCVZ2500011;GBCVZ2500022,2025-06-06,,Rough Trade,Group,,GB,1978,,
4jfdT0MQ52Ap73scZDNNt5,f23d0460-8e23-4068-a801-67a8f230cffd,GBCVZ2500012;GBCVZ2500023,2025-06-06,,Rough Trade,Group,,GB,1978,,
1zqpcS6DRz0xCDYKS6QNoI,1cc84172-de01-4067-b20b-a5bd15022880,GBCVZ2500013;GBCVZ2500024,2025-06-06,,Rough Trade,Group,,GB,1978,,
4QoJS0F5NAQ3xyLrODKi1Z,980cfb0e-c93c-4d09-8399-b381dd1d4669,GBUM70706867,2007-10-15,GB,Polydor,Group,,GB,1990,,
1VXnksZDs7ApvjtBUdkcep,7abd0a38-7b18-4cfb-bf34-13a13889abfd,GBUM70706882,2007-10-15,GB,Polydor,Group,,GB,1990,,
1sPM2o9MUALnUXXxosWRpl,07d12493-7cce-4e9b-a0e8-e4f92ff52ab9,GBAKW9400253,1994-10-01,GB,Polydor,Group,,GB,1990,,britpop;indie;indie rock;rock
5xUietf1G2lEDBuQo0EH2R,1fb48316-25c9-484a-a038-620fd0b6372b,GBAKW9400254,1994-10-01,GB,Polydor,Group,,GB,1990,,britpop;indie;indie rock;rock
18B49bWOFO8UgStiamJ3NW,27c0c66e-53d1-4396-affd-62cbf4a908ca,GBAKW9400029,1994-10-01,GB,Polydor,Group,,GB,1990,,indie rock
6TFZ8zGLcoumVWMR4GBk2i,b7cd8f36-c9f9-42df-a40f-707efe901ef9,GBAKW9400255,1994-10-01,GB,Polydor,Group,,GB,1990,,indie rock
3SID4ogdbexydo6jLJhriq,0a184013-3451-48b2-af68-016701fc31e2,GBAKW9400160,1994-06,GB,Polydor,Group,,GB,1990,,indie rock
1KVG50LE5XO8nkRoGjnW8p,87492401-bbac-49c9-8702-1c045cc3493a,GBAKW9400256,1994-10-01,GB,Polydor,Group,,GB,1990,,indie rock
7HgslBE9t6AZwq9PBtwYwM,72a256ae-3214-4379-96ad-6df70bd40d6c,GBAKW9400028,1994-10-01,GB,Polydor,Group,,GB,1990,,alternative rock;britpop;indie;indie rock;pop;rock
68XKHJiyZL3tSZy77trAiP,ca30f0bc-2641-480d-936d-2a6b2622dec8,,1994-10-31,GB,Polydor,Group,,GB,1990,,
67qsGCX8BEYy6m1yhr8Tzq,6a59694e-714a-4747-aa62-cbdb48f1398d,GBAKW9400258,1994-10-01,GB,Polydor,Group,,GB,1990,,indie rock
4IFC2bM8SquqQYOu9tiQ8C,98cd8d44-bc5e-4a23-aa86-546a03b70a1e,GBUM70706864,2007-10-15,GB,Polydor,Group,,GB,1990,,
5Yr6PtlymPSLry6Cjw6udV,4944f268-952c-4bc7-b08a-31954662f40a,,2003-06-24,GB,Taste Media,Group,,GB,1990,,
2Jg0yO2Tc4I6QUoRzB3cBv,506cca2b-d026-4c2e-84f3-059e7f4aa2fd,,2017,GB,Secret Records,Group,,GB,1990,,
50LAWuVkHBQV1xWRcAf8OA,9b3e598a-404b-4031-9acd-a4cd045f3cfd,GBAKW9800083,1998-06-01,GB,Polydor,Group,,GB,1990,,alternative rock;britpop;indie;pop;punk;rock
6SZhua76SHvjmUCq7ZDHND,bbb0c0f5-04eb-4348-b9de-4a6b5ddc7b4b,GBUM70706873,2007-10-15,GB,Polydor,Group,,GB,1990,,
2r96NHVbR1mpPr9ECzRYDc,c4728d88-bbe4-4f43-bb64-99dd37bedd75,GBAKW9800056,1998-06-01,GB,Polydor,Group,,GB,1990,,britpop;indie;indie rock;punk;rock
0HUs077ep6YYMxwDmmuXTw,1c7a7e73-7312-45e5-b285-a3c98b8a9a7d,USUM71605087,2016-06-10,XW,Casablanca,Person,Male,US,1987-03-31,,
4ZO2zBggB9lXfDKv3k6ij2,f2732dee-dd06-49e5-8a8e-9b0969bd9d0c,GBAKW9800085,1998-06-01,GB,Polydor,Group,,GB,1990,,britpop
3yFgYrCgdniO2NcZyA1aLx,f4df2813-91e6-433c-9c50-f660fc788786,GBAKW9800086,1998-06-01,GB,Polydor,Group,,GB,1990,,britpop
50T04JUhBoR4pXFXH2z5jq,61cedbaf-d805-47ab-94e7-01c1fc875ef9,GBAKW9800087,1998-06-01,GB,Polydor,Group,,GB,1990,,britpop
3AxeNHUDtvbVFUzOe3lQG8,881a47d0-57bb-4348-9caa-24b2cf8da018,GBAKW9800059,1998,GB,Island;London Records;Mercury Records;Mother Records;Polydor;Roadrunner Records,Group,,GB,1990,,britpop
2q1VaYfLyPur3bwZswF5o2,26aa2bfd-aca4-423d-bc98-51cfc792f630,,2017,GB,Secret Records,Group,,GB,1990,,
2CYNjxPqUrL3qX3pSOWau3,53b6065c-6d62-4c7e-8986-8baf54266f2b,,1999-05-24,GB,Polydor,Group,,GB,1990,,
38WTAMLrpHLQrPtPnYevD9,6133eee4-06b6-4ae5-bce1-b76c3d8f087b,,2003-06-24,GB,Taste Media,Group,,GB,1990,,
2feEO9UBGpyon2rEKUUa6x,6f8ba434-1cc4-4ad1-a2e1-b42dd7d44ca8,GBAKW9600561,1996,JP,Polydor,Group,,GB,1990,,alternative rock;britpop;indie;indie rock;punk;rock
035Pv9UaXBKm3SRnQ3oFHT,92a69c58-b888-4302-9be9-a00f0aae68ee,GBAKW9900115,1999-05-31,GB,Polydor,Group,,GB,1990,,alternative rock;britpop;indie;pop;rock
5itdVVvGftt7ms2q9lmgK6,b5be3c8a-f680-48bc-9bac-e37168696558,,2009-05-13,GB,,Group,,GB,1990,,
39z2EPOP2EapBLU7ddYC7g,0b71cac2-dede-493f-a5c3-f2febe035a97,GBUM70706884,2007-10-15,GB,Polydor,Group,,GB,1990,,
1NbdxZt6aNBDGzgx9SQGDk,da20dade-5536-49fc-b2f6-f2358e5420b3,,1999-05-31,XE,Polydor,Group,,GB,1990,,
64aNJ4tMxfEUg0mRBXCZei,9bba5f3a-bbc5-4aa4-ab7a-3ebded0e6b3b,,1998-03-02,GB,Polydor,Group,,GB,1990,,britpop;rock
4giXM1EAQ78xYKhZ7kXheS,3317d0dc-9453-40e3-a982-aee784a98a83,,2015,NO,Sony Music,Group,,NO,,,
6iCCU6flui1GRlTEsUyLiM,681f3445-699d-4a4b-b6d3-4f69ca8a4ddb,GBAKW9400312,1994-10-31,GB,Polydor,Group,,GB,1990,,indie rock
54dNBBZi5ixxz80dBcgdLz,65fca35b-d0ab-4e22-a53f-a7e6e3ce8cbb,GBUM70706880,2007-10-15,GB,Polydor,Group,,GB,1990,,
2gYcfbQRp43BpFVMVhdbOU,200b9aa5-5b98-432b-86eb-62726ed88529,,1994-10-31,GB,Polydor,Group,,GB,1990,,
4AamwTvsH9eJZr5zgYeK8W,7dc17bac-12b3-40ef-ba0b-378ff21f5bab,,1996-01-15,GB,Polydor,Group,,GB,1990,,britpop
05NXJaKPsAmh4cYPxuA58G,696ac832-4f49-4a76-831d-b58502cdb20c,,1996-08,GB,Polydor,Group,,GB,1990,,
28369mUKEckiebRL0ow7vL,9abaa49d-125d-4a62-83c7-119baf70e63a,,1998-08-01,JP,Polydor,Group,,GB,1990,,
1TkMrnmyQ82UzdUTq0zfhA,a0b42e1a-ca1f-4c5a-ada7-84ee5f4f2492,,2004-10-11,XE,Spectrum Music,Group,,GB,1990,,
3EFnegNgq9l0pPDV7EGAGl,d4a3e30a-240c-4bbe-bbf3-decd5ac9e237,,2003-06-24,GB,Taste Media,Group,,GB,1990,,
6nET1BIt608sLMNjBUewoD,fe544939-4707-4a89-8a94-62e36ad6c8e0,,2001-05-07,GB,Artful Records,Group,,GB,1990,,britpop
5AYDcWOxIuynJ2l1toNSE3,feadcb04-41b1-444e-a948-1eaa1bb8364c,,2003-06-24,GB,Taste Media,Group,,GB,1990,,
1WzKp2HYaxiMa8w3PWJKsL,cc197494-ddf9-44ea-98e6-666a2f5fe3d6,,2001-05-07,GB,Artful Records,Group,,GB,1990,,britpop
7cHYdzrTuTuw2KVbTJnFIe,7193a5bb-91a9-4e25-a014-df7fb2ea23b3,,2001-05-07,GB,Artful Records,Group,,GB,1990,,britpop;indie;indie rock;rock
7LL5F0L6s9dNZiYdAi6pJv,6988ef22-7af2-4369-b594-9f650bc1a6e1,,2001-05-07,GB,Artful Records,Group,,GB,1990,,britpop
6H2buzzgckL85JLROalc4d,259772f3-68b4-4159-90c2-1ec1049f4c6c,,2001-05-07,GB,Artful Records,Group,,GB,1990,,britpop
0D2wP5OxPQVhoZ1JfJgdr5,7151c4a4-d754-4a4f-8d3a-62cff4d7d185,,2001-05-07,GB,Artful Records,Group,,GB,1990,,britpop
1dwp035znMxp52rMI9ll6m,9c5a0417-d5a8-4578-9e48-a10825bc7f07,,2001-05-07,GB,Artful Records,Group,,GB,1990,,britpop
4heMxyvGi4QYCCVWWWH9SI,485134a5-d26c-42cf-b154-ff7cbdd6e678,,2001-05-07,GB,Artful Records,Group,,GB,1990,,britpop;indie;indie rock;rock
0oFLM8ajZRn4SdIo8RPFbv,2be554f9-eae2-41d8-85f7-b605b931f8bf,,2001-05-07,GB,Artful Records,Group,,GB,1990,,britpop
3f4Us15GEqEO1OaoMcVcKY,45efc95e-c9ba-415b-8c0f-4d2e515842ff,,1996,JP,Polydor,Group,,GB,1990,,britpop
5T9EfObDULfyb4xhNmoFZG,82ad5261-b85c-41b6-a57d-493464bbbfe4,,1996,JP,Polydor,Group,,GB,1990,,britpop
2s1uvF9rbsQYYOcMfmHIJd,158981bc-04e2-4a36-82a4-13e9a0adc057,,1996,JP,Polydor,Group,,GB,1990,,britpop
2Fun7Bn7HqO38RUgkX4V8i,e194bf52-4739-4beb-880e-40acf0dfa9f7,,1996,JP,Polydor,Group,,GB,1990,,britpop
5hXeDRM83lR0XXZRHq9gKX,2428d729-2f3b-46c4-a443-9811df37a903,,1996,JP,Polydor,Group,,GB,1990,,britpop
1OTp8H48LAlti4lszIjygS,e069ceb4-39c8-4808-9d87-7e992c51f0fc,GBUM70706869,2007-10-15,GB,Polydor,Group,,GB,1990,,
2ZBwEVC6xJLhqV89Wd5mmX,c2e9e45a-bd96-4a4f-b856-4221f7c3ad31,GBAKW9400161,1994-06,GB,Polydor,Group,,GB,1990,,indie rock
618nK1HVnBz0uJB6AgD6eC,3bbeee32-3f39-4abc-a7c0-954168e28c40,GBAKW9400221,1994-08-15,GB,Polydor,Group,,GB,1990,,indie rock
7sWgos0bOu1v5Vje2s4is1,4eb256a9-6066-4e44-b5bc-1d382af3798a,,2008-01-14,XW,UMC,Group,,GB,1990,,
1OwVIDpj74XQdCptaouG6s,489950af-0288-4bcd-a1fa-e0b8d2a2e4eb,,1995-05-01,GB,Polydor,Group,,GB,1990,,britpop
0fzBNwa4f3MyLsAgNZ7l9V,93079b51-351a-49e0-a4ab-bc25f8b65ce0,GBAKW9800035,2014-04,XW,UMC,Group,,GB,1990,,britpop
3ksvr7rw3kRIx7EK9IVqGA,63041519-e44d-49b8-946f-63a8d9290183,,1995-05-01,GB,Polydor,Group,,GB,1990,,britpop
5pmJp8NhgrGRy9wSdfGUKP,218a27a2-fb65-4aa9-b58f-cab175b6b10b,,1996-08,GB,Polydor,Group,,GB,1990,,britpop
2hoGCSonvvOLyoCqQ6DMCU,9549f6b7-b007-487e-8fc1-3995168f193d,GBAKW9900118,1999-05-24,GB,Polydor,Group,,GB,1990,,indie rock
1DeI12PlYRNJ9wpVs1k6tP,4d8e32e4-6f12-4186-9d7b-718f0c8a4164,GBAKW9601245,2014-04,XW,UMC,Group,,GB,1990,,britpop
3cW37nTrSIktEa9CgvJuDb,e55928ae-ed96-4451-92e9-7bf79a02f03f,,1996-11-04,GB,Polydor,Group,,GB,1990,,
5cY2esSzooK05mzNNYDnZ1,58de0563-310f-4dd1-a9cd-fea54e61254e,GBAKW9400313,1994-10-31,GB,Polydor,Group,,GB,1990,,indie rock
1CVotBZElR6epjDOASXaIJ,a32b7f90-aea4-4e11-a937-d6d17bf16163,GBAKW9800094,2014-04,XW,UMC,Group,,GB,1990,,britpop
3Ca4mxgaxykTeT2fL41kxW,681f5587-88b2-4716-9abf-ad3c9435777c,GB5KW1702728,2017-11-10,XW,Infectious Music,Group,,GB,1990,,
2S8kqrwRbxzyxxIGi9NllE,020c0162-ebfc-44a9-86fe-1e1ff399bf0d,GB5KW1702729,2017-11-10,XW,Infectious Music,Group,,GB,1990,,
1B210nTcPS5XwuokqufUV0,098e2828-b5b2-45ff-82dc-9404582b3a55,,2020-12-14,GB,Townsend Music,Group,,GB,1990,,
0uEttjcCuVnhJz7W3sxHs5,4416fa5c-0aec-4ece-a9ee-7e0584bee064,GB5KW1702731,2017-11-10,XW,Infectious Music,Group,,GB,1990,,
7w0m5faFyF2oc1cva3T6PT,706e33cf-1434-439b-9d31-cd75454d7f34,GB5KW1702732,2017-11-10,XW,Infectious Music,Group,,GB,1990,,
6IRBRuzTWfR9YTeYM7GjqA,228a7e93-f484-4819-883f-943892a2a58d,,,,,Group,,GB,1980,,
5NR9Vt8l7mjNkC3zaqIZ0y,ee191f7f-0e22-4eb7-bb3a-d126454fef7f,GB5KW1702734,2017-11-10,XW,Infectious Music,Group,,GB,1990,,
5RAsH1nrISC3W9md4TO8n8,4298d51a-1573-43e3-8704-0afd5908e3c6,GB5KW1702735,2017-11-10,XW,Infectious Music,Group,,GB,1990,,
6H9xU60hB1KElMO0rWSaDV,122db80e-d333-42de-b9ea-6e0ac18a28ff,GB5KW1702736,2017-11-10,XW,Infectious Music,Group,,GB,1990,,
6QUvNEX3Sd9NARHBqmuxqw,50bd27e8-32d3-4274-9512-d1ae76eac91c,GB5KW1702737,2017-11-10,XW,Infectious Music,Group,,GB,1990,,
5VkdqfNr7mSYq0sjNwp84e,db03c918-84c6-4cc4-ac29-fb625054ed04,,2018-01-11,GB,DMC,Group,,GB,1990,,
6v2xac7Cz4uv0GmawNVWdd,38a4e2c3-a62f-4ba4-9758-a34722c608f5,GB5KW1702739,2017-11-10,XW,Infectious Music,Group,,GB,1990,,
6kHSCTkK1dMvY1ulT5DkyN,4bf15108-bc77-4685-a099-25d236b5e4f8,GBCEJ2300120,2024-01-05,XW,Cooking Vinyl Ltd.,Group,,GB,1990,,
1zS5UyeWHy6QM4NxxZiTrM,c4a90627-9a19-417e-8dde-09b5780fb8cd,GBCEJ2300121,2024-01-05,XW,Cooking Vinyl Ltd.,Group,,GB,1990,,
0thRcPOzyVj5UdMBo08RV6,566684ec-1cef-43d7-a1b3-5b2f8bd5089d,GBCEJ2300122,2024-01-05,XW,Cooking Vinyl Ltd.,Group,,GB,1990,,
5dZ0bZdiuIVHU1gptUxJzC,f8ea111d-e17b-4933-99ef-44b04650d893,GBCEJ2300127,2024-01-05,XW,Cooking Vinyl Ltd.,Group,,GB,1990,,
1dVYKimIL2LNZ060VMhX33,313b55aa-a532-4cab-97ff-9f2196040fbe,GBCEJ2300129,2024-01-05,XW,Cooking Vinyl Ltd.,Group,,GB,1990,,
119jOsrRdkGsVdIzH1Alna,284e252c-adc7-4c71-8590-047ada5fe614,GBCEJ2300119,2024-01-05,XW,Cooking Vinyl Ltd.,Group,,GB,1990,,
42vMs8CvBZt81Qdkx3pS8R,e00179ce-a7f0-4705-ba12-7ce0ef01a62f,GBCEJ2300123,2024-01-05,XW,Cooking Vinyl Ltd.,Group,,GB,1990,,
7amx8KtCn9CVzyoCje4NBq,494239ed-e4b6-4f33-a59d-ed4a19d0710d,GBCEJ2300126,2024-01-05,XW,Cooking Vinyl Ltd.,Group,,GB,1990,,
3pxh61OoczvUfQ3rwGigc7,c599535b-39f1-4f11-b503-a1b3cb437106,GBCEJ2300125,2024-01-05,XW,Cooking Vinyl Ltd.,Group,,GB,1990,,
1WrWnsPI8FETiwc7cVdZC8,cb9098b8-11d0-42d4-afdc-f1a940ef31b7,GBCEJ2300128,2024-01-05,XW,Cooking Vinyl Ltd.,Group,,GB,1990,,
38ALQ59YiZVIzwXzufp8kb,ebce5eff-2555-4fed-96ce-c43d32c9e27f,GBCEJ2300124,2024-01-05,XW,Cooking Vinyl Ltd.,Group,,GB,1990,,
36c8Sq4GPKTXmBrTU8pgpE,41c6154d-50b2-4bf0-bd95-4acdeec1c46f,GBCEJ2300457,2024-12-13,XW,Cooking Vinyl Ltd.,Group,,GB,1990,,
1L3ckD3jqY7TBL1kREI8bb,16330ee9-5c6c-429d-ab09-c5fe3a6b99ca,GBCEJ2400117,2024-12-28,XW,Cooking Vinyl,Group,,GB,1990,,
0ohlYvqvAhb8yrLpSf3Mxv,2a2efd49-85b6-43ea-b70f-5b834409db80,,1996,GB,Beechwood Music,Group,,GB,1993,1998-12-30,
6Pj9rHsp0LQrAOeLLes6yS,b22754a3-9915-4731-bb41-ec38d9a7a536,GBARL9400401,1995,US,Arista,Group,,GB,1993,1998-12-30,britpop;punk;rock
3QNXFP5IZdQymqoVdzOvDA,4ab670a4-bb65-43f3-8b8d-64071b2c001f,,1995,US,AIM Marketing,Group,,GB,1993,1998-12-30,
3OtxM34qMFwfKuSXXwa1YN,2ac537e7-303f-4e26-b81c-f33b22c26af7,,1994-01-31,GB,Indolent Records,Group,,GB,1993,1998-12-30,
4Gn77DMgTlG0jv693Af4FF,5d8b0528-d8fa-4a12-95e6-200ebf54cd24,GBARL9400404;GBARL9500024,1995,CA,Arista,Group,,GB,1993,1998-12-30,britpop;indie rock;punk;rock
2C62iHbwZ8baWO8vkI3gkd,06375fa1-ce2a-482f-b371-2551d8579305,GBARL9400400,1995,US,Arista,Group,,GB,1993,1998-12-30,britpop;indie;punk;rock
6xuECPYDLdeMn0gL0zhDAT,2665b068-f39e-4187-9937-086e33c215b6,,1993,GB,Indolent Records,Group,,GB,1993,1998-12-30,
0cg8G4tVoTY0OYDW28K9nQ,a12019da-40cd-4a86-b38b-b017c2599b1f,,1994-10,GB,Indolent Records,Group,,GB,1993,1998-12-30,britpop;indie;rock
1pM46fKrHif6oI5k6da9oc,99ea8ebc-d4ed-4e61-baff-33499cf1c581,GBARL9400403,1995,US,Arista,Group,,GB,1993,1998-12-30,britpop;punk;rock
7kOWjnpMdIEgLVH6bKWN0d,f8ecbf17-929b-47d5-bae7-44e6bd0ab81d,GBARL9400405,1995,US,Arista,Group,,GB,1993,1998-12-30,alternative rock;britpop;pop;punk;rock
51z8Pxq5Vwv0HEzoaOtnlS,8e434b96-7091-490f-8074-7f9cedf3aa82,GBARL9400407,1995,US,Arista,Group,,GB,1993,1998-12-30,alternative rock;britpop;indie;punk;rock
2fHrLsNizLImrB8A7FrkTG,a358f809-0c34-4eee-a32b-70aea4ff910a,GBARL9400408,1995,US,Arista,Group,,GB,1993,1998-12-30,britpop;indie;indie rock;pop;rock
5D7NMBAY9zchPaELBEVoxn,1ff21669-9f57-4a65-8a5f-3eba76a2adb5,,2009,GB,Crimson Records,Group,,GB,1993,1998-12-30,
3FQu6cnkuypA2UIwnz9zwf,ca816bfb-8a87-42bf-a59e-bc1bd2288a68,,2022,,Gorsky Records,Group,,GB,1993,1998-12-30,
68MJxkTBr6YJ88NGEIXD2z,2f3e4308-ef71-4edb-a082-2d1e0f48da7e,,2010-12,GB,EMI Gold,Group,,GB,1993,1998-12-30,
6Q1QAEr9XXlqJClLouegmB,0a2b460b-662f-4191-96c7-e02b729cab1b,,1996-06,DK,Wild Magazine,Group,,GB,1993,1998-12-30,
39JyzHLLH7qRPwLti4dSFA,eb32eb04-ffbd-4e3a-aecd-cd9bb08e3667,GBARL9600077,1996,US,Arista,Group,,GB,1993,1998-12-30,britpop;indie rock;punk;rock
4eahjDyEUFb5lYO8gC8Xi4,433b2aa1-55ac-4747-ba70-f9808e6d1a74,QMJYX1330266,2013-05-28,XW,Comedy Dynamics,Person,Male,US,1953-11-18,,
0IHAc5F8I8ym9wpN8erWLQ,0e0b5e12-03ae-452e-b9ee-9dfd0f5680a5,GBARL9600075,1996,US,Arista,Group,,GB,1993,1998-12-30,britpop;indie;indie rock;punk;rock
6QsWqIQDyGQsbJaGb7PQt4,1757ee58-d058-4f04-8932-65e38361873d,GBARL9600074,1996,US,Arista,Group,,GB,1993,1998-12-30,britpop;indie;indie rock;punk;rock
0EjVnS0Dq4vJJHaCalG3ov,fc12abbc-66fa-492d-93a1-62101d7abc99,GBARL9600081,1996,US,Arista,Group,,GB,1993,1998-12-30,alternative rock;britpop;indie rock;punk;rock
2uqXCHkVosp4rOCw133niA,9b42fb57-99c7-4ec1-a953-d6fda0fbdf43,GBARL9600083,1996,US,Arista,Group,,GB,1993,1998-12-30,britpop;indie;indie rock;punk;rock
1ETG9vq0Rd0wXNH2eYl3VG,58f410be-9eb3-43d7-9032-c2e6b8d422f7,GBARL9600082,1996,US,Arista,Group,,GB,1993,1998-12-30,britpop;indie;indie rock;punk;rock
7w2xxDxz2mopx9tkyUouk2,87d32da3-6a14-47d7-85a5-dffa069e0a2a,GBARL9600080;GBARL9700483,1996,US,BMG,Group,,GB,1993,1998-12-30,britpop;indie;indie rock;pop;punk;rock
1AomWLxI4PqrEVXTxOV2hi,596fa263-077f-411a-bcbc-f89cf6c57f4a,GB9TP1800764,2019,XE,Gorsky Records,Group,,GB,1993,1998-12-30,
2brOeuJkGoOxnakjOd6bui,cee35de7-87e5-4e54-bc8f-28ba68118c1e,GB9TP1800754,2018-12-05,XW,Gorsky Records,Group,,GB,1993,1998-12-30,
2flJmTk7ybXB8OvixeYZTY,24b69799-e604-4d10-bcb0-0f7b0b073b63,GB9TP1800765,2019,XE,Gorsky Records,Group,,GB,1993,1998-12-30,
4RT25rWx8igaAaxInkUcOy,c1a6d7a6-fb10-4334-bde3-5349db90392c,GB9TP1800766,2019,XE,Gorsky Records,Group,,GB,1993,1998-12-30,
4hKFdJ2aSimzRG2AFSgs5A,8e210bbd-f9b3-4d10-a344-b08dd15d6df0,GB9TP1800767,2019,XE,Gorsky Records,Group,,GB,1993,1998-12-30,
2sZDrfmzATwx1AKfYfVAjc,b0219739-773b-4bf7-8696-1b3e6bfea0f9,GB9TP1800768,2019,XE,Gorsky Records,Group,,GB,1993,1998-12-30,
19YppmZy41k4bAdgLP9vQg,ca121494-7973-4b15-82ec-8a7a8a5e9f64,GB9TP1800769,2019,XE,Gorsky Records,Group,,GB,1993,1998-12-30,
1OCUuz8L1tCwte1u14PwGh,f24b88bd-f87a-433d-972e-b1d2fa8d197c,GB9TP1800770,2019,XE,Gorsky Records,Group,,GB,1993,1998-12-30,
5TrlWtkoIpvZTX84yrIDUr,73e0b2a2-5329-4aaa-89fc-a81be71f70ec,GB9TP1800771,2019,XE,Gorsky Records,Group,,GB,1993,1998-12-30,
2f3V3NFn9BFUBxft3ht1L7,aa0c5a7e-e5db-4548-89d5-2d5ba46a5686,GB9TP1800772,2019,XE,Gorsky Records,Group,,GB,1993,1998-12-30,
3VqhwPbyo4yicXSlqkevLd,db0a1892-1a55-4c1d-acb2-1e5055b7846a,,2020-12-14,,Gorsky Records,Group,,GB,1993,1998-12-30,
7oww2Jy6uoaKiekCOi0jHj,84e7d14a-983f-482c-bae5-1c88d6bd6421,,2020-12-14,,Gorsky Records,Group,,GB,1993,1998-12-30,
1D5n3YnjvxEyYHxzwnuoyG,f3d9e53e-a9f0-46b4-9ee0-f9b201cd62a3,,2020-12-14,,Gorsky Records,Group,,GB,1993,1998-12-30,
4yuy3RTt6pLw1krziVWCGV,a9d71d53-0bc3-4388-a041-098e5825eb38,,2020-12-14,,Gorsky Records,Group,,GB,1993,1998-12-30,
40VYIR0xESgIqJBkqz5Qi4,c1d7faa9-d89b-4de5-8d75-ebf39dc74e3b,,2020-12-14,,Gorsky Records,Group,,GB,1993,1998-12-30,
3STVWAwB3DS3qOaS1odgVP,ae76f2f2-d1d5-45fd-a1af-915e1f538566,,2020-12-14,,Gorsky Records,Group,,GB,1993,1998-12-30,
6jn7XtXPMZtE7v8C3sEZ6F,836d94bd-4711-4bf0-b9a4-0ae3bde343f7,,2020-12-14,,Gorsky Records,Group,,GB,1993,1998-12-30,
2I8LQDsC5Sv4wzZkuuzGK5,9a5ba810-7c6b-4e5f-8d43-045504f49b79,,2020-12-14,,Gorsky Records,Group,,GB,1993,1998-12-30,
3BMYXEiWZq0NALYb8EYGfn,e6b55191-6cde-481f-b46e-c170c2cd4e5a,,2020-12-14,,Gorsky Records,Group,,GB,1993,1998-12-30,
3Azy3f5hJxWqfXQMYcSH9Z,07b7e52c-f94a-4ac0-af1b-ea350210270d,,2020-12-14,,Gorsky Records,Group,,GB,1993,1998-12-30,
1YQOZmJQKIY48aBH1YTbvj,b648a7cc-f51b-4c0d-8138-5fac95f0614a,,1996-04-22,GB,Indolent Records,Group,,GB,1993,1998-12-30,
3cZp39Lxx9R0rofWeyOriW,4eb0c289-8ba3-458f-9903-59cfc3ce9c15,,1999-06-07,GB,Antipop,Group,,GB,,,
4LoimuIomlSn6MjFEQ8vDG,c82c14da-6c60-486f-b2cd-4f44880353a2,,1986,DE,Sonoton,Person,,,,,
0kwVnU9bBkHly7P9GYneGj,086836a5-ee53-43c8-b476-159e56233798,,2010-02-28,US,[no label],Group,,US,2007,2012,
5HYQmkZqy7ENULSZowVf9M,dfcbe920-4ef3-4f95-88c1-e5530f5bfe40,,2021-09-01,XW,,Person,Male,BG,1989,,
0Nza2P6PRdulCUpeshsCo1,b54ef93a-d291-402b-851a-6b1ad131c36f,,1979,GB,Impeccable Records,Group,,GB,1977,1980,
2VQypLyFDIO2nR5KttuZ0x,4bd68ce4-aa7f-48fb-b5a0-166678c35a7d,,2010-11-12,DE,Speicherstadt,,,,,,
1QCnz3XNNFmY4u37Gp3oEu,e2576f99-aec9-43a3-8706-ef25c85dd5b5,,2004,GR,Μουσική-Ακτή,Person,Male,GB,1909-08-10,1995-10-30,
5Ug0tuoRtzF8WNR61O7RZu,0b172d3e-1c8e-4953-a9ce-308a9b7b208b,,1995-09-25,GB,Indolent Records,Group,,GB,1993,1998-12-30,
48tnv7TEOXlS19nYFyZFfQ,793ea7b3-c997-48b7-9304-c547957ee130,,2020-07-04,XW,Barley Scarf Records,Person,Male,US,,,
5CCNWap9224g0CiVEdjt0b,52cca0d2-dc12-470e-bab9-2030566d39aa,,2001,AT,Sony Music Catalog,Group,,GB,1989,,
7K4U8VbyhVfHCRfaeL0NTt,db4460a2-5a43-41f8-9c52-363dcb12ea7a,,,,,Group,,GB,1989,,
1C5O0tno4mqsZ5OrPBh79I,cd9c934f-7eb1-4b65-a25d-abb49e0dcead,,2011-05-30,GB,Edsel Records,Group,,GB,1989,,
10uTw95ilpyxrplAKRUYdj,ba2b26cb-2a99-4538-8dfb-5a4c9c29a791,GBL2J1000039,1993,AU,Nude Records,Group,,GB,1989,,alternative rock;britpop;glam rock;indie;pop;rock
1lumw1XLAxoAtD6yIRxR4W,242c35fb-8b4f-489a-ad86-84b74b96aae8,,,,,Group,,GB,1989,,
54HkOTKqsCY2JTdiCL5W5W,d53f913b-2281-4796-bfef-b8655b330fe6,,2011-05-30,GB,Edsel Records,Group,,GB,1989,,
4rJc9xLTUXuFD4PSb2fI81,7b0e9cad-9206-4231-bdcb-b48c5a39826b,,1993,IT,Kiss the Stone,Group,,GB,1989,,
7EbX2UgzLUgeDOloHNr0gk,135ed543-6f93-4919-9cab-80eaed5ec11a,GBL2J1000040,1993,AU,Nude Records,Group,,GB,1989,,alternative rock;britpop;glam rock;indie;pop;rock
4lUHCPcgs8TdDDvYoBP8Vh,c6cbe877-8002-48b3-b3d0-6b36d25706c1,,1994,IT,Kiss the Stone,Group,,GB,1989,,
2UPqftyWW63N1Q2zvZdKn8,52c44869-3f8c-400c-9267-a6f4fea05518,,1993,IT,Nikko Records,Group,,GB,1989,,
038yfpVNXW1Ztd4QNywK0a,8426013f-959e-49f6-9fde-dc1f390bbcda,,1994,IT,Kiss the Stone,Group,,GB,1989,,
0XNUBmBz8oRZMnWbPtgRMM,70c7918e-506e-4a0f-a1fc-9bea287ba6d0,GBL2J1000142,1994,XE,Nude Records,Group,,GB,1989,,alternative;alternative rock;alternative/indie rock;britpop;glam;indie;indie rock;pop;rock
2uYww2hA5e5LgJNMDy5Zg6,bd439026-116b-4bdb-8b4d-0b9c2d869c20,,2013-11-01,GB,Concert Live,Group,,GB,1989,,
1cQtLYJmY40RcV4RqDNZm3,06f40f94-41ec-42fd-8211-e6e3788cb135,,2014-05-12,GB,Edsel Records,Group,,GB,1989,,alternative rock;britpop;glam;indie;rock
7druxL0Tf3mcp2PLlZetem,75656cc1-38f2-4a86-bc1d-58447be618b2,,2024-03-15,GB,Edsel Records,Group,,GB,1989,,
1vka7LJ8c3VlFOB5M80VSR,dcdd39fc-2d2f-4d95-9ff2-0db6ac078497,GBL2J1000043,1994,XE,Nude Records,Group,,GB,1989,,alternative;alternative rock;alternative/indie rock;britpop;glam;indie;indie rock;pop;rock
3INwcRYrSJ7bO0scQevcLW,e2a1d2d6-72b6-4822-a53e-6079cc1e7ed5,,1995,AT,Nude Records,Group,,GB,1989,,
76S0cO7F50CvTLib6FBoxp,ea3f38d2-21b6-4926-baf7-23a8f6ec2015,,2014-05-12,GB,Edsel Records,Group,,GB,1989,,
3Y5o1nARcmLEJaMsoSdLDP,7045f946-b4ce-4c99-b1bb-53b360eb13b0,,,,,Group,,GB,1989,,
7p9QHy1cX5xU0tb7TkgXcW,1fe9332a-7c14-4c33-b671-edef7ccfb594,,2011-06-06,XE,Edsel Records;Suede ltd.,Group,,GB,1989,,
2tw0YQSvaCM3DB2Sh8yVRZ,c97d4cb5-132f-42dc-b33a-394bf5ad7286,GBL2J1000045,1994,XE,Nude Records,Group,,GB,1989,,alternative;alternative rock;alternative/indie rock;britpop;glam;indie;indie rock;pop;rock
26WnPpXX6YuPwNGknmkyUz,f2ab0748-838a-4a58-ad6d-9b8317808e2a,,2011-06-06,XE,Edsel Records;Suede ltd.,Group,,GB,1989,,
7ufhwNOy7xy9XAtrap28QL,e2242382-9115-4a66-8563-23a682367158,GBL2J1000034,1994,XE,Nude Records,Group,,GB,1989,,alternative;alternative rock;alternative/indie rock;britpop;glam;indie;indie rock;pop;rock
2a5jsFFgvYy1JOeID9GtyZ,496e3964-5115-45b6-8c5c-b2eff74b004e,,1997,GB,New Musical Express,Group,,GB,1989,,
1nqeG6C4htBV9LmD7GYdIq,f2f15360-61aa-4fc9-9ac3-21c624f4acd5,,1999,AU,Cod Records,Group,,GB,1989,,
7o16Xbryte0QxSr7aY19aG,33240556-f0d2-4ff2-bc0b-728f48ac6806,,1998,FR,Versailles,Group,,GB,1989,,
6gTExDpf8MmxP11WQJXA8r,67b83249-136d-43ed-8eed-76dfbe739c5b,,2001-04-30,GB,Sony Music TV,Group,,GB,1989,,
75vGDqVkcAuwVhZDnI2cBV,402eba30-cb04-4176-ab69-45a0a6c2baf0,,1999,AU,Cod Records,Group,,GB,1989,,
422VBDz9qdgG3fzST8Bg2v,ef1f108f-7ce2-4d81-b340-d13d50752f99,GBBQM9600007;GBL2J1100146,1996,CN,Nude Records,Group,,GB,1989,,alternative rock;britpop;glam rock;indie;pop;rock
3M1d8gOFdxxwkIB3JMIg6e,f475f0d9-b733-4313-b4b5-dcc862a7f8b7,GBBQM9600008;GBL2J1100147,1996,CN,Nude Records,Group,,GB,1989,,alternative rock;britpop;glam rock;indie;pop;rock
0BDDgMv96w7J71nAyaaQun,808b33d4-c6dd-434a-94eb-8ddf3e481340,GBBQM9600009;GBL2J1100148,1996,CN,Nude Records,Group,,GB,1989,,alternative rock;britpop;glam rock;indie;pop;rock
5fDrCG4uZtN503uAz40GS2,bc015421-0bc6-47f2-a289-941c8cc8af47,,,,,Group,,GB,1989,,
0BSZxKBqJa0K0aqtrNmq6a,66ed7c43-f40b-4876-aaa7-7a04b53f5499,,2021-06-11,AF,Edsel,Group,,GB,1989,,
58OaCp7uggsbj2CJa0HSof,c32b6d25-f9d8-4ee2-80ac-39f3dfd0ac49,,1993,IT,Kiss the Stone,Group,,GB,1989,,
3d66idihRKkTSnOT3dDKqy,d683e972-5f80-499c-9e0d-592c0be12c01,GBBQM9700035;GBL2J1100114,1992-09-14,GB,Nude Records,Group,,GB,1989,,britpop;glam;indie;indie rock;rock
05Iexd3FgtR3fQepqH2xsw,c4a1ff4d-4775-43da-8bc4-1313c06ac185,,1993,IT,Nikko Records,Group,,GB,1989,,
72y2Imc09yxYuTtPaDVw2T,ac79ada3-f55c-4633-abfb-cfae15c6a714,,1993,GB,Beechwood Music,Group,,GB,1989,,
0gW0S2YjQC3scHajLJbK9N,e1a1eeb3-9d50-448b-9501-973f27021fd1,GBBQM9700038;GBL2J1100116,1993-05-17,GB,Nude Records,Group,,GB,1989,,alternative rock;britpop;glam;rock
0eMhmfl2AltZZ2kEuAwFtW,542fdf86-60b8-457e-b670-4676ee60ec1e,GBBQM9700039;GBL2J1000029,1994,XE,Nude Records,Group,,GB,1989,,alternative rock;britpop;glam;indie rock;pop;rock
6LPCnxWbtGy81CZNcTI41J,64a6d402-e6f7-4c61-a9fa-b7ca0af72489,,,,,Group,,GB,1989,,
3YAAiVgqc91X45rzJT8yq5,b06e8878-17c1-4a79-834c-902a9cab8b68,,,,,Group,,GB,1989,,
16ZywIabPaGbX47viYggYC,f83a36ba-ca26-45b1-86b2-2ae718bdc000,,1994,XE,Nude Records,Group,,GB,1989,,
00WJCqVizBDSMwi8DrbJFm,fb3cb9e7-617a-4fa6-8b25-2c8b03c87401,GBBQM9700043;GBL2J1100132,1994-10-10,XW,Suede ltd.,Group,,GB,1989,,alternative;alternative rock;alternative/indie rock;britpop;glam;indie;indie rock;rock
7rDxetNCdrstVdoj8uZzZE,d81485fd-707f-4377-88fc-c25d41e79c72,,1995-03,DK,Wild Magazine,Group,,GB,1989,,
72H8vScLeOmoQI7xDh2PPv,bb88523e-2a2d-4953-84f5-29d6f0ecc0e1,GBBQM9700045;GBL2J1100224,1995,XE,Nude Records,Group,,GB,1989,,alternative rock;britpop;glam;indie;pop;rock
2eZpKFbxDi1KPIDITZ7CbZ,3c7e6dd3-4478-412f-a0a9-4dc3f3b65a7d,,2011-06-13,GB,Edsel Records,Group,,GB,1989,,
2Y3RkQAKbPmIsqPvzpQod1,592a5e53-097c-4462-90f3-0e840ce9494a,,1996-07-31,JP,Nude Records,Group,,GB,1989,,
5lX04mVI5LLdADvO61BFyU,d368cacc-f2c8-4bb6-8768-12ef8c0a0a1a,GBBQM9700048;GBL2J1100225,1996-07-29,GB,Nude Records,Group,,GB,1989,,alternative rock;britpop;indie;pop;rock
6KODiEovzzKIshiq9rRQk3,96528b2b-fc59-42cf-8b56-f10bd1bb4661,GBBQM9700049,1996-07-26,XE,Nude Records,Group,,GB,1989,,
0paRK2Oadj1yql71tLLv4Z,2890ed71-4b6f-4c83-aac3-d267dc0afda3,GBBQM9600011;GBBQM9700050;GBL2J1100152,1996,XE,Nude Records,Group,,GB,1989,,alternative rock;britpop;glam rock;pop;rock
3J9PmQNYCQDn4m291NaHwU,761e5c1e-49fe-47e9-8f01-7027f6127e7b,GBBQM9700051;GBL2J1100151,1996,XE,Nude Records,Group,,GB,1989,,alternative rock;britpop;glam;pop;rock
2LdNv7OYyTudwNMYUtl7Or,df478f2d-6705-4ffa-935f-39085576cbb1,GBBQM9700052;GBL2J1100154,1996,XE,Nude Records,Group,,GB,1989,,alternative rock;britpop;indie;pop;rock
1ZlRmCB993mjqu918kYy8M,7499a99a-e0fd-4093-a642-c33fb253523d,GBBQM9700053,1996,GB,Nude Records,Group,,GB,1989,,britpop;indie rock;rock
7ELL3gi4K2BZH0VWV4IdM1,bc889e40-d252-4fef-becd-e60162cb2d54,,1997-02-26,JP,Nude Records;Suede ltd.,Group,,GB,1989,,
2JTzgq8g537QlOWUqKpCqZ,7dac1ec9-d300-466d-8d3c-d8b5b7624647,GBBQM9700055;GBL2J1100157,1997-01-13,GB,Nude Records,Group,,GB,1989,,alternative rock;britpop;glam;indie;rock
7d2A828TFnsMFDxpLAlf2L,913eef53-b0bc-4213-8c52-36d4f6eb4642,GBBQM9700056;GBL2J1100158,1997-04-07,AU,Nude Records,Group,,GB,1989,,alternative rock;britpop;indie;pop;rock
05uxQR8xfB9cg8m7ZsD0XV,36443b2a-b2a6-46cd-92d3-4da4b0b2eaa3,GBBQM9700057;GBL2J1100160,1997-04-07,AU,Nude Records,Group,,GB,1989,,alternative rock;britpop;glam;indie;pop;rock
2x0StHGJpEJIQmiVQqemP9,93fde9bd-3a0f-4275-afdd-1d881a0fa3ee,GBBQM9700003;GBL2J1100161,1997-10-06,GB,Nude Records,Group,,GB,1989,,alternative rock;britpop;indie;pop;rock
55aMBV9Y2XBM54yi6lI6IF,e15430a9-4ee5-4acb-9aae-5649a2458e60,GBBQM9700002;GBL2J1100162,1997-08-04,GB,Nude Records,Group,,GB,1989,,alternative rock;britpop;glam;indie;pop;rock
0750F9XDWcXwngkRMKcXQ3,b6731629-f0e1-4a37-bd54-4a74737d64bb,,2014-05-12,GB,Edsel Records,Group,,GB,1989,,
3R0N6s5qutYWTRF4VdGZVP,f0ca6aeb-bc47-4d5d-8f8d-4690da4a93f5,,2014-05-12,AF,Edsel,Group,,GB,1989,,
6GQ2T5AWzGvFg1lPkkW4CM,a5e19696-72e2-4d44-9a1e-d9ca0ce45112,,2000-09-15,,Dance Pool,Group,,GB,1989,,
7GU4FtXWnkXqyD03Ctt5VN,5014d26e-e8e3-4dae-8c01-aaf694bb6231,GBBQH9900146;GBL2J1000155,1999,MX,Sony BMG Music Entertainment,Group,,GB,1989,,alternative rock;britpop;pop;rock
38eA1hrPj4fmTPItfTaC6p,a7e83c34-4520-4347-a39d-00171be1a22d,GBBQH9900147;GBL2J1000156,1999,MX,Sony BMG Music Entertainment,Group,,GB,1989,,alternative rock;britpop;pop;rock
4rvjQ54tbpSEP78JBjSHay,d57cc3d4-5c44-4401-8b65-22ddd657a18c,GBBQH9900142;GBL2J1000157,1999,MX,Sony BMG Music Entertainment,Group,,GB,1989,,alternative rock;britpop;pop;rock
7rBQZZyFXdN7IMqQ6STyBd,c60e971f-5bd3-4a82-b255-5d014cd26883,,1999,AU,Cod Records,Group,,GB,1989,,
6CmhhBQbNMDoj7Wo202X7o,07365841-1d87-48bd-a471-b52d33b7d80b,GBBQH9900141;GBL2J1000159,1999,MX,Sony BMG Music Entertainment,Group,,GB,1989,,alternative rock;britpop;pop;rock
2tPo0PdIPFWaYNTavhorh2,3562711f-830a-475e-8ce7-8932a79ab507,GBBQH9900145;GBL2J1000160,1999,MX,Sony BMG Music Entertainment,Group,,GB,1989,,alternative rock;britpop;pop;rock
4Rb79eBZCshCLs5LmsuOFr,dbd64ac2-6802-4a7b-9eb7-e88864e4e07d,,2011-06-20,GB,Edsel Records,Group,,GB,1989,,
7I3lYVRVXifkOL5ek0Dap6,10b717ea-c040-48b7-a5b3-e9d0ad68faf9,,2004-02-12,GB,Suede Information Service,Group,,GB,1989,,alternative rock;britpop;glam;indie;pop;rock
0k4AIfrB3UR2mDOrQbALKP,30ec87dd-aba3-4c4a-af3c-019b629b791c,,2013-11-01,GB,Concert Live,Group,,GB,1989,,
6wsf778LvORKZFUqCuJw4h,f5c131a1-a0d8-491d-82e4-2ffefe8b5da5,,2013-10-26,GB,Concert Live,Group,,GB,1989,,
3isTAn9bchmvkZa6yfidLV,88e9a9f3-b640-4045-94e1-5de852f53d7b,,2013-10-26,GB,Concert Live,Group,,GB,1989,,
5Jqlqpu5PSsNoNvVqQoI56,7ec07eab-915e-4fbe-8657-4b76965351d9,GBL2J1200395,2013-03-10,GB,,Group,,GB,1989,,alternative rock;britpop;dr5;pop;rock
1NyOgchtcJLSnQB15qhkB7,d6bcba3b-276a-494a-84ca-a9006d00b4ea,,2013-11-01,GB,Concert Live,Group,,GB,1989,,
5iIeekL9RIZLmNTqNEa3yx,b1910c3e-3381-4a02-80e5-af010e3c8a12,GBL2J1200397,2013,GB,Suede ltd.,Group,,GB,1989,,alternative rock;britpop;dr6;pop;rock
4pXqgxpJLTIscj61XT2yZL,7526dca7-5aa8-41e5-beb4-4ba09dbff408,GBL2J1200398,2013-03-10,GB,,Group,,GB,1989,,alternative rock;britpop;dr6;pop;rock
7wSQhYyduiPQV80NHimREn,97c95594-3824-40cf-88b8-227d4779ee20,GBL2J1200399,2013-03-10,GB,,Group,,GB,1989,,alternative rock;britpop;dr6;pop;rock
02cF7Uq4V2iaaKtITnFTT4,e9d9f7a7-0399-47a2-9ccd-cfbf35c84939,GBL2J1200400,2013-03-10,GB,,Group,,GB,1989,,alternative rock;britpop;dr5;pop;rock
539N1TyyRBz5u8xx3RHmKR,99d483e5-585d-4a49-90f4-30eeb68491c6,GBL2J1200401,2013-03-10,GB,,Group,,GB,1989,,alternative rock;britpop;dr6;pop;rock
4ix0suYaC4ZUv1i1ZOru87,6e8e15c5-df27-4cc2-981d-42519e2fa4b3,GBL2J1500029,2016,RU,Warner Music Russia,Group,,GB,1989,,alternative rock
3pSaOIP5KFRc5j1jMMvNzN,37714307-44eb-4b8c-85f1-bac4a3724f77,GBL2J1500036,2016,RU,Warner Music Russia,Group,,GB,1989,,alternative rock;britpop;power pop
6lObkwOtjQt4MPcEXGUB3k,324026a6-aa5b-4de9-b57a-47c091ad4016,GBL2J1500032,2016,RU,Warner Music Russia,Group,,GB,1989,,alternative rock
476s20ocoXoHa9BifCBrwI,f132e275-b3df-43ec-bf3c-bbfd2a1cea5a,GBL2J1500030,2016,RU,Warner Music Russia,Group,,GB,1989,,alternative rock;alternative rock glam rock;britpop;glam rock
6a8XA2L0q7blrQCzFKA75y,f769cd19-6afb-4601-a96c-0781e60bcc45,GBL2J1500028,2016,RU,Warner Music Russia,Group,,GB,1989,,alternative rock
6fX3aGrwUhmHqAPoidQrCc,6cb71286-0246-48e4-9776-d51f23466324,,2016-01-22,FR,,Group,,GB,1989,,
1Wugo6eHLecaPatV3A1jqX,67e8e738-d557-4299-bb2d-de447a1b6793,,2016-01-22,FR,,Group,,GB,1989,,
2EyuQ6iOBa5IJMXe2ycmtQ,0ce9d57b-2873-4112-95a9-26be965f3c9b,,2016-01-22,FR,,Group,,GB,1989,,
1NT1ZvmDUxAzyh9nnAX0I3,38b9f53d-bf27-4ec6-aef2-7436e74c8a11,,2016-01-22,FR,,Group,,GB,1989,,
00b5q1DyiTsOmrCVeyEOxF,996f14d6-e25e-46b1-ad64-cad100d3ab3b,GBL2J1500035,2016,RU,Warner Music Russia,Group,,GB,1989,,alternative rock
1l7P1FpJDWBfoJ3wgNGYJU,ac9afde0-6b2c-4e4c-b6c6-e9e363dab2c1,GBL2J1500039,2016,RU,Warner Music Russia,Group,,GB,1989,,alternative rock
4zF31YfToEaxF2eWNfWVoV,09734c16-e5ab-4f8f-a7c4-561abc608714,GBL2J1800059,2018-09-21,XW,,Group,,GB,1989,,
0rsIekknROxMviNb2WzMhZ,3038b129-3ec2-4f23-b603-3d33a4976a32,GBL2J1800054,2018-09-21,XE,Warner Music UK,Group,,GB,1989,,
6xEkDgFPBZeXQca2U8hbxW,b31fecab-a41b-4732-9b8b-4e2dc48e7e3b,GBL2J1800055,2018-09-21,XE,Warner Music UK,Group,,GB,1989,,
7jTFuHioAQGWInnPk0CyvI,90803797-ed68-4dfb-baf9-a3a923aa5bfb,GBL2J1800056,2018-09-21,XE,Warner Music UK,Group,,GB,1989,,
5t9NGItU3zSKafLxtEGnfs,d1a5c509-36de-4bfc-a561-8e382d233005,GBL2J1800065,2018-09-21,XW,,Group,,GB,1989,,
7mIxV3p8rFiXLxlOqMp9AP,930a0ff7-f581-4a83-85fb-c93352b1512a,GBL2J1800058,2018-09-21,XE,Warner Music UK,Group,,GB,1989,,
7JRe34FlcJ23Yb5XPMsFLf,a301430d-a9f3-4c2e-b4e1-434c96f1906c,GBL2J1800066,2018-09-21,XW,,Group,,GB,1989,,
2eVk9ZFOQzqsvctaTougLJ,425862d8-5c70-472c-b188-5d99b34a374c,GBL2J1800053,2018-09-21,XE,Warner Music UK,Group,,GB,1989,,
3MdQ4hv0LKnrkeCqM7styP,50fdfe21-4214-4287-87fb-bcec74e95d5f,GBL2J1800061,2018-09-21,XE,Warner Music UK,Group,,GB,1989,,
2kPMCXJRbn7NmZZdvttkmK,090bc228-cac6-4262-b97f-d948ea7913a0,GBL2J1800062,2018-09-21,XE,Warner Music UK,Group,,GB,1989,,
525yYjROciAo9VoSegjH4N,3a1abe4f-8e82-460e-94a1-b3062e9b5f1e,GBL2J1800057,2018-09-21,XE,Warner Music UK,Group,,GB,1989,,
5HpnW9jVWmVEyoF85k5G31,651adacd-1d76-4419-b843-572f20a0f1e8,GBL2J1800060,2018-09-21,XE,Warner Music UK,Group,,GB,1989,,
3F34EtMmXRlmfSfBqt6LWe,e4174426-bac2-427e-8338-5cb29a9ddce5,GBL2J1800064,2018-09-21,XE,Warner Music UK,Group,,GB,1989,,
2PN0UjVoQjeNZ5kPgIa7YH,e7ddd9a5-9c5f-4859-b4d0-390912134994,GBL2J1800063,2018-09-21,XE,Warner Music UK,Group,,GB,1989,,
3CW0oWvqNlW3lh3MJg7jAJ,55c76704-4b6c-4015-a8e1-9239c9ff6af2,,,,,Group,,GB,1989,,
6q0JHhBfkVIDTvWo5uQJSc,c0d4dbfb-6e27-4c85-858d-1772c5a686e2,GB5KW2102219;GB5KW2102252;GB5KW2104025;GB5KW2104036,2022-09-16,AF,BMG,Group,,GB,1989,,
2gfZ5IV38kYzX8KBEE5Yeq,e7d05790-4e21-4509-aa1a-93fbb3a8c624,,,,,Group,,GB,1989,,
6TIN99BQni1o4p5FvLi49i,e689cdc4-3c24-4fcd-b652-4fe731d1a35d,GB5KW2102226;GB5KW2102259;GB5KW2104032;GB5KW2104043,2022-09-16,AF,BMG,Group,,GB,1989,,
4nH8khgHoSrYQSwFSp3VFU,002fb172-64e7-4206-96af-437f25c93fdf,GB5KW2200784;GB5KW2200785;GB5KW2200878;GB5KW2201092,2022-09-16,AF,BMG,Group,,GB,1989,,
0CBJWZvPwv8By6fFCMxjWx,c9e827b9-88cd-4de7-bade-dfd01d6b488c,GB5KW2102222;GB5KW2102255;GB5KW2104028;GB5KW2104039,2022-09-02,US,,Group,,GB,1989,,
3uzraEbcP1SbbpzWycRmHC,5a71f15b-e186-41c3-8044-324a9d438c25,GB5KW2304289,2023-12-08,,BMG Rights Management,Group,,GB,1989,,
1qd6CBtFve1SIivohmPTrE,61e56d22-ae5a-4d36-a3b5-9a4cf3cb168d,GB5KW2102220;GB5KW2102253;GB5KW2104026;GB5KW2104037,2022-09-16,AF,BMG,Group,,GB,1989,,
1In4GbxCJ8VrFcBk0ZCO1b,3e8b52cf-106a-4eab-b5db-2b37290ace3f,GB5KW2102227;GB5KW2102260;GB5KW2104033;GB5KW2104044,2022-09-16,AF,BMG,Group,,GB,1989,,
1liHgZr6JkhpSFB6S014jU,5a9bcdf9-fb0a-4641-a582-ca131d719120,GB5KW2102223;GB5KW2102256;GB5KW2104029;GB5KW2104040,2022-09-16,AF,BMG,Group,,GB,1989,,
0nAujg22Cb9yKIrjDuHLsh,fc29d2f7-d9af-4361-8e6b-686b631d026f,GB5KW2102279,2022-09-16,CA,BMG,Group,,GB,1989,,
4L5x1uxWMfpjoMMAbJO9aQ,b2d945bd-8f08-4af9-b0e9-99e7d066915e,GB5KW2102278,2022-09-16,CA,BMG,Group,,GB,1989,,
3235OL2xWJMu2NqLQ4b5ZK,b8832b41-2307-4a6c-948f-c216ff319180,GB5KW2202681;GB5KW2202689,2022-09-16,JP,BMG,Group,,GB,1989,,
7qGeN3aZaTYiL79kk8ouYA,8eeef7e6-3ee4-40ea-acc2-2311d701ac4c,GB5KW2202687,2022-09-16,CA,BMG,Group,,GB,1989,,
1tK6yhH51GwDhWVwEd2qZO,ddf9fef2-6f44-4cf8-8b23-036bc81f60fe,GB5KW2102280,2022-09-16,CA,BMG,Group,,GB,1989,,
39msiYiabT6H2kNk85D1nL,a062e3ea-12df-44e2-9a6f-12134f06745c,GB5KW2202684,2023-12-08,,BMG Rights Management,Group,,GB,1989,,
4niiifyeVSX3VGVP7SFuag,9b2a17b3-cd9b-4da1-8378-46d7e5cb81c6,GB5KW2102228,2025-04-11,CA,Edsel,Group,,GB,1989,,
0RmQvg8oa8xiNNJB3x9FzV,379cc5e8-df18-4e18-8094-650bc10c041b,GBL2J1200413;GBL2J1200417,2013-03-15,XW,,Group,,GB,1989,,
7Jk92gjk3nLZ7ZAyL0Dw31,d803c51d-fff4-4d97-8d39-da0b57ac31e7,,2000,SE,Mr Music,Group,,GB,1989,,
0aSIEQK0Fg0QUKRP1HhAqF,d167059c-0551-4d1b-a460-a55534ddfb5e,GBL2J1100179,1999-09-13,GB,Nude Records,Group,,GB,1989,,britpop;indie rock;rock
40l1yScUYN4qhwGx2OXmFE,980ad2af-39dc-4be9-aec2-39b222eed8c3,GBL2J1100197,2002-09-16,GB,Epic,Group,,GB,1989,,
6rEPYkVeI5W5q9UUomomc0,da4e182f-a298-4df0-94c3-389bf720713f,,2006,,,Group,,GB,1989,,
3j76DoGFPbWg2W3Ov1IHpn,98db9b48-8497-4dc6-8279-232dccd0b825,GBL2J1200431,2013-05-27,XW,,Group,,GB,1989,,britpop;pop;rock
2ZhEmGM0elqDQibHhLE740,a27cd3fb-6edd-49ef-a1fe-8f745ba510d6,,2006,,,Group,,GB,1989,,
7nwaw1EUIhfM3wsGwhAR3G,0e6b45e6-9cb0-4cab-b436-bd5329202203,,2006,,,Group,,GB,1989,,
2ouCtEzxEnzQ5GM8c1cqML,6332aa73-fc96-414f-8d7a-9bf20b7a5c69,,2006,,,Group,,GB,1989,,
6vz9YZ3CZK2S2VecKkyXnB,2056848b-0d1e-4565-8bcc-0e6782279b28,GBL2J1200434,2013,GB,Suede ltd.,Group,,GB,1989,,
60SAPyhsCnOIArnVDnp5Pu,e50466ac-4ec7-45de-89b4-bbd9f65345dd,GBL2J1800110,2025-04-11,CA,Edsel,Group,,GB,1989,,
4TydIMmvW6ugl5zEM5KbbJ,47e6a614-445c-4f1e-b33a-19f2f1bf10e8,GB5KW2500751,2025-09-05,XE,BMG,Group,,GB,1989,,alternative rock;indie rock;rock
527x8zKAZzQNCc28xhPYIc,766d868d-4108-48af-8454-b321a8d67b76,GB5KW2500780,2025-07-28,US,BMG,Group,,GB,1989,,
4gfN0mL224iQZqZGb2Kn8C,7fefdbb2-e7b9-4727-a98d-972ad359ebed,GB5KW2500749,2025-09-05,XE,BMG,Group,,GB,1989,,alternative rock;indie rock;rock
7HCKULopbmxSdxBejV0bIi,59379b8c-de70-4358-8daf-2c178c17c18e,GB5KW2500748,2025-07-28,,BMG,Group,,GB,1989,,
5HSv7viK9t4guofH0me2NR,eb754902-7df9-4b65-baf5-b83dcab90f2c,GB5KW2500750,2025-09-05,XE,BMG,Group,,GB,1989,,alternative rock;indie rock;rock
4VCe8dDRKjiE8hfNjwUneU,e444e101-5545-4e46-b0af-87d40ebf5787,GB5KW2500752,2025-09-05,XE,BMG,Group,,GB,1989,,alternative rock;indie rock;rock
3CVYrz9GGSiijCquIOTUhl,7b510611-a04c-4cb6-af72-4a2d772999b6,GB5KW2500753,2025-09-05,XE,BMG,Group,,GB,1989,,alternative rock;indie rock;rock
6l2Eqn3cnpdQXNOoPZFSmP,db89ef03-cbed-402a-9b32-14c4459f11c1,GB5KW2500754,2025-07-10,GB,Mojo,Group,,GB,1989,,alternative rock;indie rock;rock
0Vdriq3lbtp5nIIci3o4uQ,b9589102-5167-4755-9279-64e39a606028,GB5KW2500756,2025-09-05,XE,BMG,Group,,GB,1989,,alternative rock;indie rock;rock
0TxmDt3QiR6BvfA3wq9c8X,a4b71378-c901-4826-ac17-320e0b2aa640,GB5KW2500788,2025-07-28,US,BMG,Group,,GB,1989,,
678uKJAoVvoklfxTpgE2lc,d0b6fe30-71b0-4acd-a1d7-8a91a5e25633,GB5KW2500757,2025-09-05,XE,BMG,Group,,GB,1989,,alternative rock;indie rock;rock
5xC8uOesnn0udeXAYlAnoY,9a346715-74f4-4e29-9f5a-056194fc7fe6,,2023,GB,Sony Music,Group,,GB,1993,2010,
66KKHqWcjAgQi2iGFwBiTZ,155d8a89-b31b-4226-b715-e7be01737fd8,GBAYE1500309;GBAYE1500369;GBAYE9500164,1995,US,Capitol Records,Group,,GB,1993,2010,alternative;alternative rock;britpop;indie rock;punk-pop;rock
0iAcyO7WLhnC7WOTOpjGv1,b44f817d-eda0-433d-99ce-8b5dded8fcbb,,1999-06-08,GB,New Musical Express,Group,,GB,1993,2010,britpop;indie;rock
5afa3W4rCWxEWeXW3hWMRe,0ae309e8-5318-4207-b41c-277ce6b9a31c,,2004-09-28,US,Capitol Records,Group,,GB,1993,2010,alternative rock;britpop;indie;rock
3zUS56FvsxCIyXdnlJ3896,050c57a2-fcfd-49ab-86d4-cc6292b94a40,,1995-03-14,US,Sub Pop Records,Group,,GB,1993,2010,
28Zeh6S7YqHabnKurm39IE,88a22bbe-cbdd-47f2-b84c-6626984ed394,GBAYE1500314;GBAYE9500157,1995,US,Capitol Records,Group,,GB,1993,2010,alternative;britpop;indie;indie rock;punk-pop;rock
0vPepcVQ3aYlkhTtfCBg89,1a782b23-2d64-4b3e-ac38-0583e5c7685e,,2021-08-27,XE,BMG;Echo,Group,,GB,1993,2010,
6SWS8H4nUiVZCyULZdhBX1,505dec1c-c0a7-4511-b569-a63280b8f97e,GBAYE1500316;GBAYE9500158,1995,US,Capitol Records,Group,,GB,1993,2010,alternative;britpop;indie;indie rock;punk-pop;rock
294BfoD9CPpQ57lxKAalOx,6409f607-c8b4-446b-bd60-216fec0e1ac6,GBAYE1500317;GBAYE9500005,1995,US,Capitol Records,Group,,GB,1993,2010,alternative;britpop;indie rock;punk-pop;rock
68GQEjPCy9ZSmlNev7BCSp,788325ba-6d21-4f15-a02a-1bedb106fdb3,GBAYE1500318;GBAYE9500160,1995,US,Capitol Records,Group,,GB,1993,2010,alternative;britpop;indie rock;punk-pop;rock
1TAU8ZSZc3nu4JhaPadyfS,b21d69f3-a93c-4d35-92ef-4bd57b7243a9,,1995,GB,Relapse Records,Group,,GB,1993,2010,
2xmvZFubrZBrpiHPUhs6Ns,370c24c0-3726-45df-a330-23455cb5fb92,GBAYE1500320;GBAYE9500162,1995,AU,Parlophone,Group,,GB,1993,2010,alternative;alternative rock;britpop;indie rock;rock
12b2y61Z3K7pZFEM4mKAwX,bf7bed31-8680-4ddd-ac5b-ae76fcb7f86f,,1997-09-01,GB,PolyGram TV,Group,,GB,1993,2010,
09rr4TfhpyF6tmaoSt3j4T,4da8b06a-6161-4803-a134-6bae82a52c27,,2012-11-12,GB,EMI TV;EMI,Group,,GB,1993,2010,
0z135Km0PZBHNc1LBbaMmL,83f6b556-1fa0-47e5-8487-b434e5e7b05a,GBAYE9701491,1997,GB,Parlophone,Group,,GB,1993,2010,alternative;alternative pop/rock;alternative rock;alternative/indie rock;britpop;indie;indie rock;pop/rock;power pop;punk-pop;rock
7D1FXKTNz2gQDG5bqOPfZ4,fb4cb8a6-a799-48cb-936d-ef067afbdd5a,,2026-04-26,GB,Cherry Red Records,Group,,GB,1993,2010,
5W2rilNamGJ7LZ06t5vh1T,68b79848-9760-4fac-9518-5a07501dc16c,GBAYE9600148,1997,AU,Parlophone,Group,,GB,1993,2010,alternative;alternative pop/rock;alternative rock;alternative/indie rock;britpop;indie rock;pop/rock;punk-pop;rock
1WBb7KtcUh56W7Eun4b3jz,fd3569e2-3ca2-4783-aa41-a3473c666f66,,1998,GB,Melody Maker,Group,,GB,1993,2010,
3hFBY9YucrCF4t2j7jxofp,95e547b4-874a-4e9d-b69f-1758403f53e4,GBAYE9600104,1997,AU,Parlophone,Group,,GB,1993,2010,alternative;alternative pop/rock;alternative rock;alternative/indie rock;britpop;indie rock;pop/rock;punk;punk-pop;rock
0smFlFsvuSEJ5PsB1PCfTI,35f47ca6-ce8d-4057-8326-ba67991cbe5e,GBAYE9701492,1997,FR,Parlophone,Group,,GB,1993,2010,alternative;alternative pop/rock;alternative rock;alternative/indie rock;britpop;indie rock;pop/rock;punk-pop;rock
6FVcPcbkdWmkvumW1cp0qB,30591d8b-65b7-4962-bede-2305f3fe8680,GBAYE9701493,1997,FR,Parlophone,Group,,GB,1993,2010,alternative;alternative pop/rock;alternative rock;alternative/indie rock;britpop;indie;indie rock;pop/rock;punk-pop;rock
19pGPA89RFvgPfZHgXpyJN,f0a7cf9b-a78a-4906-a4ce-471b09e825e1,GBAYE9701494,1997,AU,Parlophone,Group,,GB,1993,2010,alternative;alternative pop/rock;alternative rock;alternative/indie rock;britpop;indie rock;pop/rock;punk;punk-pop;rock
46aeIZrEbFQgRf3Xa8cGor,0e1f2b00-acdd-4f65-940d-e0aa0b93f320,GBAYE9600105,1997,AU,Parlophone,Group,,GB,1993,2010,alternative;alternative pop/rock;alternative rock;alternative/indie rock;britpop;indie rock;pop/rock;punk;punk-pop;rock
4F9cI58vD7w68NIkzC2w9P,319b0436-7422-46ef-856c-22595392a9d0,GB5KW2202968,2022-09-16,,Echo,Group,,GB,1993,2010,
0jIoObixbkax1eBQ1WHANV,ac826214-47ca-41e3-87fd-ee69167e2c85,GBAYE0201021,2002,AU,EMI Music Group Australasia;Parlophone,Group,,GB,1993,2010,alternative;alternative pop/rock;alternative/indie rock;britpop;pop/rock;punk-pop
7G3zdEFGPDl9JGYHYZwZKX,bd8e9ca1-8278-4210-93e1-68ab892e7734,,2003,US,Patio Music,Group,,GB,1993,2010,
5kYQdMbQeLChg9hQWJsGia,db956698-4df0-4a55-a15d-bc5dfd6581e9,GBAYE0201023,2002,AU,EMI Music Group Australasia;Parlophone,Group,,GB,1993,2010,alternative;alternative pop/rock;alternative/indie rock;britpop;indie;pop rock;pop/rock;punk-pop;rock
416bGO3iOl2PmvJF9wvHHp,4c825f66-8a7b-43e7-abd0-2995624355fe,GBAYE0201024,2002,AU,EMI Music Group Australasia;Parlophone,Group,,GB,1993,2010,alternative;alternative pop/rock;alternative/indie rock;britpop;pop/rock;punk-pop
69GFzoDcAFrW6CD5tBEMTK,ae8e9dbc-fdcd-4080-a7f3-b94ab269a5df,,2002,XE,Parlophone,Group,,GB,1993,2010,
4hHj5r733jBEGUj6NIP7Rq,185eeb2e-1e5d-4c8e-8587-896a2295e72c,GBAYE0201026,2002,AU,EMI Music Group Australasia;Parlophone,Group,,GB,1993,2010,alternative;alternative pop/rock;alternative/indie rock;britpop;pop/rock;punk-pop
1rnOzbldCQJODoDhKNIuNM,4810a14f-11f4-4d65-84e1-bc520263dd54,GBAYE0200871,2002,AU,EMI Music Group Australasia;Parlophone,Group,,GB,1993,2010,alternative;alternative pop/rock;alternative/indie rock;britpop;pop/rock;punk-pop
5DbM2Bh3UopI5hVEWHoQFU,4bf54987-ad16-4bb6-94ef-0f9ca05787cb,GBAYE0201027,2002,AU,EMI Music Group Australasia;Parlophone,Group,,GB,1993,2010,alternative;alternative pop/rock;alternative/indie rock;britpop;pop/rock;punk-pop
2b1MLisc5enrrOLGHbxfhB,cc11e782-4f58-4533-ad37-0304beba3b02,,2002,XE,Parlophone,Group,,GB,1993,2010,
7mH4USoUNtwmJ9ZhiMqx8g,3af28b07-7ee8-4b02-90ee-72e00b631ffe,GBAYE0201029,2002,AU,EMI Music Group Australasia;Parlophone,Group,,GB,1993,2010,alternative;alternative pop/rock;alternative/indie rock;britpop;pop/rock;punk-pop
4CTGMbSmCHgawWqG34EoLd,14979d5f-53c8-48c4-8ce9-64ddb98bb192,GBAYE0201030,2002,AU,EMI Music Group Australasia;Parlophone,Group,,GB,1993,2010,alternative;alternative pop/rock;alternative/indie rock;britpop;pop/rock;punk-pop
3TQGqi0c4tWkHAKfj8TOoe,338c953d-993e-40bf-a175-5020dbb6e04d,GBAYE0201031,2002,AU,EMI Music Group Australasia;Parlophone,Group,,GB,1993,2010,alternative;alternative pop/rock;alternative/indie rock;britpop;pop/rock;punk-pop
2Dr3Ncdhxol8XE9rDZcl6X,f3f1a1df-7daa-4456-8788-09d02b135f1a,GBAYE0501076,2005,AR,Parlophone,Group,,GB,1993,2010,britpop;indie;indie rock;rock
5xyj9HH6fYJdo7tEWjCnYU,48145ffe-ea33-4424-8e1b-abf2298af933,,2005,US,,Group,,GB,1993,2010,
1HkLGn0GJ7QBjkrdZdtEcw,2eaf418b-b81f-4742-94e4-a9fd7622ac8d,GBAYE0501079,2005,AR,Parlophone,Group,,GB,1993,2010,britpop;indie;indie rock;instrumental;rock
4XMc2pOJTWSPpfwN5lb8DC,712a9e69-145c-4124-bff6-2e904f426290,GBAYE0501080,2005,AR,Parlophone,Group,,GB,1993,2010,britpop;indie;indie rock;rock
0mIzYr6kUx2giyXdr2Sqnb,61d8ba6b-e477-42e8-bce2-b4a9f1deba0c,,2005,GB,Top of the Pops Magazine,Group,,GB,1993,2010,
12vyriJtIctPwQXsYn6XPb,23705ab9-9896-4b86-aaea-7a32f88e7029,GBAYE0501077,2005,AR,Parlophone,Group,,GB,1993,2010,britpop;indie;indie rock;rock
3UI5D0ZdnFHnWtkRpOg4lx,fde750e0-e57b-4846-90b1-57cc7ef37f4d,GBAYE0501082,2005,AR,Parlophone,Group,,GB,1993,2010,britpop;indie;indie rock;rock
3W8Loyuqk3LqBEtcD720M1,415107c2-add3-4edb-b938-8d67f23682c5,GBAYE0501081,2005,AR,Parlophone,Group,,GB,1993,2010,britpop;indie;indie rock;rock
6LE5UIN4xzTnuQqFkKZXJL,e18d7b18-4300-4fd2-b898-e11045a0b55b,GBAYE0501078,2005,AR,Parlophone,Group,,GB,1993,2010,britpop;indie;indie rock;rock
7fHyzxGThKOdGsc4jpkDM9,c36db9cc-85c4-4402-a9da-ae1e463852e0,,2008-01-10,XW,Indie/Rock Playlist,Group,,GB,1993,2010,
4OIegCKtOfWTbagfiRMumO,1b3bed6f-3d19-4b14-b713-b1f517654ee0,GBAYE0703332,2008,GB,EMI,Group,,GB,1993,2010,indie;indie rock;pop;rock;rock and indie_rock_indie rock
6wTY9PdO7FvZbj9bao2ovH,36d96a9d-4b38-47fa-bed9-9be991c1ad02,,2008-06,,Indie/Rock Playlist,Group,,GB,1993,2010,
5swXx79Lvg8XiblixQeJb5,0f2ee436-c45f-4685-8d57-93c798eab1c2,,2008-03-24,GB,Parlophone,Group,,GB,1993,2010,indie rock;rock and indie_rock_indie rock
4hv77eNyUVVGGQZeHVJyhI,0b5b314d-49ef-4ec1-8f63-6c790dda4346,,2008-01-14,GB,Parlophone,Group,,GB,1993,2010,indie rock;rock and indie_rock_indie rock
7EC7zVKUIB61zDp8702FBY,f8bf6dea-497c-4925-91f1-ca3780ed33d6,,2008-03-24,GB,Parlophone,Group,,GB,1993,2010,indie rock;rock and indie_rock_indie rock
5e9brrsXP0eHBSfjUvBzcU,2ad62e52-3ea2-4894-b931-98b14b01422b,,2008-03-24,GB,Parlophone,Group,,GB,1993,2010,indie rock
5xOWMKbKO9WrC09MhIxbDJ,618c5ce3-0dee-49ae-8830-b89e5ace18dc,,2008-03-24,GB,Parlophone,Group,,GB,1993,2010,indie rock
3iVGH8GV4OT28VyGMS75AW,1bafc53d-23db-49f6-8c0f-ba3fac56036b,,2008-03-24,GB,Parlophone,Group,,GB,1993,2010,indie rock;rock and indie_rock_indie rock
7HrRe3si6h1HHwaw1thxyT,7fd92d90-3aa7-43cc-824e-49e05a369d42,,2008-03-24,GB,Parlophone,Group,,GB,1993,2010,alternative rock;indie rock
5UG0DTBZVJ3XMQAa2cYyYi,ca5e6086-69df-45cc-8d3d-98b7533c78ef,GBAYE0703344,2008-03-24,GB,Parlophone,Group,,GB,1993,2010,indie rock;rock and indie_rock_indie rock
1z6VOhCz9CW51doXtR9jjJ,3a1e8bda-78b2-4625-b47b-e8fb7de67769,,2004-09-28,US,Capitol Records,Group,,GB,1993,2010,alternative rock;britpop;indie;punk;rock
7x5sCA1JMzdLMkeS7y8M1Y,84424096-85ab-4be9-9400-08488851891b,GB5KW2201918;GBAYE9901457,1999,ZA,Virgin,Group,,GB,1993,2010,alternative;alternative rock;britpop;indie;indie rock;pop;punk;rock
2HSl7ZSI4cim4VyDmQzjax,51b0646f-1142-4123-9e9e-5d8653e96a63,GB5KW2201924;GBAYE9901464,1999,AU,Parlophone,Group,,GB,1993,2010,alternative;alternative rock;britpop;punk;rock
51PU0auynUUt4I8DGvS2XN,5e3e6f6d-fd35-41af-9e51-440cc7745516,GB5KW2201921;GBAYE9901460,1999,AU,Parlophone,Group,,GB,1993,2010,alternative;britpop;indie rock;punk;rock;rock and roll
0YWZD8l1mQz8XPSK2asTj6,3342f018-d68f-465f-80fa-2d3757fa7d83,,2004-11-29,XE,EMI;Virgin,Group,,GB,1993,2010,
1gwfSb3XuBncwcZBfLPu9F,ffaa48b4-f375-4311-b53f-1210dd66ea04,UK9AV2200747,2022-08-26,,Then Records,Group,,GB,1988,,
3J01GMYKdXmh2Ag8MvMma7,114b08ed-bdb3-42a1-8470-a260e2b90650,,1991,GB,Live Live Good,Group,,GB,1988,,
17hdos7cv1vAvcfoTU4Pym,ad401fd9-35e4-4951-b174-0ee835b4c94e,,1994,DE,Rebel Rec.,Group,,GB,1988,,
6kcZsylr92YXKfGFWU5dMn,1df94c5d-1e6a-4378-beb9-f9ba4655c4a7,GBAZP9000062,1990,DE,Rebel Rec.,Group,,GB,1988,,baggy;britpop;madchester;neo-psychedelia;rock;shoegaze;space rock revival
6pxJNqerC3k8yK174VTp6v,f083e137-23d6-415d-a249-b9d1db592186,,2002-08-12,GB,Ministry of Sound,Group,,GB,1988,,indie;madchester;punk;rock
2bdBRHfd7Mdt9SBUsgdBR4,dc5508f2-5cd3-4b20-8304-18a12861efd2,GBC9X1000160,2010-05-31,,Concert Live,Group,,GB,1988,,
5geyAkFXU4E8sEwpuw64tN,240837f6-1eac-4bdc-8339-726e1526d906,GBAZP9000065,1990,CA,Mercury Records;PolyGram,Group,,GB,1988,,alternative dance;baggy;britpop;electro;madchester;neo-psychedelia;rock
1jRteuHHKpPTTmXxvBaapt,01c24994-e997-4728-9c9d-6cd29fed0d86,,1991,GB,Live Live Good,Group,,GB,1988,,
0Wn3DOFM7ZCgZj1pQKFPHw,ed894d67-291b-4485-a2a4-71a41d512033,,1991,GB,Live Live Good,Group,,GB,1988,,
6nkgFw68UPsueX1CX3PhsM,e7e7cb64-eb57-4547-89f1-a0231737fc2e,GBC9X1000164,2010-05-31,,Concert Live,Group,,GB,1988,,
7CcQoHyRwacoKdMVh7y8Ny,18de4e87-5eb2-4678-9fea-efbd667de9a3,GBAZP9000069,1990,CA,Mercury Records;PolyGram,Group,,GB,1988,,baggy;madchester;neo-psychedelia;noise pop;rock;shoegaze
1yaOpRf6Q3vqbiTsA3DAkF,f28b72b3-01b4-4ec9-88e1-6e6a3d246936,,1994-04-25,JP,Beggars Banquet,Group,,GB,1988,,
4OE55p9KHrjAv4MNFa2RIn,67009f4d-5eb4-4a71-8837-81c887b204cd,,1994-04-25,JP,Beggars Banquet,Group,,GB,1988,,
0lq2CvuRQ7lTZ6ArvlZDKu,4fddf2fe-9f3c-42e2-a0b5-1bd91b332bce,,1994-04-25,JP,Beggars Banquet,Group,,GB,1988,,
1BsUt1QIL29XQ83qrw01PP,72ad4ae7-3ed0-4f76-b338-a650365b9c92,,1992,DE,Beggars Banquet,Group,,GB,1988,,britpop;indie;indie rock;rock
2sHkTpKGryr1A0RbprOjp3,69132813-d2a5-4df3-a334-d4de0e6a7b66,,1992,DE,Beggars Banquet,Group,,GB,1988,,britpop;indie;indie rock;rock
62Sh2u7WG3see1YnpD0qO1,0c2c2487-1c4b-4769-a42d-4437e90b6985,,1992,DE,Beggars Banquet,Group,,GB,1988,,indie;indie rock;psychedelic rock;rock
63RpgWbyMgVUhh89LtEe1S,5b747858-eb29-4282-8060-67834e03e626,,1992,DE,Beggars Banquet,Group,,GB,1988,,britpop;indie;indie rock;rock
6ExZGaqQjthptrUtrJYqFb,b730024f-dc1f-4952-b689-54be80bfad00,,2012-06-08,,The Concert Series,Group,,GB,1988,,
5T3y7yIio9RQWPHtOYIFkJ,d84298e3-116b-4d68-b90d-6f9a665fe3c2,,1992,DE,Beggars Banquet,Group,,GB,1988,,britpop;indie;indie rock;rock
0F6kEzCniYHm3RthlA9vyt,073fc5c4-6b7f-446f-9264-3c5dc674d652,,1992,DE,Beggars Banquet,Group,,GB,1988,,britpop;indie;indie rock;rock
1y4tQ4V581EmLIW4vKBihB,7f1271af-f55d-471f-b03e-923ee1db755e,GBAZP2400133;GBAZP9400061,1994,ES,Caroline Records,Group,,GB,1988,,indie;indie rock;rock
4dqdVeRhOyTdQh68mnhco9,9d98bc7c-567d-4885-be73-b024c4f1c0c0,GBAZP2400134;GBAZP9400062;GBAZP9700265,1994,US,Atlantic,Group,,GB,1988,,britpop;indie rock;punk;rock
3b8Kr4A0XP1umaHNEE2bfe,c6a8bfad-7255-478a-bf11-9c74c12566fb,GBAZP2400135;GBAZP9400191;GBAZP9700264,1994-01,US,Beggars Banquet US,Group,,GB,1988,,britpop;indie;indie rock;rock
51zpb1YXH2kdqYEllV9VuG,94c2a6b9-d077-42e4-b462-46043ac977e8,GBAZP2400136;GBAZP9400063,1994,ES,Caroline Records,Group,,GB,1988,,indie;indie rock;instrumental;rock
2oSGIWbACjYOUy37iV9Gjx,2f224368-87ac-4844-ac2a-22f9368e42ab,GBAZP2400137;GBAZP9400064,1994,ES,Caroline Records,Group,,GB,1988,,britpop;indie;indie rock;rock
4l6MigA2peyUsrsBwgiiRk,d8344a34-077e-489a-971b-e53d56f39ec4,,2002-06-18,,Beggars Banquet,Group,,GB,1988,,
53bo1pAmVw61c55IOrNGHk,257f03ac-802a-4fdb-a469-033d6ca4396c,GBAZP2400139;GBAZP9400065,1994,ES,Caroline Records,Group,,GB,1988,,britpop;indie;indie rock;rock
60xxn735Y3yRebK4h35oTQ,3fecc783-4569-411b-96af-aab587417e7c,GBAZP2400140;GBAZP9400066,1994,ES,Caroline Records,Group,,GB,1988,,britpop;indie;indie rock;rock
0doGfVn8qFKXeH2jsBMLJX,42de4acc-d023-4c37-b792-42866d55a6fb,GBAZP2400141;GBAZP9400067,1994,CA,PolyGram,Group,,GB,1988,,indie;indie rock;rock
7Df9QLaoQC1UrBugvYQSB7,3946ee0d-a847-4af2-b93e-b52a776c09ab,GBAZP2400142;GBAZP9400068,1994,ES,Caroline Records,Group,,GB,1988,,britpop;indie;indie rock;rock
0uqn625244juq4sKbo9iXw,73d37bc2-e060-46ce-a6cc-e0d7a291efc8,,2026-04-26,GB,Cherry Red Records,Group,,GB,1988,,
3n7pxAJPMu63o0SbPZLXl2,c8af689e-f4fc-48d5-a29c-0075de26c55a,GBAZP9700268,1995,CA,Beggars Banquet,Group,,GB,1988,,
05gWETMNfy027NTLRwxmIP,fb2440dd-8047-43d8-a67c-7361e85f7b2d,,1996,NZ,Columbia,Group,,GB,1988,,
4GGLR9eUBlwdcJWCHKBqqd,150bf329-6502-44a3-8821-035e085f540c,,2002-06-18,,Beggars Banquet,Group,,GB,1988,,
3FKoa9tkUayT26t0Afxt6X,98d38252-f0e1-42e3-81d3-1fcdb4a08481,GBAZP9500049,1995,CA,Beggars Banquet,Group,,GB,1988,,
1L3TXMVwlKMAAn7ENumaNE,f5fa1263-09ce-4adc-8634-a86fdfb51199,GBAZP9500050,1995,CA,Beggars Banquet,Group,,GB,1988,,
23yzP4jp4E7osUqzK5sCNw,2cedf79b-c9fc-49b9-8bd5-189d24971617,GBAZP9500052,1995,CA,Beggars Banquet,Group,,GB,1988,,
6BvW2qZsqUTwCK9spn0F8t,ae700e6e-c0ff-49f3-be78-0bf280abd0df,GBAZP9500051,1995,CA,Beggars Banquet,Group,,GB,1988,,
02oqRLsoZLLrAcfapzkJfz,05c8262c-4135-438e-b3ba-d7d6cde9abe1,GBAZP9500048,1995,CA,Beggars Banquet,Group,,GB,1988,,
7GYoJeItFQdoSpWovFkoE5,b02639a4-41db-4ca2-95ee-d1e7f9612c8f,GBAZP9500054,1995,CA,Beggars Banquet,Group,,GB,1988,,
1fbJJlhNuVhQu0mtdCxP2N,e4548e3e-9651-4d1e-a853-0a5c77265170,GBAZP9500053,1995,CA,Beggars Banquet,Group,,GB,1988,,
7hlMh3xKHRav6209HDBgok,406f4ca3-a79b-4671-b8ea-5c8b6974c48d,GBAZP9500055,1995,CA,Beggars Banquet,Group,,GB,1988,,
6arphpgC2iZe361yAePzyh,1bca1831-ad08-4b67-a0b9-927bf5892403,GBAZP9700113,1996,AU,Universal,Group,,GB,1988,,alternative pop/rock;alternative rock;britpop;indie;indie rock;punk;rock
4ZdpA0IqOavto4cpXtyKuZ,4409032b-0683-4c85-9f9c-ad2d33e65015,,1997,GB,PolyGram,Group,,GB,1988,,
1xmEPxjGvdkwqqfkMm0LdH,4618b8e8-0822-4ef8-b5b5-c6ab64049d48,,1997-10-20,GB,Beggars Banquet,Group,,GB,1988,,
1zw4l0t9dCHXRmiLpcrYZq,b886f40c-ba71-4174-8619-4f85699a54da,,,,,Group,,GB,1988,,
1WqM8JqmWMOsRnGSvSHWHS,51d9b733-0152-431c-93b3-78895a8a83db,GBAZP9700118,1996,AU,Universal,Group,,GB,1988,,alternative pop/rock;alternative rock;britpop;indie rock;punk;rock
3loSyoOKbRtSuz7wOeUWbz,18813f12-9946-44e2-a726-f2d74663f132,GBAZP9700119,1996,AU,Universal,Group,,GB,1988,,alternative pop/rock;alternative rock;britpop;indie rock;rock
3cK5cRbMzx7VYTCfc4VNfs,485ff280-fda0-4569-ba8a-0d2738325c79,GBAZP9700046,1996,CA,Universal Music,Group,,GB,1988,,alternative pop/rock;alternative rock;britpop;indie rock;instrumental;punk;rock
7cONVgU4YimAyLhu21hIfQ,14bdbede-dfc1-4b64-bfda-b5bba187cd31,,1997,GB,Silver Wolf,Group,,GB,1988,,
50lPcbujgi1GOWObInAQFH,ffab59ab-5b63-44c8-959f-1dc5e7fb14d4,,2012-06-08,,The Concert Series,Group,,GB,1988,,
6Yzy1w5zcl896RqPunSvAk,7e55a994-e493-49e6-afba-3433da3df665,GBAZP9700121,1996,AU,Universal,Group,,GB,1988,,alternative pop/rock;alternative rock;britpop;indie;indie rock;punk;rock
5R5XUO9PquhFRpXRZSfZMG,5ad4e4db-17fa-49f4-892a-68460308234f,GBAZP9700122,1996,AU,Universal,Group,,GB,1988,,alternative pop/rock;alternative rock;britpop;indie rock;rock
4vAlEmhtCo7BE9mQiSJyti,8c8cc83a-1e7b-42d6-95a9-2eb0ef47eb32,,1991,GB,Dover Records,Group,,GB,1988,,
4idqzRyJnjSlmKSwqFJd3B,5fa7719e-9c92-40fa-acfe-2ab9ec45821d,GBAZP9700262,1992-02-24,GB,Situation Two,Group,,GB,1988,,indie rock;punk;rock
1K8oLX9ti5UwAb6MRuuuwL,445d84d4-6563-4f3c-add3-8ca2e223452a,GBBBY9900192,1999,XE,Universal,Group,,GB,1988,,britpop;indie;indie rock;rock
2catb79ry9Dnl6FaSZnHv0,7daf2781-b564-459f-9253-91973ba5a182,,2011-03-28,GB,Universal Music,Group,,GB,1988,,
3sZQIhzovoYhfPQXMNH6x6,12968e3a-5648-4e3d-a002-ad677bf1d2c4,GBBBY9900189,1999,XE,Universal,Group,,GB,1988,,britpop;indie;indie rock;punk;rock
7EtA7ki3aZfPpmiSgwKUgP,ee077204-413d-4bbc-bdc1-367bfd6de987,,2008-07-14,GB,Island;Universal,Group,,GB,1988,,
4bKsnvgkiSPudQBeFp9zun,2a0a869e-0786-4079-95cc-c2cce1cac80c,GBBBY9900190,1999,XE,Universal,Group,,GB,1988,,britpop;indie rock;punk;rock
3NAlzhatT7QFYDpwPlrV5n,4be89f55-1e7b-46f4-b660-9fba306a935e,,2011-03-28,GB,Universal Music,Group,,GB,1988,,
0gJtCSuaMei1wYsQyNgdAD,66cb023a-8120-43c2-901e-c661f3e0f723,,1999-09-29,JP,Universal,Group,,GB,1988,,
7uCxT7LuayRqZrNYaJYBkR,96614ac2-f025-4d8d-ab1e-310446489352,,1999-09-29,JP,Universal,Group,,GB,1988,,indie;indie rock;rock
4PgBnFWkNTFYgN8aJwnK0m,12a5665b-eff5-4a3e-a4fd-b868e22200c5,,2007,GB,Spectrum Music,Group,,GB,1988,,
7k6jq52bVjW4fq5ivI5saS,365d3253-fea1-4309-82bb-051467d7198b,,1999-10-04,GB,Universal Music UK,Group,,GB,1988,,
4MCJROxKJ2Wgobx3NnxINL,abbe7b80-4a89-4f31-b152-b0c50aafc5b1,GBBBY9900183,1999-10-18,,UMC,Group,,GB,1988,,
5YhQBbV5azKNbmgyjA0Ak0,6c0da16c-bbd2-4d6d-a372-74055db90c0a,,2011-03-28,GB,Universal Music,Group,,GB,1988,,
4alivFxbHqIXLUbjq9xhJd,47b4a3c2-a972-42c1-8590-52b1faa63a0b,GBBBY9900199,1999-10-18,,UMC,Group,,GB,1988,,
35Ubde0SG2uNZTuYBFc4z0,7baf8efa-562c-4740-83b1-be2186f3cc12,GBBBY9900203,1999-10-18,,UMC,Group,,GB,1988,,
3vR6Dyy48TIxZZnrP2wtAm,f625ef15-3e5e-4249-85df-50ee469b5e91,,1999-09-29,JP,Universal,Group,,GB,1988,,
5nW6LwO6ERMXMqurGbttKH,4c6cd7fa-fde4-4bdc-bdb1-de38704e4e3d,GBBBY0000005,1999-10-18,,UMC,Group,,GB,1988,,
7pM2nRPO2nTELbdTOx2MxA,054f389d-3115-4e87-8857-ded25e2339d5,,2000-05-15,GB,Universal,Group,,GB,1988,,indie rock;rock
3Em4laJizgQuEERAJQ0dUJ,c6d6ed25-327d-40bf-91c9-6f2ba74b5b72,GBBBY0200014,2002-01-01,XW,Island,Group,,GB,1988,,indie;indie rock;rock
6JuhMfHcki9tMDfWuPRGyO,40e54c38-2bb1-40e0-acd9-13170abbf859,,2008-07-14,GB,Island;Universal,Group,,GB,1988,,
6tV4y5yuAuFJPZdXqdoTFP,72d848d2-34c6-4476-9e36-768999649fe2,GBBBY0100003,2001,XE,Universal,Group,,GB,1988,,britpop;indie;indie rock;rock
7DgT6zf48ufzojwWWtwEXT,153f1019-851c-4449-b980-91e59de9caf9,GBBBY0200022,2002-01-01,XW,Island,Group,,GB,1988,,britpop;indie;indie rock;rock
5BcMToYxQZXNqFIYABjW9j,c57a3116-26b2-49c6-ad31-d03d4d8b88f9,,2002-10-21,GB,Warner Strategic Marketing United Kingdom,Group,,GB,1988,,
1TTOhcZlkEel7PEXMQbGwN,52b65efa-7f12-41a6-972f-aafbd465ae28,,2008-07-14,GB,Island;Universal,Group,,GB,1988,,
13uimZyxJEXdWdrHQPagsv,e8d2ff7f-0960-489a-b193-a5e5f2c5fa89,GBBBY0100006,2001,XE,Universal,Group,,GB,1988,,indie;indie rock;instrumental;rock
4qmqWKj5Z4Cxf4MLoTDNxQ,8fd31648-bb16-47bb-8525-4a54fec1b7ce,,2008-07-14,GB,Island;Universal,Group,,GB,1988,,
6ifIiLksIY7Z9GF1xcV8xl,2a986549-ee9d-4edc-aa77-0bbbcbac24c0,GBBBY0100009,2001,XE,Universal,Group,,GB,1988,,britpop;indie;indie rock;rock
3UGzv8fY3t4sJgAwuYbJ4L,e972a341-4613-4b82-a70d-6ddc93ae32d4,GBBBY0100010,2001,XE,Universal,Group,,GB,1988,,britpop;indie;indie rock;rock
6rKVP8PsVpmKHWT61KzsTF,2eeabee4-7060-40c4-9715-75135551581b,GBBBY0100011,2001,JP,Universal,Group,,GB,1988,,britpop;indie;indie rock;punk;rock
5XvPdlG2ruczWqdyttUGHC,2b7abc85-c3e4-42c5-9e7b-02e5e2e34809,GBBBY0100012,2001,JP,Universal,Group,,GB,1988,,britpop;indie;indie rock;punk;rock
7HUOwPTdsWFzRc05ieRDLe,f977aae8-7cbb-499e-b092-eb76bbd20ea8,,2004-07-04,GB,Universal Music UK,Group,,GB,1988,,
5PhRENvF4pKGSlSG7YEMPt,3e7c1db3-567e-43a9-8784-4e707bc779bd,GBBBY0400003,2004,US,Universal,Group,,GB,1988,,indie;indie rock;rock
4FwYETSLcw8lK90VMQKC6E,cab5c31f-71db-4dcb-8c6c-b71eb8f8b461,GBBBY0400007,2004-05-17,GB,Universal,Group,,GB,1988,,britpop;indie;indie rock;rock
7unqpyD1HjZdO1JWJJgkBm,2a26ed4e-7f1c-43f4-9395-ed7b344e9c50,,2008-07-14,GB,Island;Universal,Group,,GB,1988,,
4HE10zvEVAAYJGcSmclixS,37e8e522-3fa4-49e6-b8fb-ebf5f793310b,,2007,GB,Spectrum Music,Group,,GB,1988,,
7nfybdEKyxDuvTZItlELq1,9bd94259-1539-4632-8e06-0fbd37892240,,2004-05-17,GB,Universal,Group,,GB,1988,,indie;indie rock;rock
2VTT3cHR1qNdctKU5fCJfi,4669f72f-8602-436b-bab2-6854a2132cc6,,2004,US,Universal,Group,,GB,1988,,
2Yiivz5ydJ2aWR6r5WbAIx,d1657f12-dc64-4a6f-b31a-12635d3f3960,,2004,US,Universal,Group,,GB,1988,,
0MkI8gwkUkaGzmxe33AFmp,5427f954-c7a3-425f-b331-2828bbd8916f,,2004-05-17,GB,Island;MCA Records,Group,,GB,1988,,indie;indie rock;rock
6rvEu0rEKuce6LqVv6hJhi,11e88a78-36bb-47a1-85f8-3de6acccf5a4,,2004,US,Universal,Group,,GB,1988,,
7fLcqITacm9JhCxyaaIrS6,63f9fe84-aaf3-468d-a019-5219752dec05,,2004,US,Universal,Group,,GB,1988,,
7pS3wC75UsTCHi4Bun2N5b,ac326234-e1d6-4744-866b-f2fe3791d382,GBAJE0600166,2006,GB,Universal Island Records,Group,,GB,1988,,
7GYqwvjInKchUkoM9KOTj2,8f2367f2-ab27-4781-87ce-8f72f7b9dcfc,,2006,JP,Sony BMG Music Entertainment,Group,,GB,1988,,
3XBfmNFClyGnZZRdw2cooA,50e7b9bb-c741-4115-a43b-7aa44d3a7f0d,,2006-04-17,GB,Sanctuary Records,Group,,GB,1988,,contemporary country;country;indie;indie rock;neo-traditional country;pop rock;rock
2EXWQUuL50RArys63yztYN,3e27b0b6-dd19-4526-8e88-a4d2bf4adec9,,2006-04-17,GB,Sanctuary Records,Group,,GB,1988,,indie;indie rock;pop rock;rock
6VZ5sNYR1hkl0gKIFp88tM,40e456dc-5d52-44ea-9155-630244ceff24,,2006,JP,Sony BMG Music Entertainment,Group,,GB,1988,,
69Whs7lUWRt2cDMLDAeMun,90e4d70f-6807-488d-9a17-4d94c4af429b,,2006,JP,Sony BMG Music Entertainment,Group,,GB,1988,,
2j5DthkJ87DjoeQOvrPIfA,b4e352f6-b39c-4639-b619-8e8fdf09f288,,2006,JP,Sony BMG Music Entertainment,Group,,GB,1988,,
4X6nsCda0xpRgBH6FiurNE,1709abd6-f169-4b9d-a61e-10f536355d40,,2006-04-17,GB,Sanctuary Records,Group,,GB,1988,,britpop;contemporary country;country;indie;indie rock;neo-traditional country;pop rock;rock
3PUuJNSjK4FnuhKObPoQcN,1be957d1-c3b4-4feb-a7d6-1b8e59ea8c38,,2006,JP,Sony BMG Music Entertainment,Group,,GB,1988,,
2Yd5wKSFI2DRrcSQR3USjA,e93a4f09-5296-49b6-9e32-ef6e0ec3a690,,2006,JP,Sony BMG Music Entertainment,Group,,GB,1988,,
31w2nTqO0U99qjvolnPiaj,e656ea29-433c-4d14-bb82-0d7b480c13bc,,2006-04-17,GB,Sanctuary Records,Group,,GB,1988,,britpop;indie;indie rock;instrumental;pop rock;rock
6pop9S0RdbUEGuBmy55YdZ,322dc3b1-1f91-4c3d-8b18-f0e94bf44722,GBCEJ0800111,2008-10-20,XW,Then Records,Group,,GB,1988,,
2OtKJU86aARwiwHtHmz7G2,45583be6-1b92-45f1-afb2-9454bd0f59ec,,2008,JP,Imperial Records International,Group,,GB,1988,,alternative rock;britpop;indie;indie rock;rock
4ZMrlP4LmaiIjSaY2Q7w03,fd2f82ac-f40d-427a-9795-89d7ef2be928,,2008,JP,Imperial Records International,Group,,GB,1988,,alternative rock;britpop;indie;indie rock;rock
47VQa3JEGnKTAf4jtoIfqZ,87a78316-bbe4-412d-970b-0ce660356e60,,2008,JP,Imperial Records International,Group,,GB,1988,,alternative rock;britpop;indie;indie rock;rock
6yTi2Vnh1Ekl4qmx15tj2y,fa4602fd-3d70-428a-9e9e-164b38ae17fa,,2008,JP,Imperial Records International,Group,,GB,1988,,alternative rock;britpop;indie;indie rock;rock
1tmHhaJjyWox789rnOIs2P,ccb2647d-cf22-49d4-9383-5208f8dc19d2,,2007-12-10,XW,Indie/Rock Playlist,Group,,GB,1988,,
3D3MjTBpA8GavdBJAvNyTY,092a67a6-7550-4a66-8297-b57dec26606b,,2008,JP,Imperial Records International,Group,,GB,1988,,alternative rock;indie;indie rock;madchester;rock
595yZrl2VR5g8FFB0HVzpL,eceba26b-6023-4108-9cd6-50510ed84d3b,,2008,JP,Imperial Records International,Group,,GB,1988,,alternative rock;indie;indie rock;madchester;rock
5r3oKiD6oz5sKT8BsgFQPR,47a75ec5-4114-4074-aab0-c4c039b1ef20,,2008,JP,Imperial Records International,Group,,GB,1988,,alternative rock;indie;indie rock;madchester;rock
64J6c8sZxRmwBBA0tserXp,cbdefeb3-051b-45d1-b72b-4aff5c6f53ea,,2008,JP,Imperial Records International,Group,,GB,1988,,alternative rock;britpop;indie;indie rock;rock
1eKqi4cXGPad8kGvTMeClh,c4bd6290-2b6b-461a-a082-587cb09c3c84,GBCEJ1000078,2010,XE,Music on Vinyl,Group,,GB,1988,,alternative rock;indie;pop;rock
0SIKksAwcwELCTz3S3dDUD,8d0282d9-921c-452d-8af7-7a4f42a80a40,GBCEJ1000079,2010,XE,Music on Vinyl,Group,,GB,1988,,alternative rock;indie;rock;singer-songwriter
7qUfFAkQWJcm58pljppPdo,601bf658-f35a-40f5-b5d0-bc5aa13fdd12,GBCEJ1000080,2010,XE,Music on Vinyl,Group,,GB,1988,,alternative rock;indie;rock
3HTJgD3VUSd7AqB4Rgy6bB,5f7e602d-abba-4fd6-89cc-32fd250a3b49,GBCEJ1000081,2010,XE,Music on Vinyl,Group,,GB,1988,,alternative rock;indie;rock
7duFzMZJpjjdLIRJIbqRCq,5e7d3b09-ab74-4696-912f-7e2c989faa17,GBCEJ1000082,2010,XE,Music on Vinyl,Group,,GB,1988,,alternative rock;indie;rock
3vkDIwNWD7DUBqLRbgomLI,5efadb42-af92-4740-afeb-4b40aeea7d1a,GBCEJ1000083,2010,XE,Music on Vinyl,Group,,GB,1988,,alternative rock;indie;rock
1BGMGzERJ3AQZeGo7vXGN8,c0dedd5a-0935-467f-b97b-b59b47758646,GBCEJ1000084,2010,XE,Music on Vinyl,Group,,GB,1988,,alternative rock;indie;rock
4i8rmz2wTS7Ze6PuPgH3BT,c5b43cfa-365a-4bec-89ca-86f4a84f7e48,GBCEJ1000085,2010,XE,Music on Vinyl,Group,,GB,1988,,alternative rock;indie;rock
0c0F44tCuvlnbgM7FCGdgN,79cb7456-2479-48dc-9cfd-cc6817f5b978,GBCEJ1000087,2010,XE,Music on Vinyl,Group,,GB,1988,,alternative rock;indie;rock
02Y0Nq4KVbg4z8UmzVq5rD,b10beb37-1369-46cb-af75-d8d74c5f259e,,2015-12-04,GB,BMG,Group,,GB,1988,,
1xCk5t84zGBx7gNrootjFO,5eb4ad40-0ff5-4cf6-b46b-f6858065523e,,2014-12-01,GB,BMG,Group,,GB,1988,,electronic;indie;indie rock;psychedelic rock;rock
1ppybvNT9Bg4TpegakBdvp,8ab8caa6-6f13-42f8-92e9-0223fc3de060,,2015-12-04,GB,BMG,Group,,GB,1988,,
1k67hYZT41hTIUZCks4J5y,a038f0b2-a113-47b6-b3e8-385699de3094,,2015,GB,BMG,Group,,GB,1988,,electronic;indie;indie rock;psychedelic rock;rock
0n71kykitkrshRKsTKbsR6,b1df8aad-e44a-4315-be58-cc53eb7c0e2b,,2015-12-04,GB,BMG,Group,,GB,1988,,
5v5Aukngi28dmvegyfQHrT,c2eef254-e502-4fc5-b1ff-0b190de2efab,,2015-12-04,GB,BMG,Group,,GB,1988,,
3QvYdlKDcTuWAAvBvhmveK,0636dd65-0859-46ef-96ba-7900d3f727b5,,2015,GB,BMG,Group,,GB,1988,,electronic;indie;indie rock;psychedelic rock;rock
3DBQrcugKkRYdYZc0ehCy3,51c1564c-3554-4307-8ada-4a5d5b83036d,,2015-12-04,GB,BMG,Group,,GB,1988,,
1kv3kAqisZtjKoZpwcG1Nr,1a604f63-f06f-45bf-9c63-e087a53c2557,,2015-12-04,GB,BMG,Group,,GB,1988,,
0YUXxVXoqFknDkWnbvYEvD,eb90925f-c117-4bbe-ad57-0b99cc1f2388,,2015-12-04,GB,BMG,Group,,GB,1988,,
5oAzpHW4v0aWdxiP34RGlz,a14437ed-7642-45ab-8d7a-32ae2d3970bd,,2015,GB,BMG,Group,,GB,1988,,electronic;indie;indie rock;psychedelic rock;rock
7ikQDguecUgSwuE7xGmcIU,9ebce8ac-9386-441b-9004-4bdc44d3c141,GB5KW1700621,2017-05-26,GB,BMG,Group,,GB,1988,,
5vazAtIyysWXlnMX53qe48,b8d5078d-141e-4ab1-aa12-b95c425fcbb0,GB5KW1700622,2017-05-26,GB,BMG,Group,,GB,1988,,
1ikGEKtw4QFVA8URdQiC3o,7266365d-a816-4e4d-aad6-82f0c102e6ae,GB5KW1700623,2017-05-26,GB,BMG,Group,,GB,1988,,
0aU9NartDNAZUBOUYQBRSs,68ca081b-2898-4347-8108-bb11fcea9170,GB5KW1700624,2017-05-26,GB,BMG,Group,,GB,1988,,
7yNgthF7p6ChQUbz7xWYzV,2541e027-077e-4ff5-8327-a052ee2e293b,,2020-07-03,GB,Union Square Music,Group,,GB,1988,,
39a6Q1PNEkEHfZbH03F3Uw,0c1be870-5d0a-4b95-b2bf-71cff49da17a,GB5KW1700626,2017-05-26,GB,BMG,Group,,GB,1988,,
3TsDArWpsYL8SZ4dTArnHS,e92cbfd5-3fb3-4517-9991-02bdde82a152,GB5KW1700627,2017-05-26,GB,BMG,Group,,GB,1988,,
5Dj5Gvmj5iXLxz5y1EzViV,cc46c710-d49a-4afc-820e-444e3419cb91,GB5KW1700628,2017-05-26,GB,BMG,Group,,GB,1988,,
6kFhyuvCfMSI4wu83Wf8JW,06fd65c8-892c-457f-96fc-97f0e35f4b49,GB5KW1700629,2017-05-26,GB,BMG,Group,,GB,1988,,
0IjPPf7AD5NgC8I6rfc32Q,c0ce1a21-4e21-40f9-9dd5-93ec72566527,GB5KW1700630,2017-05-26,GB,BMG,Group,,GB,1988,,
2XCmrdtT4gDyACXv33niWS,60dc2e23-4d60-4d45-8fa3-0ccef032612f,GB5KW1700631,2017-05-26,GB,BMG,Group,,GB,1988,,
0ExxvgT0LLmrGJ1GrCFulw,466952e4-6990-410e-b4f5-4cd267688257,GB5KW1700632,2017-05-26,GB,BMG,Group,,GB,1988,,
0vofxS72dl42XGyfRts1vR,bf33ef89-cde8-4e6a-889f-b965f51c8e71,GB5KW1700633,2017-05-26,GB,BMG,Group,,GB,1988,,
1XsLJQdk9SiKMyQaggJfQ2,8df1906f-a145-4da1-b577-74f9c330c2ee,,2021-10-15,GB,Then Records,Group,,GB,1988,,
0D3Th2YU14U737O0nSHXT8,8d6b2fb9-3cb1-4b81-9c33-9e86a91e28e9,,2006-09-18,GB,Go! Discs,Group,,GB,1983,1992,acoustic rock;britpop;folk rock;indie;indie rock;punk;rock;trance
7DGuEKxF0rz2qvkBM3ugvr,75ca8bf4-aac5-4c8c-9408-5cd05b1c04db,,1990-11,GB,Go! Discs,Group,,GB,1983,1992,
5c5aL31bRgjXwNc1T4fB9H,1cb10173-fdf4-4a60-a456-956d5548121a,,2006-09-18,GB,Go! Discs,Group,,GB,1983,1992,acoustic rock;britpop;folk rock;indie;indie rock;punk;rock
0FbpZJhUnDRY6ccOy56UFU,de5e63be-5306-4d77-9560-e1e0ed7ad720,,2001-07-02,GB,Viper,Group,,GB,1983,1992,
6Gpc5cbFDzzYy1nQ4CsRy6,1608a1c7-11e0-4658-a935-d4d3b83e260c,GBAKW9001053,1990,CA,Mercury Records;PolyGram,Group,,GB,1983,1992,acoustic rock;alternative rock;brit pop;britpop;indie;indie rock;jangle pop;mellow;punk;rock
4WQ6jW5bi2cPcW8uj1QrfL,02918f6a-c1df-4aad-902b-9bbb14d46a51,GBAKW8901055,1990,JP,Polydor,Group,,GB,1983,1992,acoustic rock;alternative;alternative rock;brit pop;britpop;indie;indie rock;jangle pop;mellow;pop;punk;quirky;rock
4gWzy1bWsYRMupWgjScXzq,671115cc-910a-4bd5-9c76-00666caf278c,,2010-04-12,GB,Viper,Group,,GB,1983,1992,
7ykVlrKh7U9s3DTGeecZ83,a664a1f3-3fab-4d58-8714-ba8e58944150,GBAKW9001062,1990,JP,Polydor,Group,,GB,1983,1992,acoustic rock;alternative;alternative rock;brit pop;britpop;indie;indie rock;jangle pop;mellow;punk;rock
4PpJ6fo99RairWqKoaqoJ3,226ea6f2-73b8-4121-bec1-0b332b0cc217,GBAKW9001056,1990,CA,Mercury Records;PolyGram,Group,,GB,1983,1992,acoustic;acoustic rock;alternative rock;brit pop;britpop;indie;indie rock;jangle pop;mellow;punk;rock
3FzFC1xYeODlENeQMPSCgJ,ea60fb61-e048-4cd9-b1ae-260da4b753c9,,2001-09-20,GB,Living Language,Other,Not applicable,,,,
1rPGk05WTtwSWY1Kxy8u0j,0e04a0f2-accf-4a09-a0fa-85e9b2a65c07,,2017-09-22,XW,Setanta,Group,,GB,1983,1992,
22Kei6Qz4QVKgdhNLjkdwI,066ab385-a820-4d18-9924-bd175030b151,,1991-10-01,US,Polydor Associated Labels,Group,,GB,1983,1992,
4A2a3RLYI119smHlU78taz,e975e778-f1f7-4170-9dce-d3c57224ec99,,1999-10-04,GB,Viper,Group,,GB,1983,1992,
22mhFuFqsi44rxtA4LjkX2,660afa0c-d8fc-46dc-b624-eddbf53dd8eb,,2012-10,GB,Mojo,Group,,GB,1983,1992,
72Jb8ylLHtuyxidYpg81B8,fef96e2e-d385-4560-b3dc-1f5f9cc495e3,,2018-02-09,XW,Cherry Red Records,Group,,GB,1983,1992,
3YD43JEMzwKV9FDNldcwEs,38fe93c3-88f0-4831-af40-96e218734077,,1999-10-04,GB,Viper,Group,,GB,1983,1992,
7KJ2niXXPGwv8TogxoOk1I,a8e7fa57-c034-4eff-a093-e7a9912fa66f,,1999-10-04,GB,Viper,Group,,GB,1983,1992,
0so3pdp5Y0NDnLi3Hl5PvJ,676f60a8-c3ea-4ea9-a844-da26e9bd30d6,,1999-10-04,GB,Viper,Group,,GB,1983,1992,
3ZBzXI6xZJcp013m7ZbO99,5c16eaba-a146-4093-b228-3cda70f2a3b0,,1999-10-04,GB,Viper,Group,,GB,1983,1992,
3zsI1bImUBim9N0h158RUN,374d8caa-1bc0-4ea1-b634-37162c073215,,1999-10-04,GB,Viper,Group,,GB,1983,1992,
4nJlqyC8u99LzpzQUuFNmY,cbfe0ede-354a-4040-b5d9-8f6d97027d5e,,1999-10-04,GB,Viper,Group,,GB,1983,1992,dub;instrumental
72Y9MJMvlnZplBQOepJhUY,0866071e-75d7-4259-a4a6-7c7932b563d4,,1999-10-04,GB,Viper,Group,,GB,1983,1992,
6abyT3se3Hp9DOHnPec5z8,160c7193-1948-42f9-ad78-011e3e2b3f98,,1999-10-04,GB,Viper,Group,,GB,1983,1992,
5szlmM110kXboRFXKgPuFG,f1caf167-5c6d-40f0-98ae-e802208c3162,,1999-10-04,GB,Viper,Group,,GB,1983,1992,
1M7F4zyw0w2ChcQwSwANOJ,3385e5f0-e9fd-4244-969f-fce385add17e,,1999-10-04,GB,Viper,Group,,GB,1983,1992,
6oLPKmUy5AttgjdIWIFVbU,89a3c6ff-a5c4-4592-8e5b-a6a4da7e830f,,2001-07-02,GB,Viper,Group,,GB,1983,1992,
5ddmGgXKTh0xt577hcgMV0,f7fa0dae-bff8-4808-90f5-d7b43be14e15,,2001-07-02,GB,Viper,Group,,GB,1983,1992,
2LtthjshHTQ0mVe6zVniXe,78edf8d5-1437-4b64-8e2a-5207796b4e79,,1990,GB,Go! Discs,Group,,GB,1983,1992,
3cV5bQlgPySAJf1b3BJW7i,485101b3-7004-4832-81c5-3aa55b4161c2,,2006-09-18,GB,Go! Discs,Group,,GB,1983,1992,acoustic rock;folk rock;indie rock;punk;rock
1y4ZFrOuoGe39Bw2T4PuzN,ee83570d-ac21-4f22-803c-d6b861e17bd0,,2006-05-01,,Generator Records,Group,,GB,1983,1992,
6900Fl2wT6x8cZVPIASHkv,49ba143a-2a77-41ef-be2a-07044125c4d9,,2009,GB,Viper,Group,,GB,1983,1992,
19bHPGWg7fA7JHC4D3pudP,6ffeca46-367d-4035-8ae5-2726c72b972d,,2009,GB,Viper,Group,,GB,1983,1992,
5pBAVVxSLdFcb5J1vY6kbA,55334a8d-39b1-48b4-8e98-5de593c24839,,2009,GB,Viper,Group,,GB,1983,1992,
1fiCnGMqwyxbOcpDTGOBWZ,f49efa31-79c3-4168-829f-db78510643ea,,2009,GB,Viper,Group,,GB,1983,1992,
3NUKmejzJsoV2Ie3JbVApo,af88bbb2-9703-4c85-b323-ee4c15f6fa6f,,2017-09-22,XW,Setanta,Group,,GB,1983,1992,
1eyn6Tiq0PqgToARgHe92H,9c4c47da-445f-4a20-8f3f-30813c657645,,2015,NL,,Group,,GB,1983,1992,
4g9D0c7dRwWF9w0WrxV0if,ffc7fab1-f5b7-4725-b0db-992bd817522d,,2010-04-12,GB,Viper,Group,,GB,1983,1992,
2qOzeV7mAjesXLTwhNB8hK,20fda32a-9899-4b62-ad88-e56ddc740f8d,,2017-09-22,XW,Setanta,Group,,GB,1983,1992,
6ilbIdvvsGRCwSKK0nYc61,f739ee6a-d035-4fcd-a3aa-36ab12eedeea,GBAAA9500205;GBUM71601805,1995,XE,Virgin;Hut Recordings,Group,,GB,1989,2009,alternative;alternative rock;blues rock;britpop;chill;indie;lovely;melancholy;punk;rock
4DTXxgwWv384nwC76aXgVB,078a04f1-37d8-4fe6-9256-d775a05db895,,2015-04-13,XW,Pop Dissident Records,Group,,CZ,1986,1999,
56nLjyg1wmMN1n6XVixBSt,f79c672c-8f08-4a9e-9d5d-db0b76ba9290,GBAAA0400529;GBAAA9500031;GBUM71601807,1995,XE,Virgin;Hut Recordings,Group,,GB,1989,2009,alternative;alternative rock;britpop;chill;indie;lovely;melancholy;psychedelic rock;rock;sad
1tf9gSxIUNW15SFwI7feSb,e92c2d18-0dfd-49dd-8371-0eac58b64c94,GBAAA9500207;GBUM71601808,1995,XE,Virgin;Hut Recordings,Group,,GB,1989,2009,alternative;alternative rock;blues rock;britpop;chill;indie;lovely;melancholy;psychedelic rock;rock
3PtQ4oZ2u9JjQk1qTnbDXf,8006482e-9942-4dd4-b422-e3672f7ad37a,GBAAA9500208;GBUM71601809,1995,XE,Virgin;Hut Recordings,Group,,GB,1989,2009,alternative;alternative rock;blues rock;britpop;chill;cool;indie;lovely;melancholy;psychedelic rock;punk;rock;sexy
3ax6ofkpfQw7Jwiz7oNr53,e28ad592-18d8-4414-b22c-1fab0174e85d,GBAAA9500209;GBUM71601830,1995,XE,Virgin;Hut Recordings,Group,,GB,1989,2009,alternative;alternative rock;blues rock;britpop;chill;indie;lovely;melancholy;psychedelic;psychedelic rock;punk;rock
4Joi9L9a7ikiFnv5HjrCcy,c7861233-1044-4146-a6af-1058a9a1b426,GBAAA9500210;GBUM71601810,1995,XE,Virgin;Hut Recordings,Group,,GB,1989,2009,alternative;alternative rock;blues rock;britpop;chill;haunting;indie;lovely;lovesongs;melancholy;psychedelic rock;punk;rock
0Hgh5mKEewq93FwMbgupMs,77e617e7-37fc-439e-bc18-255d95d75edd,,,,,Group,,GB,1989,2009,
4xxFc8OauoOgbyiv6FAOjZ,3405d972-7253-4201-9eaa-c942d2d03426,GBAAA9500211;GBUM71601812,1995,XE,Virgin;Hut Recordings,Group,,GB,1989,2009,alternative;alternative rock;blues rock;britpop;chill;indie;indie rock;lovely;melancholy;psychedelic rock;punk;rock
44OGRm1PtBGnRspJf0mnWf,d0e9f116-2e3a-47d9-a794-d0805d9d7973,GBAAA9500212;GBUM71601813,1995,XE,Virgin;Hut Recordings,Group,,GB,1989,2009,alternative;alternative rock;blues rock;britpop;chill;indie;lovely;melancholy;psychedelic rock;punk;rock
4MPlfiAJ9b521kNBYer7xy,9823c34b-11d7-448f-be2c-d9f1cd2e2ee5,GBAAA9500213;GBUM71601814,1995,XE,Virgin;Hut Recordings,Group,,GB,1989,2009,alternative;blues rock;britpop;chill;indie;lovely;melancholy;psychedelic rock;punk;rock
5yEPxDjbbzUzyauGtnmVEC,8b6d9029-1990-4660-bd57-24b5bc0fb626,GBAAA0400535;GBAAA9700049;GBUM71601816,1997,ZA,Virgin;Hut Recordings,Group,,GB,1989,2009,adult alternative pop/rock;alternative;alternative and punk;alternative pop/rock;alternative rock;alternative/indie rock;baggy;baroque pop;brit pop;britannique;britpop;chamber pop;dream pop;indie;indie rock;melancholy;neo-psychedelia;pop;post-britpop;rock;soundtrack;space rock revival;symphonic rock
4vvK7kQ42AAXabZAXiGsDH,63d4fdc1-479f-429c-a595-146e3d06df84,,1999,IT,EMI,Group,,GB,1989,2009,
3p4c8oIkEy3tOEnST22K0E,99fe82c3-fc13-4f5b-9099-c00ac2d1dd54,GBAAA9710063;GBUM71601818,1997,CA,Hut Recordings;Virgin,Group,,GB,1989,2009,alternative;alternative pop/rock;alternative rock;alternative/indie rock;britannique;britpop;cool;dream pop;indie;indie pop;indie rock;melancholy;mellow;pop/rock;post-grunge;punk;rock;shoegaze;space rock;uplifting
2KArbNRAnfGcnZ1gSYhVy5,c9b67199-7d9d-443d-82af-4cf3df750150,,2000-01-31,US,,Group,,US,1997,,
32L6gXAoF0md68yO988TvE,84f6d94c-764c-4bbe-adea-b889abb0af2e,,1997,US,Virgin,Group,,GB,1989,2009,
257nIX1mlKFXn0TxfHTmNw,488b4949-d710-49de-9985-6fee5d5319c8,,1998,GB,[no label],Group,,GB,1989,2009,
1P7gg1ii1cyDElnspTWbkp,a581cce6-0f82-4193-8453-f7ce195a027e,,2017-09-01,XE,UMC;Virgin EMI Records,Group,,GB,1989,2009,
6RCYQVnuM57xjDj8OGtMpa,c779aa9b-4f27-4eaa-b95a-c878efcb971e,GBAAA9710068;GBUM71601823,1997,CA,Hut Recordings;Virgin,Group,,GB,1989,2009,alternative;alternative pop/rock;alternative rock;alternative/indie rock;britannique;britpop;cool;dream pop;dreamy;indie;indie pop;indie rock;melancholy;mellow;pop/rock;post-grunge;punk;rock;sad;shoegaze;space rock
5tBnCBnTlDQQRdlqHe9qXq,d4cf0215-90b9-4a9c-b8b3-9ca7981554b3,,2007-02,PL,EMI Music Poland,Group,,GB,1989,2009,
5THJZZuuIAneALBDJtDgsq,50fedecf-d8fd-46d1-8d87-6fe514ebf98a,GBAAA9710069;GBUM71601825,1997,CA,Hut Recordings;Virgin,Group,,GB,1989,2009,alternative;alternative and punk;alternative pop/rock;alternative rock;alternative/indie rock;britannique;britpop;chill;dream pop;indie;indie pop;indie rock;melancholy;mellow;pop/rock;post-grunge;punk;rock;shoegaze;slow;space rock
2jGq02ChRHIiOeNIyeCBDS,e0cd6185-9954-4c92-8efa-6eb7eef04af7,GBAAA9710070;GBUM71601826,1997,CA,Hut Recordings;Virgin,Group,,GB,1989,2009,alternative;alternative pop/rock;alternative rock;alternative/indie rock;britannique;britpop;cool;dream pop;dreamy;indie;indie pop;indie rock;melancholy;mellow;pop/rock;post-grunge;punk;rock;shoegaze;space rock;upbeat
4AzN1fbi8dF5lbr9OfuIu7,bd4b1c9c-09b3-446e-84aa-d6a2dfd68d93,,2000,RU,DJ’s Club,Group,,GB,1989,2009,
0OL99qUMmgmDdUHUXAeIJA,d3af3918-0e90-4671-beeb-196c8184d047,,1997,US,Virgin,Group,,GB,1989,2009,
7nLIBKE8mVcHxg81Ily8s5,c1714518-967c-4eb2-ba57-ca036f395747,GBAAA9710073,1997,JP,Virgin,Group,,GB,1989,2009,
4EEROK5pIdO868gQTWqavg,014fd9ce-88d0-461f-928b-366c21cafabb,,2008,BR,Som Livre,Group,,GB,1989,2009,
68t00eMzEkWoQKa3w63TbG,9875392b-a86e-4f49-b483-89ed379e5858,GBAAA0800546;USME30800922,2008,GB,EMI,Group,,GB,1989,2009,alternative rock;britpop;indie;indie rock;rock
0y407tU7JjYlHBozvKWTlW,8467df57-bc90-4b35-aab1-567f67da2b11,GBAAA0800545;USME30800921,2008,,Parlophone,Group,,GB,1989,2009,alternative rock;britpop;indie;indie rock;rock
5t9odb8vnOnzN0I8JHwI0y,ba0d2ebb-3e5d-4236-9b48-a5790093ef03,GBAAA0800547;USME30800923,2008,,Parlophone,Group,,GB,1989,2009,alternative rock;britpop;indie;indie rock;rock
6JJYc8BJP1TvDHowuDpzXr,372d62e1-0c96-48e0-813d-34bcad889628,GBAAA0800548;USME30800924,2008,,Parlophone,Group,,GB,1989,2009,britpop;indie;indie rock;rock
0cGL6b5XdMlTnlktzZsyt4,eb799f03-b81e-45e0-bd6e-afc7a43a64d3,GBAAA0800549;USME30800925,2008,,Parlophone,Group,,GB,1989,2009,alternative rock;britpop;indie;indie rock;rock
3zkRzhsB8AhsgCaD707dSQ,bf4d80d3-549a-4771-9214-d620900525a1,GBAAA0800552;USME30800927,2008,,Parlophone,Group,,GB,1989,2009,britpop;indie;indie rock;rock
6j8ENXynfvr1Ym4nMLp1g5,454afcc8-18da-4859-bbbf-c203399f976a,GBAAA0800555;USME30800928,2008,,Parlophone,Group,,GB,1989,2009,alternative rock;britpop;indie;indie rock;rock
51v637T5X0IHR461Xkdtkh,852d8d3a-52a8-4ac7-8e8a-11edd0c44e75,GBAAA0800554;USME30800929,2008,,Parlophone,Group,,GB,1989,2009,alternative rock;britpop;indie;indie rock;rock
693HPfl6HbtLXtFe9cVV7H,fe9181c1-294f-4434-b2d3-62636e04511a,GBAAA0800550;USME30800926,2008,,Parlophone,Group,,GB,1989,2009,alternative rock;britpop;indie;indie rock;rock
7emqpYT1aX3mW1BsLuzbyj,01f5a857-8d9e-473f-a8c0-25b94553c28d,GBAAA0800553,2008-08-25,GB,Parlophone,Group,,GB,1989,2009,
5MmWgG5KgiqSxkOZdVXRQA,b95bde97-7dd4-4802-8488-bdcde9e8d6a4,,,,,Group,,GB,1990,,
40l4DYTW2jfArPOL63YogV,8632caf8-3928-4c9b-9139-a88f731d4b2e,,2007-09-30,GB,Independiente;The Mail on Sunday;Upfront,Group,,GB,1990,,
5mj5Y0kWPa0rNR4Du3iKPe,2c67cd2b-de42-4df8-a771-72fae4e8880c,,,,,Group,,GB,1990,,
7iPxrlyL4kW6UfFITHeNAG,ecf22bac-53c7-4a1a-86cd-6717ed1837c6,,2000-02-14,GB,Universal Music TV,Group,,GB,1990,,
5efsUUAvuy72DGRZ13xekp,54da3a4f-3d18-464f-b0d8-ea43472219ed,GBBPF9800234,1999,AT,Independiente,Group,,GB,1990,,
4v98H4hqZYF2aCWuWxukqB,947f1f59-1f29-4f7f-b437-fc1819102d87,,1999,,,Group,,GB,1990,,
3212cdjvFFFv0CyKNiT1B4,36947807-12a2-477e-a147-f6cff5d7e8ca,GBBPF9900230,1999,AT,Independiente,Group,,GB,1990,,alternative rock;britpop;indie rock;post-britpop;punk;rock;rock pop
4FLyQHpCdVYGTOA8uIdpB7,7eed29ad-181d-4489-92e2-cfe43a69ebbd,,,,,Group,,GB,1990,,
5r7B37bXympA70DUGSikLg,0a8970d0-3a4f-4acc-bbbd-cfc0c3fe00d0,,1999-05,GB,Select,Group,,GB,1990,,indie rock
4YA1rJ9TLvMaWxFZPKCeh6,85ad7dec-68d4-4f1a-a346-70990662283f,,,,,Group,,GB,1990,,
0GlxGXQ7SuI3fYzf6Pb867,c772630a-2a99-4385-9334-0048f017c124,GBBPF9700009,1997,CA,Epic,Group,,GB,1990,,
6bL3882KOyDp2cEhanbApz,ed4b0a8d-e14b-4b84-8684-c468866ee8e8,GBBPF9700029,1997,CA,Epic,Group,,GB,1990,,alternative rock;baroque pop;britpop;indie;indie rock;pop;pop rock;punk;rock
0wRy7RJYxOKZM35eqxHQom,95d4c719-c604-4064-bb6e-fc8ff6605f1c,GBBPF9700030,1996-10-23,GB,Red Telephone Box,Group,,GB,1990,,alternative rock;baroque pop;britpop;indie;indie rock;punk;rock
4m3WwYwNoZCKHzyY9902mv,92d66f33-357a-4799-bdc1-5bb600ef64c8,GBBPF9700031,1997,CA,Epic,Group,,GB,1990,,acoustic rock;baroque pop;britpop;indie;indie rock;pop rock;punk;rock;rock and roll
4a9SZjNd7XoqJNrPahSCk5,0c6b61bf-be00-4454-b51c-c47486bf82d3,GBBPF9700032,1997,CA,Epic,Group,,GB,1990,,baroque pop;britpop;indie rock;pop;pop rock;punk;rock
4yGgOVg8ppJe4uFqHvnhr4,887fc68b-bd9a-4b55-9fde-0ce431f37448,GBBPF9700033,1997,CA,Epic,Group,,GB,1990,,acoustic rock;alternative;baroque pop;britpop;indie;indie rock;pop rock;punk;rock;rock and roll
6irVhfnDcMWCoBE3o5JLyw,a4869c5a-51db-4a80-bf19-5dff5f420e68,,1997,GB,Independiente,Group,,GB,1990,,
6GaJiW1v0IX1Nn1VCUWZYb,b2c008d0-7a52-448a-b66f-c1358a48b00e,,2014-10-13,XW,,Person,Male,,,,
0TMKe9hXUBUDOsAMhZ2vIA,ec9049ae-8988-4ed8-9975-faa946df97dc,GBBPF9700047,1999-11-08,GB,Virgin,Group,,GB,1990,,acoustic rock;alternative rock;britpop;indie;pop;pop rock;punk;rock
4ZqoBcuZP6rTTiaUvEF7vp,357b660c-8ace-478b-85b6-743136821586,,1998,GB,PolyGram,Group,,GB,1990,,
5NOuUGLPv0hTaEKwAzir6Q,c062a0b3-6ad4-40d4-9648-9d53075ba3c8,GBBPF9700038,1997,CA,Epic,Group,,GB,1990,,acoustic rock;baroque pop;britpop;indie rock;pop rock;punk;rock;rock and roll
4xbWpTpIX72ZiJjbvhchO5,779408c7-8a74-4ec0-a708-a3fa6b7fa380,,1997-12,GB,Mojo,Group,,GB,1990,,
2MJrwP7dCWU3Eh3BKfum0O,f9741fb1-92a0-4534-b310-45c327520a7c,,2002-10-22,AU,Liberation Music,Group,,GB,1990,,
4cQllbWlCyQ7saaWy3BvzI,41f6636e-9446-40a3-bcaa-a267abb6d33e,,2003-09-29,GB,Independiente,Group,,GB,1990,,
7D9g8UuoH8VZOPSsdJOU05,1ce55f83-6f12-48e9-9a69-9a1805ea3bf5,,2004,DE,Sony Music,Group,,GB,1990,,
6JIjHIAhVfYYk0ZoiCIf2H,2bd5ac63-a288-42f4-aec8-c13fdffc8ccd,GBBPF0000421,2000-06-05,GB,,Group,,GB,1990,,britpop;indie;punk;rock
26rJh6z9EMxkitC0IKpJyK,69f88e11-d9a0-48ae-8ce8-7bc9fda0d558,GBBPF0100541;USC4R2106788,2001,US,Epic,Group,,GB,1990,,alternative rock;britpop;folk rock;indie;indie pop;pop;post-britpop;punk;rock
6z2mP3dE272enY0nlITKNf,3cd5660c-34fa-4fec-b060-fe00413d7ca1,,,,,Group,,GB,1990,,
0vE909ySKQYBgx7oACaHpQ,93d133e0-1e0c-43a3-a392-d464a8b47ccd,,2001-10,XW,[no label],Group,,GB,1990,,
1UJmpoCo4OxcslCG5tY73C,8a015186-853c-4751-9b03-45ea5b8dd7a4,GBBPF0301070,2003,,Independiente,Group,,GB,1990,,acoustic rock;alternative rock;britpop;indie;pop;pop rock;rock
0W7rFJ1P0d2YQCmwZI4d4j,d27e4885-d918-4a61-b53b-102c717e82ef,GBBPF0301090,2004,ZA,Independiente,Group,,GB,1990,,acoustic rock;added silence;alternative rock;britpop;indie;pop;pop rock;punk;rock
036cibeJn7jq2aCXjhY8zT,09fc142f-281d-4777-9e8a-46f83f2bca05,GBBPF9800103,1998-03-30,GB,,Group,,GB,1990,,
4YHpksUlfAtqQa1PnOKfkP,2ea31e3b-5967-4d9f-80fa-1de9a970120b,GBBPF9800111,1998,XE,Independiente,Group,,GB,1990,,
3NaoiN1h0pCffZFrAARcxR,0308cb00-6bf1-44cb-a1c7-7ac76c1ccca1,,,,,Group,,GB,1990,,
3QCWO93Ji7TqjJVggJ5OGc,a2cb400a-32cf-46d0-b3fd-8c01be3f4ddb,,2001,,Priarity Records,Group,,GB,1990,,
2t6zCtV9pDff7lJ8i46vbI,d07e0374-e8b6-454a-8976-a0c47757c961,,2001,,Priarity Records,Group,,GB,1990,,
2TZz31Bhj039zbfJHhl9gk,39a9eed3-3a51-4a53-898a-73fe113e5c90,GBBPF0100543;USC4R2106790,2001,GB,Epic;Independiente,Group,,GB,1990,,alternative rock;britpop;folk rock;hip hop;indie;indie pop;post-britpop;punk;rock;rock pop
4dFwEtgLGPAd8Y6e1VpCmt,30cff842-8691-470a-b283-5354d2eff7c5,,2001,,Priarity Records,Group,,GB,1990,,
2S4QO98Cu9ARMUSaNWG8Uw,41fe23fc-aaec-4ee8-9b95-1e277da2fc52,,,,,Group,,GB,1990,,
6DS7wRSTcMhNKlpcwbmc45,4c4d6f66-b0d6-4b90-8056-fbb5c97e87ed,,2001,,Priarity Records,Group,,GB,1990,,
78SD2L5BStCj8chEHCxQAb,2deffc85-a589-47c7-8b81-1933e9673596,GBBPF0100546;USC4R2106794,2001,GB,Epic;Independiente,Group,,GB,1990,,alternative rock;britpop;folk rock;indie pop;post-britpop;punk;rock;rock pop
0igMgZBz0LmTWy712c4RbT,631925d0-8780-4fc0-8e85-6043a9eba1ce,,,,,Group,,GB,1990,,
3c1XHgqlf6BOpsdBtc58Xw,e7074807-7e91-454b-ad84-46e051c58de8,GBBPF0301074,2003,ZA,Independiente,Group,,GB,1990,,alternative rock;britpop;indie;punk;rock
4yXwz4z3xE1Z7jqlvEYxiN,1a0adf7e-efd6-4497-aed8-abc1abe9d2f9,GBBPF0301087,2003,ZA,Independiente,Group,,GB,1990,,alternative rock;britpop;indie;punk;rock
3wzRN8HzO8M8oUHC9VeRFS,fc8f8179-025a-479a-bfe7-4850bc2644fc,GBBPF0301076,2003,ZA,Independiente,Group,,GB,1990,,alternative rock;britpop;indie;punk;rock
64SKlZwr4YxdEyN9VjY3CO,c9f7dd8c-455f-45ee-9ef6-e24e932ea5f3,GBBPF0301091,2003,ZA,Independiente,Group,,GB,1990,,alternative rock;britpop;indie;punk;rock
5E8ubUe7zMlh7VmJxCEg5y,cc792d07-9256-4f26-b4fe-e475c3eddc04,GBBPF0301088,2003,ZA,Independiente,Group,,GB,1990,,britpop;indie;indie rock;pop;pop rock;punk;rock
6Jt03KYupPOSZSfa3PK33s,4c2b40f8-7344-4091-9a6e-6570f27ac346,GBBPF0301069,2003,ZA,Independiente,Group,,GB,1990,,alternative rock;britpop;indie;punk;rock
0uWeZZIkwtN88TpExmNJpF,063874d3-acf1-4d4f-a7c1-d53b932d3f40,GBBPF0301071,2003-10-08,JP,Independiente,Group,,GB,1990,,
6ba7bgeHJULlizvuTXiCl1,9561a25f-b1c8-48c6-9940-7cb1f0c301dc,GBBPF0301106,2003-10-08,JP,Independiente,Group,,GB,1990,,
7k078tosbxhiWxRx9sj4AN,ec634f35-792d-4616-915b-2d8cddb05141,GBBPF0701576,2007,AU,Sony BMG Music Entertainment,Group,,GB,1990,,alternative;alternative rock;british;britpop;indie;indie rock;pop;pop rock;rock;scottish;soft rock
09v9oLEKG6WwSnLD89JlOG,6166fe0a-fe4e-40c5-be5d-d9361bf27911,,2008,PL,Sony BMG Music Entertainment,Group,,GB,1990,,
36llXP8zN6WynjQRMC3y4R,bd4877ac-65d4-47b6-aa8b-d95b5b4b12f2,,2024-02-09,XW,FP,Group,,GB,1990,,
1dLfHC4QzCX1J9h8bBSFcL,4ea6148e-a3fa-41dc-b1ab-fdb2ea5f75ca,GBBPF0701579,2007,ZA,Independiente,Group,,GB,1990,,alternative;alternative rock;british;britpop;indie;indie rock;pop;pop rock;rock;scottish;soft rock
5R3GqoQAZ67k8h5T4gHFhW,d7d412a0-6bfb-4cb2-b1fc-bc5b05a78f28,GBBPF0701580,2007,GB,Independiente,Group,,GB,1990,,alternative;alternative rock;british;britpop;indie;indie rock;pop;pop rock;rock;scottish;soft rock
7wNVft4LuQj9RumJ2PzTUO,81a935c5-69ac-44f4-b0cd-15a8a86a9bc8,GBBPF0701581,2007,GB,Independiente,Group,,GB,1990,,alternative;alternative rock;british;britpop;indie;indie rock;pop;pop rock;rock;scottish;soft rock
5PCA2ptT4Aht9JSajBEuxd,680334ca-37c8-4edd-bebc-7c30bdfdb9da,,2007-11-30,DE,EMI;Media Spirit;Sony BMG Music Entertainment,Group,,GB,1990,,
1kCo8QOoiyWhaht0BeCxfv,7d84c927-6965-4ceb-ad19-f94c91c1ca7d,GBBPF0701583,2007,AU,Sony BMG Music Entertainment,Group,,GB,1990,,alternative;alternative rock;british;britpop;indie;indie rock;pop;pop rock;rock;scottish;soft rock
6s6OymVOBN0jrTEuhwNuq8,3996e9e5-946c-47e9-81b7-6ef7c7b6cb84,GBBPF0701588,2007,AU,Sony BMG Music Entertainment,Group,,GB,1990,,britpop;indie;indie rock;pop rock;rock;soft rock
0Iu90FkGhNIeORKigZanq0,51e2c6de-2065-470a-bfb6-81de6d6c1940,GBBPF0701584,2007,AU,Sony BMG Music Entertainment,Group,,GB,1990,,alternative;alternative rock;british;britpop;indie;indie rock;pop;pop rock;rock;scottish;soft rock
46vuWDxhzxN0RK3u9xerfv,7e1403b4-71ac-4a8b-b810-f522e3644a79,GBBPF0701585,2007,AU,Sony BMG Music Entertainment,Group,,GB,1990,,alternative;alternative rock;british;britpop;indie;indie rock;pop;pop rock;rock;scottish;soft rock
32VnlZiozu4YDrNFUzSeCW,339b94cc-0b61-4263-a205-ba11a6592d7e,GBBPF0701586,2007-05-02,JP,Sony Music Japan International Inc.,Group,,GB,1990,,britpop;indie;indie rock;pop rock;rock;soft rock
3ZFEqtFtWfsWVnX3Kifr4l,830d1424-6759-42d9-bf0d-678f05699575,GBBPF0701587,2007-05-07,XW,,Group,,GB,1990,,alternative rock;indie;indie rock;pop rock;rock;soft rock
6zNBfrz72469h7UxN9vEyP,395275da-6259-46ec-9a4f-fc3923035930,GBWLH0800003,2008,,Red Telephone Box,Group,,GB,1990,,
3ImtfufZ6lIEu97Bjn7Zhu,7661b49d-e31d-4605-b582-668ea3c44838,GBWLH0800000,2008,,Red Telephone Box,Group,,GB,1990,,
4Rz9M5xQiwLnf04JREqEBv,daf7a653-6a92-420a-8794-47baf14a4814,,2008-09-14,GB,Red Telephone Box,Group,,GB,1990,,
6IApEjxPSo70zzSTn45utB,42028d31-c5db-4b06-812a-4f815659bd5c,GBWLH0800005,2008,,Red Telephone Box,Group,,GB,1990,,
0G1tkpz50S09vROUCrmXQe,d3f5dcba-291e-4fd5-9189-e9b3ffa92dcf,GBWLH0800006,2008,,Red Telephone Box,Group,,GB,1990,,
58x4Ws5BzBIJgdRKixRBBK,71b2f62e-f79d-4e3c-81b7-af9b01daf20f,GBWLH0800007,2008,,Red Telephone Box,Group,,GB,1990,,
3mgRypqxNAjJDirdtgRdzj,640a0e77-8ed6-45fb-b6b9-832abea3c478,GBWLH0800008,2008,,Red Telephone Box,Group,,GB,1990,,
0DIswLgw2IwpJ5qIeQ2fHv,ac2648ab-0bf5-4748-9cf1-7da8c201823c,GBWLH0800001,2008,,Red Telephone Box,Group,,GB,1990,,
5t9oFovLJRf1oTP5PMnNR6,61897235-47a2-4f8e-a538-844f4e6d231d,GBWLH0800009,2008,,Red Telephone Box,Group,,GB,1990,,
24981ZyHQ6vkxS3csIipzG,3cf7257f-d093-47ce-aca3-c0c9912d97d6,,2008,BE,,Group,,GB,1990,,
0tgj0XyreMSc2QioqQku5I,5dd95c30-25b5-4f1d-ae11-bfc4d7e6006a,GBWLH0800011,2008,,Red Telephone Box,Group,,GB,1990,,
2mAtBT1U6icRA9li0INdgx,c1e16a5d-da5e-48a9-a704-774733fbd9cf,GBWLH0800002,2008,JP,Red Telephone Box,Group,,GB,1990,,
7nZMYj3hchQvINROh1vcbU,b1aea3eb-036c-4781-878b-c43bd2230b64,GBWLH1300007,2013-08-14,JP,Hostess Entertainment Unlimited,Group,,GB,1990,,britpop;indie;indie rock;rock
2I9CuquZNyuJmZgFx6b4pS,c43404a7-68e2-4c1d-b439-475fb3c77297,,2013,DE,Musikexpress,Group,,GB,1990,,
4AZ0biSMR2RO4HMMdxjIp2,801bd51d-79dd-48df-80f4-cf10d79221be,GBWLH1300009,2013-08-14,JP,Hostess Entertainment Unlimited,Group,,GB,1990,,britpop;podcast;rock
1GMy5CNAprlZEgnEQrCh2s,e009abed-7a90-4368-827b-3cb6d0d27542,GBWLH1300004,2013-05-06,GB,Red Telephone Box,Group,,GB,1990,,indie rock;rock
7yjYfMiOE1hRexwCwgFJBh,3b82125e-902f-4096-b379-2a41aefd933f,GBWLH1300010,2013-08-14,JP,Hostess Entertainment Unlimited,Group,,GB,1990,,indie rock;rock
6MK2ocd4D17q2kONQd2TCo,51455991-6f8e-4410-8913-0f436384dfa7,GBWLH1300001,2013-03-20,XW,Red Telephone Box,Group,,GB,1990,,indie rock;rock
3fWFGH3XwpjCRKGgkckR7m,ba8b7ea5-4f74-47df-9ef4-a98f297d0109,GBWLH1300011,2013-08-14,JP,Hostess Entertainment Unlimited,Group,,GB,1990,,indie rock;rock
5NyHP8BRWQp2kMwK0JlLZ5,3442f6b0-938b-4c53-b983-1ac19698cb42,GBWLH1300012,2013-08-14,JP,Hostess Entertainment Unlimited,Group,,GB,1990,,indie rock;rock
31LkZkCDCbkNA3fpdb1owj,2755d3fb-b336-4996-bf34-a2b213288fc7,GBWLH1300013,2013-08-14,JP,Hostess Entertainment Unlimited,Group,,GB,1990,,indie rock;rock
5VwYwAlQ0wkoiBJlVVfH23,b6a75a7b-e6b1-499b-b8d9-e944c207d2fa,GBWLH1300014,2013-08-14,JP,Hostess Entertainment Unlimited,Group,,GB,1990,,indie rock;rock
4SQgcbRvILGLBeGN4cGeKg,f73f8d60-5f8e-4137-a9ea-0f0259557341,GBWLH1300016,2013-08-14,JP,Hostess Entertainment Unlimited,Group,,GB,1990,,indie rock;rock
63gNpJzRw0ImbndIY8Kw2Y,e7ae9984-93ab-4940-946b-680fed06f35d,GBWLH1500001,2016-04-29,XE,Red Telephone Box,Group,,GB,1990,,alternative;indie rock;pop rock;rock
7dQOG3sMgU4GAcJU3WEmrS,290483f1-73bb-4eba-b23d-9134dfd0f970,GBWLH1500003,2016,,,Group,,GB,1990,,alternative;indie rock;pop rock;rock
5njE1scZ3uitC9vHJiwn4l,d396540b-3906-49d9-be11-488c3ebeba8e,GBWLH1500005,2016-04-29,XE,Red Telephone Box,Group,,GB,1990,,alternative;indie rock;pop rock;rock
6hND8gR4EPVouzKlQ3apZs,b892e9ee-2651-4a81-a2e6-72b417207fea,,1996-01-30,US,Teen Rebel,Group,,US,1990,,
2ZTajDZyRMVXOOIizihhJR,6c87058d-8872-40dc-9656-07dd9843901d,GBWLH1500009,2016-04-29,XE,Red Telephone Box,Group,,GB,1990,,alternative;indie rock;pop rock;rock
6TDpp3yuKEzLlc8aupZo5s,f628531a-1550-4c26-bab8-f47b4a778eaf,GBWLH1500011,2016-03-24,XW,Indie/Rock Playlist,Group,,GB,1990,,alternative;indie rock;pop rock;rock
6FGrhiAXrt4qp5zueOBZY0,70c35d24-7f59-4079-b68f-81bc09b24724,GBWLH1500013,2016-04-29,XE,Red Telephone Box,Group,,GB,1990,,alternative;indie rock;pop rock;rock
0eL3hWAlu7qBhxzx50esQk,c8968b77-3663-475e-be6e-f7cebf9508ff,GBWLH1500015,2016-04-29,XE,Red Telephone Box,Group,,GB,1990,,alternative;indie rock;pop rock;rock
1GiDqiH167ii4v70xblM48,afbd5f4f-7c00-40b9-9904-7a0115389af0,,2016-10-21,DE,Polystar;Universal Music Group,Group,,GB,1990,,
0lLulzyTdLkEJHgQZqGiNC,16269d8d-8209-4947-96d2-926568a083b0,GBWLH1500019,2016-04-29,XE,Red Telephone Box,Group,,GB,1990,,alternative;indie rock;pop rock;rock
2es8qAxNGOGFgCcKDg1tga,e0d7c109-5baa-44bb-9e24-ca3e55af3cf2,GB5KW2000817,2020,XE,BMG;Red Telephone Box,Group,,GB,1990,,
2GgfaOb1ElDm6qYw9pn0ww,e4ee2316-457a-43b6-9303-4ca89d5f4a64,,2005-11-18,XW,[no label],Group,,XW,2004,2005,mainstream rock;pop
4wwF0LN7WIkWynyBHrogEa,7a9754fd-b6ef-4326-95b8-23b663a33693,GB5KW2000819,2020,XE,BMG;Red Telephone Box,Group,,GB,1990,,
4UIqpAx0SVsIhcZhdIGBHC,68e8dd2c-a883-49c8-8cc7-b5d673b34534,GB5KW2000820,2020,XE,BMG;Red Telephone Box,Group,,GB,1990,,
1ik2BLZ3Ik2PNj4i5xd7xL,d8c73388-313a-4c6a-9c11-849b778d0e88,GB5KW2000821,2020,XE,BMG;Red Telephone Box,Group,,GB,1990,,
1WYFG4DCZIKKX0BmHoRs44,92e5e58c-6598-4876-bdf8-fb7dd767348c,GB5KW2000822,2020,XE,BMG;Red Telephone Box,Group,,GB,1990,,
0qYEkWS6Xd9QzUcdJ10c1A,d5253cc2-2981-457d-b555-615db646078f,GB5KW2000823,2020,XE,BMG;Red Telephone Box,Group,,GB,1990,,
2LM5yVC9mfFUle8ralVfs3,4d4ca68c-ad9e-4abd-964f-a619004b6734,GB5KW2000825,2020,XE,BMG;Red Telephone Box,Group,,GB,1990,,
5DJYJ8lysdCYPW7X0ADlyD,a2738bdc-dd09-4375-83b6-352520926b22,GB5KW2000826,2020,XE,BMG;Red Telephone Box,Group,,GB,1990,,
4jZYv9TNSunsu0D0NP6iQc,b8a32072-6e9e-49df-b9d9-adfffb3c6143,GBBPF0000425,2000,,Independiente,Group,,GB,1990,,britpop;rock
5t3il7JsrNagiXEj3lDKg6,b9b1c9f5-af1a-438f-81e4-514f1df4defe,GBBPF0100554,2001,AU,Sony Music,Group,,GB,1990,,britpop;cover;indie rock;pop;rock
0qVx7na2S5dmnU87UZJKDm,8649d188-aa67-4420-8308-3c5b655ed8e0,GBBPF0301077,2023-12-08,,,Group,,GB,1990,,
5iDox8PvRzcqPsO65LX9L6,bc8dc903-4a40-49a7-88b5-06876c2e917e,,1997,DE,Independiente,Group,,GB,1990,,
4woijC2Ja2Py9EPwsa4KNZ,21fb5cfd-b01e-4bfc-bb00-54f3bef8ea2c,GBBPF9900221,2023-12-08,,,Group,,GB,1990,,
6en0MFQMHld0PjY2FeAjYY,9bf6a59e-6ccc-4f21-a2ec-697b3e7516f7,GBBPF9900290,2023-12-08,,,Group,,GB,1990,,
7yy3bXgnleUM6kCteuuYye,402fb515-8575-4852-b38c-1893bc5692f4,GBBPF0100574;USC4R2106802,2001-09-17,GB,Independiente,Group,,GB,1990,,cover
1rjKbFKV5ICxl3wxqaNXDV,b1bef210-cfb7-47b1-8a12-7fd34f3fa5dc,GBBPF9900330,2023-12-08,,,Group,,GB,1990,,
50FZC0TxQwpitGlQIufSfQ,fc8231cc-6567-47bd-8cf5-f7c55e618f7a,GB5KW2305229,2024-07-12,XW,BMG,Group,,GB,1990,,
7jwkwRAxqq8NJ1wJurGq0t,a468f48c-b3d9-4d8f-bad5-4f304dcca92a,GB5KW2305226,2024-07-12,XW,BMG,Group,,GB,1990,,
0gkFdnSGtFuIsMUFkIH9db,9f96ff23-7f3c-4b48-8a02-9e38136c2caa,GB5KW2305232,2024-03-21,,,Group,,GB,1990,,
7dXWHT8Y4zwWS4NVgOWZNM,ea3f3c31-375f-4f44-815a-c05bb1a8a81e,,2025-01-17,XW,BMG,Group,,GB,1990,,
7AhFPaOvbWnQp3SSVAVCJ1,02885d0b-71cb-478d-8889-64062af5aee3,,2024-07-12,XW,BMG,Group,,GB,1990,,
1jcELM2dEQBRT1ZiHWa9mu,af825d35-a8c3-497e-bbf6-a91c3d965354,,2024-07-12,XW,BMG,Group,,GB,1990,,
1aYyukg2XcBuyRZEs5uoTh,0d2a5c30-c7f7-4b8c-9eae-6d5dc95099e6,,2024-07-12,XW,BMG,Group,,GB,1990,,
6LES5kD4KqSEJz2nbepPQZ,6d17bb34-699b-414b-9a7d-bf36e4e8b13a,,2024-07-12,XW,BMG,Group,,GB,1990,,
