track_id,track_name,popularity,explicit,track_number,disc_number,artist_id,artist_name,album_id,album_name,release_date,album_type,danceability,energy,key,loudness,mode,speechiness,acousticness,instrumentalness,liveness,valence,tempo,time_signature,duration_ms
0rZpay53rs46rmJv3Io3ex,Hello - Remastered,0,False,1,1,2DaxqgrOhkeH0fpeiQq2f4,Oasis,4EYiaCimOb1Li1bnb7ppi6,(What's The Story) Morning Glory? (30th Anniversary Deluxe Edition),2025-10-03,album,0.346,0.954,9,-3.185,0,0.0866,0.0131,0.0173,0.161,0.059,132.201,4,203187
01OIRMX1fZ7dC0eYxzue5K,Roll With It - Remastered,0,False,2,1,2DaxqgrOhkeH0fpeiQq2f4,Oasis,4EYiaCimOb1Li1bnb7ppi6,(What's The Story) Morning Glory? (30th Anniversary Deluxe Edition),2025-10-03,album,0.223,0.985,9,-1.909,0,0.0957,0.0298,0.000424,0.11,0.139,126.612,4,240093
4aZYnnp6L8xDXpAQsc2iq2,Wonderwall - Remastered,0,False,3,1,2DaxqgrOhkeH0fpeiQq2f4,Oasis,4EYiaCimOb1Li1bnb7ppi6,(What's The Story) Morning Glory? (30th Anniversary Deluxe Edition),2025-10-03,album,0.375,0.893,2,-4.097,1,0.0406,0.000509,0.0,0.187,0.434,174.323,4,258773
2uaHngQoVUOqElYjRZbbbH,Don't Look Back In Anger - Remastered,0,False,4,1,2DaxqgrOhkeH0fpeiQq2f4,Oasis,4EYiaCimOb1Li1bnb7ppi6,(What's The Story) Morning Glory? (30th Anniversary Deluxe Edition),2025-10-03,album,0.328,0.936,0,-3.254,1,0.0628,0.0665,2.61e-06,0.165,0.31,162.97,4,289560
0hNAftBjulAvQcKN7DMJ8w,Hey Now! - Remastered,0,False,5,1,2DaxqgrOhkeH0fpeiQq2f4,Oasis,4EYiaCimOb1Li1bnb7ppi6,(What's The Story) Morning Glory? (30th Anniversary Deluxe Edition),2025-10-03,album,0.151,0.935,11,-2.461,0,0.0626,0.000235,0.000561,0.308,0.202,202.341,4,341907
1ySErNCwCKqKIgB4SBlrOP,The Swamp Song (Excerpt 1) - Remastered,0,False,6,1,2DaxqgrOhkeH0fpeiQq2f4,Oasis,4EYiaCimOb1Li1bnb7ppi6,(What's The Story) Morning Glory? (30th Anniversary Deluxe Edition),2025-10-03,album,0.281,0.702,10,-5.683,1,0.0478,6.93e-05,0.65,0.236,0.165,143.126,4,44627
2fvrtfBOnfgYPamBghWpZw,Some Might Say - Remastered,0,False,7,1,2DaxqgrOhkeH0fpeiQq2f4,Oasis,4EYiaCimOb1Li1bnb7ppi6,(What's The Story) Morning Glory? (30th Anniversary Deluxe Edition),2025-10-03,album,0.259,0.927,0,-2.277,0,0.092,0.165,0.013,0.287,0.0734,110.156,4,327920
6aF2SYcCr3hsCfOJ8J68hV,Cast No Shadow - Remastered,0,False,8,1,2DaxqgrOhkeH0fpeiQq2f4,Oasis,4EYiaCimOb1Li1bnb7ppi6,(What's The Story) Morning Glory? (30th Anniversary Deluxe Edition),2025-10-03,album,0.421,0.846,7,-4.302,1,0.0283,0.00174,0.0,0.166,0.613,158.351,4,294813
4COdOlQ7mDzBzTpw4SClIV,She's Electric - Remastered,0,False,9,1,2DaxqgrOhkeH0fpeiQq2f4,Oasis,4EYiaCimOb1Li1bnb7ppi6,(What's The Story) Morning Glory? (30th Anniversary Deluxe Edition),2025-10-03,album,0.484,0.905,9,-3.506,1,0.0481,0.146,1.13e-06,0.24,0.486,125.414,4,220920
17LO8KvdM8MrMY8fHv4YPZ,Morning Glory - Remastered,0,False,10,1,2DaxqgrOhkeH0fpeiQq2f4,Oasis,4EYiaCimOb1Li1bnb7ppi6,(What's The Story) Morning Glory? (30th Anniversary Deluxe Edition),2025-10-03,album,0.33,0.982,0,-3.045,1,0.0926,0.0588,4.74e-05,0.519,0.104,136.986,4,303320
33SLiHFslotvY8183IEEuW,The Swamp Song (Excerpt 2) - Remastered,0,False,11,1,2DaxqgrOhkeH0fpeiQq2f4,Oasis,4EYiaCimOb1Li1bnb7ppi6,(What's The Story) Morning Glory? (30th Anniversary Deluxe Edition),2025-10-03,album,0.181,0.989,2,-13.14,1,0.0903,0.849,0.954,0.76,0.0192,60.38,4,39360
1MGj6a8MsPe5okNYQdmHK3,Champagne Supernova - Remastered,0,False,12,1,2DaxqgrOhkeH0fpeiQq2f4,Oasis,4EYiaCimOb1Li1bnb7ppi6,(What's The Story) Morning Glory? (30th Anniversary Deluxe Edition),2025-10-03,album,0.293,0.817,2,-3.786,1,0.039,0.458,0.0509,0.355,0.138,150.249,4,451320
1fOcXCSyw4uyYZZ34SUsBJ,Hello - Remastered,0,False,1,1,2DaxqgrOhkeH0fpeiQq2f4,Oasis,2QYS9wqvT9ZYLcphzyuFS6,(What's The Story) Morning Glory? : 30th Anniversary Deluxe Edition,2025-10-03,album,0.346,0.954,9,-3.185,0,0.0866,0.0131,0.0173,0.161,0.059,132.201,4,203187
3NCLXHl96ELejoWtNLlGkm,Roll with It - Remastered,0,False,2,1,2DaxqgrOhkeH0fpeiQq2f4,Oasis,2QYS9wqvT9ZYLcphzyuFS6,(What's The Story) Morning Glory? : 30th Anniversary Deluxe Edition,2025-10-03,album,0.223,0.985,9,-1.909,0,0.0957,0.0298,0.000424,0.11,0.139,126.612,4,240093
0g6TNaolkU8bcR8VdFU98K,Wonderwall - Remastered,0,False,3,1,2DaxqgrOhkeH0fpeiQq2f4,Oasis,2QYS9wqvT9ZYLcphzyuFS6,(What's The Story) Morning Glory? : 30th Anniversary Deluxe Edition,2025-10-03,album,0.375,0.893,2,-4.097,1,0.0406,0.000509,0.0,0.187,0.434,174.323,4,258773
7CFtETSUSwSG6GJANWh4Bn,Don't Look Back in Anger - Remastered,0,False,4,1,2DaxqgrOhkeH0fpeiQq2f4,Oasis,2QYS9wqvT9ZYLcphzyuFS6,(What's The Story) Morning Glory? : 30th Anniversary Deluxe Edition,2025-10-03,album,0.328,0.936,0,-3.254,1,0.0628,0.0665,2.61e-06,0.165,0.31,162.97,4,289560
3VLmlQDZNVke5LuTNVs3mE,Hey Now - Remastered,0,False,5,1,2DaxqgrOhkeH0fpeiQq2f4,Oasis,2QYS9wqvT9ZYLcphzyuFS6,(What's The Story) Morning Glory? : 30th Anniversary Deluxe Edition,2025-10-03,album,0.151,0.935,11,-2.461,0,0.0626,0.000235,0.000561,0.308,0.202,202.341,4,341907
429YjI22Y2cR5K3ah6UaRE,The Swamp Song - Version 1 - Remastered,0,False,6,1,2DaxqgrOhkeH0fpeiQq2f4,Oasis,2QYS9wqvT9ZYLcphzyuFS6,(What's The Story) Morning Glory? : 30th Anniversary Deluxe Edition,2025-10-03,album,0.281,0.702,10,-5.683,1,0.0478,6.93e-05,0.65,0.236,0.165,143.126,4,44627
2CKGkWmmrOa6sc4XJ3pJSJ,Some Might Say - Remastered,0,False,7,1,2DaxqgrOhkeH0fpeiQq2f4,Oasis,2QYS9wqvT9ZYLcphzyuFS6,(What's The Story) Morning Glory? : 30th Anniversary Deluxe Edition,2025-10-03,album,0.259,0.927,0,-2.277,0,0.0921,0.165,0.013,0.287,0.0735,110.156,4,327920
51tmVEzdygnYwreEAyrJkx,Cast No Shadow - Remastered,0,False,8,1,2DaxqgrOhkeH0fpeiQq2f4,Oasis,2QYS9wqvT9ZYLcphzyuFS6,(What's The Story) Morning Glory? : 30th Anniversary Deluxe Edition,2025-10-03,album,0.421,0.846,7,-4.302,1,0.0283,0.00174,0.0,0.166,0.613,158.351,4,294813
0n87JEToF7pX3qSYRS2R9g,She's Electric - Remastered,0,False,9,1,2DaxqgrOhkeH0fpeiQq2f4,Oasis,2QYS9wqvT9ZYLcphzyuFS6,(What's The Story) Morning Glory? : 30th Anniversary Deluxe Edition,2025-10-03,album,0.484,0.905,9,-3.506,1,0.0481,0.146,1.13e-06,0.24,0.486,125.414,4,220920
7nNECjpKmj8UIM04Fvr8Cz,Morning Glory - Remastered,0,False,10,1,2DaxqgrOhkeH0fpeiQq2f4,Oasis,2QYS9wqvT9ZYLcphzyuFS6,(What's The Story) Morning Glory? : 30th Anniversary Deluxe Edition,2025-10-03,album,0.33,0.982,0,-3.045,1,0.0926,0.0588,4.74e-05,0.519,0.104,136.986,4,303320
0KscTU3K88LDYI7PbCd9Gh,The Swamp Song - Version 2 - Remastered,0,False,11,1,2DaxqgrOhkeH0fpeiQq2f4,Oasis,2QYS9wqvT9ZYLcphzyuFS6,(What's The Story) Morning Glory? : 30th Anniversary Deluxe Edition,2025-10-03,album,0.181,0.989,2,-13.14,1,0.0903,0.849,0.954,0.76,0.0192,60.38,4,39360
2kx1ibQmztyF7acpxjY4Qf,Champagne Supernova - Remastered,0,False,12,1,2DaxqgrOhkeH0fpeiQq2f4,Oasis,2QYS9wqvT9ZYLcphzyuFS6,(What's The Story) Morning Glory? : 30th Anniversary Deluxe Edition,2025-10-03,album,0.293,0.817,2,-3.786,1,0.039,0.458,0.0509,0.355,0.138,150.249,4,451320
64GaZtHohdFNo6EegticwQ,Supersonic - Remastered,25,False,1,1,2DaxqgrOhkeH0fpeiQq2f4,Oasis,2XbLvhbZxMsOp3oJrP4EVM,Time Flies... 1994-2009 (Remastered),2025-06-13,album,0.361,0.915,9,-2.674,1,0.0408,5.61e-05,0.0152,0.0832,0.609,104.006,4,284867
0cqjPfvWZsxnBMHzkoIzeC,Roll with It - Remastered,23,False,2,1,2DaxqgrOhkeH0fpeiQq2f4,Oasis,2XbLvhbZxMsOp3oJrP4EVM,Time Flies... 1994-2009 (Remastered),2025-06-13,album,0.229,0.985,9,-1.646,0,0.0966,0.032,0.000449,0.068,0.141,126.635,4,239160
2heLmqHIOkwB0cEdfAHGxF,Live Forever - Remastered,23,False,3,1,2DaxqgrOhkeH0fpeiQq2f4,Oasis,2XbLvhbZxMsOp3oJrP4EVM,Time Flies... 1994-2009 (Remastered),2025-06-13,album,0.283,0.845,9,-3.681,0,0.0366,2.73e-05,1.36e-05,0.314,0.242,90.835,4,278800
3gZunbJfJ3VP7lZPtfccUF,Wonderwall - Remastered,23,False,4,1,2DaxqgrOhkeH0fpeiQq2f4,Oasis,2XbLvhbZxMsOp3oJrP4EVM,Time Flies... 1994-2009 (Remastered),2025-06-13,album,0.477,0.888,2,-3.881,1,0.0357,0.000457,0.0,0.0907,0.501,87.123,4,261933
2KRDTvYtXuf48ECh2w76nv,Stop Crying Your Heart Out - Remastered,22,False,5,1,2DaxqgrOhkeH0fpeiQq2f4,Oasis,2XbLvhbZxMsOp3oJrP4EVM,Time Flies... 1994-2009 (Remastered),2025-06-13,album,0.372,0.608,2,-4.219,1,0.0322,0.085,4.57e-06,0.362,0.0798,74.966,4,303573
628XyaNSpJEdCDirHdbbL4,Cigarettes & Alcohol - Remastered,21,False,6,1,2DaxqgrOhkeH0fpeiQq2f4,Oasis,2XbLvhbZxMsOp3oJrP4EVM,Time Flies... 1994-2009 (Remastered),2025-06-13,album,0.168,0.748,2,-2.616,1,0.0546,1.43e-05,0.0612,0.139,0.437,114.638,4,289907
4QSCexT35mE7Ge4eRKu6eb,Songbird - Remastered,20,False,7,1,2DaxqgrOhkeH0fpeiQq2f4,Oasis,2XbLvhbZxMsOp3oJrP4EVM,Time Flies... 1994-2009 (Remastered),2025-06-13,album,0.482,0.57,2,-6.023,1,0.0283,0.241,1.05e-06,0.231,0.487,134.937,4,128493
0to0pMC6muBb33dfaGBEuN,Don't Look Back in Anger - Remastered,23,False,8,1,2DaxqgrOhkeH0fpeiQq2f4,Oasis,2XbLvhbZxMsOp3oJrP4EVM,Time Flies... 1994-2009 (Remastered),2025-06-13,album,0.328,0.939,0,-3.011,1,0.0664,0.0685,3.25e-06,0.108,0.288,162.972,4,290640
1he183U8qiJe8JOViNZai4,The Hindu Times - Remastered,21,False,9,1,2DaxqgrOhkeH0fpeiQq2f4,Oasis,2XbLvhbZxMsOp3oJrP4EVM,Time Flies... 1994-2009 (Remastered),2025-06-13,album,0.414,0.944,11,-2.797,1,0.0532,2.01e-05,2.13e-05,0.227,0.346,113.956,4,231947
2by2r9HQLb0Fl6ayJY1sjd,Stand by Me - Remastered,21,False,10,1,2DaxqgrOhkeH0fpeiQq2f4,Oasis,2XbLvhbZxMsOp3oJrP4EVM,Time Flies... 1994-2009 (Remastered),2025-06-13,album,0.197,0.814,7,-2.617,1,0.0412,0.07,0.0038,0.101,0.347,169.982,4,359307
56si4skGphN86pmoZGKuq8,Lord Don't Slow Me Down - Remastered,20,False,11,1,2DaxqgrOhkeH0fpeiQq2f4,Oasis,2XbLvhbZxMsOp3oJrP4EVM,Time Flies... 1994-2009 (Remastered),2025-06-13,album,0.439,0.829,6,-3.545,1,0.0399,0.011,0.0,0.119,0.401,133.21,4,197733
0DKF5B6wp7eholZOnlUawS,Shakermaker - Remastered,19,False,12,1,2DaxqgrOhkeH0fpeiQq2f4,Oasis,2XbLvhbZxMsOp3oJrP4EVM,Time Flies... 1994-2009 (Remastered),2025-06-13,album,0.0686,0.92,4,-2.579,1,0.0739,0.0151,0.221,0.727,0.184,192.042,4,310813
5kk4pEU489w6etUjAlUR2g,All Around the World - Remastered,20,False,13,1,2DaxqgrOhkeH0fpeiQq2f4,Oasis,2XbLvhbZxMsOp3oJrP4EVM,Time Flies... 1994-2009 (Remastered),2025-06-13,album,0.34,0.813,9,-3.114,1,0.0494,0.143,0.000249,0.352,0.331,82.19,4,575053
7iQBRkco8iaDYLuvLsexoQ,Some Might Say - Remastered,19,False,14,1,2DaxqgrOhkeH0fpeiQq2f4,Oasis,2XbLvhbZxMsOp3oJrP4EVM,Time Flies... 1994-2009 (Remastered),2025-06-13,album,0.26,0.912,0,-2.082,0,0.0869,0.203,0.0102,0.0741,0.0628,110.327,4,331080
5o7E3W3wb4BYOgiUkqmzkA,The Importance of Being Idle - Remastered,18,False,15,1,2DaxqgrOhkeH0fpeiQq2f4,Oasis,2XbLvhbZxMsOp3oJrP4EVM,Time Flies... 1994-2009 (Remastered),2025-06-13,album,0.579,0.854,9,-1.441,0,0.0306,0.0439,0.0,0.0927,0.554,109.871,4,221413
2HAQJWu0HnvisHQhmX4tO8,D'You Know What I Mean? - Remastered,17,False,16,1,2DaxqgrOhkeH0fpeiQq2f4,Oasis,2XbLvhbZxMsOp3oJrP4EVM,Time Flies... 1994-2009 (Remastered),2025-06-13,album,0.293,0.873,4,-3.364,1,0.0453,0.00014,0.000312,0.115,0.229,80.207,4,463133
11M16GBoQRDAzCV66KqcK8,Lyla - Remastered,18,False,17,1,2DaxqgrOhkeH0fpeiQq2f4,Oasis,2XbLvhbZxMsOp3oJrP4EVM,Time Flies... 1994-2009 (Remastered),2025-06-13,album,0.397,0.96,11,-1.691,1,0.0507,8.03e-05,0.00451,0.113,0.282,121.074,4,311067
6IbBh92NPZpHu1XP9zJplL,Let There Be Love - Remastered,17,False,18,1,2DaxqgrOhkeH0fpeiQq2f4,Oasis,2XbLvhbZxMsOp3oJrP4EVM,Time Flies... 1994-2009 (Remastered),2025-06-13,album,0.47,0.484,5,-4.254,1,0.0289,0.194,1.25e-05,0.379,0.141,74.034,4,326280
2AqW1jkJuCvAufZ1cMLVem,Go Let It Out - Remastered,17,False,19,1,2DaxqgrOhkeH0fpeiQq2f4,Oasis,2XbLvhbZxMsOp3oJrP4EVM,Time Flies... 1994-2009 (Remastered),2025-06-13,album,0.402,0.897,2,-4.321,1,0.0371,0.0119,5.2e-05,0.354,0.541,84.168,4,280147
4xan5RfRbrmW5OUVEj9FoF,Who Feels Love? - Remastered,16,False,20,1,2DaxqgrOhkeH0fpeiQq2f4,Oasis,2XbLvhbZxMsOp3oJrP4EVM,Time Flies... 1994-2009 (Remastered),2025-06-13,album,0.361,0.84,0,-3.887,1,0.0374,0.167,0.24,0.561,0.403,76.437,4,343680
1EUW97o9lPPBLkBc5PjqhT,Little By Little - Remastered,17,False,21,1,2DaxqgrOhkeH0fpeiQq2f4,Oasis,2XbLvhbZxMsOp3oJrP4EVM,Time Flies... 1994-2009 (Remastered),2025-06-13,album,0.4,0.648,2,-4.332,1,0.0279,0.0375,0.00812,0.0677,0.143,145.863,4,297760
5ogA6ikjGZPCsapyI1QYWR,The Shock of the Lightning - Remastered,17,False,22,1,2DaxqgrOhkeH0fpeiQq2f4,Oasis,2XbLvhbZxMsOp3oJrP4EVM,Time Flies... 1994-2009 (Remastered),2025-06-13,album,0.313,0.938,11,-2.486,0,0.096,1.6e-05,0.838,0.364,0.0379,136.982,4,303280
0G7gtmK9PoDMbbD2rTIJFB,She Is Love - Remastered,15,False,23,1,2DaxqgrOhkeH0fpeiQq2f4,Oasis,2XbLvhbZxMsOp3oJrP4EVM,Time Flies... 1994-2009 (Remastered),2025-06-13,album,0.217,0.654,0,-5.39,1,0.0377,0.409,1.77e-06,0.0986,0.432,79.033,1,193133
4WXvEDEyC4B6AbfG1b4wHG,Whatever - Remastered,21,False,24,1,2DaxqgrOhkeH0fpeiQq2f4,Oasis,2XbLvhbZxMsOp3oJrP4EVM,Time Flies... 1994-2009 (Remastered),2025-06-13,album,0.247,0.868,7,-4.294,1,0.0385,0.0382,0.0155,0.55,0.331,93.294,4,381520
4CPqjljJb7FqyOmwpP4SpS,I'm Outta Time - Remastered,16,False,25,1,2DaxqgrOhkeH0fpeiQq2f4,Oasis,2XbLvhbZxMsOp3oJrP4EVM,Time Flies... 1994-2009 (Remastered),2025-06-13,album,0.406,0.644,4,-4.916,0,0.0311,0.00102,0.115,0.229,0.0795,77.498,4,250120
4s9900ua0E2MlJYiV1Cgvf,Falling Down - Remastered,15,False,26,1,2DaxqgrOhkeH0fpeiQq2f4,Oasis,2XbLvhbZxMsOp3oJrP4EVM,Time Flies... 1994-2009 (Remastered),2025-06-13,album,0.43,0.951,6,-3.118,0,0.0593,0.00075,0.712,0.35,0.205,131.02,4,268387
3hahxSLGL7BqWZRx291mzI,Don't Go Away - Remastered,16,False,27,1,2DaxqgrOhkeH0fpeiQq2f4,Oasis,2XbLvhbZxMsOp3oJrP4EVM,Time Flies... 1994-2009 (Remastered),2025-06-13,album,0.184,0.153,0,-4.944,1,0.0401,0.0407,0.00432,0.15,0.134,77.966,4,723000
4j6Uqpru1FguNS7RlK6q3e,D'You Know What I Mean? - Remastered,4,False,1,1,2DaxqgrOhkeH0fpeiQq2f4,Oasis,4BCOxFkJvT2WCSgh3ng74W,Be Here Now (20th Anniversary Standard Edition),2016-10-14,album,0.297,0.861,11,-3.41,0,0.0448,0.000164,0.000211,0.112,0.226,80.013,4,463213
7leu0tOZ6CWP2HNDhWaJU1,My Big Mouth - Remastered,5,False,2,1,2DaxqgrOhkeH0fpeiQq2f4,Oasis,4BCOxFkJvT2WCSgh3ng74W,Be Here Now (20th Anniversary Standard Edition),2016-10-14,album,0.354,0.971,9,-1.897,0,0.0705,0.00249,0.00545,0.673,0.226,135.174,4,311333
42ICwJRAzmXKCp4p9htpmm,Magic Pie - Remastered,2,False,3,1,2DaxqgrOhkeH0fpeiQq2f4,Oasis,4BCOxFkJvT2WCSgh3ng74W,Be Here Now (20th Anniversary Standard Edition),2016-10-14,album,0.3,0.879,0,-2.899,1,0.054,0.221,0.0332,0.262,0.258,148.323,4,430373
0GDtpKqmmYlKAmIpYoe33Y,Stand by Me - Remastered,5,False,4,1,2DaxqgrOhkeH0fpeiQq2f4,Oasis,4BCOxFkJvT2WCSgh3ng74W,Be Here Now (20th Anniversary Standard Edition),2016-10-14,album,0.197,0.821,7,-2.596,1,0.0412,0.0822,0.00301,0.259,0.35,170.015,4,355867
5117E80nrTAhwYmXpHeWH7,"I Hope, I Think, I Know - Remastered",3,False,5,1,2DaxqgrOhkeH0fpeiQq2f4,Oasis,4BCOxFkJvT2WCSgh3ng74W,Be Here Now (20th Anniversary Standard Edition),2016-10-14,album,0.342,0.977,2,-2.115,1,0.0571,0.00389,0.000393,0.628,0.197,137.402,4,262400
4nC6OTUgEBsG07LLdOcWUs,The Girl in the Dirty Shirt - Remastered,3,False,6,1,2DaxqgrOhkeH0fpeiQq2f4,Oasis,4BCOxFkJvT2WCSgh3ng74W,Be Here Now (20th Anniversary Standard Edition),2016-10-14,album,0.344,0.911,7,-2.615,1,0.037,0.123,0.0,0.07,0.319,166.146,4,349640
52TYSZtSZGpxdZbIVsHrNd,Fade In-Out - Remastered,2,False,7,1,2DaxqgrOhkeH0fpeiQq2f4,Oasis,4BCOxFkJvT2WCSgh3ng74W,Be Here Now (20th Anniversary Standard Edition),2016-10-14,album,0.382,0.781,7,-4.122,1,0.0425,0.0901,0.0198,0.416,0.195,86.21,4,411360
2CdJVtRG97l6KD6mrji2pE,Don't Go Away - Remastered,4,False,8,1,2DaxqgrOhkeH0fpeiQq2f4,Oasis,4BCOxFkJvT2WCSgh3ng74W,Be Here Now (20th Anniversary Standard Edition),2016-10-14,album,0.399,0.826,0,-4.925,1,0.0369,0.0372,4.32e-05,0.0756,0.193,81.142,4,288667
1R6paNNiqBaB62GpAMpeuV,Be Here Now - Remastered,3,False,9,1,2DaxqgrOhkeH0fpeiQq2f4,Oasis,4BCOxFkJvT2WCSgh3ng74W,Be Here Now (20th Anniversary Standard Edition),2016-10-14,album,0.46,0.944,9,-1.945,1,0.0458,0.0795,0.477,0.546,0.287,112.201,4,312907
1bYkNQBsi8Jxxr4hzvDQzf,All Around the World - Remastered,4,False,10,1,2DaxqgrOhkeH0fpeiQq2f4,Oasis,4BCOxFkJvT2WCSgh3ng74W,Be Here Now (20th Anniversary Standard Edition),2016-10-14,album,0.333,0.831,9,-3.149,1,0.0506,0.135,0.000478,0.696,0.326,82.101,4,559200
4WwsYSqGxEIqdvZEYZLDC2,It's Gettin' Better (Man!!) - Remastered,2,False,11,1,2DaxqgrOhkeH0fpeiQq2f4,Oasis,4BCOxFkJvT2WCSgh3ng74W,Be Here Now (20th Anniversary Standard Edition),2016-10-14,album,0.323,0.775,2,-1.693,1,0.0652,0.00203,0.0189,0.898,0.204,126.251,4,423373
2gPRrzzAUExoOtG96fSFnz,All Around the World (Reprise) - Remastered,2,False,12,1,2DaxqgrOhkeH0fpeiQq2f4,Oasis,4BCOxFkJvT2WCSgh3ng74W,Be Here Now (20th Anniversary Standard Edition),2016-10-14,album,0.303,0.823,2,-5.115,1,0.0499,0.00279,0.825,0.312,0.219,82.006,4,129640
4coAjJntBi1Tl98oqFZYq9,Hello - Remastered,24,False,1,1,2DaxqgrOhkeH0fpeiQq2f4,Oasis,3UsWuvyuXkospeI9nLdVem,"(What's The Story) Morning Glory (Remastered, Deluxe)",2014-09-24,album,0.161,0.948,9,-3.174,0,0.113,0.0141,0.0433,0.166,0.0567,132.3,4,203187
50Fqi8ou2BqkBCqWSV6GcR,Roll with It - Remastered,26,False,2,1,2DaxqgrOhkeH0fpeiQq2f4,Oasis,3UsWuvyuXkospeI9nLdVem,"(What's The Story) Morning Glory (Remastered, Deluxe)",2014-09-24,album,0.233,0.986,9,-1.896,0,0.0947,0.0325,0.000311,0.117,0.145,126.56,4,240093
0EjH2xRuoT9oz5QGenFxT1,Wonderwall - Remastered,27,False,3,1,2DaxqgrOhkeH0fpeiQq2f4,Oasis,3UsWuvyuXkospeI9nLdVem,"(What's The Story) Morning Glory (Remastered, Deluxe)",2014-09-24,album,0.376,0.896,2,-4.065,1,0.0395,0.000452,0.0,0.194,0.472,174.379,4,258773
0XdgnNhVtII9CuS2wa90ZK,Don't Look Back in Anger - Remastered,30,False,4,1,2DaxqgrOhkeH0fpeiQq2f4,Oasis,3UsWuvyuXkospeI9nLdVem,"(What's The Story) Morning Glory (Remastered, Deluxe)",2014-09-24,album,0.327,0.938,0,-3.237,1,0.0636,0.0707,3.79e-06,0.148,0.327,162.933,4,289560
0GBChxbzV41M06sG9R5nSr,Hey Now - Remastered,23,False,5,1,2DaxqgrOhkeH0fpeiQq2f4,Oasis,3UsWuvyuXkospeI9nLdVem,"(What's The Story) Morning Glory (Remastered, Deluxe)",2014-09-24,album,0.147,0.933,2,-2.478,1,0.0658,0.000305,0.00134,0.382,0.206,202.197,4,341907
343is2yLc0yzsfrTKRKyxm,Untitled - Remastered,19,False,6,1,2DaxqgrOhkeH0fpeiQq2f4,Oasis,3UsWuvyuXkospeI9nLdVem,"(What's The Story) Morning Glory (Remastered, Deluxe)",2014-09-24,album,0.279,0.748,10,-5.655,1,0.0484,3.93e-05,0.92,0.254,0.201,143.121,4,44627
2wh9TwOdIgeBFeTQTZuakS,Some Might Say - Remastered,26,False,7,1,2DaxqgrOhkeH0fpeiQq2f4,Oasis,3UsWuvyuXkospeI9nLdVem,"(What's The Story) Morning Glory (Remastered, Deluxe)",2014-09-24,album,0.262,0.932,0,-2.281,0,0.0925,0.173,0.0206,0.288,0.0733,110.129,4,327920
5JYJkl3Z73rU6A7FZyHUdP,Cast No Shadow - Remastered,22,False,8,1,2DaxqgrOhkeH0fpeiQq2f4,Oasis,3UsWuvyuXkospeI9nLdVem,"(What's The Story) Morning Glory (Remastered, Deluxe)",2014-09-24,album,0.418,0.84,7,-4.321,1,0.0285,0.00192,0.0,0.163,0.627,158.373,4,294813
6nJXexcUkyCfeTmTLee88i,She's Electric - Remastered,25,False,9,1,2DaxqgrOhkeH0fpeiQq2f4,Oasis,3UsWuvyuXkospeI9nLdVem,"(What's The Story) Morning Glory (Remastered, Deluxe)",2014-09-24,album,0.487,0.909,9,-3.484,1,0.0463,0.159,1.27e-06,0.304,0.51,125.422,4,220920
1lJdFql5r3lDsYrlLcWnTv,Morning Glory - Remastered,27,False,10,1,2DaxqgrOhkeH0fpeiQq2f4,Oasis,3UsWuvyuXkospeI9nLdVem,"(What's The Story) Morning Glory (Remastered, Deluxe)",2014-09-24,album,0.33,0.983,0,-3.038,1,0.0932,0.0664,4.68e-05,0.491,0.0968,136.952,4,303320
3BuQqkAeZ9fqmdR0yHiwwC,Untitled - Remastered,18,False,11,1,2DaxqgrOhkeH0fpeiQq2f4,Oasis,3UsWuvyuXkospeI9nLdVem,"(What's The Story) Morning Glory (Remastered, Deluxe)",2014-09-24,album,0.154,0.991,5,-13.27,1,0.0791,0.849,0.92,0.721,0.0176,133.72,4,39360
5KHcagxXTLOo9iUkZbuvEK,Champagne Supernova - Remastered,25,False,12,1,2DaxqgrOhkeH0fpeiQq2f4,Oasis,3UsWuvyuXkospeI9nLdVem,"(What's The Story) Morning Glory (Remastered, Deluxe)",2014-09-24,album,0.297,0.825,2,-3.771,1,0.0394,0.464,0.0833,0.358,0.123,150.339,4,454000
1YNnvs6LdUv571KIzV4lqD,Talk Tonight - Remastered,30,False,13,1,2DaxqgrOhkeH0fpeiQq2f4,Oasis,3UsWuvyuXkospeI9nLdVem,"(What's The Story) Morning Glory (Remastered, Deluxe)",2014-09-24,album,0.428,0.428,4,-8.405,0,0.0247,0.52,7.84e-06,0.365,0.319,84.612,4,263747
7FxwBX09OxZMvNoQkVQEqB,Acquiesce - Remastered,36,False,14,1,2DaxqgrOhkeH0fpeiQq2f4,Oasis,3UsWuvyuXkospeI9nLdVem,"(What's The Story) Morning Glory (Remastered, Deluxe)",2014-09-24,album,0.19,0.928,7,-3.274,1,0.0803,0.00978,0.000719,0.334,0.215,112.961,4,267987
5brtQ3umxUiGXfA9ECeOCF,Headshrinker - Remastered,28,False,15,1,2DaxqgrOhkeH0fpeiQq2f4,Oasis,3UsWuvyuXkospeI9nLdVem,"(What's The Story) Morning Glory (Remastered, Deluxe)",2014-09-24,album,0.202,0.875,7,-1.844,1,0.0571,0.00298,0.000336,0.368,0.273,78.882,4,281840
4htAbTVPEuxZWh6NM5LR2t,It's Better People - Remastered,16,False,16,1,2DaxqgrOhkeH0fpeiQq2f4,Oasis,3UsWuvyuXkospeI9nLdVem,"(What's The Story) Morning Glory (Remastered, Deluxe)",2014-09-24,album,0.476,0.805,4,-6.126,1,0.0321,0.000461,3.99e-05,0.0983,0.881,101.378,4,240147
0WjPLb4kIvEj3wBESBkIpK,Rockin' Chair - Remastered,28,False,17,1,2DaxqgrOhkeH0fpeiQq2f4,Oasis,3UsWuvyuXkospeI9nLdVem,"(What's The Story) Morning Glory (Remastered, Deluxe)",2014-09-24,album,0.509,0.911,9,-4.121,0,0.0353,0.000589,8.21e-06,0.0384,0.278,126.425,4,279200
7umcp4J1fIHvfzsTOBpiId,Step Out - Remastered,27,False,18,1,2DaxqgrOhkeH0fpeiQq2f4,Oasis,3UsWuvyuXkospeI9nLdVem,"(What's The Story) Morning Glory (Remastered, Deluxe)",2014-09-24,album,0.334,0.98,7,-1.874,1,0.0774,0.00982,0.00437,0.35,0.182,139.6,4,224427
4qPZjPHeNU2q7d7OHya5jN,Underneath the Sky - Remastered,19,False,19,1,2DaxqgrOhkeH0fpeiQq2f4,Oasis,3UsWuvyuXkospeI9nLdVem,"(What's The Story) Morning Glory (Remastered, Deluxe)",2014-09-24,album,0.442,0.955,11,-2.231,0,0.0519,0.00135,0.0,0.347,0.743,124.233,4,204653
5y7f1C1qAs1YY8xnoJHWYU,Cum On Feel the Noize - Remastered,24,False,20,1,2DaxqgrOhkeH0fpeiQq2f4,Oasis,3UsWuvyuXkospeI9nLdVem,"(What's The Story) Morning Glory (Remastered, Deluxe)",2014-09-24,album,0.373,0.9,9,-1.578,0,0.046,1.49e-05,0.374,0.379,0.558,133.138,4,312160
3N3dwkFoVR4N8QGv9wQXWt,Round Are Way - Remastered,26,False,21,1,2DaxqgrOhkeH0fpeiQq2f4,Oasis,3UsWuvyuXkospeI9nLdVem,"(What's The Story) Morning Glory (Remastered, Deluxe)",2014-09-24,album,0.334,0.915,0,-2.1,1,0.0436,1.58e-05,0.000232,0.0748,0.38,138.026,4,344440
0rlHlhb0PRt7IjHWTBjq4W,The Swamp Song - Remastered,20,False,22,1,2DaxqgrOhkeH0fpeiQq2f4,Oasis,3UsWuvyuXkospeI9nLdVem,"(What's The Story) Morning Glory (Remastered, Deluxe)",2014-09-24,album,0.21,0.942,7,-2.865,0,0.0623,3.06e-05,0.945,0.106,0.196,142.872,4,262400
41mCnbJ0fLOoHFB26wQt8z,The Masterplan - Remastered,34,False,23,1,2DaxqgrOhkeH0fpeiQq2f4,Oasis,3UsWuvyuXkospeI9nLdVem,"(What's The Story) Morning Glory (Remastered, Deluxe)",2014-09-24,album,0.383,0.584,7,-6.707,1,0.0294,0.013,8.46e-05,0.0725,0.145,148.508,4,325200
5hXfynPbUVoyIXvrT9bIch,Bonehead's Bank Holiday - Remastered,19,False,24,1,2DaxqgrOhkeH0fpeiQq2f4,Oasis,3UsWuvyuXkospeI9nLdVem,"(What's The Story) Morning Glory (Remastered, Deluxe)",2014-09-24,album,0.378,0.815,7,-3.987,1,0.106,0.296,0.0,0.336,0.501,166.582,4,242920
3JBFzqZpAOQA8PXeqN1uDi,Champagne Supernova - Remastered,16,False,25,1,2DaxqgrOhkeH0fpeiQq2f4,Oasis,3UsWuvyuXkospeI9nLdVem,"(What's The Story) Morning Glory (Remastered, Deluxe)",2014-09-24,album,0.477,0.785,2,-5.941,1,0.0315,0.0167,0.000676,0.103,0.417,150.661,4,417960
7jAwwrB5BhZft6b2V61JB0,You've Got to Hide Your Love Away - Remastered,14,False,26,1,2DaxqgrOhkeH0fpeiQq2f4,Oasis,3UsWuvyuXkospeI9nLdVem,"(What's The Story) Morning Glory (Remastered, Deluxe)",2014-09-24,album,0.248,0.594,7,-7.74,1,0.0287,0.106,0.0,0.366,0.693,95.898,3,137200
2fDuMfdNoUwuFYCaNcsBDM,Hello - Remastered,8,False,1,1,2DaxqgrOhkeH0fpeiQq2f4,Oasis,1xMap8O4m5jFrZ6ue7IiBb,(What's The Story) Morning Glory? (20th Anniversary Standard Edition),2014-09-24,album,0.161,0.948,9,-3.174,0,0.113,0.0141,0.0433,0.166,0.0567,132.3,4,203187
4LRhY1duVpl6pbvhJhjMJs,Roll with It - Remastered,6,False,2,1,2DaxqgrOhkeH0fpeiQq2f4,Oasis,1xMap8O4m5jFrZ6ue7IiBb,(What's The Story) Morning Glory? (20th Anniversary Standard Edition),2014-09-24,album,0.233,0.986,9,-1.896,0,0.0947,0.0325,0.000311,0.117,0.145,126.56,4,240093
22ZHoG4ttq6UyiWpsOOuj8,Wonderwall - Remastered,8,False,3,1,2DaxqgrOhkeH0fpeiQq2f4,Oasis,1xMap8O4m5jFrZ6ue7IiBb,(What's The Story) Morning Glory? (20th Anniversary Standard Edition),2014-09-24,album,0.376,0.896,2,-4.065,1,0.0395,0.000452,0.0,0.194,0.472,174.379,4,258773
7uelGdT0JnY8TVjjBO6IX0,Don't Look Back in Anger - Remastered,10,False,4,1,2DaxqgrOhkeH0fpeiQq2f4,Oasis,1xMap8O4m5jFrZ6ue7IiBb,(What's The Story) Morning Glory? (20th Anniversary Standard Edition),2014-09-24,album,0.327,0.938,0,-3.237,1,0.0636,0.0707,3.79e-06,0.148,0.327,162.933,4,289560
6cyG03TbZ2yLCqgdY1feI2,Hey Now - Remastered,5,False,5,1,2DaxqgrOhkeH0fpeiQq2f4,Oasis,1xMap8O4m5jFrZ6ue7IiBb,(What's The Story) Morning Glory? (20th Anniversary Standard Edition),2014-09-24,album,0.147,0.933,2,-2.478,1,0.0658,0.000305,0.00134,0.382,0.206,202.197,4,341907
4Rs6MaZiwtZmMtnCs33VP9,The Swamp Song - Version 1 - Remastered,5,False,6,1,2DaxqgrOhkeH0fpeiQq2f4,Oasis,1xMap8O4m5jFrZ6ue7IiBb,(What's The Story) Morning Glory? (20th Anniversary Standard Edition),2014-09-24,album,0.279,0.748,10,-5.655,1,0.0484,3.93e-05,0.92,0.254,0.201,143.121,4,44627
6vBOj51s16DWFDTzu1Ph15,Some Might Say - Remastered,5,False,7,1,2DaxqgrOhkeH0fpeiQq2f4,Oasis,1xMap8O4m5jFrZ6ue7IiBb,(What's The Story) Morning Glory? (20th Anniversary Standard Edition),2014-09-24,album,0.262,0.932,0,-2.281,0,0.0925,0.173,0.0206,0.288,0.0733,110.129,4,327920
33XEQyAzEHIjxVyAE2Ye7T,Cast No Shadow - Remastered,5,False,8,1,2DaxqgrOhkeH0fpeiQq2f4,Oasis,1xMap8O4m5jFrZ6ue7IiBb,(What's The Story) Morning Glory? (20th Anniversary Standard Edition),2014-09-24,album,0.418,0.84,7,-4.321,1,0.0285,0.00192,0.0,0.163,0.627,158.373,4,294813
3ooKXpyAh9v9MpXtp0judt,She's Electric - Remastered,7,False,9,1,2DaxqgrOhkeH0fpeiQq2f4,Oasis,1xMap8O4m5jFrZ6ue7IiBb,(What's The Story) Morning Glory? (20th Anniversary Standard Edition),2014-09-24,album,0.487,0.909,9,-3.484,1,0.0463,0.159,1.27e-06,0.304,0.51,125.422,4,220920
2VS2GnBNvFVnKykvxZk4sJ,Morning Glory - Remastered,7,False,10,1,2DaxqgrOhkeH0fpeiQq2f4,Oasis,1xMap8O4m5jFrZ6ue7IiBb,(What's The Story) Morning Glory? (20th Anniversary Standard Edition),2014-09-24,album,0.33,0.983,0,-3.038,1,0.0932,0.0664,4.68e-05,0.491,0.0968,136.952,4,303320
095V3FQY9GYJBUABtNJ78Q,The Swamp Song - Version 2 - Remastered,3,False,11,1,2DaxqgrOhkeH0fpeiQq2f4,Oasis,1xMap8O4m5jFrZ6ue7IiBb,(What's The Story) Morning Glory? (20th Anniversary Standard Edition),2014-09-24,album,0.154,0.991,5,-13.27,1,0.0791,0.849,0.92,0.721,0.0176,133.72,4,39360
1omlEFeF927PteZ0Bws5un,Champagne Supernova - Remastered,6,False,12,1,2DaxqgrOhkeH0fpeiQq2f4,Oasis,1xMap8O4m5jFrZ6ue7IiBb,(What's The Story) Morning Glory? (20th Anniversary Standard Edition),2014-09-24,album,0.297,0.825,2,-3.771,1,0.0394,0.464,0.0833,0.358,0.123,150.339,4,454000
6QcRiQ8R3LYAEaqc3IwFoP,Rock 'n' Roll Star - Remastered,5,False,1,1,2DaxqgrOhkeH0fpeiQq2f4,Oasis,406tO2oujvYROzMMhz5JLj,Definitely Maybe (20th Anniversary Standard Edition),2014-05-14,album,0.315,0.975,4,-3.21,1,0.0685,0.000567,0.00137,0.467,0.436,138.197,4,322947
3nsvxF2RGOHkxljh4xk4CM,Shakermaker - Remastered,15,False,2,1,2DaxqgrOhkeH0fpeiQq2f4,Oasis,406tO2oujvYROzMMhz5JLj,Definitely Maybe (20th Anniversary Standard Edition),2014-05-14,album,0.317,0.931,4,-2.661,1,0.0569,0.0136,0.12,0.687,0.16,95.919,4,308280
2pRBf49e2vp9ed9fBBQbSG,Live Forever - Remastered,6,False,3,1,2DaxqgrOhkeH0fpeiQq2f4,Oasis,406tO2oujvYROzMMhz5JLj,Definitely Maybe (20th Anniversary Standard Edition),2014-05-14,album,0.192,0.828,9,-3.382,0,0.0452,2.74e-05,1.97e-05,0.362,0.189,118.935,5,276667
4gvpf57lEUUxpE5xCvaxuD,Up in the Sky - Remastered,2,False,4,1,2DaxqgrOhkeH0fpeiQq2f4,Oasis,406tO2oujvYROzMMhz5JLj,Definitely Maybe (20th Anniversary Standard Edition),2014-05-14,album,0.268,0.905,0,-3.543,1,0.0397,1.41e-05,0.0214,0.38,0.328,140.571,4,268000
1TWnGoPAaktBPD7aDVNxWJ,Columbia - Remastered,3,False,5,1,2DaxqgrOhkeH0fpeiQq2f4,Oasis,406tO2oujvYROzMMhz5JLj,Definitely Maybe (20th Anniversary Standard Edition),2014-05-14,album,0.314,0.835,7,-5.106,1,0.0498,2.01e-06,0.617,0.392,0.0412,100.138,4,377400
22CRDtgqdKi9KHqCThfEzm,Supersonic - Remastered,5,False,6,1,2DaxqgrOhkeH0fpeiQq2f4,Oasis,406tO2oujvYROzMMhz5JLj,Definitely Maybe (20th Anniversary Standard Edition),2014-05-14,album,0.361,0.911,9,-2.853,1,0.0405,6.06e-05,0.00752,0.0891,0.643,103.999,4,283787
553zwSLebEdrLdHlrShIdN,Bring It on Down - Remastered,3,False,7,1,2DaxqgrOhkeH0fpeiQq2f4,Oasis,406tO2oujvYROzMMhz5JLj,Definitely Maybe (20th Anniversary Standard Edition),2014-05-14,album,0.113,0.938,9,-2.741,1,0.0771,1.13e-05,0.801,0.446,0.192,153.625,4,257813
2rjRO4PVp3R6NcspMTmjGN,Cigarettes & Alcohol - Remastered,3,False,8,1,2DaxqgrOhkeH0fpeiQq2f4,Oasis,406tO2oujvYROzMMhz5JLj,Definitely Maybe (20th Anniversary Standard Edition),2014-05-14,album,0.292,0.759,2,-2.311,1,0.046,1.53e-05,0.037,0.16,0.451,114.758,4,289147
7tEdVhOinIY6dKtIlAnGNk,Digsy's Dinner - Remastered,2,False,9,1,2DaxqgrOhkeH0fpeiQq2f4,Oasis,406tO2oujvYROzMMhz5JLj,Definitely Maybe (20th Anniversary Standard Edition),2014-05-14,album,0.301,0.987,2,-2.865,1,0.111,0.000895,0.537,0.066,0.057,139.495,4,152267
5Mg547gDOla1W6spjKvo54,Slide Away - Remastered,3,False,10,1,2DaxqgrOhkeH0fpeiQq2f4,Oasis,406tO2oujvYROzMMhz5JLj,Definitely Maybe (20th Anniversary Standard Edition),2014-05-14,album,0.0668,0.941,8,-2.699,1,0.137,9.49e-05,0.000343,0.253,0.236,188.529,4,392307
1u2iopdeBBhJc9Ms9N6n9K,Married with Children - Remastered,3,False,11,1,2DaxqgrOhkeH0fpeiQq2f4,Oasis,406tO2oujvYROzMMhz5JLj,Definitely Maybe (20th Anniversary Standard Edition),2014-05-14,album,0.585,0.427,4,-10.907,1,0.0278,0.808,0.0,0.0984,0.313,87.615,4,196480
4eIDfYVjE7zFL0LFNmsdbv,Rock 'n' Roll Star - Remastered,20,False,1,1,2DaxqgrOhkeH0fpeiQq2f4,Oasis,03srqDInwtWuyPNNasaR8v,Definitely Maybe (30th Anniversary Deluxe Edition),2014,album,0.313,0.968,4,-3.197,1,0.0687,0.000546,0.0016,0.454,0.46,138.212,4,322987
44kMxKADfSD2Ajr6afKNir,Shakermaker - Remastered,22,False,2,1,2DaxqgrOhkeH0fpeiQq2f4,Oasis,03srqDInwtWuyPNNasaR8v,Definitely Maybe (30th Anniversary Deluxe Edition),2014,album,0.31,0.918,4,-2.695,1,0.0578,0.0144,0.294,0.673,0.165,95.94,4,308280
1q3iaOOhfqp53TxOKH8mNv,Live Forever - Remastered,18,False,3,1,2DaxqgrOhkeH0fpeiQq2f4,Oasis,03srqDInwtWuyPNNasaR8v,Definitely Maybe (30th Anniversary Deluxe Edition),2014,album,0.125,0.816,9,-3.371,0,0.0431,2.92e-05,2.04e-05,0.363,0.144,91.313,4,276667
4S1i3OYBrxEjkOoXOc1EaM,Up in the Sky - Remastered,13,False,4,1,2DaxqgrOhkeH0fpeiQq2f4,Oasis,03srqDInwtWuyPNNasaR8v,Definitely Maybe (30th Anniversary Deluxe Edition),2014,album,0.248,0.911,0,-3.504,1,0.0396,1.27e-05,0.0313,0.323,0.339,140.654,4,268000
7wuQG4EOqALisdrD64CEpN,Columbia - Remastered,15,False,5,1,2DaxqgrOhkeH0fpeiQq2f4,Oasis,03srqDInwtWuyPNNasaR8v,Definitely Maybe (30th Anniversary Deluxe Edition),2014,album,0.313,0.827,7,-5.146,1,0.0509,2.24e-06,0.607,0.4,0.0503,100.143,4,377400
1LdB31asEAZP9zMKehnVDt,Supersonic - Remastered,17,False,6,1,2DaxqgrOhkeH0fpeiQq2f4,Oasis,03srqDInwtWuyPNNasaR8v,Definitely Maybe (30th Anniversary Deluxe Edition),2014,album,0.359,0.919,9,-2.881,1,0.0405,7.62e-05,0.0172,0.0954,0.598,104.049,4,283787
7gv7q6TMby0HAnQm3ExhB6,Bring It on Down - Remastered,12,False,7,1,2DaxqgrOhkeH0fpeiQq2f4,Oasis,03srqDInwtWuyPNNasaR8v,Definitely Maybe (30th Anniversary Deluxe Edition),2014,album,0.116,0.947,9,-2.764,1,0.0776,1.01e-05,0.841,0.448,0.184,152.476,4,257813
1NLkj5jV4BMk8OVSMCnWVm,Cigarettes & Alcohol - Remastered,28,False,8,1,2DaxqgrOhkeH0fpeiQq2f4,Oasis,03srqDInwtWuyPNNasaR8v,Definitely Maybe (30th Anniversary Deluxe Edition),2014,album,0.288,0.749,2,-2.32,1,0.0474,1.25e-05,0.0563,0.152,0.461,114.747,4,289147
2g1QvCPrqWfcQtOESiw1cz,Digsy's Dinner - Remastered,12,False,9,1,2DaxqgrOhkeH0fpeiQq2f4,Oasis,03srqDInwtWuyPNNasaR8v,Definitely Maybe (30th Anniversary Deluxe Edition),2014,album,0.281,0.988,2,-2.885,1,0.108,0.000846,0.694,0.0602,0.0566,69.89,4,152267
3QvpwhUJXjoXQLFzZBr3Ti,Slide Away - Remastered,15,False,10,1,2DaxqgrOhkeH0fpeiQq2f4,Oasis,03srqDInwtWuyPNNasaR8v,Definitely Maybe (30th Anniversary Deluxe Edition),2014,album,0.237,0.946,5,-2.716,0,0.0883,0.000103,0.000129,0.197,0.245,93.724,4,392307
1bt1JuZKs4lINnszm3qvYG,Married with Children - Remastered,15,False,11,1,2DaxqgrOhkeH0fpeiQq2f4,Oasis,03srqDInwtWuyPNNasaR8v,Definitely Maybe (30th Anniversary Deluxe Edition),2014,album,0.585,0.44,4,-10.844,1,0.0272,0.801,0.0,0.0791,0.343,87.834,4,197053
0tuyXYaVLxmgcLyRAJGIBz,Rock 'n' Roll Star - Remastered,36,False,1,1,2DaxqgrOhkeH0fpeiQq2f4,Oasis,4J0amttxitKO3C2qCab3YA,Definitely Maybe (30th Anniversary),2014,album,0.315,0.97,4,-3.245,1,0.068,0.000392,0.00255,0.435,0.481,138.206,4,322947
1dqDtBsVsyADemGfXcW8tf,Shakermaker - Remastered,34,False,2,1,2DaxqgrOhkeH0fpeiQq2f4,Oasis,4J0amttxitKO3C2qCab3YA,Definitely Maybe (30th Anniversary),2014,album,0.0839,0.929,4,-2.682,1,0.0732,0.0152,0.197,0.718,0.159,191.894,4,308280
2FpkYhya8Kp79uxv7fDsM8,Live Forever - Remastered,36,False,3,1,2DaxqgrOhkeH0fpeiQq2f4,Oasis,4J0amttxitKO3C2qCab3YA,Definitely Maybe (30th Anniversary),2014,album,0.286,0.822,9,-3.366,0,0.0381,2.31e-05,1.31e-05,0.353,0.19,90.96,4,276667
5EbGDfhPzwuF31jRSl2FZW,Up in the Sky - Remastered,32,False,4,1,2DaxqgrOhkeH0fpeiQq2f4,Oasis,4J0amttxitKO3C2qCab3YA,Definitely Maybe (30th Anniversary),2014,album,0.256,0.908,0,-3.521,1,0.0398,1.53e-05,0.0193,0.354,0.341,140.533,4,268000
5PwUp0MifBErdJkc8mfq5A,Columbia - Remastered,32,False,5,1,2DaxqgrOhkeH0fpeiQq2f4,Oasis,4J0amttxitKO3C2qCab3YA,Definitely Maybe (30th Anniversary),2014,album,0.314,0.824,7,-5.079,1,0.049,2.38e-06,0.673,0.384,0.0546,100.151,4,377400
4rsnPOEFqof5CDcfJKXYZB,Supersonic - Remastered,35,False,6,1,2DaxqgrOhkeH0fpeiQq2f4,Oasis,4J0amttxitKO3C2qCab3YA,Definitely Maybe (30th Anniversary),2014,album,0.359,0.913,9,-2.865,1,0.0391,6.31e-05,0.0121,0.0954,0.589,104.058,4,283787
45wIl15dN2L92yP8xwFazm,Bring It on Down - Remastered,30,False,7,1,2DaxqgrOhkeH0fpeiQq2f4,Oasis,4J0amttxitKO3C2qCab3YA,Definitely Maybe (30th Anniversary),2014,album,0.115,0.945,9,-2.8,1,0.075,1.21e-05,0.801,0.462,0.195,152.589,4,257813
5VPI0bPNzbDs3KsRNATbdK,Cigarettes & Alcohol - Remastered,32,False,8,1,2DaxqgrOhkeH0fpeiQq2f4,Oasis,4J0amttxitKO3C2qCab3YA,Definitely Maybe (30th Anniversary),2014,album,0.294,0.742,2,-2.334,1,0.0458,1.45e-05,0.0311,0.152,0.44,114.87,4,289147
0zkcnzShcpYLuWBSBoHHJl,Digsy's Dinner - Remastered,29,False,9,1,2DaxqgrOhkeH0fpeiQq2f4,Oasis,4J0amttxitKO3C2qCab3YA,Definitely Maybe (30th Anniversary),2014,album,0.305,0.988,2,-2.912,1,0.103,0.000824,0.837,0.0678,0.0513,139.353,4,152267
0VuyD9K784CGk2QK4HQHum,Slide Away - Remastered,35,False,10,1,2DaxqgrOhkeH0fpeiQq2f4,Oasis,4J0amttxitKO3C2qCab3YA,Definitely Maybe (30th Anniversary),2014,album,0.0657,0.943,8,-2.71,1,0.138,0.000114,0.00016,0.313,0.264,190.555,4,392307
3T50bqHkaWUj1umZkS3gcc,Married with Children - Remastered,33,False,11,1,2DaxqgrOhkeH0fpeiQq2f4,Oasis,4J0amttxitKO3C2qCab3YA,Definitely Maybe (30th Anniversary),2014,album,0.588,0.435,4,-10.845,1,0.0267,0.787,0.0,0.0801,0.308,88.068,4,195000
5iQzBjKjDCOjOZXkdPBaWa,Hello - Remastered,0,False,1,1,2DaxqgrOhkeH0fpeiQq2f4,Oasis,2dBP3XzjV5H7txg82iQmRD,(What's The Story) Morning Glory? [30th Anniversary],2014,album,0.346,0.954,9,-3.185,0,0.0866,0.0131,0.0173,0.161,0.059,132.201,4,203187
3xeBlSQb512svx00tI3MPb,Roll with It - Remastered,0,False,2,1,2DaxqgrOhkeH0fpeiQq2f4,Oasis,2dBP3XzjV5H7txg82iQmRD,(What's The Story) Morning Glory? [30th Anniversary],2014,album,0.223,0.985,9,-1.909,0,0.0957,0.0298,0.000424,0.11,0.139,126.612,4,240093
2ptMX4PCkP1f4tC6LY394K,Wonderwall - Remastered,0,False,3,1,2DaxqgrOhkeH0fpeiQq2f4,Oasis,2dBP3XzjV5H7txg82iQmRD,(What's The Story) Morning Glory? [30th Anniversary],2014,album,0.375,0.893,2,-4.097,1,0.0406,0.000509,0.0,0.187,0.434,174.323,4,258773
73cbpHXybZu9kGjWT8esZN,Don't Look Back in Anger - Remastered,0,False,4,1,2DaxqgrOhkeH0fpeiQq2f4,Oasis,2dBP3XzjV5H7txg82iQmRD,(What's The Story) Morning Glory? [30th Anniversary],2014,album,0.328,0.936,0,-3.254,1,0.0628,0.0665,2.61e-06,0.165,0.31,162.97,4,289560
4mkK9Yx7HESgFhNJrv5BcY,Hey Now - Remastered,0,False,5,1,2DaxqgrOhkeH0fpeiQq2f4,Oasis,2dBP3XzjV5H7txg82iQmRD,(What's The Story) Morning Glory? [30th Anniversary],2014,album,0.151,0.935,11,-2.461,0,0.0626,0.000235,0.000561,0.308,0.202,202.341,4,341907
2S3DLDkJHJLKcPjZyenPuO,The Swamp Song - Version 1 - Remastered,0,False,6,1,2DaxqgrOhkeH0fpeiQq2f4,Oasis,2dBP3XzjV5H7txg82iQmRD,(What's The Story) Morning Glory? [30th Anniversary],2014,album,0.281,0.702,10,-5.683,1,0.0478,6.93e-05,0.65,0.236,0.165,143.126,4,44627
4LrurOGLZIHv6LoxnfsfUE,Some Might Say - Remastered,0,False,7,1,2DaxqgrOhkeH0fpeiQq2f4,Oasis,2dBP3XzjV5H7txg82iQmRD,(What's The Story) Morning Glory? [30th Anniversary],2014,album,0.259,0.927,0,-2.277,0,0.092,0.165,0.013,0.287,0.0734,110.156,4,327920
3jDBwVyUhx7MU0drkKaffG,Cast No Shadow - Remastered,0,False,8,1,2DaxqgrOhkeH0fpeiQq2f4,Oasis,2dBP3XzjV5H7txg82iQmRD,(What's The Story) Morning Glory? [30th Anniversary],2014,album,0.421,0.846,7,-4.302,1,0.0283,0.00174,0.0,0.166,0.613,158.351,4,294813
2XpUtK2Y4sh5EzDtTbcvOA,She's Electric - Remastered,0,False,9,1,2DaxqgrOhkeH0fpeiQq2f4,Oasis,2dBP3XzjV5H7txg82iQmRD,(What's The Story) Morning Glory? [30th Anniversary],2014,album,0.484,0.905,9,-3.506,1,0.0481,0.146,1.13e-06,0.24,0.486,125.414,4,220920
45p14RdL9psdB3AQzsfHfc,Morning Glory - Remastered,0,False,10,1,2DaxqgrOhkeH0fpeiQq2f4,Oasis,2dBP3XzjV5H7txg82iQmRD,(What's The Story) Morning Glory? [30th Anniversary],2014,album,0.33,0.982,0,-3.045,1,0.0926,0.0588,4.74e-05,0.519,0.104,136.986,4,303320
0gQp3OFSRfKJrXX70vSQJW,The Swamp Song - Version 2 - Remastered,0,False,11,1,2DaxqgrOhkeH0fpeiQq2f4,Oasis,2dBP3XzjV5H7txg82iQmRD,(What's The Story) Morning Glory? [30th Anniversary],2014,album,0.181,0.989,2,-13.14,1,0.0903,0.849,0.954,0.76,0.0192,60.38,4,39360
0YRIowIW8hbxMYOQvP03ck,Champagne Supernova - Remastered,0,False,12,1,2DaxqgrOhkeH0fpeiQq2f4,Oasis,2dBP3XzjV5H7txg82iQmRD,(What's The Story) Morning Glory? [30th Anniversary],2014,album,0.293,0.817,2,-3.786,1,0.039,0.458,0.0509,0.355,0.138,150.249,4,451320
0qg67smirnMnTOHBKwKcPk,Supersonic - Remastered,31,False,1,1,2DaxqgrOhkeH0fpeiQq2f4,Oasis,4oyeJTssXAPczlWkzCDDKA,Time Flies… (1994 - 2009) [Remastered],2010,album,0.362,0.914,9,-2.666,1,0.0408,5.45e-05,0.0122,0.0907,0.616,103.991,4,284867
2J34mV7taEXpicYxwy6mVt,Roll With It - Remastered,30,False,2,1,2DaxqgrOhkeH0fpeiQq2f4,Oasis,4oyeJTssXAPczlWkzCDDKA,Time Flies… (1994 - 2009) [Remastered],2010,album,0.23,0.985,9,-1.648,0,0.0959,0.0325,0.00043,0.078,0.152,126.653,4,239160
3pHm4vLCvodGHiaub3ksdB,Live Forever - Remastered,32,False,3,1,2DaxqgrOhkeH0fpeiQq2f4,Oasis,4oyeJTssXAPczlWkzCDDKA,Time Flies… (1994 - 2009) [Remastered],2010,album,0.282,0.848,9,-3.68,0,0.0367,2.7e-05,1.54e-05,0.314,0.261,90.878,4,278800
51wbcaJQ6wKorisKhuiHl5,Wonderwall - Remastered,29,False,4,1,2DaxqgrOhkeH0fpeiQq2f4,Oasis,4oyeJTssXAPczlWkzCDDKA,Time Flies… (1994 - 2009) [Remastered],2010,album,0.472,0.889,2,-3.867,1,0.0362,0.000454,0.0,0.0909,0.483,87.103,4,261933
4EK7f14KGWyc6haCh5ruvR,Stop Crying Your Heart Out - Remastered,30,False,5,1,2DaxqgrOhkeH0fpeiQq2f4,Oasis,4oyeJTssXAPczlWkzCDDKA,Time Flies… (1994 - 2009) [Remastered],2010,album,0.373,0.607,2,-4.231,1,0.0319,0.0914,6.91e-06,0.42,0.0779,74.984,4,303573
1wcpHoH97hE7WGZPNAvY3R,Cigarettes & Alcohol - Remastered,34,False,6,1,2DaxqgrOhkeH0fpeiQq2f4,Oasis,4oyeJTssXAPczlWkzCDDKA,Time Flies… (1994 - 2009) [Remastered],2010,album,0.298,0.751,2,-2.618,1,0.0464,1.53e-05,0.0685,0.139,0.465,114.751,4,289907
5H0BgIpoKt3iEzVAWUkhst,Songbird - Remastered,29,False,7,1,2DaxqgrOhkeH0fpeiQq2f4,Oasis,4oyeJTssXAPczlWkzCDDKA,Time Flies… (1994 - 2009) [Remastered],2010,album,0.487,0.574,2,-6.023,1,0.0284,0.247,0.0,0.23,0.494,134.971,4,128493
0rOSbUNgWsb6JRN06B4v87,Don't Look Back In Anger - Remastered,29,False,8,1,2DaxqgrOhkeH0fpeiQq2f4,Oasis,4oyeJTssXAPczlWkzCDDKA,Time Flies… (1994 - 2009) [Remastered],2010,album,0.329,0.938,0,-3.007,1,0.0632,0.0697,3.36e-06,0.108,0.323,162.972,4,290640
2kT3XSIaT79xf0d1SHhJft,The Hindu Times - Remastered,29,False,9,1,2DaxqgrOhkeH0fpeiQq2f4,Oasis,4oyeJTssXAPczlWkzCDDKA,Time Flies… (1994 - 2009) [Remastered],2010,album,0.414,0.944,11,-2.82,1,0.0533,2.01e-05,2.13e-05,0.283,0.343,113.961,4,231947
66lSFhYYUXi5MhmFS1DpET,Stand By Me - Remastered,29,False,10,1,2DaxqgrOhkeH0fpeiQq2f4,Oasis,4oyeJTssXAPczlWkzCDDKA,Time Flies… (1994 - 2009) [Remastered],2010,album,0.196,0.806,7,-2.725,1,0.0412,0.0774,0.00345,0.101,0.359,170.007,4,359307
7fpG8ruPd8toJH3rgNalnv,Lord Don't Slow Me Down - Remastered,37,False,11,1,2DaxqgrOhkeH0fpeiQq2f4,Oasis,4oyeJTssXAPczlWkzCDDKA,Time Flies… (1994 - 2009) [Remastered],2010,album,0.475,0.865,6,-3.258,1,0.0385,0.00324,5.29e-05,0.116,0.499,133.192,4,197733
6aAc249DGKDsnz63euWeRO,Shakermaker - Remastered,27,False,12,1,2DaxqgrOhkeH0fpeiQq2f4,Oasis,4oyeJTssXAPczlWkzCDDKA,Time Flies… (1994 - 2009) [Remastered],2010,album,0.0969,0.921,4,-2.575,1,0.0739,0.0152,0.219,0.722,0.184,192.666,4,310813
2XZj0SUECL4N8XFovPq3Zt,All Around The World - Remastered,27,False,13,1,2DaxqgrOhkeH0fpeiQq2f4,Oasis,4oyeJTssXAPczlWkzCDDKA,Time Flies… (1994 - 2009) [Remastered],2010,album,0.337,0.811,9,-3.107,1,0.0496,0.134,0.000249,0.353,0.334,82.213,4,575053
7tG9WNSL6PpgRBFh2Uymvn,Some Might Say - Remastered,28,False,14,1,2DaxqgrOhkeH0fpeiQq2f4,Oasis,4oyeJTssXAPczlWkzCDDKA,Time Flies… (1994 - 2009) [Remastered],2010,album,0.258,0.914,0,-2.082,0,0.0857,0.203,0.011,0.0863,0.066,110.299,4,331080
49bUNvVWQE6TB3kGfrj9VO,The Importance Of Being Idle - Remastered,27,False,15,1,2DaxqgrOhkeH0fpeiQq2f4,Oasis,4oyeJTssXAPczlWkzCDDKA,Time Flies… (1994 - 2009) [Remastered],2010,album,0.581,0.868,9,-1.435,0,0.031,0.0457,0.0,0.0927,0.562,109.87,4,221413
5BmJHHuSlGfefJKqmNly2C,D'You Know What I Mean? - Remastered,28,False,16,1,2DaxqgrOhkeH0fpeiQq2f4,Oasis,4oyeJTssXAPczlWkzCDDKA,Time Flies… (1994 - 2009) [Remastered],2010,album,0.296,0.875,11,-3.364,0,0.045,0.000131,0.000754,0.128,0.238,81.376,4,463133
4nz0KhPRVpVivcv7Tt9dyt,Lyla - Remastered,27,False,17,1,2DaxqgrOhkeH0fpeiQq2f4,Oasis,4oyeJTssXAPczlWkzCDDKA,Time Flies… (1994 - 2009) [Remastered],2010,album,0.403,0.96,11,-1.691,1,0.0492,7.82e-05,0.00492,0.116,0.284,120.98,4,311067
34ULCVTcqrd7TDGlzJn7ve,Let There Be Love - Remastered,25,False,18,1,2DaxqgrOhkeH0fpeiQq2f4,Oasis,4oyeJTssXAPczlWkzCDDKA,Time Flies… (1994 - 2009) [Remastered],2010,album,0.41,0.48,5,-4.237,1,0.0308,0.2,1.34e-05,0.375,0.147,148.385,4,326280
6QmlS0lDImkNzKCy3kInsa,Go Let It Out - Remastered,26,False,19,1,2DaxqgrOhkeH0fpeiQq2f4,Oasis,4oyeJTssXAPczlWkzCDDKA,Time Flies… (1994 - 2009) [Remastered],2010,album,0.403,0.895,2,-4.304,1,0.0368,0.0116,5.56e-05,0.321,0.538,84.168,4,280147
0hdJewFlThPoDAgJUsqdom,Who Feels Love? - Remastered,24,False,20,1,2DaxqgrOhkeH0fpeiQq2f4,Oasis,4oyeJTssXAPczlWkzCDDKA,Time Flies… (1994 - 2009) [Remastered],2010,album,0.36,0.841,0,-3.874,1,0.0375,0.163,0.232,0.547,0.409,76.447,4,343680
2ApM65lZbudoYRCzRACwv7,Little By Little - Remastered,31,False,21,1,2DaxqgrOhkeH0fpeiQq2f4,Oasis,4oyeJTssXAPczlWkzCDDKA,Time Flies… (1994 - 2009) [Remastered],2010,album,0.404,0.646,2,-4.332,1,0.0278,0.0372,0.00793,0.0677,0.145,145.933,4,297760
6SjNkRh1R1Qep4RHtuVCU7,The Shock Of The Lightning - Remastered,25,False,22,1,2DaxqgrOhkeH0fpeiQq2f4,Oasis,4oyeJTssXAPczlWkzCDDKA,Time Flies… (1994 - 2009) [Remastered],2010,album,0.313,0.935,11,-2.516,0,0.096,1.54e-05,0.85,0.352,0.0379,137.019,4,303280
5onn9nYOea06U3wK8Qxstt,She Is Love - Remastered,24,False,23,1,2DaxqgrOhkeH0fpeiQq2f4,Oasis,4oyeJTssXAPczlWkzCDDKA,Time Flies… (1994 - 2009) [Remastered],2010,album,0.235,0.652,0,-5.415,1,0.0353,0.414,1.79e-06,0.0994,0.444,87.176,4,193133
6yUt7xviDHUkeELMPDySOp,Whatever - Remastered,27,False,24,1,2DaxqgrOhkeH0fpeiQq2f4,Oasis,4oyeJTssXAPczlWkzCDDKA,Time Flies… (1994 - 2009) [Remastered],2010,album,0.237,0.87,7,-4.295,1,0.0384,0.0386,0.0192,0.557,0.327,90.571,4,381520
2JudMFoOy4W5LcW7Q60TLs,I'm Outta Time - Remastered,25,False,25,1,2DaxqgrOhkeH0fpeiQq2f4,Oasis,4oyeJTssXAPczlWkzCDDKA,Time Flies… (1994 - 2009) [Remastered],2010,album,0.405,0.647,4,-4.916,0,0.0316,0.00106,0.138,0.228,0.0915,77.495,4,250120
1enQbCUtJIPNjqitTvkt5x,Falling Down - Remastered,23,False,26,1,2DaxqgrOhkeH0fpeiQq2f4,Oasis,4oyeJTssXAPczlWkzCDDKA,Time Flies… (1994 - 2009) [Remastered],2010,album,0.431,0.95,6,-3.134,0,0.059,0.000752,0.723,0.349,0.205,131.032,4,266333
7aCaHM3B0NtraKQPhXQ4e9,Acquiesce - Remastered,35,False,1,1,2DaxqgrOhkeH0fpeiQq2f4,Oasis,3TOqth4BResSHzsrnREbbh,The Masterplan (Remastered Edition),1998,album,0.199,0.94,7,-3.27,1,0.0808,0.00958,0.00097,0.43,0.195,111.915,4,265320
4gqMjApvC577Q4o58lzJh4,Underneath The Sky - Remastered,28,False,2,1,2DaxqgrOhkeH0fpeiQq2f4,Oasis,3TOqth4BResSHzsrnREbbh,The Masterplan (Remastered Edition),1998,album,0.13,0.945,11,-2.607,0,0.0695,0.00123,0.0,0.561,0.731,186.565,4,200933
2G5QaBLCzkmjPm8jzQ0d89,Talk Tonight - Remastered,31,False,3,1,2DaxqgrOhkeH0fpeiQq2f4,Oasis,3TOqth4BResSHzsrnREbbh,The Masterplan (Remastered Edition),1998,album,0.374,0.424,4,-8.423,0,0.0258,0.513,1.39e-05,0.367,0.322,85.088,4,260813
13fa8e6GNMXC08XaGkIVZ4,Going Nowhere - Remastered,27,False,4,1,2DaxqgrOhkeH0fpeiQq2f4,Oasis,3TOqth4BResSHzsrnREbbh,The Masterplan (Remastered Edition),1998,album,0.482,0.726,5,-3.707,1,0.0303,0.282,0.0,0.336,0.121,107.061,4,279587
0NVVkJNOYqrBd8vmDyv2Hw,Fade Away - Remastered,28,False,5,1,2DaxqgrOhkeH0fpeiQq2f4,Oasis,3TOqth4BResSHzsrnREbbh,The Masterplan (Remastered Edition),1998,album,0.13,0.565,9,-3.489,1,0.0505,1.26e-05,0.142,0.41,0.342,99.884,5,253280
1fnhNMhynPM4zEV8VLE8jB,The Swamp Song - Remastered,33,False,6,1,2DaxqgrOhkeH0fpeiQq2f4,Oasis,3TOqth4BResSHzsrnREbbh,The Masterplan (Remastered Edition),1998,album,0.222,0.945,7,-2.304,0,0.0654,3.37e-05,0.958,0.125,0.171,142.408,4,258987
71vIYl6DeQH8cXggFt38wN,I Am The Walrus – Live Glasgow Cathouse June '94 - Remastered,34,False,7,1,2DaxqgrOhkeH0fpeiQq2f4,Oasis,3TOqth4BResSHzsrnREbbh,The Masterplan (Remastered Edition),1998,album,0.154,0.971,10,-3.327,1,0.119,6.32e-06,0.712,0.352,0.0546,106.206,4,385293
4wTq2qIIrQ88chMPxVDZjD,Listen Up - Remastered,39,False,8,1,2DaxqgrOhkeH0fpeiQq2f4,Oasis,3TOqth4BResSHzsrnREbbh,The Masterplan (Remastered Edition),1998,album,0.228,0.875,9,-1.796,1,0.0635,0.02,0.121,0.391,0.34,100.35,4,380600
7H3KKfDcmpwV43w5PAApwQ,Rockin' Chair - Remastered,30,False,9,1,2DaxqgrOhkeH0fpeiQq2f4,Oasis,3TOqth4BResSHzsrnREbbh,The Masterplan (Remastered Edition),1998,album,0.507,0.913,9,-3.811,0,0.0352,0.000506,7.44e-06,0.0493,0.302,126.381,4,275667
7MXbO4XmyxNHmQAG7hPkuC,Half The World Away - Remastered,33,False,10,1,2DaxqgrOhkeH0fpeiQq2f4,Oasis,3TOqth4BResSHzsrnREbbh,The Masterplan (Remastered Edition),1998,album,0.339,0.462,0,-8.507,1,0.0319,0.282,0.0,0.0826,0.244,171.462,3,262107
1NoPxHPnlDg65DDdZDnPsS,(It's Good) To Be Free - Remastered,26,False,11,1,2DaxqgrOhkeH0fpeiQq2f4,Oasis,3TOqth4BResSHzsrnREbbh,The Masterplan (Remastered Edition),1998,album,0.309,0.892,4,-2.029,0,0.0512,0.00221,0.00732,0.815,0.279,97.707,3,258867
6SPvrYTP6t7hr1jX4X1zHe,Stay Young - Remastered,26,False,12,1,2DaxqgrOhkeH0fpeiQq2f4,Oasis,3TOqth4BResSHzsrnREbbh,The Masterplan (Remastered Edition),1998,album,0.376,0.981,2,-2.372,1,0.0755,0.00473,0.000535,0.338,0.202,126.007,4,305253
2RoGqH8BNL4Rk4k1WtRn9o,Headshrinker - Remastered,25,False,13,1,2DaxqgrOhkeH0fpeiQq2f4,Oasis,3TOqth4BResSHzsrnREbbh,The Masterplan (Remastered Edition),1998,album,0.194,0.873,7,-2.071,1,0.0607,0.00327,0.000345,0.41,0.241,78.859,4,277760
51ToeULBEoYc3O2iGlFcP8,The Masterplan - Remastered,34,False,14,1,2DaxqgrOhkeH0fpeiQq2f4,Oasis,3TOqth4BResSHzsrnREbbh,The Masterplan (Remastered Edition),1998,album,0.361,0.603,7,-6.271,1,0.0314,0.0145,0.000128,0.0945,0.143,147.6,4,325240
3CIRFsxoMEqRFYq2EsesqI,Acquiesce - Remastered,27,False,1,1,2DaxqgrOhkeH0fpeiQq2f4,Oasis,2kmZt6hGyzBcQIgf9jDt4i,The Masterplan (Remastered),1998,album,0.205,0.938,7,-3.257,1,0.0818,0.00923,0.000979,0.409,0.187,111.994,4,265320
023FkAqlJW5a4btHMQCcov,Underneath The Sky - Remastered,22,False,2,1,2DaxqgrOhkeH0fpeiQq2f4,Oasis,2kmZt6hGyzBcQIgf9jDt4i,The Masterplan (Remastered),1998,album,0.438,0.944,11,-2.607,0,0.0496,0.00123,0.0,0.561,0.753,124.16,4,200933
6S7IkJSAVASZfpUZZzpOBX,Talk Tonight - Remastered,24,False,3,1,2DaxqgrOhkeH0fpeiQq2f4,Oasis,2kmZt6hGyzBcQIgf9jDt4i,The Masterplan (Remastered),1998,album,0.444,0.424,4,-8.423,0,0.0255,0.511,1.21e-05,0.367,0.327,85.053,4,260813
5l61zbmr2qe3GDJN0TdgzH,Going Nowhere - Remastered,20,False,4,1,2DaxqgrOhkeH0fpeiQq2f4,Oasis,2kmZt6hGyzBcQIgf9jDt4i,The Masterplan (Remastered),1998,album,0.482,0.726,5,-3.707,1,0.0302,0.282,0.0,0.336,0.119,107.063,4,279587
00FmGaVx4QCPufpVh5lWEr,Fade Away - Remastered,22,False,5,1,2DaxqgrOhkeH0fpeiQq2f4,Oasis,2kmZt6hGyzBcQIgf9jDt4i,The Masterplan (Remastered),1998,album,0.211,0.575,2,-3.49,1,0.0463,1.2e-05,0.109,0.408,0.334,74.178,4,253280
59PAXd15QYydB7nlz08VBC,The Swamp Song - Remastered,16,False,6,1,2DaxqgrOhkeH0fpeiQq2f4,Oasis,2kmZt6hGyzBcQIgf9jDt4i,The Masterplan (Remastered),1998,album,0.188,0.944,7,-2.304,0,0.0715,3.45e-05,0.954,0.127,0.166,143.337,4,258987
4YvoESTeXPB7HY6CfCDtUJ,I Am The Walrus - Live Glasgow Cathouse June '94 - Remastered,24,False,7,1,2DaxqgrOhkeH0fpeiQq2f4,Oasis,2kmZt6hGyzBcQIgf9jDt4i,The Masterplan (Remastered),1998,album,0.154,0.971,7,-3.321,0,0.129,6.13e-06,0.744,0.351,0.0532,106.428,4,385293
0vzNmx2RqzWrYVe0gPkx3P,Listen Up - Remastered,33,False,8,1,2DaxqgrOhkeH0fpeiQq2f4,Oasis,2kmZt6hGyzBcQIgf9jDt4i,The Masterplan (Remastered),1998,album,0.242,0.874,9,-1.796,1,0.0628,0.0195,0.121,0.388,0.339,101.961,4,380600
75hKxFNot4MH6QHxp5572v,Rockin' Chair - Remastered,22,False,9,1,2DaxqgrOhkeH0fpeiQq2f4,Oasis,2kmZt6hGyzBcQIgf9jDt4i,The Masterplan (Remastered),1998,album,0.506,0.912,9,-3.812,0,0.0353,0.000543,7.19e-06,0.0491,0.306,126.383,4,275667
11kYhTKNr1wLgCzHqbLmjE,Half The World Away - Remastered,23,False,10,1,2DaxqgrOhkeH0fpeiQq2f4,Oasis,2kmZt6hGyzBcQIgf9jDt4i,The Masterplan (Remastered),1998,album,0.34,0.461,0,-8.508,1,0.0319,0.287,0.0,0.0825,0.249,171.47,3,262107
3oXgyMljx4sFtE1rs88tOD,(It's Good) To Be Free - Remastered,20,False,11,1,2DaxqgrOhkeH0fpeiQq2f4,Oasis,2kmZt6hGyzBcQIgf9jDt4i,The Masterplan (Remastered),1998,album,0.307,0.888,4,-2.037,0,0.051,0.00222,0.0072,0.824,0.279,97.982,5,258867
2ckSZEnmcXNyyboAoOx94b,Stay Young - Remastered,20,False,12,1,2DaxqgrOhkeH0fpeiQq2f4,Oasis,2kmZt6hGyzBcQIgf9jDt4i,The Masterplan (Remastered),1998,album,0.37,0.982,2,-2.365,1,0.0768,0.00486,0.000394,0.331,0.214,126.074,4,305253
0ZCJbJtXoIdp9cukRjCBZC,Headshrinker - Remastered,18,False,13,1,2DaxqgrOhkeH0fpeiQq2f4,Oasis,2kmZt6hGyzBcQIgf9jDt4i,The Masterplan (Remastered),1998,album,0.197,0.874,7,-2.071,1,0.0592,0.00302,0.000366,0.411,0.238,78.638,4,277760
2Wou4kacX3HkT22w5MJKfd,The Masterplan - Remastered,27,False,14,1,2DaxqgrOhkeH0fpeiQq2f4,Oasis,2kmZt6hGyzBcQIgf9jDt4i,The Masterplan (Remastered),1998,album,0.37,0.605,7,-6.271,1,0.0311,0.0144,0.000143,0.0943,0.144,149.092,4,325240
4upctpykXA0Sib0Y7bDHYQ,D'You Know What I Mean? (Remastered),0,False,1,1,2DaxqgrOhkeH0fpeiQq2f4,Oasis,5ng5dilD1OOQkeON0kpaxd,Be Here Now (Deluxe Edition) (Remastered),1997-08-21,album,0.298,0.862,11,-3.418,0,0.0447,0.000154,0.00101,0.114,0.228,80.103,4,463067
5AXxiMXRRzdvPi3QzRDJfq,My Big Mouth (Remastered),0,False,2,1,2DaxqgrOhkeH0fpeiQq2f4,Oasis,5ng5dilD1OOQkeON0kpaxd,Be Here Now (Deluxe Edition) (Remastered),1997-08-21,album,0.35,0.979,2,-1.936,0,0.0713,0.00303,0.00925,0.675,0.219,135.129,4,311333
7ydBeS5csoHzCnphAilIzb,Magic Pie (Remastered),0,False,3,1,2DaxqgrOhkeH0fpeiQq2f4,Oasis,5ng5dilD1OOQkeON0kpaxd,Be Here Now (Deluxe Edition) (Remastered),1997-08-21,album,0.307,0.884,0,-2.911,1,0.0551,0.229,0.0222,0.333,0.266,148.275,4,430373
19NrEarQuj37iHHzqoA7lw,Stand By Me (Remastered),0,False,4,1,2DaxqgrOhkeH0fpeiQq2f4,Oasis,5ng5dilD1OOQkeON0kpaxd,Be Here Now (Deluxe Edition) (Remastered),1997-08-21,album,0.192,0.824,7,-2.605,1,0.041,0.0854,0.00284,0.182,0.347,169.964,4,355867
1Hj5g0a1EkcIu9eEQMvW9K,"I Hope, I Think, I Know (Remastered)",0,False,5,1,2DaxqgrOhkeH0fpeiQq2f4,Oasis,5ng5dilD1OOQkeON0kpaxd,Be Here Now (Deluxe Edition) (Remastered),1997-08-21,album,0.34,0.976,2,-2.138,1,0.0553,0.00347,0.000519,0.681,0.187,137.383,4,262400
6TJYuD2BwIoOirTKgsIQOB,The Girl In The Dirty Shirt (Remastered),0,False,6,1,2DaxqgrOhkeH0fpeiQq2f4,Oasis,5ng5dilD1OOQkeON0kpaxd,Be Here Now (Deluxe Edition) (Remastered),1997-08-21,album,0.343,0.919,7,-2.582,1,0.0372,0.116,0.0,0.0649,0.356,166.336,4,349640
3QlRmpanQoFVBoL3as27Nl,Fade In-Out (Remastered),0,False,7,1,2DaxqgrOhkeH0fpeiQq2f4,Oasis,5ng5dilD1OOQkeON0kpaxd,Be Here Now (Deluxe Edition) (Remastered),1997-08-21,album,0.387,0.784,7,-4.139,1,0.0409,0.0958,0.0162,0.399,0.199,86.153,4,411360
5xF8wmqZetFj1VIvFs1cvg,Don't Go Away (Remastered),0,False,8,1,2DaxqgrOhkeH0fpeiQq2f4,Oasis,5ng5dilD1OOQkeON0kpaxd,Be Here Now (Deluxe Edition) (Remastered),1997-08-21,album,0.399,0.831,0,-4.913,1,0.0368,0.0382,9.62e-05,0.0721,0.178,81.095,4,288667
2cw5DOcvhpyIaut8AGnOYu,Be Here Now (Remastered),0,False,9,1,2DaxqgrOhkeH0fpeiQq2f4,Oasis,5ng5dilD1OOQkeON0kpaxd,Be Here Now (Deluxe Edition) (Remastered),1997-08-21,album,0.456,0.942,4,-1.944,1,0.0454,0.0653,0.468,0.493,0.322,112.204,4,312907
1B0l38spcI4BXkGJkq8ksb,All Around The World (Remastered),0,False,10,1,2DaxqgrOhkeH0fpeiQq2f4,Oasis,5ng5dilD1OOQkeON0kpaxd,Be Here Now (Deluxe Edition) (Remastered),1997-08-21,album,0.336,0.815,9,-3.138,1,0.05,0.156,0.000304,0.701,0.31,82.079,4,559200
25n7fL6hlFxcbzKaTSoGFv,It's Gettin' Better (Man!!) (Remastered),0,False,11,1,2DaxqgrOhkeH0fpeiQq2f4,Oasis,5ng5dilD1OOQkeON0kpaxd,Be Here Now (Deluxe Edition) (Remastered),1997-08-21,album,0.33,0.74,2,-1.696,1,0.0656,0.00226,0.0167,0.876,0.24,126.21,4,423373
6qSnwW4Lg6kcJGJSG5Ab23,All Around The World (Reprise) (Remastered),0,False,12,1,2DaxqgrOhkeH0fpeiQq2f4,Oasis,5ng5dilD1OOQkeON0kpaxd,Be Here Now (Deluxe Edition) (Remastered),1997-08-21,album,0.249,0.834,2,-5.134,1,0.0492,0.00317,0.803,0.404,0.213,82.682,4,127000
50PGSML6LIST6M1f9CaVCR,Stay Young (Remastered),0,False,1,2,2DaxqgrOhkeH0fpeiQq2f4,Oasis,5ng5dilD1OOQkeON0kpaxd,Be Here Now (Deluxe Edition) (Remastered),1997-08-21,album,0.381,0.98,2,-2.706,1,0.0691,0.00509,0.00079,0.338,0.223,126.053,4,308173
25eyGglpJL7lQWRcg8hEU6,The Fame (Remastered),0,False,2,2,2DaxqgrOhkeH0fpeiQq2f4,Oasis,5ng5dilD1OOQkeON0kpaxd,Be Here Now (Deluxe Edition) (Remastered),1997-08-21,album,0.359,0.936,2,-2.951,1,0.0528,5.34e-05,5.42e-05,0.489,0.481,135.041,4,275627
1eTFqjQju6QboA0USs1kP6,Flashbax (Remastered),0,False,3,2,2DaxqgrOhkeH0fpeiQq2f4,Oasis,5ng5dilD1OOQkeON0kpaxd,Be Here Now (Deluxe Edition) (Remastered),1997-08-21,album,0.42,0.825,11,-3.183,0,0.0346,0.00685,4.93e-05,0.115,0.266,128.99,4,308627
3aavpGMbqxjJ6YD3GTLZfp,(I Got) The Fever (Remastered),0,False,4,2,2DaxqgrOhkeH0fpeiQq2f4,Oasis,5ng5dilD1OOQkeON0kpaxd,Be Here Now (Deluxe Edition) (Remastered),1997-08-21,album,0.337,0.845,0,-1.991,1,0.0571,0.00431,0.00363,0.475,0.423,125.948,4,314987
71mtqP5eojU95diK2tsZTl,My Sister Lover (Remastered),0,False,5,2,2DaxqgrOhkeH0fpeiQq2f4,Oasis,5ng5dilD1OOQkeON0kpaxd,Be Here Now (Deluxe Edition) (Remastered),1997-08-21,album,0.357,0.973,4,-2.459,1,0.0615,0.0035,0.00309,0.0872,0.208,134.093,4,359413
4eWBJclzaljikzhLjhNLIG,Going Nowhere (Remastered),0,False,6,2,2DaxqgrOhkeH0fpeiQq2f4,Oasis,5ng5dilD1OOQkeON0kpaxd,Be Here Now (Deluxe Edition) (Remastered),1997-08-21,album,0.482,0.724,5,-3.705,1,0.0302,0.304,0.0,0.279,0.122,107.061,4,281800
4kSr5U6q3dpTOf4QdakWqz,D'you Know What I Mean? - Remastered,0,False,1,1,2DaxqgrOhkeH0fpeiQq2f4,Oasis,5il5wvcqfaa0zb5nhIMIQs,Be Here Now (Remastered Deluxe Version),1997-08-21,album,0.298,0.862,11,-3.418,0,0.0447,0.000154,0.00101,0.114,0.228,80.103,4,463067
0uN8pcLQ0RdY3YcVORGEqk,My Big Mouth - Remastered,0,False,2,1,2DaxqgrOhkeH0fpeiQq2f4,Oasis,5il5wvcqfaa0zb5nhIMIQs,Be Here Now (Remastered Deluxe Version),1997-08-21,album,0.35,0.979,2,-1.936,0,0.0713,0.00303,0.00925,0.675,0.219,135.129,4,311333
5nPGcq7QebCMPAKNvzST9c,Magic Pie - Remastered,0,False,3,1,2DaxqgrOhkeH0fpeiQq2f4,Oasis,5il5wvcqfaa0zb5nhIMIQs,Be Here Now (Remastered Deluxe Version),1997-08-21,album,0.307,0.884,0,-2.911,1,0.0551,0.229,0.0222,0.333,0.266,148.275,4,430373
6Al3ZmgtlsKtg0HUdCLID1,Stand by Me - Remastered,0,False,4,1,2DaxqgrOhkeH0fpeiQq2f4,Oasis,5il5wvcqfaa0zb5nhIMIQs,Be Here Now (Remastered Deluxe Version),1997-08-21,album,0.192,0.824,7,-2.605,1,0.041,0.0854,0.00284,0.182,0.347,169.964,4,355867
4a1M3GaClZwEodBHD03KWd,"I Hope, I Think, I Know - Remastered",0,False,5,1,2DaxqgrOhkeH0fpeiQq2f4,Oasis,5il5wvcqfaa0zb5nhIMIQs,Be Here Now (Remastered Deluxe Version),1997-08-21,album,0.34,0.976,2,-2.138,1,0.0553,0.00347,0.000519,0.681,0.187,137.383,4,262400
60SDC107Z5EI3RlNaDcZLg,The Girl in the Dirty Shirt - Remastered,0,False,6,1,2DaxqgrOhkeH0fpeiQq2f4,Oasis,5il5wvcqfaa0zb5nhIMIQs,Be Here Now (Remastered Deluxe Version),1997-08-21,album,0.343,0.919,7,-2.582,1,0.0372,0.116,0.0,0.0649,0.356,166.336,4,349640
6nzwEib36l70HhEFqG10Zg,Fade In-Out - Remastered,0,False,7,1,2DaxqgrOhkeH0fpeiQq2f4,Oasis,5il5wvcqfaa0zb5nhIMIQs,Be Here Now (Remastered Deluxe Version),1997-08-21,album,0.387,0.784,7,-4.139,1,0.0409,0.0958,0.0162,0.399,0.199,86.153,4,411360
0PfRdW5iXeuw1iCiCQvpPd,Don't Go Away - Remastered,0,False,8,1,2DaxqgrOhkeH0fpeiQq2f4,Oasis,5il5wvcqfaa0zb5nhIMIQs,Be Here Now (Remastered Deluxe Version),1997-08-21,album,0.399,0.831,0,-4.913,1,0.0368,0.0382,9.62e-05,0.0721,0.178,81.095,4,288667
1k7YF7pfKoLyLOrrdd4gUr,Be Here Now - Remastered,0,False,9,1,2DaxqgrOhkeH0fpeiQq2f4,Oasis,5il5wvcqfaa0zb5nhIMIQs,Be Here Now (Remastered Deluxe Version),1997-08-21,album,0.456,0.942,4,-1.944,1,0.0454,0.0653,0.468,0.493,0.322,112.204,4,312907
6CkXIbad4vZE3OjUScR7A1,All Around the World - Remastered,0,False,10,1,2DaxqgrOhkeH0fpeiQq2f4,Oasis,5il5wvcqfaa0zb5nhIMIQs,Be Here Now (Remastered Deluxe Version),1997-08-21,album,0.336,0.815,9,-3.138,1,0.05,0.156,0.000304,0.701,0.31,82.079,4,559200
5HvV1O3xhHVBH8435IXkj5,It's Gettin' Better (Man!!) - Remastered,0,False,11,1,2DaxqgrOhkeH0fpeiQq2f4,Oasis,5il5wvcqfaa0zb5nhIMIQs,Be Here Now (Remastered Deluxe Version),1997-08-21,album,0.33,0.74,2,-1.696,1,0.0656,0.00226,0.0167,0.876,0.24,126.21,4,423373
1ZHTgEZD2ytn5z4bIGCZt8,All Around the World (Reprise) - Remastered,0,False,12,1,2DaxqgrOhkeH0fpeiQq2f4,Oasis,5il5wvcqfaa0zb5nhIMIQs,Be Here Now (Remastered Deluxe Version),1997-08-21,album,0.249,0.834,2,-5.134,1,0.0492,0.00317,0.803,0.404,0.213,82.682,4,127000
1g57hNuWp12toapRwTl23k,Stay Young - Remastered,0,False,1,2,2DaxqgrOhkeH0fpeiQq2f4,Oasis,5il5wvcqfaa0zb5nhIMIQs,Be Here Now (Remastered Deluxe Version),1997-08-21,album,0.381,0.98,2,-2.706,1,0.0691,0.00509,0.00079,0.338,0.223,126.053,4,308173
6nd1AoWVmGT5XkGXlV4uZR,The Fame - Remastered,0,False,2,2,2DaxqgrOhkeH0fpeiQq2f4,Oasis,5il5wvcqfaa0zb5nhIMIQs,Be Here Now (Remastered Deluxe Version),1997-08-21,album,0.359,0.936,2,-2.951,1,0.0528,5.34e-05,5.42e-05,0.489,0.481,135.041,4,275627
40J4HXe7wShkcpCm2XSJAI,Flashbax - Remastered,0,False,3,2,2DaxqgrOhkeH0fpeiQq2f4,Oasis,5il5wvcqfaa0zb5nhIMIQs,Be Here Now (Remastered Deluxe Version),1997-08-21,album,0.42,0.825,11,-3.183,0,0.0346,0.00685,4.93e-05,0.115,0.266,128.99,4,308627
46ZsKIg9LXxO3J3aRUYNH8,(I Got) the Fever - Remastered,0,False,4,2,2DaxqgrOhkeH0fpeiQq2f4,Oasis,5il5wvcqfaa0zb5nhIMIQs,Be Here Now (Remastered Deluxe Version),1997-08-21,album,0.337,0.845,0,-1.991,1,0.0571,0.00431,0.00363,0.475,0.423,125.948,4,314987
6XmTNmfznkIRVbcIZ8W9Jr,My Sister Lover - Remastered,0,False,5,2,2DaxqgrOhkeH0fpeiQq2f4,Oasis,5il5wvcqfaa0zb5nhIMIQs,Be Here Now (Remastered Deluxe Version),1997-08-21,album,0.357,0.973,4,-2.459,1,0.0615,0.0035,0.00309,0.0872,0.208,134.093,4,359413
6WaKjCtWj7Oxuzn6ixwXy3,Going Nowhere - Remastered,0,False,6,2,2DaxqgrOhkeH0fpeiQq2f4,Oasis,5il5wvcqfaa0zb5nhIMIQs,Be Here Now (Remastered Deluxe Version),1997-08-21,album,0.482,0.724,5,-3.705,1,0.0302,0.304,0.0,0.279,0.122,107.061,4,281800
4oA4aBWI8l4VVH63yOxCP8,D'You Know What I Mean? - Remastered,19,False,1,1,2DaxqgrOhkeH0fpeiQq2f4,Oasis,0q0IOjjhk66mFdABKpTPkp,Be Here Now(Remastered)(Deluxe Edition),1997-08-21,album,0.297,0.861,11,-3.41,0,0.0448,0.000164,0.000211,0.112,0.226,80.013,4,463213
3RpvZN9hEAnpjhJ6V47r6U,My Big Mouth - Remastered,19,False,2,1,2DaxqgrOhkeH0fpeiQq2f4,Oasis,0q0IOjjhk66mFdABKpTPkp,Be Here Now(Remastered)(Deluxe Edition),1997-08-21,album,0.354,0.971,9,-1.897,0,0.0705,0.00249,0.00545,0.673,0.226,135.174,4,311333
1MI5n1a8cb73pRc1AxOEPH,Magic Pie - Remastered,19,False,3,1,2DaxqgrOhkeH0fpeiQq2f4,Oasis,0q0IOjjhk66mFdABKpTPkp,Be Here Now(Remastered)(Deluxe Edition),1997-08-21,album,0.3,0.879,0,-2.899,1,0.054,0.221,0.0332,0.262,0.258,148.323,4,430373
67utuW6vcipYBbSGhxR46b,Stand by Me - Remastered,21,False,4,1,2DaxqgrOhkeH0fpeiQq2f4,Oasis,0q0IOjjhk66mFdABKpTPkp,Be Here Now(Remastered)(Deluxe Edition),1997-08-21,album,0.197,0.821,7,-2.596,1,0.0412,0.0822,0.00301,0.259,0.35,170.015,4,355867
2rp3sxqMYoEbNBMbjY4UC2,"I Hope, I Think, I Know - Remastered",28,False,5,1,2DaxqgrOhkeH0fpeiQq2f4,Oasis,0q0IOjjhk66mFdABKpTPkp,Be Here Now(Remastered)(Deluxe Edition),1997-08-21,album,0.342,0.977,2,-2.115,1,0.0571,0.00389,0.000393,0.628,0.197,137.402,4,262400
61zWNYngAzRCfajiTl3hL2,The Girl in the Dirty Shirt - Remastered,15,False,6,1,2DaxqgrOhkeH0fpeiQq2f4,Oasis,0q0IOjjhk66mFdABKpTPkp,Be Here Now(Remastered)(Deluxe Edition),1997-08-21,album,0.344,0.911,7,-2.615,1,0.037,0.123,0.0,0.07,0.319,166.146,4,349640
2l8rZFCf99GA0pInXwSO5Q,Fade In-Out - Remastered,12,False,7,1,2DaxqgrOhkeH0fpeiQq2f4,Oasis,0q0IOjjhk66mFdABKpTPkp,Be Here Now(Remastered)(Deluxe Edition),1997-08-21,album,0.382,0.781,7,-4.122,1,0.0425,0.0901,0.0198,0.416,0.195,86.21,4,411360
7in6Ill00ROukurmsF3IQA,Don't Go Away - Remastered,20,False,8,1,2DaxqgrOhkeH0fpeiQq2f4,Oasis,0q0IOjjhk66mFdABKpTPkp,Be Here Now(Remastered)(Deluxe Edition),1997-08-21,album,0.399,0.826,0,-4.925,1,0.0369,0.0372,4.32e-05,0.0756,0.193,81.142,4,288667
7i0D4qpPZTff9QfFJYDcfD,Be Here Now - Remastered,15,False,9,1,2DaxqgrOhkeH0fpeiQq2f4,Oasis,0q0IOjjhk66mFdABKpTPkp,Be Here Now(Remastered)(Deluxe Edition),1997-08-21,album,0.46,0.944,9,-1.945,1,0.0458,0.0795,0.477,0.546,0.287,112.201,4,312907
5JNVvvof9WdzAMZ9M6b2Wk,All Around the World - Remastered,19,False,10,1,2DaxqgrOhkeH0fpeiQq2f4,Oasis,0q0IOjjhk66mFdABKpTPkp,Be Here Now(Remastered)(Deluxe Edition),1997-08-21,album,0.333,0.831,9,-3.149,1,0.0506,0.135,0.000478,0.696,0.326,82.101,4,559200
45r2cB4eQjHKnMA5TatLsh,It's Gettin' Better (Man!!) - Remastered,16,False,11,1,2DaxqgrOhkeH0fpeiQq2f4,Oasis,0q0IOjjhk66mFdABKpTPkp,Be Here Now(Remastered)(Deluxe Edition),1997-08-21,album,0.323,0.775,2,-1.693,1,0.0652,0.00203,0.0189,0.898,0.204,126.251,4,423373
5PH5U5qsgMyxC2i9d0OZtE,All Around the World (Reprise) - Remastered,10,False,12,1,2DaxqgrOhkeH0fpeiQq2f4,Oasis,0q0IOjjhk66mFdABKpTPkp,Be Here Now(Remastered)(Deluxe Edition),1997-08-21,album,0.303,0.823,2,-5.115,1,0.0499,0.00279,0.825,0.312,0.219,82.006,4,129640
3mz7rttkpxTkg3sWFp3kLR,Stay Young - Remastered,30,False,13,1,2DaxqgrOhkeH0fpeiQq2f4,Oasis,0q0IOjjhk66mFdABKpTPkp,Be Here Now(Remastered)(Deluxe Edition),1997-08-21,album,0.372,0.981,2,-2.707,1,0.0757,0.00512,0.000921,0.337,0.225,126.032,4,308173
43wZQ9gUk1zGfA3nKeKIeq,The Fame - Remastered,13,False,14,1,2DaxqgrOhkeH0fpeiQq2f4,Oasis,0q0IOjjhk66mFdABKpTPkp,Be Here Now(Remastered)(Deluxe Edition),1997-08-21,album,0.363,0.938,2,-2.938,1,0.0535,5.67e-05,3.99e-05,0.485,0.464,135.01,4,275627
4PQ2gLCnWs8AsDVk8FvGzL,Flashbax - Remastered,13,False,15,1,2DaxqgrOhkeH0fpeiQq2f4,Oasis,0q0IOjjhk66mFdABKpTPkp,Be Here Now(Remastered)(Deluxe Edition),1997-08-21,album,0.419,0.809,4,-3.283,1,0.0335,0.00712,2.94e-05,0.137,0.234,129.009,4,309413
4KYgionyPXQZyq3oieaZ1L,(I Got) The Fever - Remastered,12,False,16,1,2DaxqgrOhkeH0fpeiQq2f4,Oasis,0q0IOjjhk66mFdABKpTPkp,Be Here Now(Remastered)(Deluxe Edition),1997-08-21,album,0.335,0.858,0,-2.032,1,0.0574,0.00589,0.0145,0.408,0.403,126.054,4,315027
6uJALKoSPs0MxrVoWUBDnJ,My Sister Lover - Remastered,12,False,17,1,2DaxqgrOhkeH0fpeiQq2f4,Oasis,0q0IOjjhk66mFdABKpTPkp,Be Here Now(Remastered)(Deluxe Edition),1997-08-21,album,0.366,0.976,4,-2.468,1,0.0617,0.00313,0.00465,0.0756,0.222,134.079,4,359547
776VXNJiifekeuaLJCx2qC,Going Nowhere - Remastered,25,False,18,1,2DaxqgrOhkeH0fpeiQq2f4,Oasis,0q0IOjjhk66mFdABKpTPkp,Be Here Now(Remastered)(Deluxe Edition),1997-08-21,album,0.482,0.735,2,-3.681,0,0.0303,0.279,0.0,0.263,0.117,107.06,4,281627
3OAKOz8RT5zmOYMy27FLcc,D'You Know What I Mean? - Remastered,0,False,1,1,2DaxqgrOhkeH0fpeiQq2f4,Oasis,47tufX4vZvEaKdir822Lt8,Be Here Now [Remastered] (Deluxe Version),1997-08-21,album,0.298,0.862,11,-3.418,0,0.0447,0.000154,0.00101,0.114,0.228,80.103,4,463067
610CwG0qHmKoROAfzPMaao,My Big Mouth - Remastered,0,False,2,1,2DaxqgrOhkeH0fpeiQq2f4,Oasis,47tufX4vZvEaKdir822Lt8,Be Here Now [Remastered] (Deluxe Version),1997-08-21,album,0.35,0.979,2,-1.936,0,0.0713,0.00303,0.00925,0.675,0.219,135.129,4,311333
0zaLo3vOD80pXsEU6R3rnW,Magic Pie - Remastered,0,False,3,1,2DaxqgrOhkeH0fpeiQq2f4,Oasis,47tufX4vZvEaKdir822Lt8,Be Here Now [Remastered] (Deluxe Version),1997-08-21,album,0.305,0.884,0,-2.911,1,0.0545,0.229,0.0222,0.333,0.266,148.207,4,430373
2HwwEqZJUjU0HwshlJRVX7,Stand by Me - Remastered,0,False,4,1,2DaxqgrOhkeH0fpeiQq2f4,Oasis,47tufX4vZvEaKdir822Lt8,Be Here Now [Remastered] (Deluxe Version),1997-08-21,album,0.193,0.824,7,-2.605,1,0.041,0.0854,0.00284,0.182,0.348,169.964,4,355867
2D89tlUY9qT62Nw3DPVmsn,"I Hope, I Think, I Know - Remastered",0,False,5,1,2DaxqgrOhkeH0fpeiQq2f4,Oasis,47tufX4vZvEaKdir822Lt8,Be Here Now [Remastered] (Deluxe Version),1997-08-21,album,0.34,0.976,2,-2.149,1,0.0553,0.00347,0.000519,0.695,0.187,137.378,4,262400
4OoasARmcHQNbumtk1PVbs,The Girl in the Dirty Shirt - Remastered,0,False,6,1,2DaxqgrOhkeH0fpeiQq2f4,Oasis,47tufX4vZvEaKdir822Lt8,Be Here Now [Remastered] (Deluxe Version),1997-08-21,album,0.343,0.919,7,-2.592,1,0.0372,0.116,0.0,0.065,0.356,166.336,4,349640
1yn9rLGWG3XjssTPTv0Hn5,Fade In-Out - Remastered,0,False,7,1,2DaxqgrOhkeH0fpeiQq2f4,Oasis,47tufX4vZvEaKdir822Lt8,Be Here Now [Remastered] (Deluxe Version),1997-08-21,album,0.387,0.784,7,-4.139,1,0.0409,0.0958,0.0162,0.399,0.199,86.153,4,411360
2YzYbpV880q34ankYv4PDs,Don't Go Away - Remastered,0,False,8,1,2DaxqgrOhkeH0fpeiQq2f4,Oasis,47tufX4vZvEaKdir822Lt8,Be Here Now [Remastered] (Deluxe Version),1997-08-21,album,0.399,0.831,0,-4.913,1,0.0368,0.0382,9.62e-05,0.0721,0.178,81.095,4,288667
2FBo2n7iFtRxf97d1jroQB,Be Here Now - Remastered,0,False,9,1,2DaxqgrOhkeH0fpeiQq2f4,Oasis,47tufX4vZvEaKdir822Lt8,Be Here Now [Remastered] (Deluxe Version),1997-08-21,album,0.456,0.942,4,-1.944,1,0.0454,0.0653,0.468,0.493,0.322,112.204,4,312907
1G3YdP1PmEVL8y3VEyjeIV,All Around the World - Remastered,0,False,10,1,2DaxqgrOhkeH0fpeiQq2f4,Oasis,47tufX4vZvEaKdir822Lt8,Be Here Now [Remastered] (Deluxe Version),1997-08-21,album,0.336,0.815,9,-3.138,1,0.05,0.156,0.000304,0.701,0.31,82.079,4,559200
5u3x84uFXukoSZ37B7l17L,It's Gettin' Better (Man!!) - Remastered,0,False,11,1,2DaxqgrOhkeH0fpeiQq2f4,Oasis,47tufX4vZvEaKdir822Lt8,Be Here Now [Remastered] (Deluxe Version),1997-08-21,album,0.329,0.74,2,-1.696,1,0.0659,0.00226,0.0167,0.877,0.24,126.257,4,423373
09vfFmb9X8pIlMyBu03bCV,All Around the World (Reprise) - Remastered,0,False,12,1,2DaxqgrOhkeH0fpeiQq2f4,Oasis,47tufX4vZvEaKdir822Lt8,Be Here Now [Remastered] (Deluxe Version),1997-08-21,album,0.249,0.834,2,-5.134,1,0.0492,0.00317,0.803,0.404,0.213,82.682,4,127000
4OJB2F2OfkoNtcGjwt5lz1,Stay Young - Remastered,0,False,13,1,2DaxqgrOhkeH0fpeiQq2f4,Oasis,47tufX4vZvEaKdir822Lt8,Be Here Now [Remastered] (Deluxe Version),1997-08-21,album,0.382,0.981,2,-2.742,1,0.072,0.00519,0.000344,0.332,0.22,126.046,4,307333
429hP1eXwXgOs1uGpi8aa5,The Fame - Remastered,0,False,14,1,2DaxqgrOhkeH0fpeiQq2f4,Oasis,47tufX4vZvEaKdir822Lt8,Be Here Now [Remastered] (Deluxe Version),1997-08-21,album,0.363,0.938,2,-2.938,1,0.0535,5.67e-05,3.9e-05,0.486,0.464,135.009,4,275627
7pa8WqbW0REK8CuXUHmStt,Flashbax - Remastered,0,False,15,1,2DaxqgrOhkeH0fpeiQq2f4,Oasis,47tufX4vZvEaKdir822Lt8,Be Here Now [Remastered] (Deluxe Version),1997-08-21,album,0.419,0.817,4,-3.283,1,0.0346,0.00715,3.13e-05,0.137,0.223,129.0,4,309413
2g0WVKelSDrJDzSu31WSKw,(I Got) the Fever - Remastered,0,False,16,1,2DaxqgrOhkeH0fpeiQq2f4,Oasis,47tufX4vZvEaKdir822Lt8,Be Here Now [Remastered] (Deluxe Version),1997-08-21,album,0.357,0.859,0,-2.032,1,0.0565,0.00581,0.0153,0.408,0.413,126.009,4,315027
2CSGVhKsA40ZLcn1f0H2P3,My Sister Lover - Remastered,0,False,17,1,2DaxqgrOhkeH0fpeiQq2f4,Oasis,47tufX4vZvEaKdir822Lt8,Be Here Now [Remastered] (Deluxe Version),1997-08-21,album,0.366,0.976,4,-2.468,1,0.0616,0.00324,0.0046,0.0749,0.22,134.082,4,359547
25GnaTFtTmLB3XgTOjIL4L,Going Nowhere - Remastered,0,False,18,1,2DaxqgrOhkeH0fpeiQq2f4,Oasis,47tufX4vZvEaKdir822Lt8,Be Here Now [Remastered] (Deluxe Version),1997-08-21,album,0.482,0.732,2,-3.679,0,0.0303,0.28,0.0,0.263,0.115,107.062,4,281627
4yWTh6qETpN1Vlfg5LBHEV,D'You Know What I Mean? - Remastered,54,False,1,1,2DaxqgrOhkeH0fpeiQq2f4,Oasis,4XBCWqCXqCdN72K9SklIjy,Be Here Now (Deluxe Remastered Edition),1997,album,0.299,0.861,11,-3.418,0,0.0442,0.000154,0.000985,0.114,0.229,80.208,4,463067
2qQBPCjY7WQiqO4LEp9wsU,My Big Mouth - Remastered,42,False,2,1,2DaxqgrOhkeH0fpeiQq2f4,Oasis,4XBCWqCXqCdN72K9SklIjy,Be Here Now (Deluxe Remastered Edition),1997,album,0.355,0.979,2,-1.936,0,0.0712,0.00309,0.00925,0.675,0.219,135.172,4,311333
4B0uIsmygOfQpNSQzanJ5i,Magic Pie - Remastered,39,False,3,1,2DaxqgrOhkeH0fpeiQq2f4,Oasis,4XBCWqCXqCdN72K9SklIjy,Be Here Now (Deluxe Remastered Edition),1997,album,0.301,0.884,0,-2.912,1,0.0555,0.231,0.0222,0.333,0.263,148.244,4,430373
5WTPhYmwwojFP73O7p3Izi,Stand By Me - Remastered,64,False,4,1,2DaxqgrOhkeH0fpeiQq2f4,Oasis,4XBCWqCXqCdN72K9SklIjy,Be Here Now (Deluxe Remastered Edition),1997,album,0.194,0.825,7,-2.605,1,0.041,0.0864,0.00284,0.182,0.35,169.974,4,355867
5g4IouEbo38FZi8M1Ga4ey,"I Hope, I Think, I Know - Remastered",47,False,5,1,2DaxqgrOhkeH0fpeiQq2f4,Oasis,4XBCWqCXqCdN72K9SklIjy,Be Here Now (Deluxe Remastered Edition),1997,album,0.341,0.976,2,-2.138,1,0.0553,0.00347,0.000519,0.68,0.187,137.38,4,262400
1MkwGdfDRDpDe0y2LkHAFO,The Girl In The Dirty Shirt - Remastered,48,False,6,1,2DaxqgrOhkeH0fpeiQq2f4,Oasis,4XBCWqCXqCdN72K9SklIjy,Be Here Now (Deluxe Remastered Edition),1997,album,0.344,0.919,7,-2.582,1,0.0371,0.116,0.0,0.0649,0.354,166.314,4,349640
0c96CIl2IQFsVl0AzbUbHe,Fade In-Out - Remastered,38,False,7,1,2DaxqgrOhkeH0fpeiQq2f4,Oasis,4XBCWqCXqCdN72K9SklIjy,Be Here Now (Deluxe Remastered Edition),1997,album,0.389,0.784,7,-4.135,1,0.0417,0.0979,0.0171,0.399,0.188,86.106,4,411360
1Z5Uc9jMuuVQxtRZTforfX,Don't Go Away - Remastered,56,False,8,1,2DaxqgrOhkeH0fpeiQq2f4,Oasis,4XBCWqCXqCdN72K9SklIjy,Be Here Now (Deluxe Remastered Edition),1997,album,0.396,0.831,0,-4.913,1,0.0359,0.0382,9.62e-05,0.0721,0.18,81.175,4,288667
1WKQuEgQnvvgVxj5B7ptwl,Be Here Now - Remastered,45,False,9,1,2DaxqgrOhkeH0fpeiQq2f4,Oasis,4XBCWqCXqCdN72K9SklIjy,Be Here Now (Deluxe Remastered Edition),1997,album,0.456,0.942,4,-1.944,1,0.0455,0.0653,0.472,0.493,0.322,112.194,4,312907
6ZYgoD3c2aE4dD3yVFWV51,All Around The World - Remastered,53,False,10,1,2DaxqgrOhkeH0fpeiQq2f4,Oasis,4XBCWqCXqCdN72K9SklIjy,Be Here Now (Deluxe Remastered Edition),1997,album,0.33,0.814,9,-3.138,1,0.0506,0.155,0.000291,0.701,0.297,82.131,4,559200
3LcgZ7avwVSoPT32t3i5xj,It's Gettin' Better (Man!!) - Remastered,38,False,11,1,2DaxqgrOhkeH0fpeiQq2f4,Oasis,4XBCWqCXqCdN72K9SklIjy,Be Here Now (Deluxe Remastered Edition),1997,album,0.328,0.74,2,-1.696,1,0.0658,0.00226,0.0183,0.877,0.24,126.208,4,423373
1bz5iB3C8h11Vtu6gkIxTA,All Around The World (Reprise) - Remastered,30,False,12,1,2DaxqgrOhkeH0fpeiQq2f4,Oasis,4XBCWqCXqCdN72K9SklIjy,Be Here Now (Deluxe Remastered Edition),1997,album,0.294,0.835,2,-5.134,1,0.0489,0.00317,0.803,0.404,0.214,82.548,4,127000
41nttXLEzPouvKuXRbjDyq,Stay Young - Remastered,47,False,1,2,2DaxqgrOhkeH0fpeiQq2f4,Oasis,4XBCWqCXqCdN72K9SklIjy,Be Here Now (Deluxe Remastered Edition),1997,album,0.381,0.98,2,-2.742,1,0.0719,0.00519,0.000319,0.332,0.216,126.057,4,307333
1PZ1LfXVWVcxiBtiurrNqO,The Fame - Remastered,33,False,2,2,2DaxqgrOhkeH0fpeiQq2f4,Oasis,4XBCWqCXqCdN72K9SklIjy,Be Here Now (Deluxe Remastered Edition),1997,album,0.363,0.938,2,-2.938,1,0.0535,5.67e-05,3.99e-05,0.485,0.464,135.01,4,275627
1QDSFhhoSjypzk7B4OY7Pt,Flashbax - Remastered,33,False,3,2,2DaxqgrOhkeH0fpeiQq2f4,Oasis,4XBCWqCXqCdN72K9SklIjy,Be Here Now (Deluxe Remastered Edition),1997,album,0.419,0.809,4,-3.283,1,0.0335,0.00712,2.94e-05,0.137,0.234,129.009,4,309413
11h2ewnVy9bnHOSpQ6Lrhy,(I Got) The Fever - Remastered,32,False,4,2,2DaxqgrOhkeH0fpeiQq2f4,Oasis,4XBCWqCXqCdN72K9SklIjy,Be Here Now (Deluxe Remastered Edition),1997,album,0.335,0.858,0,-2.032,1,0.0574,0.00589,0.0145,0.408,0.403,126.054,4,315027
2nKFsyTcumVM0DMMGeLqmw,My Sister Lover - Remastered,33,False,5,2,2DaxqgrOhkeH0fpeiQq2f4,Oasis,4XBCWqCXqCdN72K9SklIjy,Be Here Now (Deluxe Remastered Edition),1997,album,0.366,0.976,4,-2.468,1,0.0617,0.00313,0.00465,0.0756,0.222,134.081,4,359547
5x6VIBZmKfpC7fNvPYSriZ,Going Nowhere - Remastered,40,False,6,2,2DaxqgrOhkeH0fpeiQq2f4,Oasis,4XBCWqCXqCdN72K9SklIjy,Be Here Now (Deluxe Remastered Edition),1997,album,0.482,0.735,2,-3.681,0,0.0303,0.279,0.0,0.263,0.117,107.06,4,281627
3Q5Vbe9zkbxRdI9gWCPKNY,D'You Know What I Mean? - Remastered,0,False,1,1,2DaxqgrOhkeH0fpeiQq2f4,Oasis,1LLKcHLFv4hgL4wNM7os1I,Be Here Now (Remastered),1997,album,0.283,0.837,11,-4.278,0,0.0439,0.000147,0.000512,0.11,0.23,80.312,4,463213
57YzjGgJeNxsd2KRtWJvyD,My Big Mouth - Remastered,0,False,2,1,2DaxqgrOhkeH0fpeiQq2f4,Oasis,1LLKcHLFv4hgL4wNM7os1I,Be Here Now (Remastered),1997,album,0.356,0.964,2,-2.767,0,0.0697,0.00305,0.00321,0.672,0.235,135.178,4,311333
5LSCufxrJLgBBjUsUFn44Q,Magic Pie - Remastered,0,False,3,1,2DaxqgrOhkeH0fpeiQq2f4,Oasis,1LLKcHLFv4hgL4wNM7os1I,Be Here Now (Remastered),1997,album,0.289,0.866,0,-3.739,1,0.0544,0.207,0.039,0.25,0.268,148.325,4,430373
1je9Jo3j5AxNwEMsJxi2XV,Stand By Me - Remastered,0,False,4,1,2DaxqgrOhkeH0fpeiQq2f4,Oasis,1LLKcHLFv4hgL4wNM7os1I,Be Here Now (Remastered),1997,album,0.195,0.806,7,-3.448,1,0.0414,0.0771,0.0024,0.258,0.362,170.156,4,355867
0UXk9kwhzMpvPeEKbcmhJs,"I Hope, I Think, I Know - Remastered",0,False,5,1,2DaxqgrOhkeH0fpeiQq2f4,Oasis,1LLKcHLFv4hgL4wNM7os1I,Be Here Now (Remastered),1997,album,0.344,0.971,2,-2.999,1,0.057,0.0036,0.000337,0.608,0.175,137.297,4,262400
6c12ZFsyUqzLPgmTepaJhH,The Girl In The Dirty Shirt - Remastered,0,False,6,1,2DaxqgrOhkeH0fpeiQq2f4,Oasis,1LLKcHLFv4hgL4wNM7os1I,Be Here Now (Remastered),1997,album,0.34,0.898,7,-3.479,1,0.0368,0.12,0.0,0.0703,0.334,166.123,4,349640
6wKwuMLJW0seHh3CwcsrNO,Fade In-Out - Remastered,0,False,7,1,2DaxqgrOhkeH0fpeiQq2f4,Oasis,1LLKcHLFv4hgL4wNM7os1I,Be Here Now (Remastered),1997,album,0.389,0.753,7,-4.989,1,0.0407,0.105,0.0304,0.411,0.212,86.172,4,411360
1E4fvvlenBvOWhYoLjmjk8,Don't Go Away - Remastered,0,False,8,1,2DaxqgrOhkeH0fpeiQq2f4,Oasis,1LLKcHLFv4hgL4wNM7os1I,Be Here Now (Remastered),1997,album,0.4,0.803,0,-5.771,1,0.0353,0.0392,2.49e-05,0.0754,0.197,81.154,4,288667
0YiUhg9t9XZde5IilDHpFp,Be Here Now - Remastered,0,False,9,1,2DaxqgrOhkeH0fpeiQq2f4,Oasis,1LLKcHLFv4hgL4wNM7os1I,Be Here Now (Remastered),1997,album,0.458,0.933,4,-2.811,1,0.0458,0.0764,0.362,0.573,0.293,112.198,4,312907
7yGh3YQg39650ASo1fQd79,All Around The World - Remastered,0,False,10,1,2DaxqgrOhkeH0fpeiQq2f4,Oasis,1LLKcHLFv4hgL4wNM7os1I,Be Here Now (Remastered),1997,album,0.334,0.805,9,-3.99,1,0.0485,0.138,0.000552,0.699,0.312,82.226,4,559200
1T0V5npcSsZo87iPG9ZUY4,It's Gettin' Better (Man!!) - Remastered,0,False,11,1,2DaxqgrOhkeH0fpeiQq2f4,Oasis,1LLKcHLFv4hgL4wNM7os1I,Be Here Now (Remastered),1997,album,0.337,0.747,2,-2.542,1,0.0642,0.00176,0.0515,0.871,0.219,126.303,4,423373
2P4CcpNIOKpQKB0dZsRw0l,All Around The World - Reprise Remastered,0,False,12,1,2DaxqgrOhkeH0fpeiQq2f4,Oasis,1LLKcHLFv4hgL4wNM7os1I,Be Here Now (Remastered),1997,album,0.211,0.813,2,-6.031,1,0.0521,0.00285,0.767,0.379,0.247,81.975,4,126853
3TOVGFeYje7WQJLeOuXFuo,D'You Know What I Mean? - Remastered,0,False,1,1,2DaxqgrOhkeH0fpeiQq2f4,Oasis,1DaEfg5HtFctoJ00lONeXy,Be Here Now (Remastered) [Deluxe Version],1997,album,0.298,0.862,11,-3.418,0,0.0447,0.000154,0.00101,0.114,0.228,80.103,4,463067
1csLNQUyuhEPFiP1Qvjk9b,My Big Mouth - Remastered,0,False,2,1,2DaxqgrOhkeH0fpeiQq2f4,Oasis,1DaEfg5HtFctoJ00lONeXy,Be Here Now (Remastered) [Deluxe Version],1997,album,0.35,0.979,2,-1.936,0,0.0713,0.00303,0.00925,0.675,0.219,135.129,4,311333
0M5524PkiXfdABHaexa2m3,Magic Pie - Remastered,0,False,3,1,2DaxqgrOhkeH0fpeiQq2f4,Oasis,1DaEfg5HtFctoJ00lONeXy,Be Here Now (Remastered) [Deluxe Version],1997,album,0.307,0.884,0,-2.911,1,0.0551,0.229,0.0222,0.333,0.266,148.275,4,430373
7yVlHDX4cuC1Me2aNebqy8,Stand by Me - Remastered,0,False,4,1,2DaxqgrOhkeH0fpeiQq2f4,Oasis,1DaEfg5HtFctoJ00lONeXy,Be Here Now (Remastered) [Deluxe Version],1997,album,0.192,0.824,7,-2.605,1,0.041,0.0854,0.00284,0.182,0.347,169.964,4,355867
1Z4htbxAe3VYwIAHfx429B,"I Hope, I Think, I Know - Remastered",0,False,5,1,2DaxqgrOhkeH0fpeiQq2f4,Oasis,1DaEfg5HtFctoJ00lONeXy,Be Here Now (Remastered) [Deluxe Version],1997,album,0.34,0.976,2,-2.138,1,0.0553,0.00347,0.000519,0.681,0.187,137.383,4,262400
3UD83VdQvL6AietDDXDepc,The Girl in the Dirty Shirt - Remastered,0,False,6,1,2DaxqgrOhkeH0fpeiQq2f4,Oasis,1DaEfg5HtFctoJ00lONeXy,Be Here Now (Remastered) [Deluxe Version],1997,album,0.343,0.919,7,-2.582,1,0.0372,0.116,0.0,0.0649,0.356,166.336,4,349640
6to5aCyxZtCSkVSnbMxB7L,Fade In-Out - Remastered,0,False,7,1,2DaxqgrOhkeH0fpeiQq2f4,Oasis,1DaEfg5HtFctoJ00lONeXy,Be Here Now (Remastered) [Deluxe Version],1997,album,0.387,0.784,7,-4.139,1,0.0409,0.0958,0.0162,0.399,0.199,86.153,4,411360
3s19GmxXuJ46U6YCiymnnR,Don't Go Away - Remastered,0,False,8,1,2DaxqgrOhkeH0fpeiQq2f4,Oasis,1DaEfg5HtFctoJ00lONeXy,Be Here Now (Remastered) [Deluxe Version],1997,album,0.399,0.831,0,-4.913,1,0.0368,0.0382,9.62e-05,0.0721,0.178,81.095,4,288667
4Zwx2fYFKbyreIPwsAvmfy,Be Here Now - Remastered,0,False,9,1,2DaxqgrOhkeH0fpeiQq2f4,Oasis,1DaEfg5HtFctoJ00lONeXy,Be Here Now (Remastered) [Deluxe Version],1997,album,0.456,0.942,4,-1.944,1,0.0454,0.0653,0.468,0.493,0.322,112.204,4,312907
7MBs0uCduM0Xd1H8DuMmuV,All Around the World - Remastered,0,False,10,1,2DaxqgrOhkeH0fpeiQq2f4,Oasis,1DaEfg5HtFctoJ00lONeXy,Be Here Now (Remastered) [Deluxe Version],1997,album,0.336,0.815,9,-3.138,1,0.05,0.156,0.000304,0.701,0.31,82.079,4,559200
4zQSnX5yoeWB8ku3xvfo84,It's Gettin' Better (Man!!) - Remastered,0,False,11,1,2DaxqgrOhkeH0fpeiQq2f4,Oasis,1DaEfg5HtFctoJ00lONeXy,Be Here Now (Remastered) [Deluxe Version],1997,album,0.33,0.74,2,-1.696,1,0.0656,0.00226,0.0167,0.876,0.24,126.21,4,423373
1QGo1t3I9mxMRvHOSqsTmj,All Around the World (Reprise) - Remastered,0,False,12,1,2DaxqgrOhkeH0fpeiQq2f4,Oasis,1DaEfg5HtFctoJ00lONeXy,Be Here Now (Remastered) [Deluxe Version],1997,album,0.249,0.834,2,-5.134,1,0.0492,0.00317,0.803,0.404,0.213,82.682,4,127000
2D6f6MzTGxR9swd70cAvFx,Stay Young - Remastered,0,False,1,2,2DaxqgrOhkeH0fpeiQq2f4,Oasis,1DaEfg5HtFctoJ00lONeXy,Be Here Now (Remastered) [Deluxe Version],1997,album,0.382,0.981,2,-2.742,1,0.072,0.00519,0.000344,0.332,0.22,126.046,4,307333
1xMS4Ut5uySC6XBgIFkCcn,The Fame - Remastered,0,False,2,2,2DaxqgrOhkeH0fpeiQq2f4,Oasis,1DaEfg5HtFctoJ00lONeXy,Be Here Now (Remastered) [Deluxe Version],1997,album,0.363,0.938,2,-2.938,1,0.0535,5.67e-05,3.9e-05,0.486,0.464,135.01,4,275627
2lYE1AFiUg2GTbckrWD1UM,Flashbax - Remastered,0,False,3,2,2DaxqgrOhkeH0fpeiQq2f4,Oasis,1DaEfg5HtFctoJ00lONeXy,Be Here Now (Remastered) [Deluxe Version],1997,album,0.419,0.817,4,-3.283,1,0.0346,0.00715,3.13e-05,0.137,0.223,129.002,4,309413
7hCpNWMPXOuqcQECHIDawO,(I Got) the Fever - Remastered,0,False,4,2,2DaxqgrOhkeH0fpeiQq2f4,Oasis,1DaEfg5HtFctoJ00lONeXy,Be Here Now (Remastered) [Deluxe Version],1997,album,0.357,0.859,0,-2.032,1,0.0565,0.00581,0.0153,0.408,0.413,126.009,4,315027
5BeSaaDyZPo6MSisVLVLcz,My Sister Lover - Remastered,0,False,5,2,2DaxqgrOhkeH0fpeiQq2f4,Oasis,1DaEfg5HtFctoJ00lONeXy,Be Here Now (Remastered) [Deluxe Version],1997,album,0.366,0.976,4,-2.468,1,0.0617,0.00324,0.0046,0.0751,0.219,134.082,4,359547
7lHizSwM4q2Suh0ZeYurYQ,Going Nowhere - Remastered,0,False,6,2,2DaxqgrOhkeH0fpeiQq2f4,Oasis,1DaEfg5HtFctoJ00lONeXy,Be Here Now (Remastered) [Deluxe Version],1997,album,0.482,0.732,2,-3.679,0,0.0303,0.28,0.0,0.263,0.115,107.062,4,281627
04p5vze2S7VA5YVDa5ELhY,Hello (Remastered),0,False,1,1,2DaxqgrOhkeH0fpeiQq2f4,Oasis,6ozp33PI3p9AdddB6ZL3xQ,(What's The Story) Morning Glory? (Deluxe Edition) [Remastered],1995-10-02,album,0.35,0.95,9,-3.19,0,0.09,0.01,0.02,0.16,0.06,132.2,4,203000
1708RCFvQZ88B2IiSTHz23,Roll With It (Remastered),0,False,2,1,2DaxqgrOhkeH0fpeiQq2f4,Oasis,6ozp33PI3p9AdddB6ZL3xQ,(What's The Story) Morning Glory? (Deluxe Edition) [Remastered],1995-10-02,album,0.22,0.99,9,-1.91,0,0.1,0.03,0.0,0.11,0.14,126.61,4,239000
5wj4E6IsrVtn8IBJQOd0Cl,Wonderwall (Remastered),3,False,3,1,2DaxqgrOhkeH0fpeiQq2f4,Oasis,6ozp33PI3p9AdddB6ZL3xQ,(What's The Story) Morning Glory? (Deluxe Edition) [Remastered],1995-10-02,album,0.38,0.9,2,-4.07,1,0.04,0.0,0.0,0.19,0.47,174.3,4,261000
7CVYxHq1L0Z4G84jTDS6Jl,Don't Look Back In Anger (Remastered),1,False,4,1,2DaxqgrOhkeH0fpeiQq2f4,Oasis,6ozp33PI3p9AdddB6ZL3xQ,(What's The Story) Morning Glory? (Deluxe Edition) [Remastered],1995-10-02,album,0.33,0.94,0,-3.25,1,0.06,0.07,0.0,0.17,0.31,162.97,4,287000
7BxJV1b3XFgB7Q2Q0Pnc20,Hey Now! (Remastered),0,False,5,1,2DaxqgrOhkeH0fpeiQq2f4,Oasis,6ozp33PI3p9AdddB6ZL3xQ,(What's The Story) Morning Glory? (Deluxe Edition) [Remastered],1995-10-02,album,0.15,0.94,11,-2.46,0,0.06,0.0,0.0,0.31,0.2,202.34,4,341000
2emzZecCxUJ9cAqUNDqxyp,[Untitled] (Remastered),0,False,6,1,2DaxqgrOhkeH0fpeiQq2f4,Oasis,6ozp33PI3p9AdddB6ZL3xQ,(What's The Story) Morning Glory? (Deluxe Edition) [Remastered],1995-10-02,album,0.28,0.7,10,-6.62,1,0.05,0.0,0.78,0.27,0.21,142.9,4,44000
69R0w4lQDO7AFx7D2ytRcV,Some Might Say (Remastered),0,False,7,1,2DaxqgrOhkeH0fpeiQq2f4,Oasis,6ozp33PI3p9AdddB6ZL3xQ,(What's The Story) Morning Glory? (Deluxe Edition) [Remastered],1995-10-02,album,0.26,0.93,0,-2.28,0,0.09,0.17,0.01,0.29,0.07,110.16,4,327000
0oNV92qSXllBuvur2LXKqN,Cast No Shadow (Remastered),0,False,8,1,2DaxqgrOhkeH0fpeiQq2f4,Oasis,6ozp33PI3p9AdddB6ZL3xQ,(What's The Story) Morning Glory? (Deluxe Edition) [Remastered],1995-10-02,album,0.42,0.85,7,-4.3,1,0.03,0.0,0.0,0.17,0.61,158.35,4,294000
5hDBfsFoLFkIXt9xDi3th4,She's Electric (Remastered),0,False,9,1,2DaxqgrOhkeH0fpeiQq2f4,Oasis,6ozp33PI3p9AdddB6ZL3xQ,(What's The Story) Morning Glory? (Deluxe Edition) [Remastered],1995-10-02,album,0.49,0.91,9,-3.48,1,0.05,0.16,0.0,0.3,0.51,125.42,4,220000
5AMgAzHqrO8cUGoYGr1CHb,Morning Glory (Remastered),0,False,10,1,2DaxqgrOhkeH0fpeiQq2f4,Oasis,6ozp33PI3p9AdddB6ZL3xQ,(What's The Story) Morning Glory? (Deluxe Edition) [Remastered],1995-10-02,album,0.33,0.98,0,-3.05,1,0.09,0.06,0.0,0.52,0.1,136.99,4,303000
2j2xdbv60inxi5rqmL5YFi,[Untitled] (Remastered),0,False,11,1,2DaxqgrOhkeH0fpeiQq2f4,Oasis,6ozp33PI3p9AdddB6ZL3xQ,(What's The Story) Morning Glory? (Deluxe Edition) [Remastered],1995-10-02,album,0.25,0.99,2,-14.39,1,0.08,0.76,0.66,0.55,0.02,60.64,4,40000
40bynawzslg9U7ACq07fAj,Champagne Supernova (Remastered),0,False,12,1,2DaxqgrOhkeH0fpeiQq2f4,Oasis,6ozp33PI3p9AdddB6ZL3xQ,(What's The Story) Morning Glory? (Deluxe Edition) [Remastered],1995-10-02,album,0.29,0.82,2,-3.79,1,0.04,0.46,0.05,0.36,0.14,150.25,4,450000
3C5s5kckS2pGDy1Y2y3jIo,Talk Tonight (Remastered),0,False,1,2,2DaxqgrOhkeH0fpeiQq2f4,Oasis,6ozp33PI3p9AdddB6ZL3xQ,(What's The Story) Morning Glory? (Deluxe Edition) [Remastered],1995-10-02,album,0.39,0.43,4,-8.41,0,0.02,0.52,0.0,0.37,0.32,84.51,4,263000
5mhZxnrzzXVNJiy24hLeNj,Acquiesce (Remastered),0,False,2,2,2DaxqgrOhkeH0fpeiQq2f4,Oasis,6ozp33PI3p9AdddB6ZL3xQ,(What's The Story) Morning Glory? (Deluxe Edition) [Remastered],1995-10-02,album,0.18,0.93,7,-3.37,1,0.08,0.01,0.0,0.33,0.18,112.45,4,267000
5wjard3xQTfxbKt7ea1JZ2,Headshrinker (Remastered),0,False,3,2,2DaxqgrOhkeH0fpeiQq2f4,Oasis,6ozp33PI3p9AdddB6ZL3xQ,(What's The Story) Morning Glory? (Deluxe Edition) [Remastered],1995-10-02,album,0.22,0.84,7,-1.95,1,0.06,0.0,0.0,0.38,0.25,79.02,4,281000
6kgPnkEdcvJWiK3GDyxjvk,It's Better People (Remastered),0,False,4,2,2DaxqgrOhkeH0fpeiQq2f4,Oasis,6ozp33PI3p9AdddB6ZL3xQ,(What's The Story) Morning Glory? (Deluxe Edition) [Remastered],1995-10-02,album,0.47,0.8,4,-6.31,1,0.03,0.0,0.0,0.1,0.87,101.32,4,240000
3SwtULGTHB0N6DkkeGYtEP,Rockin' Chair (Remastered),0,False,5,2,2DaxqgrOhkeH0fpeiQq2f4,Oasis,6ozp33PI3p9AdddB6ZL3xQ,(What's The Story) Morning Glory? (Deluxe Edition) [Remastered],1995-10-02,album,0.51,0.9,9,-4.24,0,0.04,0.0,0.0,0.04,0.32,126.4,4,279000
1PlFyYNf55zFVmyLKUn7iG,Step Out (Remastered),0,False,6,2,2DaxqgrOhkeH0fpeiQq2f4,Oasis,6ozp33PI3p9AdddB6ZL3xQ,(What's The Story) Morning Glory? (Deluxe Edition) [Remastered],1995-10-02,album,0.33,0.98,7,-2.01,1,0.08,0.01,0.01,0.35,0.17,139.59,4,224000
0HJFV2IvRfxuMiUGnCR7Ra,Underneath the Sky (Remastered),0,False,7,2,2DaxqgrOhkeH0fpeiQq2f4,Oasis,6ozp33PI3p9AdddB6ZL3xQ,(What's The Story) Morning Glory? (Deluxe Edition) [Remastered],1995-10-02,album,0.44,0.95,11,-2.36,0,0.05,0.0,0.0,0.36,0.72,124.13,4,204000
7L5K98q1TNiB9J2XqhPdJJ,Cum On Feel the Noize (Remastered),0,False,8,2,2DaxqgrOhkeH0fpeiQq2f4,Oasis,6ozp33PI3p9AdddB6ZL3xQ,(What's The Story) Morning Glory? (Deluxe Edition) [Remastered],1995-10-02,album,0.37,0.89,0,-1.72,1,0.05,0.0,0.3,0.37,0.54,133.12,4,312000
1L2yTRFJ8yT4Zp1n7WPprc,Round Are Way (Remastered),0,False,9,2,2DaxqgrOhkeH0fpeiQq2f4,Oasis,6ozp33PI3p9AdddB6ZL3xQ,(What's The Story) Morning Glory? (Deluxe Edition) [Remastered],1995-10-02,album,0.32,0.91,0,-2.21,1,0.04,0.0,0.0,0.08,0.38,137.95,4,344000
31XHVRenFhtnXDx5Wq9b8u,The Swamp Song (Remastered),0,False,10,2,2DaxqgrOhkeH0fpeiQq2f4,Oasis,6ozp33PI3p9AdddB6ZL3xQ,(What's The Story) Morning Glory? (Deluxe Edition) [Remastered],1995-10-02,album,0.24,0.93,7,-3.07,0,0.06,0.0,0.94,0.11,0.19,142.83,4,262000
3BFKNc9YZltqCYn7eSST4h,The Masterplan (Remastered),0,False,11,2,2DaxqgrOhkeH0fpeiQq2f4,Oasis,6ozp33PI3p9AdddB6ZL3xQ,(What's The Story) Morning Glory? (Deluxe Edition) [Remastered],1995-10-02,album,0.42,0.6,7,-6.82,1,0.03,0.01,0.0,0.07,0.16,73.96,4,325000
7ytT7YUeNBKYdqaRzBE8wc,Bonehead's Bank Holiday (Remastered),0,False,12,2,2DaxqgrOhkeH0fpeiQq2f4,Oasis,6ozp33PI3p9AdddB6ZL3xQ,(What's The Story) Morning Glory? (Deluxe Edition) [Remastered],1995-10-02,album,0.33,0.81,7,-4.16,1,0.12,0.29,0.0,0.37,0.53,166.11,4,242000
3gc4xaxyEyY1mUb5sdmGHq,Champagne Supernova (Brendan Lynch Mix) (Remastered),0,False,13,2,2DaxqgrOhkeH0fpeiQq2f4,Oasis,6ozp33PI3p9AdddB6ZL3xQ,(What's The Story) Morning Glory? (Deluxe Edition) [Remastered],1995-10-02,album,0.48,0.78,2,-6.09,1,0.03,0.02,0.0,0.1,0.43,150.65,4,417000
0itu31djtjC1q8NDIWrrn1,You've Got to Hide Your Love Away (Remastered),0,False,14,2,2DaxqgrOhkeH0fpeiQq2f4,Oasis,6ozp33PI3p9AdddB6ZL3xQ,(What's The Story) Morning Glory? (Deluxe Edition) [Remastered],1995-10-02,album,0.27,0.67,7,-5.62,1,0.03,0.1,0.0,0.37,0.7,62.54,4,137000
5a2qdN5cb1RejG4INm6jV2,Hello - Remastered,0,False,1,1,2DaxqgrOhkeH0fpeiQq2f4,Oasis,4okKcGkaoWYRgu9wBYjg8u,(What's the Story) Morning Glory? [Remastered Deluxe Edition],1995-10-02,album,0.347,0.95,9,-3.179,0,0.0927,0.0148,0.0735,0.148,0.0571,132.228,4,202348
5Z6tS5ILnpPxqcOvRA8ldi,Roll With It - Remastered,0,False,2,1,2DaxqgrOhkeH0fpeiQq2f4,Oasis,4okKcGkaoWYRgu9wBYjg8u,(What's the Story) Morning Glory? [Remastered Deluxe Edition],1995-10-02,album,0.234,0.983,0,-1.861,1,0.0972,0.0311,0.00025,0.0299,0.137,126.675,4,240134
1FxxVZBOnN1Z0bAG9bC2Pg,Wonderwall - Remastered,0,False,3,1,2DaxqgrOhkeH0fpeiQq2f4,Oasis,4okKcGkaoWYRgu9wBYjg8u,(What's the Story) Morning Glory? [Remastered Deluxe Edition],1995-10-02,album,0.477,0.883,2,-4.074,1,0.0348,0.000477,0.0,0.32,0.503,87.136,4,258734
6G3MGBExSIv8aFtzzA1wex,Don't Look Back in Anger - Remastered,0,False,4,1,2DaxqgrOhkeH0fpeiQq2f4,Oasis,4okKcGkaoWYRgu9wBYjg8u,(What's the Story) Morning Glory? [Remastered Deluxe Edition],1995-10-02,album,0.333,0.939,0,-3.238,1,0.0626,0.0687,1.52e-06,0.127,0.311,162.977,4,289561
3lbhgEjNo9hfOAKdJaAArr,Hey Now! - Remastered,0,False,5,1,2DaxqgrOhkeH0fpeiQq2f4,Oasis,4okKcGkaoWYRgu9wBYjg8u,(What's the Story) Morning Glory? [Remastered Deluxe Edition],1995-10-02,album,0.146,0.942,2,-2.437,1,0.0626,0.00025,0.0016,0.317,0.226,202.247,4,341748
2GO3EslyJxvhd8p4EC4rIY,(Untitled) - Remastered,0,False,6,1,2DaxqgrOhkeH0fpeiQq2f4,Oasis,4okKcGkaoWYRgu9wBYjg8u,(What's the Story) Morning Glory? [Remastered Deluxe Edition],1995-10-02,album,0.291,0.706,10,-5.678,1,0.0496,4.75e-05,0.849,0.241,0.156,142.954,4,44788
46hdZDyv4eaYeTOeg5u1lu,Some Might Say - Remastered,0,False,7,1,2DaxqgrOhkeH0fpeiQq2f4,Oasis,4okKcGkaoWYRgu9wBYjg8u,(What's the Story) Morning Glory? [Remastered Deluxe Edition],1995-10-02,album,0.266,0.94,0,-2.244,0,0.0885,0.161,0.0174,0.27,0.0691,110.133,4,327841
6J35WGztngqZtZgexu6lZI,Cast No Shadow - Remastered,0,False,8,1,2DaxqgrOhkeH0fpeiQq2f4,Oasis,4okKcGkaoWYRgu9wBYjg8u,(What's the Story) Morning Glory? [Remastered Deluxe Edition],1995-10-02,album,0.419,0.835,7,-4.304,1,0.0285,0.00176,0.0,0.151,0.642,158.381,4,294894
3wBBmi9yOLmGddeLU4byLn,She's Electric - Remastered,0,False,9,1,2DaxqgrOhkeH0fpeiQq2f4,Oasis,4okKcGkaoWYRgu9wBYjg8u,(What's the Story) Morning Glory? [Remastered Deluxe Edition],1995-10-02,album,0.489,0.915,9,-3.448,1,0.0483,0.168,0.0,0.632,0.5,125.443,4,219801
3bC5GGxWAcdrvWwOAtmbHJ,Morning Glory - Remastered,0,False,10,1,2DaxqgrOhkeH0fpeiQq2f4,Oasis,4okKcGkaoWYRgu9wBYjg8u,(What's the Story) Morning Glory? [Remastered Deluxe Edition],1995-10-02,album,0.334,0.983,0,-3.165,1,0.0862,0.0575,3.59e-05,0.438,0.101,136.934,4,304281
2aZAlamIg7VRhvJxaF5iiJ,Untitled - Remastered,0,False,11,1,2DaxqgrOhkeH0fpeiQq2f4,Oasis,4okKcGkaoWYRgu9wBYjg8u,(What's the Story) Morning Glory? [Remastered Deluxe Edition],1995-10-02,album,0.156,0.992,5,-13.225,1,0.0801,0.828,0.897,0.689,0.0213,132.893,4,40241
1Blj0P1xOzyasXdyoWToZ8,Champagne Supernova - Remastered,0,False,12,1,2DaxqgrOhkeH0fpeiQq2f4,Oasis,4okKcGkaoWYRgu9wBYjg8u,(What's the Story) Morning Glory? [Remastered Deluxe Edition],1995-10-02,album,0.289,0.82,2,-3.794,1,0.0393,0.479,0.0573,0.362,0.113,150.18,4,448439
6zLD6Cx1xvZSLSuSYi1h4M,Talk Tonight - Remastered,0,False,1,2,2DaxqgrOhkeH0fpeiQq2f4,Oasis,4okKcGkaoWYRgu9wBYjg8u,(What's the Story) Morning Glory? [Remastered Deluxe Edition],1995-10-02,album,0.457,0.433,4,-8.393,0,0.0251,0.499,1.33e-05,0.37,0.332,84.744,4,262747
5YdWO3bUt39h9ccLpKoWCP,Acquiesce - Remastered,0,False,2,2,2DaxqgrOhkeH0fpeiQq2f4,Oasis,4okKcGkaoWYRgu9wBYjg8u,(What's the Story) Morning Glory? [Remastered Deluxe Edition],1995-10-02,album,0.163,0.926,7,-3.286,1,0.0814,0.0121,0.00109,0.335,0.22,110.983,4,267987
1QJr5tA5QqUR86Jc0ruQ7v,Headshrinker - Remastered,0,False,3,2,2DaxqgrOhkeH0fpeiQq2f4,Oasis,4okKcGkaoWYRgu9wBYjg8u,(What's the Story) Morning Glory? [Remastered Deluxe Edition],1995-10-02,album,0.131,0.859,7,-1.863,1,0.0591,0.00378,0.000158,0.367,0.26,77.641,4,281840
215rhyMZRDUhzQBSxLck0e,It's Better People - Remastered,0,False,4,2,2DaxqgrOhkeH0fpeiQq2f4,Oasis,4okKcGkaoWYRgu9wBYjg8u,(What's the Story) Morning Glory? [Remastered Deluxe Edition],1995-10-02,album,0.468,0.805,4,-6.147,1,0.0327,0.000405,4.89e-05,0.102,0.878,101.373,4,240291
5rdj3FI61IpZTVhptSNEWu,Rockin' Chair - Remastered,0,False,5,2,2DaxqgrOhkeH0fpeiQq2f4,Oasis,4okKcGkaoWYRgu9wBYjg8u,(What's the Story) Morning Glory? [Remastered Deluxe Edition],1995-10-02,album,0.507,0.904,9,-4.179,0,0.0357,0.00072,7.69e-06,0.0372,0.285,126.341,4,279056
6quXocYQVlrd6JS88vNnQv,Step Out - Remastered,0,False,6,2,2DaxqgrOhkeH0fpeiQq2f4,Oasis,4okKcGkaoWYRgu9wBYjg8u,(What's the Story) Morning Glory? [Remastered Deluxe Edition],1995-10-02,album,0.332,0.981,7,-1.875,1,0.0777,0.0105,0.00929,0.356,0.185,139.593,4,224427
17GfqMTxNP6xoQskhB8eiP,Underneath the Sky - Remastered,0,False,7,2,2DaxqgrOhkeH0fpeiQq2f4,Oasis,4okKcGkaoWYRgu9wBYjg8u,(What's the Story) Morning Glory? [Remastered Deluxe Edition],1995-10-02,album,0.445,0.955,11,-2.234,0,0.0536,0.00143,0.0,0.346,0.669,124.221,4,204654
1M8FQadRdKLRDQEVa90GAF,Cum On Feel the Noize - Remastered,0,False,8,2,2DaxqgrOhkeH0fpeiQq2f4,Oasis,4okKcGkaoWYRgu9wBYjg8u,(What's the Story) Morning Glory? [Remastered Deluxe Edition],1995-10-02,album,0.372,0.914,9,-1.049,0,0.0457,1.52e-05,0.397,0.362,0.526,133.138,4,312160
7fvobPYR4NpQUJWCLFit93,Round Are Way - Remastered,0,False,9,2,2DaxqgrOhkeH0fpeiQq2f4,Oasis,4okKcGkaoWYRgu9wBYjg8u,(What's the Story) Morning Glory? [Remastered Deluxe Edition],1995-10-02,album,0.333,0.913,0,-2.103,1,0.0433,1.22e-05,0.000296,0.0747,0.396,138.04,4,344440
3qkAfHM6cuPAeXPS7V3spn,The Swamp Song - Remastered,0,False,10,2,2DaxqgrOhkeH0fpeiQq2f4,Oasis,4okKcGkaoWYRgu9wBYjg8u,(What's the Story) Morning Glory? [Remastered Deluxe Edition],1995-10-02,album,0.239,0.948,7,-1.808,0,0.0616,3.85e-05,0.926,0.113,0.187,142.711,4,262400
6gDOtE82PX15GrF5aeqdyx,The Masterplan - Remastered,0,False,11,2,2DaxqgrOhkeH0fpeiQq2f4,Oasis,4okKcGkaoWYRgu9wBYjg8u,(What's the Story) Morning Glory? [Remastered Deluxe Edition],1995-10-02,album,0.376,0.594,7,-6.724,1,0.0304,0.0134,7.35e-05,0.0741,0.145,147.776,4,325200
6dk9tBEZWiz9QCfZXkf4CS,Boneheads Bank Holiday - Remastered,0,False,12,2,2DaxqgrOhkeH0fpeiQq2f4,Oasis,4okKcGkaoWYRgu9wBYjg8u,(What's the Story) Morning Glory? [Remastered Deluxe Edition],1995-10-02,album,0.385,0.82,7,-3.97,1,0.0939,0.314,0.0,0.391,0.503,166.922,4,242920
3V72Wm33JpZZjzCnU1FPHm,Champagne Supernova - Brendan Lynch Mix [Remastered],0,False,13,2,2DaxqgrOhkeH0fpeiQq2f4,Oasis,4okKcGkaoWYRgu9wBYjg8u,(What's the Story) Morning Glory? [Remastered Deluxe Edition],1995-10-02,album,0.479,0.794,2,-5.921,1,0.0328,0.0158,0.000673,0.0999,0.432,150.649,4,417960
68YyMUcLLcEQEpjg4iQ8Xa,You've Got to Hide Your Love Away - Remastered,0,False,14,2,2DaxqgrOhkeH0fpeiQq2f4,Oasis,4okKcGkaoWYRgu9wBYjg8u,(What's the Story) Morning Glory? [Remastered Deluxe Edition],1995-10-02,album,0.4,0.667,7,-5.614,1,0.0292,0.104,0.0,0.369,0.723,63.498,4,135198
3E2LHqrl08QzT6mYghWPVI,Hello - Remastered,0,False,1,1,2DaxqgrOhkeH0fpeiQq2f4,Oasis,0spT2EJ0PlKmrwydKWHRA1,[What's the Story] Morning Glory? [Remastered],1995-10-02,album,0.347,0.95,9,-3.179,0,0.0927,0.0148,0.0735,0.148,0.0571,132.228,4,202348
2M4NEJVUYeHiD6SbtnIfGK,Roll with It - Remastered,0,False,2,1,2DaxqgrOhkeH0fpeiQq2f4,Oasis,0spT2EJ0PlKmrwydKWHRA1,[What's the Story] Morning Glory? [Remastered],1995-10-02,album,0.234,0.983,0,-1.861,1,0.0972,0.0311,0.00025,0.0299,0.137,126.675,4,240134
1rHtngf9FuO1y0aEyPcNVF,Wonderwall - Remastered,0,False,3,1,2DaxqgrOhkeH0fpeiQq2f4,Oasis,0spT2EJ0PlKmrwydKWHRA1,[What's the Story] Morning Glory? [Remastered],1995-10-02,album,0.477,0.883,2,-4.074,1,0.0348,0.000477,0.0,0.32,0.503,87.136,4,258734
3Y4Xi3IqRdPkTiDG7KqcVN,Don't Look Back in Anger - Remastered,0,False,4,1,2DaxqgrOhkeH0fpeiQq2f4,Oasis,0spT2EJ0PlKmrwydKWHRA1,[What's the Story] Morning Glory? [Remastered],1995-10-02,album,0.333,0.939,0,-3.238,1,0.0626,0.0687,1.52e-06,0.127,0.311,162.977,4,289561
4hQjQ65LZFuOXPvAqEPqBw,Hey Now! - Remastered,0,False,5,1,2DaxqgrOhkeH0fpeiQq2f4,Oasis,0spT2EJ0PlKmrwydKWHRA1,[What's the Story] Morning Glory? [Remastered],1995-10-02,album,0.146,0.942,2,-2.437,1,0.0626,0.00025,0.0016,0.317,0.226,202.247,4,341748
3bmSs379DJmRY2Uhoe0INl,[Untitled] - Remastered,0,False,6,1,2DaxqgrOhkeH0fpeiQq2f4,Oasis,0spT2EJ0PlKmrwydKWHRA1,[What's the Story] Morning Glory? [Remastered],1995-10-02,album,0.291,0.706,10,-5.678,1,0.0496,4.75e-05,0.849,0.241,0.156,142.954,4,44788
2imnokUBbWBCnIWgTrAd8j,Some Might Say - Remastered,0,False,7,1,2DaxqgrOhkeH0fpeiQq2f4,Oasis,0spT2EJ0PlKmrwydKWHRA1,[What's the Story] Morning Glory? [Remastered],1995-10-02,album,0.266,0.94,0,-2.244,0,0.0885,0.161,0.0174,0.27,0.0691,110.133,4,327841
3cDExVC8ZPXUarZUBp6nmZ,Cast No Shadow - Remastered,0,False,8,1,2DaxqgrOhkeH0fpeiQq2f4,Oasis,0spT2EJ0PlKmrwydKWHRA1,[What's the Story] Morning Glory? [Remastered],1995-10-02,album,0.419,0.835,7,-4.304,1,0.0285,0.00176,0.0,0.151,0.642,158.381,4,294894
76InKW51u65Sy53eEtHvRZ,She's Electric - Remastered,0,False,9,1,2DaxqgrOhkeH0fpeiQq2f4,Oasis,0spT2EJ0PlKmrwydKWHRA1,[What's the Story] Morning Glory? [Remastered],1995-10-02,album,0.489,0.915,9,-3.448,1,0.0483,0.168,0.0,0.632,0.5,125.443,4,219801
7vKaJbSbXoPMk3TVh3Tz7Q,Morning Glory - Remastered,0,False,10,1,2DaxqgrOhkeH0fpeiQq2f4,Oasis,0spT2EJ0PlKmrwydKWHRA1,[What's the Story] Morning Glory? [Remastered],1995-10-02,album,0.333,0.983,0,-3.165,1,0.0863,0.0575,3.59e-05,0.438,0.101,136.934,4,304281
3bajSsJ5GXqgyMWZ0MqpfT,[Untitled] - Remastered,0,False,11,1,2DaxqgrOhkeH0fpeiQq2f4,Oasis,0spT2EJ0PlKmrwydKWHRA1,[What's the Story] Morning Glory? [Remastered],1995-10-02,album,0.156,0.992,5,-13.225,1,0.08,0.828,0.897,0.689,0.0213,132.902,4,40241
34S4tTH0QedT1Pwyo3r3cE,Champagne Supernova - Remastered,1,False,12,1,2DaxqgrOhkeH0fpeiQq2f4,Oasis,0spT2EJ0PlKmrwydKWHRA1,[What's the Story] Morning Glory? [Remastered],1995-10-02,album,0.289,0.82,2,-3.794,1,0.0393,0.479,0.0573,0.362,0.113,150.18,4,448439
5DE73NsHWaFohDiRkBc8qG,Hello - Remastered,0,False,1,1,2DaxqgrOhkeH0fpeiQq2f4,Oasis,2t47HeFIuFnoLxjSmazzqE,[What's the Story] Morning Glory? [Remastered] (Deluxe Version),1995-10-02,album,0.347,0.95,9,-3.179,0,0.0927,0.0148,0.0735,0.148,0.0571,132.228,4,202348
3gdGL6zxoBr0aGGLe3ooCU,Roll with It - Remastered,0,False,2,1,2DaxqgrOhkeH0fpeiQq2f4,Oasis,2t47HeFIuFnoLxjSmazzqE,[What's the Story] Morning Glory? [Remastered] (Deluxe Version),1995-10-02,album,0.234,0.983,0,-1.861,1,0.0972,0.0311,0.00025,0.0299,0.137,126.675,4,240134
10WZF8u7VT5XKPPWl8BwPH,Wonderwall - Remastered,0,False,3,1,2DaxqgrOhkeH0fpeiQq2f4,Oasis,2t47HeFIuFnoLxjSmazzqE,[What's the Story] Morning Glory? [Remastered] (Deluxe Version),1995-10-02,album,0.477,0.883,2,-4.074,1,0.0348,0.000477,0.0,0.32,0.503,87.136,4,258734
2XRDiNdrdQALeBDgakZiNy,Don't Look Back in Anger - Remastered,0,False,4,1,2DaxqgrOhkeH0fpeiQq2f4,Oasis,2t47HeFIuFnoLxjSmazzqE,[What's the Story] Morning Glory? [Remastered] (Deluxe Version),1995-10-02,album,0.333,0.939,0,-3.238,1,0.0626,0.0687,1.52e-06,0.127,0.311,162.977,4,289561
1zblFMdU9mR1trhMZ9F4I9,Hey Now! - Remastered,0,False,5,1,2DaxqgrOhkeH0fpeiQq2f4,Oasis,2t47HeFIuFnoLxjSmazzqE,[What's the Story] Morning Glory? [Remastered] (Deluxe Version),1995-10-02,album,0.146,0.942,2,-2.437,1,0.0626,0.00025,0.0016,0.317,0.226,202.247,4,341748
3CGTh09G4KLI44kWOch5uN,[Untitled] - Remastered,0,False,6,1,2DaxqgrOhkeH0fpeiQq2f4,Oasis,2t47HeFIuFnoLxjSmazzqE,[What's the Story] Morning Glory? [Remastered] (Deluxe Version),1995-10-02,album,0.291,0.706,10,-5.678,1,0.0496,4.75e-05,0.849,0.241,0.156,142.954,4,44788
7gOamyxho4LxH2rmyka1x3,Some Might Say - Remastered,0,False,7,1,2DaxqgrOhkeH0fpeiQq2f4,Oasis,2t47HeFIuFnoLxjSmazzqE,[What's the Story] Morning Glory? [Remastered] (Deluxe Version),1995-10-02,album,0.266,0.94,0,-2.244,0,0.0885,0.161,0.0174,0.27,0.0691,110.133,4,327841
1nt08s7JoOAJyDvCplUy7t,Cast No Shadow - Remastered,0,False,8,1,2DaxqgrOhkeH0fpeiQq2f4,Oasis,2t47HeFIuFnoLxjSmazzqE,[What's the Story] Morning Glory? [Remastered] (Deluxe Version),1995-10-02,album,0.419,0.835,7,-4.304,1,0.0285,0.00176,0.0,0.151,0.642,158.381,4,294894
2cYzFHtwO8DZYlctjwrYqr,She's Electric - Remastered,0,False,9,1,2DaxqgrOhkeH0fpeiQq2f4,Oasis,2t47HeFIuFnoLxjSmazzqE,[What's the Story] Morning Glory? [Remastered] (Deluxe Version),1995-10-02,album,0.489,0.915,9,-3.448,1,0.0483,0.168,0.0,0.632,0.5,125.443,4,219801
3DoAiI62O4s9mAEIQiRykn,Morning Glory - Remastered,0,False,10,1,2DaxqgrOhkeH0fpeiQq2f4,Oasis,2t47HeFIuFnoLxjSmazzqE,[What's the Story] Morning Glory? [Remastered] (Deluxe Version),1995-10-02,album,0.333,0.983,0,-3.165,1,0.0863,0.0575,3.59e-05,0.438,0.101,136.934,4,304281
1RQYFB2EQ09LxcaQd9ieCq,[Untitled] - Remastered,0,False,11,1,2DaxqgrOhkeH0fpeiQq2f4,Oasis,2t47HeFIuFnoLxjSmazzqE,[What's the Story] Morning Glory? [Remastered] (Deluxe Version),1995-10-02,album,0.156,0.992,5,-13.225,1,0.08,0.828,0.897,0.689,0.0213,132.902,4,40241
2xqIXtOR3KXH1RX4ITycYQ,Champagne Supernova - Remastered,0,False,12,1,2DaxqgrOhkeH0fpeiQq2f4,Oasis,2t47HeFIuFnoLxjSmazzqE,[What's the Story] Morning Glory? [Remastered] (Deluxe Version),1995-10-02,album,0.289,0.82,2,-3.794,1,0.0393,0.479,0.0573,0.362,0.113,150.18,4,448439
6Wb3NOwIIRmqn0GhpBiweG,Talk Tonight - Remastered,0,False,13,1,2DaxqgrOhkeH0fpeiQq2f4,Oasis,2t47HeFIuFnoLxjSmazzqE,[What's the Story] Morning Glory? [Remastered] (Deluxe Version),1995-10-02,album,0.457,0.433,4,-8.393,0,0.0251,0.499,1.33e-05,0.37,0.332,84.744,4,262747
3Hu9LbusYLwvHRnwE7Oy90,Acquiesce - Remastered,0,False,14,1,2DaxqgrOhkeH0fpeiQq2f4,Oasis,2t47HeFIuFnoLxjSmazzqE,[What's the Story] Morning Glory? [Remastered] (Deluxe Version),1995-10-02,album,0.163,0.926,7,-3.286,1,0.0814,0.0121,0.00109,0.335,0.22,110.983,4,267987
3shLmXY40vRYYPxHpgqwNs,Headshrinker - Remastered,0,False,15,1,2DaxqgrOhkeH0fpeiQq2f4,Oasis,2t47HeFIuFnoLxjSmazzqE,[What's the Story] Morning Glory? [Remastered] (Deluxe Version),1995-10-02,album,0.131,0.859,7,-1.863,1,0.0591,0.00378,0.000158,0.367,0.26,77.641,4,281840
2yVzQ0vEfAcq6LyCkrVn8o,It's Better People - Remastered,0,False,16,1,2DaxqgrOhkeH0fpeiQq2f4,Oasis,2t47HeFIuFnoLxjSmazzqE,[What's the Story] Morning Glory? [Remastered] (Deluxe Version),1995-10-02,album,0.468,0.805,4,-6.147,1,0.0327,0.000405,4.89e-05,0.102,0.878,101.373,4,240291
6VwBVDfmlPPJkzIStKj4Kp,Rockin' Chair - Remastered,0,False,17,1,2DaxqgrOhkeH0fpeiQq2f4,Oasis,2t47HeFIuFnoLxjSmazzqE,[What's the Story] Morning Glory? [Remastered] (Deluxe Version),1995-10-02,album,0.507,0.904,9,-4.179,0,0.0357,0.00072,7.69e-06,0.0372,0.285,126.341,4,279056
21t85fCpsI514rjbJXxQf9,Step Out - Remastered,0,False,18,1,2DaxqgrOhkeH0fpeiQq2f4,Oasis,2t47HeFIuFnoLxjSmazzqE,[What's the Story] Morning Glory? [Remastered] (Deluxe Version),1995-10-02,album,0.332,0.981,7,-1.875,1,0.0777,0.0105,0.00929,0.356,0.185,139.593,4,224427
1nvwoAZKv64IsPAva81Rzg,Underneath the Sky - Remastered,0,False,19,1,2DaxqgrOhkeH0fpeiQq2f4,Oasis,2t47HeFIuFnoLxjSmazzqE,[What's the Story] Morning Glory? [Remastered] (Deluxe Version),1995-10-02,album,0.445,0.955,11,-2.234,0,0.0536,0.00143,0.0,0.346,0.669,124.221,4,204654
2BjlIaAhsL9zwRNV9YywvH,Cum On Feel the Noize - Remastered,0,False,20,1,2DaxqgrOhkeH0fpeiQq2f4,Oasis,2t47HeFIuFnoLxjSmazzqE,[What's the Story] Morning Glory? [Remastered] (Deluxe Version),1995-10-02,album,0.372,0.914,9,-1.049,0,0.0457,1.52e-05,0.397,0.362,0.526,133.138,4,312160
4aoRl7u45FMnMiIM3VjEiQ,Round Are Way - Remastered,0,False,21,1,2DaxqgrOhkeH0fpeiQq2f4,Oasis,2t47HeFIuFnoLxjSmazzqE,[What's the Story] Morning Glory? [Remastered] (Deluxe Version),1995-10-02,album,0.333,0.913,0,-2.103,1,0.0433,1.22e-05,0.000296,0.0747,0.396,138.04,4,344440
028hslGXghQsM7qxpD8i8Y,The Swamp Song - Remastered,0,False,22,1,2DaxqgrOhkeH0fpeiQq2f4,Oasis,2t47HeFIuFnoLxjSmazzqE,[What's the Story] Morning Glory? [Remastered] (Deluxe Version),1995-10-02,album,0.239,0.948,7,-1.808,0,0.0616,3.85e-05,0.926,0.113,0.187,142.711,4,262400
5PhJlQXOReLUS1p9WVMs4O,The Masterplan - Remastered,0,False,23,1,2DaxqgrOhkeH0fpeiQq2f4,Oasis,2t47HeFIuFnoLxjSmazzqE,[What's the Story] Morning Glory? [Remastered] (Deluxe Version),1995-10-02,album,0.376,0.594,7,-6.724,1,0.0304,0.0134,7.35e-05,0.0741,0.145,147.776,4,325200
2QhR8SQXlvweYRZZkmkZxl,Bonehead's Bank Holiday - Remastered,0,False,24,1,2DaxqgrOhkeH0fpeiQq2f4,Oasis,2t47HeFIuFnoLxjSmazzqE,[What's the Story] Morning Glory? [Remastered] (Deluxe Version),1995-10-02,album,0.385,0.82,7,-3.97,1,0.0939,0.314,0.0,0.391,0.503,166.922,4,242920
04Z6la3TixbeceMK1JdGDX,Champagne Supernova (Brendan Lynch Mix) - Remastered,0,False,25,1,2DaxqgrOhkeH0fpeiQq2f4,Oasis,2t47HeFIuFnoLxjSmazzqE,[What's the Story] Morning Glory? [Remastered] (Deluxe Version),1995-10-02,album,0.479,0.794,2,-5.921,1,0.0328,0.0158,0.000673,0.0999,0.432,150.649,4,417960
2i5IRbQLLcVSeI9xWFfufK,You've Got to Hide Your Love Away - Remastered,0,False,26,1,2DaxqgrOhkeH0fpeiQq2f4,Oasis,2t47HeFIuFnoLxjSmazzqE,[What's the Story] Morning Glory? [Remastered] (Deluxe Version),1995-10-02,album,0.4,0.667,7,-5.614,1,0.0292,0.104,0.0,0.369,0.723,63.498,4,135198
1KcFLmFGCfkkAsooF6FJBr,Hello - Remastered,52,False,1,1,2DaxqgrOhkeH0fpeiQq2f4,Oasis,6tOe4eAF8xNhEkl9WyvsE4,(What's The Story) Morning Glory? (Deluxe Remastered Edition),1995,album,0.346,0.954,9,-3.185,0,0.0866,0.0131,0.0173,0.161,0.059,132.201,4,203187
3czgcbI4YZ4Gg29DOYFAnd,Roll With It - Remastered,60,False,2,1,2DaxqgrOhkeH0fpeiQq2f4,Oasis,6tOe4eAF8xNhEkl9WyvsE4,(What's The Story) Morning Glory? (Deluxe Remastered Edition),1995,album,0.223,0.985,9,-1.909,0,0.0957,0.0298,0.000424,0.11,0.139,126.612,4,240093
7ygpwy2qP3NbrxVkHvUhXY,Wonderwall - Remastered,80,False,3,1,2DaxqgrOhkeH0fpeiQq2f4,Oasis,6tOe4eAF8xNhEkl9WyvsE4,(What's The Story) Morning Glory? (Deluxe Remastered Edition),1995,album,0.375,0.893,2,-4.097,1,0.0406,0.000509,0.0,0.187,0.434,174.323,4,258773
12dU3vAh6AFoJkisorfoUl,Don't Look Back In Anger - Remastered,75,False,4,1,2DaxqgrOhkeH0fpeiQq2f4,Oasis,6tOe4eAF8xNhEkl9WyvsE4,(What's The Story) Morning Glory? (Deluxe Remastered Edition),1995,album,0.328,0.936,0,-3.254,1,0.0628,0.0665,2.61e-06,0.165,0.31,162.97,4,289560
4FDEDR99kqoGZOV88Wpnpg,Hey Now! - Remastered,50,False,5,1,2DaxqgrOhkeH0fpeiQq2f4,Oasis,6tOe4eAF8xNhEkl9WyvsE4,(What's The Story) Morning Glory? (Deluxe Remastered Edition),1995,album,0.151,0.935,11,-2.461,0,0.0626,0.000235,0.000561,0.308,0.202,202.341,4,341907
0C5sWHmcl8725KPaVJj1td,The Swamp Song (Excerpt 1) - Remastered,39,False,6,1,2DaxqgrOhkeH0fpeiQq2f4,Oasis,6tOe4eAF8xNhEkl9WyvsE4,(What's The Story) Morning Glory? (Deluxe Remastered Edition),1995,album,0.278,0.702,10,-5.683,1,0.0474,6.93e-05,0.65,0.236,0.166,143.126,4,44627
1xxPQaR29dAf3yxaafByeD,Some Might Say - Remastered,58,False,7,1,2DaxqgrOhkeH0fpeiQq2f4,Oasis,6tOe4eAF8xNhEkl9WyvsE4,(What's The Story) Morning Glory? (Deluxe Remastered Edition),1995,album,0.259,0.927,0,-2.277,0,0.092,0.165,0.013,0.287,0.0734,110.156,4,327920
3NRf3hwlsoUWe0YnN3jqWL,Cast No Shadow - Remastered,55,False,8,1,2DaxqgrOhkeH0fpeiQq2f4,Oasis,6tOe4eAF8xNhEkl9WyvsE4,(What's The Story) Morning Glory? (Deluxe Remastered Edition),1995,album,0.421,0.846,7,-4.302,1,0.0283,0.00174,0.0,0.166,0.613,158.351,4,294813
60QLLec3yKDwloXCyummPy,She's Electric - Remastered,65,False,9,1,2DaxqgrOhkeH0fpeiQq2f4,Oasis,6tOe4eAF8xNhEkl9WyvsE4,(What's The Story) Morning Glory? (Deluxe Remastered Edition),1995,album,0.484,0.905,9,-3.506,1,0.0481,0.146,1.13e-06,0.24,0.486,125.414,4,220920
1H0K1GVwLteCZrPquy7qkM,Morning Glory - Remastered,60,False,10,1,2DaxqgrOhkeH0fpeiQq2f4,Oasis,6tOe4eAF8xNhEkl9WyvsE4,(What's The Story) Morning Glory? (Deluxe Remastered Edition),1995,album,0.33,0.982,0,-3.045,1,0.0926,0.0588,4.74e-05,0.519,0.104,136.986,4,303320
2m7VqwOg21AirxmNOxeaKB,The Swamp Song (Excerpt 2) - Remastered,38,False,11,1,2DaxqgrOhkeH0fpeiQq2f4,Oasis,6tOe4eAF8xNhEkl9WyvsE4,(What's The Story) Morning Glory? (Deluxe Remastered Edition),1995,album,0.179,0.989,2,-13.14,1,0.0903,0.849,0.954,0.76,0.0192,60.38,4,39360
2A7GGXmTlXuH9LOvBXgOX4,Champagne Supernova - Remastered,71,False,12,1,2DaxqgrOhkeH0fpeiQq2f4,Oasis,6tOe4eAF8xNhEkl9WyvsE4,(What's The Story) Morning Glory? (Deluxe Remastered Edition),1995,album,0.293,0.817,2,-3.786,1,0.039,0.458,0.0509,0.355,0.138,150.249,4,451320
2LNV0347QKt4AHxRSfCBij,Talk Tonight - Remastered,59,False,1,2,2DaxqgrOhkeH0fpeiQq2f4,Oasis,6tOe4eAF8xNhEkl9WyvsE4,(What's The Story) Morning Glory? (Deluxe Remastered Edition),1995,album,0.376,0.423,4,-8.499,0,0.0242,0.54,1.23e-05,0.361,0.299,85.213,4,263747
2VVRmrgSmyYnEZsBTsnIRz,Acquiesce - Remastered,61,False,2,2,2DaxqgrOhkeH0fpeiQq2f4,Oasis,6tOe4eAF8xNhEkl9WyvsE4,(What's The Story) Morning Glory? (Deluxe Remastered Edition),1995,album,0.178,0.931,7,-3.366,1,0.0831,0.0128,0.000714,0.334,0.184,112.447,4,267987
32drzZQvRLJ5oEVYQgIfJC,Headshrinker - Remastered,47,False,3,2,2DaxqgrOhkeH0fpeiQq2f4,Oasis,6tOe4eAF8xNhEkl9WyvsE4,(What's The Story) Morning Glory? (Deluxe Remastered Edition),1995,album,0.217,0.839,7,-1.954,1,0.0573,0.00297,7.37e-05,0.376,0.246,79.023,4,281840
2oa8YXhCiMbfBEc9Fpm28g,It's Better People - Remastered,39,False,4,2,2DaxqgrOhkeH0fpeiQq2f4,Oasis,6tOe4eAF8xNhEkl9WyvsE4,(What's The Story) Morning Glory? (Deluxe Remastered Edition),1995,album,0.471,0.797,4,-6.309,1,0.0326,0.000489,3.83e-05,0.102,0.872,101.315,4,240147
3RQlPnPdfHkVLHOx6C4ijN,Rockin' Chair - Remastered,47,False,5,2,2DaxqgrOhkeH0fpeiQq2f4,Oasis,6tOe4eAF8xNhEkl9WyvsE4,(What's The Story) Morning Glory? (Deluxe Remastered Edition),1995,album,0.509,0.896,9,-4.236,0,0.0356,0.000802,4.44e-06,0.0412,0.315,126.404,4,279200
4SeE8Yh2EMcKbNosy9aKXj,Step Out - Remastered,47,False,6,2,2DaxqgrOhkeH0fpeiQq2f4,Oasis,6tOe4eAF8xNhEkl9WyvsE4,(What's The Story) Morning Glory? (Deluxe Remastered Edition),1995,album,0.334,0.983,7,-2.005,1,0.0802,0.00979,0.00677,0.35,0.169,139.589,4,224427
3RErQ95ws6sABDLXKLJy1s,Underneath The Sky - Remastered,42,False,7,2,2DaxqgrOhkeH0fpeiQq2f4,Oasis,6tOe4eAF8xNhEkl9WyvsE4,(What's The Story) Morning Glory? (Deluxe Remastered Edition),1995,album,0.44,0.951,11,-2.356,0,0.0527,0.00131,0.0,0.36,0.72,124.134,4,204653
0yvyAlyoLpledlpiwPr34Z,Cum On Feel The Noize - Remastered,48,False,8,2,2DaxqgrOhkeH0fpeiQq2f4,Oasis,6tOe4eAF8xNhEkl9WyvsE4,(What's The Story) Morning Glory? (Deluxe Remastered Edition),1995,album,0.373,0.891,0,-1.724,1,0.0453,1.36e-05,0.303,0.37,0.539,133.123,4,312160
7iFb0atLdlW8g2i2ULNANJ,Round Are Way - Remastered,46,False,9,2,2DaxqgrOhkeH0fpeiQq2f4,Oasis,6tOe4eAF8xNhEkl9WyvsE4,(What's The Story) Morning Glory? (Deluxe Remastered Edition),1995,album,0.316,0.909,0,-2.205,1,0.0449,1.63e-05,0.000586,0.0767,0.381,137.953,4,344440
1PCOqZEbrCvjmPFL6QtYiU,The Swamp Song - Remastered,36,False,10,2,2DaxqgrOhkeH0fpeiQq2f4,Oasis,6tOe4eAF8xNhEkl9WyvsE4,(What's The Story) Morning Glory? (Deluxe Remastered Edition),1995,album,0.238,0.933,7,-3.072,0,0.0576,3.3e-05,0.944,0.105,0.189,142.825,4,262400
0QRF5DfHjWxd4MHoQk2rgO,The Masterplan - Remastered,55,False,11,2,2DaxqgrOhkeH0fpeiQq2f4,Oasis,6tOe4eAF8xNhEkl9WyvsE4,(What's The Story) Morning Glory? (Deluxe Remastered Edition),1995,album,0.417,0.596,7,-6.82,1,0.0302,0.0145,9.22e-05,0.0725,0.156,73.958,4,325200
122rube9BowhtWkplkNxbp,Bonehead's Bank Holiday - Remastered,54,False,12,2,2DaxqgrOhkeH0fpeiQq2f4,Oasis,6tOe4eAF8xNhEkl9WyvsE4,(What's The Story) Morning Glory? (Deluxe Remastered Edition),1995,album,0.329,0.813,7,-4.159,1,0.123,0.294,0.0,0.369,0.526,166.114,4,242920
2CO7r9hqXLgHqAqQ05ePnJ,Champagne Supernova (Brendan Lynch Mix) - Remastered,36,False,13,2,2DaxqgrOhkeH0fpeiQq2f4,Oasis,6tOe4eAF8xNhEkl9WyvsE4,(What's The Story) Morning Glory? (Deluxe Remastered Edition),1995,album,0.477,0.781,2,-6.092,1,0.0327,0.018,0.000676,0.103,0.43,150.649,4,417960
0ixZKtMV7ubQRdyEaiuIZB,You've Got To Hide Your Love Away - Remastered,37,False,14,2,2DaxqgrOhkeH0fpeiQq2f4,Oasis,6tOe4eAF8xNhEkl9WyvsE4,(What's The Story) Morning Glory? (Deluxe Remastered Edition),1995,album,0.333,0.609,7,-7.86,1,0.0287,0.105,0.0,0.366,0.726,62.91,4,137200
2LmwUKeGCJZUKHKwOrX3Xb,Hello - Remastered,47,False,1,1,2DaxqgrOhkeH0fpeiQq2f4,Oasis,1VW1MFNstaJuygaoTPkdCk,(What's The Story) Morning Glory? [Remastered],1995,album,0.161,0.948,9,-3.174,0,0.113,0.0141,0.0433,0.166,0.0567,132.3,4,203187
05CNnC9ugYgnJgg6fIgyeQ,Roll with It - Remastered,54,False,2,1,2DaxqgrOhkeH0fpeiQq2f4,Oasis,1VW1MFNstaJuygaoTPkdCk,(What's The Story) Morning Glory? [Remastered],1995,album,0.233,0.986,9,-1.896,0,0.0947,0.0325,0.000311,0.117,0.145,126.56,4,240093
5qqabIl2vWzo9ApSC317sa,Wonderwall - Remastered,78,False,3,1,2DaxqgrOhkeH0fpeiQq2f4,Oasis,1VW1MFNstaJuygaoTPkdCk,(What's The Story) Morning Glory? [Remastered],1995,album,0.376,0.896,2,-4.065,1,0.0395,0.000452,0.0,0.194,0.472,174.379,4,258773
0UvCh63URrLFcPkKt99hHd,Don't Look Back in Anger - Remastered,74,False,4,1,2DaxqgrOhkeH0fpeiQq2f4,Oasis,1VW1MFNstaJuygaoTPkdCk,(What's The Story) Morning Glory? [Remastered],1995,album,0.327,0.938,0,-3.237,1,0.0636,0.0707,3.79e-06,0.148,0.327,162.933,4,289560
0zc2UcrURBMVTyV7J0wrAP,Hey Now - Remastered,48,False,5,1,2DaxqgrOhkeH0fpeiQq2f4,Oasis,1VW1MFNstaJuygaoTPkdCk,(What's The Story) Morning Glory? [Remastered],1995,album,0.147,0.933,2,-2.478,1,0.0658,0.000305,0.00134,0.382,0.206,202.197,4,341907
24bxijgwUt0atHxfpHsH5A,Untitled - Remastered,35,False,6,1,2DaxqgrOhkeH0fpeiQq2f4,Oasis,1VW1MFNstaJuygaoTPkdCk,(What's The Story) Morning Glory? [Remastered],1995,album,0.279,0.748,10,-5.655,1,0.0484,3.93e-05,0.92,0.254,0.201,143.121,4,44627
15J419FaKaBT7bYJmpLDpf,Some Might Say - Remastered,54,False,7,1,2DaxqgrOhkeH0fpeiQq2f4,Oasis,1VW1MFNstaJuygaoTPkdCk,(What's The Story) Morning Glory? [Remastered],1995,album,0.262,0.932,0,-2.281,0,0.0925,0.173,0.0206,0.288,0.0733,110.129,4,327920
6fnzVPHWtCxm4lxLyn5p4Q,Cast No Shadow - Remastered,49,False,8,1,2DaxqgrOhkeH0fpeiQq2f4,Oasis,1VW1MFNstaJuygaoTPkdCk,(What's The Story) Morning Glory? [Remastered],1995,album,0.418,0.84,7,-4.321,1,0.0285,0.00192,0.0,0.163,0.627,158.373,4,294813
02ePjHjIiszSYqeLykvpTN,She's Electric - Remastered,59,False,9,1,2DaxqgrOhkeH0fpeiQq2f4,Oasis,1VW1MFNstaJuygaoTPkdCk,(What's The Story) Morning Glory? [Remastered],1995,album,0.487,0.909,9,-3.484,1,0.0463,0.159,1.27e-06,0.304,0.51,125.422,4,220920
0awZMpokrVSdvtYe1MdcWM,Morning Glory - Remastered,52,False,10,1,2DaxqgrOhkeH0fpeiQq2f4,Oasis,1VW1MFNstaJuygaoTPkdCk,(What's The Story) Morning Glory? [Remastered],1995,album,0.33,0.983,0,-3.038,1,0.0932,0.0664,4.68e-05,0.491,0.0968,136.952,4,303320
3UUTUsYZAAAkcWgkoxHvcu,Untitled - Remastered,34,False,11,1,2DaxqgrOhkeH0fpeiQq2f4,Oasis,1VW1MFNstaJuygaoTPkdCk,(What's The Story) Morning Glory? [Remastered],1995,album,0.154,0.991,5,-13.27,1,0.0791,0.849,0.92,0.721,0.0176,133.72,4,39360
1wo3UYTeizJHkwYIuLuBPF,Champagne Supernova - Remastered,67,False,12,1,2DaxqgrOhkeH0fpeiQq2f4,Oasis,1VW1MFNstaJuygaoTPkdCk,(What's The Story) Morning Glory? [Remastered],1995,album,0.297,0.825,2,-3.771,1,0.0394,0.464,0.0833,0.354,0.123,150.339,4,451320
0nufhlacuDxP6rNm6qLNrc,Talk Tonight - Remastered,53,False,1,2,2DaxqgrOhkeH0fpeiQq2f4,Oasis,1VW1MFNstaJuygaoTPkdCk,(What's The Story) Morning Glory? [Remastered],1995,album,0.428,0.428,4,-8.405,0,0.0247,0.52,7.84e-06,0.365,0.319,84.612,4,263747
11JIdNpBagg6G0NHLDm2v2,Acquiesce - Remastered,53,False,2,2,2DaxqgrOhkeH0fpeiQq2f4,Oasis,1VW1MFNstaJuygaoTPkdCk,(What's The Story) Morning Glory? [Remastered],1995,album,0.19,0.928,7,-3.274,1,0.0803,0.00978,0.000719,0.334,0.215,112.961,4,267987
6BXJWKcfPtSxUJ4FOvCxjp,Headshrinker - Remastered,42,False,3,2,2DaxqgrOhkeH0fpeiQq2f4,Oasis,1VW1MFNstaJuygaoTPkdCk,(What's The Story) Morning Glory? [Remastered],1995,album,0.202,0.875,7,-1.844,1,0.0571,0.00298,0.000336,0.368,0.273,78.882,4,281840
2x4bx10t6R3ND7gQF2gOSy,It's Better People - Remastered,32,False,4,2,2DaxqgrOhkeH0fpeiQq2f4,Oasis,1VW1MFNstaJuygaoTPkdCk,(What's The Story) Morning Glory? [Remastered],1995,album,0.476,0.805,4,-6.126,1,0.0321,0.000461,3.99e-05,0.0983,0.881,101.378,4,240147
5SdSDvWHyaaMlDsrpWPKQV,Rockin' Chair - Remastered,45,False,5,2,2DaxqgrOhkeH0fpeiQq2f4,Oasis,1VW1MFNstaJuygaoTPkdCk,(What's The Story) Morning Glory? [Remastered],1995,album,0.509,0.911,9,-4.121,0,0.0353,0.000589,8.21e-06,0.0384,0.278,126.425,4,279200
0E8QuZqZjKe7agk7xUr0PC,Step Out - Remastered,41,False,6,2,2DaxqgrOhkeH0fpeiQq2f4,Oasis,1VW1MFNstaJuygaoTPkdCk,(What's The Story) Morning Glory? [Remastered],1995,album,0.334,0.98,7,-1.874,1,0.0774,0.00982,0.00437,0.35,0.182,139.6,4,224427
73MtegmP7o1Gn2tBQIzIQk,Underneath the Sky - Remastered,34,False,7,2,2DaxqgrOhkeH0fpeiQq2f4,Oasis,1VW1MFNstaJuygaoTPkdCk,(What's The Story) Morning Glory? [Remastered],1995,album,0.442,0.955,11,-2.231,0,0.0519,0.00135,0.0,0.347,0.743,124.233,4,204653
21I2d2zrIHJNPeaeGG5J3Y,Cum On Feel the Noize - Remastered,38,False,8,2,2DaxqgrOhkeH0fpeiQq2f4,Oasis,1VW1MFNstaJuygaoTPkdCk,(What's The Story) Morning Glory? [Remastered],1995,album,0.373,0.9,9,-1.578,0,0.046,1.49e-05,0.374,0.379,0.558,133.138,4,312160
4VbvvkVr4i5ZDraIWH2z6W,Round Are Way - Remastered,40,False,9,2,2DaxqgrOhkeH0fpeiQq2f4,Oasis,1VW1MFNstaJuygaoTPkdCk,(What's The Story) Morning Glory? [Remastered],1995,album,0.334,0.915,0,-2.1,1,0.0436,1.58e-05,0.000232,0.0748,0.38,138.026,4,344440
1fegDwyryqzBNk7e0xyNiu,The Swamp Song - Remastered,33,False,10,2,2DaxqgrOhkeH0fpeiQq2f4,Oasis,1VW1MFNstaJuygaoTPkdCk,(What's The Story) Morning Glory? [Remastered],1995,album,0.21,0.942,7,-2.865,0,0.0623,3.06e-05,0.945,0.106,0.196,142.872,4,262400
6Lcnoknad0SItzXiXUB1FF,The Masterplan - Remastered,53,False,11,2,2DaxqgrOhkeH0fpeiQq2f4,Oasis,1VW1MFNstaJuygaoTPkdCk,(What's The Story) Morning Glory? [Remastered],1995,album,0.383,0.584,7,-6.707,1,0.0294,0.013,8.46e-05,0.0725,0.145,148.508,4,325200
6d1Ic5JjnFCJ1mOISnGxA1,Bonehead's Bank Holiday - Remastered,40,False,12,2,2DaxqgrOhkeH0fpeiQq2f4,Oasis,1VW1MFNstaJuygaoTPkdCk,(What's The Story) Morning Glory? [Remastered],1995,album,0.378,0.815,7,-3.987,1,0.106,0.296,0.0,0.336,0.501,166.582,4,242920
2zxXXdJUeW8TW3Irt2yLcE,Champagne Supernova - Remastered,35,False,13,2,2DaxqgrOhkeH0fpeiQq2f4,Oasis,1VW1MFNstaJuygaoTPkdCk,(What's The Story) Morning Glory? [Remastered],1995,album,0.477,0.785,2,-5.941,1,0.0315,0.0167,0.000676,0.103,0.417,150.661,4,417960
1V9Pf732OdBhGg2ATDbr0g,You've Got to Hide Your Love Away - Remastered,32,False,14,2,2DaxqgrOhkeH0fpeiQq2f4,Oasis,1VW1MFNstaJuygaoTPkdCk,(What's The Story) Morning Glory? [Remastered],1995,album,0.248,0.594,7,-7.74,1,0.0287,0.106,0.0,0.366,0.693,95.898,3,137200
0REAdphJWWu0IFq5bOfybj,Hello - Remastered,0,False,1,1,2DaxqgrOhkeH0fpeiQq2f4,Oasis,1efoTQ7eu3XsSvmQdJ2vDv,(What's The Story) Morning Glory? [Deluxe Edition Remastered],1995,album,0.334,0.939,9,-4.042,0,0.0873,0.0162,0.0511,0.139,0.0568,132.194,4,202346
5EvLiXiw6oNiYcegUFzJeM,Roll With It - Remastered,0,False,2,1,2DaxqgrOhkeH0fpeiQq2f4,Oasis,1efoTQ7eu3XsSvmQdJ2vDv,(What's The Story) Morning Glory? [Deluxe Edition Remastered],1995,album,0.23,0.981,9,-2.713,0,0.0913,0.0352,0.000189,0.026,0.154,126.537,4,240133
4sTBgtAOUrf24K3bXytqy0,Wonderwall - Remastered,0,False,3,1,2DaxqgrOhkeH0fpeiQq2f4,Oasis,1efoTQ7eu3XsSvmQdJ2vDv,(What's The Story) Morning Glory? [Deluxe Edition Remastered],1995,album,0.48,0.863,2,-4.917,1,0.0342,0.000468,0.0,0.232,0.494,87.15,4,258733
5nWrd6YulywWJIZSHdcdlM,Don't Look Back in Anger - Remastered,0,False,4,1,2DaxqgrOhkeH0fpeiQq2f4,Oasis,1efoTQ7eu3XsSvmQdJ2vDv,(What's The Story) Morning Glory? [Deluxe Edition Remastered],1995,album,0.332,0.923,0,-4.084,1,0.0622,0.0607,2.88e-06,0.126,0.317,163.005,4,289559
5SZ7Cnqe90fyhWyAFkdjd0,Hey Now! - Remastered,0,False,5,1,2DaxqgrOhkeH0fpeiQq2f4,Oasis,1efoTQ7eu3XsSvmQdJ2vDv,(What's The Story) Morning Glory? [Deluxe Edition Remastered],1995,album,0.142,0.929,2,-3.297,1,0.0618,0.000301,0.00122,0.357,0.213,202.446,4,341746
3LsD1AqHES6w78tH1FqU0v,Some Might Say - Remastered,0,False,7,1,2DaxqgrOhkeH0fpeiQq2f4,Oasis,1efoTQ7eu3XsSvmQdJ2vDv,(What's The Story) Morning Glory? [Deluxe Edition Remastered],1995,album,0.259,0.924,0,-3.115,0,0.0895,0.167,0.0254,0.284,0.0644,110.332,4,327839
6J4qQbaYHQMiIgy3EdLfHW,Cast No Shadow - Remastered,0,False,8,1,2DaxqgrOhkeH0fpeiQq2f4,Oasis,1efoTQ7eu3XsSvmQdJ2vDv,(What's The Story) Morning Glory? [Deluxe Edition Remastered],1995,album,0.419,0.818,7,-5.153,1,0.0284,0.00183,0.0,0.148,0.607,158.351,4,294893
44PPytK23M8qXnOjcLU7mu,She's Electric - Remastered,0,False,9,1,2DaxqgrOhkeH0fpeiQq2f4,Oasis,1efoTQ7eu3XsSvmQdJ2vDv,(What's The Story) Morning Glory? [Deluxe Edition Remastered],1995,album,0.493,0.895,9,-4.288,1,0.0465,0.161,2.2e-06,0.638,0.521,125.418,4,219799
34Iihjz3oS1IgJtJnZ61OA,Morning Glory - Remastered,0,False,10,1,2DaxqgrOhkeH0fpeiQq2f4,Oasis,1efoTQ7eu3XsSvmQdJ2vDv,(What's The Story) Morning Glory? [Deluxe Edition Remastered],1995,album,0.333,0.976,2,-3.974,0,0.0889,0.0499,2.38e-05,0.493,0.0881,136.989,4,304279
7wEDVBP7twhIcahrLft6EW,Champagne Supernova - Remastered,0,False,12,1,2DaxqgrOhkeH0fpeiQq2f4,Oasis,1efoTQ7eu3XsSvmQdJ2vDv,(What's The Story) Morning Glory? [Deluxe Edition Remastered],1995,album,0.289,0.798,2,-4.625,1,0.0384,0.476,0.0592,0.364,0.113,150.255,4,448438
47gPuSdHjXZcm6O5hoWfMU,Talk Tonight - Remastered,0,False,1,2,2DaxqgrOhkeH0fpeiQq2f4,Oasis,1efoTQ7eu3XsSvmQdJ2vDv,(What's The Story) Morning Glory? [Deluxe Edition Remastered],1995,album,0.368,0.409,4,-9.49,0,0.0243,0.496,1.72e-05,0.374,0.285,85.856,4,262747
1uCQcOw7br4Y1eOTptWdTA,Acquiesce - Remastered,0,False,2,2,2DaxqgrOhkeH0fpeiQq2f4,Oasis,1efoTQ7eu3XsSvmQdJ2vDv,(What's The Story) Morning Glory? [Deluxe Edition Remastered],1995,album,0.195,0.902,7,-4.336,1,0.082,0.0119,0.00128,0.334,0.191,111.988,4,267987
4UTmcjSX2BvsvJ2wYGDf4G,Headshrinker - Remastered,0,False,3,2,2DaxqgrOhkeH0fpeiQq2f4,Oasis,1efoTQ7eu3XsSvmQdJ2vDv,(What's The Story) Morning Glory? [Deluxe Edition Remastered],1995,album,0.163,0.852,7,-2.924,1,0.0592,0.0031,0.000233,0.377,0.269,78.443,4,281840
79omf4ONdqt0kissZJ0fCd,It's Better People - Remastered,0,False,4,2,2DaxqgrOhkeH0fpeiQq2f4,Oasis,1efoTQ7eu3XsSvmQdJ2vDv,(What's The Story) Morning Glory? [Deluxe Edition Remastered],1995,album,0.469,0.778,4,-7.195,1,0.0324,0.000428,6.26e-05,0.106,0.888,101.395,4,240291
2HSV7xnUlyEefv32ldOzvM,Rockin' Chair - Remastered,0,False,5,2,2DaxqgrOhkeH0fpeiQq2f4,Oasis,1efoTQ7eu3XsSvmQdJ2vDv,(What's The Story) Morning Glory? [Deluxe Edition Remastered],1995,album,0.511,0.883,9,-5.186,0,0.0357,0.000694,6.07e-06,0.0509,0.265,126.361,4,279056
3ZmMJRIadVIzg0nqrM88bO,Step Out - Remastered,0,False,6,2,2DaxqgrOhkeH0fpeiQq2f4,Oasis,1efoTQ7eu3XsSvmQdJ2vDv,(What's The Story) Morning Glory? [Deluxe Edition Remastered],1995,album,0.335,0.975,7,-2.937,1,0.0763,0.00966,0.00564,0.35,0.18,139.629,4,224427
1tCF5HYgh5QVTsfi4C2cbb,Underneath the Sky - Remastered,0,False,7,2,2DaxqgrOhkeH0fpeiQq2f4,Oasis,1efoTQ7eu3XsSvmQdJ2vDv,(What's The Story) Morning Glory? [Deluxe Edition Remastered],1995,album,0.446,0.944,11,-3.291,0,0.051,0.00154,0.0,0.35,0.72,124.217,4,204654
0WDng0JqqhvigQZ3FxCIu6,Cum on Feel the Noize - Remastered,0,False,8,2,2DaxqgrOhkeH0fpeiQq2f4,Oasis,1efoTQ7eu3XsSvmQdJ2vDv,(What's The Story) Morning Glory? [Deluxe Edition Remastered],1995,album,0.372,0.898,0,-2.107,1,0.0457,1.55e-05,0.406,0.383,0.536,133.095,4,312160
7djnumsJ5E4s5JYpCtwHhl,Round Are Way - Remastered,0,False,9,2,2DaxqgrOhkeH0fpeiQq2f4,Oasis,1efoTQ7eu3XsSvmQdJ2vDv,(What's The Story) Morning Glory? [Deluxe Edition Remastered],1995,album,0.318,0.893,0,-3.159,1,0.0501,1.45e-05,0.000259,0.0777,0.39,137.925,4,344440
6q97tvClViFfjUXesrfwEe,The Swamp Song - Remastered,0,False,10,2,2DaxqgrOhkeH0fpeiQq2f4,Oasis,1efoTQ7eu3XsSvmQdJ2vDv,(What's The Story) Morning Glory? [Deluxe Edition Remastered],1995,album,0.22,0.939,7,-2.893,0,0.0619,3.21e-05,0.947,0.108,0.188,142.752,4,262400
5Bp2DcQofj8K6aJbx2qN5N,The Masterplan - Remastered,0,False,11,2,2DaxqgrOhkeH0fpeiQq2f4,Oasis,1efoTQ7eu3XsSvmQdJ2vDv,(What's The Story) Morning Glory? [Deluxe Edition Remastered],1995,album,0.368,0.557,7,-7.775,1,0.0302,0.012,9.08e-05,0.0751,0.145,148.352,4,325200
6jYAEadQF3ANX7NB1QXbum,Bonehead's Bank Holiday - Remastered,0,False,12,2,2DaxqgrOhkeH0fpeiQq2f4,Oasis,1efoTQ7eu3XsSvmQdJ2vDv,(What's The Story) Morning Glory? [Deluxe Edition Remastered],1995,album,0.338,0.791,7,-5.038,1,0.0952,0.307,0.0,0.402,0.532,165.675,4,242920
4e3Xg6kvF0nabXZv1Wx8N7,Champagne Supernova - Brendan Lynch Mix Remastered,0,False,13,2,2DaxqgrOhkeH0fpeiQq2f4,Oasis,1efoTQ7eu3XsSvmQdJ2vDv,(What's The Story) Morning Glory? [Deluxe Edition Remastered],1995,album,0.478,0.763,2,-6.975,1,0.0318,0.0163,0.00115,0.1,0.448,150.656,4,417960
12GbFak57FIzcQGN3wFPf6,You've Got to Hide Your Love Away - Remastered,0,False,14,2,2DaxqgrOhkeH0fpeiQq2f4,Oasis,1efoTQ7eu3XsSvmQdJ2vDv,(What's The Story) Morning Glory? [Deluxe Edition Remastered],1995,album,0.305,0.667,7,-5.615,1,0.03,0.104,0.0,0.37,0.718,62.575,4,135192
389zgkTAQtFyfXFU1UFeWB,Hello - Remastered,0,False,1,1,2DaxqgrOhkeH0fpeiQq2f4,Oasis,613jEzNhoBjKRW3mDdAi0L,(What's the Story) Morning Glory? (Remastered),1995,album,0.347,0.95,9,-3.179,0,0.0927,0.0148,0.0735,0.148,0.0571,132.228,4,202348
12BRUHiMcBQmK0c0EC1vSL,Roll with It - Remastered,0,False,2,1,2DaxqgrOhkeH0fpeiQq2f4,Oasis,613jEzNhoBjKRW3mDdAi0L,(What's the Story) Morning Glory? (Remastered),1995,album,0.234,0.983,0,-1.861,1,0.0972,0.0311,0.00025,0.0299,0.137,126.675,4,240134
4KFuottFDMk5PYjHepd6by,Wonderwall - Remastered,0,False,3,1,2DaxqgrOhkeH0fpeiQq2f4,Oasis,613jEzNhoBjKRW3mDdAi0L,(What's the Story) Morning Glory? (Remastered),1995,album,0.477,0.883,2,-4.074,1,0.0348,0.000477,0.0,0.32,0.503,87.136,4,258734
3YzIgoRuwFdyYiOfDoh7KJ,Don't Look Back in Anger - Remastered,0,False,4,1,2DaxqgrOhkeH0fpeiQq2f4,Oasis,613jEzNhoBjKRW3mDdAi0L,(What's the Story) Morning Glory? (Remastered),1995,album,0.333,0.939,0,-3.238,1,0.0626,0.0687,1.52e-06,0.127,0.311,162.977,4,289561
5EWmROivA43qbCnkGG8HVU,Hey Now! - Remastered,0,False,5,1,2DaxqgrOhkeH0fpeiQq2f4,Oasis,613jEzNhoBjKRW3mDdAi0L,(What's the Story) Morning Glory? (Remastered),1995,album,0.146,0.942,2,-2.437,1,0.0626,0.00025,0.0016,0.317,0.226,202.247,4,341748
4UK9AVteURFFzZ8ZRcNC4K,[Untitled] - Remastered,0,False,6,1,2DaxqgrOhkeH0fpeiQq2f4,Oasis,613jEzNhoBjKRW3mDdAi0L,(What's the Story) Morning Glory? (Remastered),1995,album,0.291,0.706,10,-5.678,1,0.0496,4.75e-05,0.849,0.241,0.156,142.954,4,44788
4ioAR0ndvdy0BFakaru3y3,Some Might Say - Remastered,0,False,7,1,2DaxqgrOhkeH0fpeiQq2f4,Oasis,613jEzNhoBjKRW3mDdAi0L,(What's the Story) Morning Glory? (Remastered),1995,album,0.266,0.94,0,-2.244,0,0.0885,0.161,0.0174,0.27,0.0691,110.133,4,327841
0LgLfgZ5cfjVfWimPuMDOA,Cast No Shadow - Remastered,0,False,8,1,2DaxqgrOhkeH0fpeiQq2f4,Oasis,613jEzNhoBjKRW3mDdAi0L,(What's the Story) Morning Glory? (Remastered),1995,album,0.419,0.835,7,-4.304,1,0.0285,0.00176,0.0,0.151,0.642,158.381,4,294894
4tDLmWWSK8LyajUY6VxZ06,She's Electric - Remastered,0,False,9,1,2DaxqgrOhkeH0fpeiQq2f4,Oasis,613jEzNhoBjKRW3mDdAi0L,(What's the Story) Morning Glory? (Remastered),1995,album,0.489,0.915,9,-3.448,1,0.0483,0.168,0.0,0.632,0.5,125.443,4,219801
756Ev3Zx6Y7MuWGYJOQ2CA,Morning Glory - Remastered,0,False,10,1,2DaxqgrOhkeH0fpeiQq2f4,Oasis,613jEzNhoBjKRW3mDdAi0L,(What's the Story) Morning Glory? (Remastered),1995,album,0.334,0.983,0,-3.165,1,0.0862,0.0575,3.59e-05,0.438,0.101,136.934,4,304281
6Ehayo6EMRJB38ReoUuEIx,[Untitled] - Remastered,0,False,11,1,2DaxqgrOhkeH0fpeiQq2f4,Oasis,613jEzNhoBjKRW3mDdAi0L,(What's the Story) Morning Glory? (Remastered),1995,album,0.156,0.992,5,-13.225,1,0.0801,0.828,0.897,0.689,0.0213,132.893,4,40241
1g473JdFhcRzLOZsJAsmdN,Champagne Supernova - Remastered,0,False,12,1,2DaxqgrOhkeH0fpeiQq2f4,Oasis,613jEzNhoBjKRW3mDdAi0L,(What's the Story) Morning Glory? (Remastered),1995,album,0.289,0.82,2,-3.794,1,0.0393,0.479,0.0573,0.362,0.113,150.18,4,448439
5PjzK1NW8YyEwJgbdR95rZ,Hello - Remastered,0,False,1,1,2DaxqgrOhkeH0fpeiQq2f4,Oasis,4TKINtLLQ324YAg83mPScq,(What's the Story) Morning Glory? (Remastered) [Deluxe Version],1995,album,0.347,0.95,9,-3.179,0,0.0927,0.0148,0.0735,0.148,0.0571,132.228,4,202348
4CZtG33BIE0g1WjI7HzYw6,Roll with It - Remastered,0,False,2,1,2DaxqgrOhkeH0fpeiQq2f4,Oasis,4TKINtLLQ324YAg83mPScq,(What's the Story) Morning Glory? (Remastered) [Deluxe Version],1995,album,0.234,0.983,0,-1.861,1,0.0972,0.0311,0.00025,0.0299,0.137,126.675,4,240134
3FQjBztdZLGTJ8He1thn2S,Wonderwall - Remastered,0,False,3,1,2DaxqgrOhkeH0fpeiQq2f4,Oasis,4TKINtLLQ324YAg83mPScq,(What's the Story) Morning Glory? (Remastered) [Deluxe Version],1995,album,0.477,0.883,2,-4.074,1,0.0348,0.000477,0.0,0.32,0.503,87.136,4,258734
69xGdqWNCtf5ESO1I5RK1W,Don't Look Back in Anger - Remastered,0,False,4,1,2DaxqgrOhkeH0fpeiQq2f4,Oasis,4TKINtLLQ324YAg83mPScq,(What's the Story) Morning Glory? (Remastered) [Deluxe Version],1995,album,0.333,0.939,0,-3.238,1,0.0626,0.0687,1.52e-06,0.127,0.311,162.977,4,289561
7a6XOMtovvEMzsAYf44dHb,Hey Now! - Remastered,0,False,5,1,2DaxqgrOhkeH0fpeiQq2f4,Oasis,4TKINtLLQ324YAg83mPScq,(What's the Story) Morning Glory? (Remastered) [Deluxe Version],1995,album,0.146,0.942,2,-2.437,1,0.0626,0.00025,0.0016,0.317,0.226,202.247,4,341748
6aXy8JbADpGIDIwx8kEjSg,[Untitled] - Remastered,0,False,6,1,2DaxqgrOhkeH0fpeiQq2f4,Oasis,4TKINtLLQ324YAg83mPScq,(What's the Story) Morning Glory? (Remastered) [Deluxe Version],1995,album,0.291,0.706,10,-5.678,1,0.0496,4.75e-05,0.849,0.241,0.156,142.954,4,44788
4kd7pSN2OKXdicmeGtCVTS,Some Might Say - Remastered,0,False,7,1,2DaxqgrOhkeH0fpeiQq2f4,Oasis,4TKINtLLQ324YAg83mPScq,(What's the Story) Morning Glory? (Remastered) [Deluxe Version],1995,album,0.266,0.94,0,-2.244,0,0.0885,0.161,0.0174,0.27,0.0691,110.133,4,327841
6Us8pMSt1LGROjRKtZkVqj,Cast No Shadow - Remastered,0,False,8,1,2DaxqgrOhkeH0fpeiQq2f4,Oasis,4TKINtLLQ324YAg83mPScq,(What's the Story) Morning Glory? (Remastered) [Deluxe Version],1995,album,0.419,0.835,7,-4.304,1,0.0285,0.00176,0.0,0.151,0.642,158.381,4,294894
4oFRVO1Eqlt9boUL2ROyld,She's Electric - Remastered,0,False,9,1,2DaxqgrOhkeH0fpeiQq2f4,Oasis,4TKINtLLQ324YAg83mPScq,(What's the Story) Morning Glory? (Remastered) [Deluxe Version],1995,album,0.489,0.915,9,-3.448,1,0.0483,0.168,0.0,0.632,0.5,125.443,4,219801
5SVfvKL7TE0tzljiXStpOY,Morning Glory - Remastered,0,False,10,1,2DaxqgrOhkeH0fpeiQq2f4,Oasis,4TKINtLLQ324YAg83mPScq,(What's the Story) Morning Glory? (Remastered) [Deluxe Version],1995,album,0.334,0.983,0,-3.165,1,0.0862,0.0575,3.59e-05,0.438,0.101,136.934,4,304281
3eEyDwyHmj3DBkvepayYmz,[Untitled] - Remastered,0,False,11,1,2DaxqgrOhkeH0fpeiQq2f4,Oasis,4TKINtLLQ324YAg83mPScq,(What's the Story) Morning Glory? (Remastered) [Deluxe Version],1995,album,0.156,0.992,5,-13.225,1,0.0801,0.828,0.897,0.689,0.0213,132.893,4,40241
5l2Ta0Rv1RKR1iEGk3QXum,Champagne Supernova - Remastered,0,False,12,1,2DaxqgrOhkeH0fpeiQq2f4,Oasis,4TKINtLLQ324YAg83mPScq,(What's the Story) Morning Glory? (Remastered) [Deluxe Version],1995,album,0.289,0.82,2,-3.794,1,0.0393,0.479,0.0573,0.362,0.113,150.18,4,448439
1Cw8Ir2Xhzm3as6WeDo3eJ,Talk Tonight - Remastered,0,False,1,2,2DaxqgrOhkeH0fpeiQq2f4,Oasis,4TKINtLLQ324YAg83mPScq,(What's the Story) Morning Glory? (Remastered) [Deluxe Version],1995,album,0.457,0.433,4,-8.393,0,0.0251,0.499,1.33e-05,0.37,0.332,84.744,4,262747
1vxYrjQVZUwsZU4PpsOkLX,Acquiesce - Remastered,0,False,2,2,2DaxqgrOhkeH0fpeiQq2f4,Oasis,4TKINtLLQ324YAg83mPScq,(What's the Story) Morning Glory? (Remastered) [Deluxe Version],1995,album,0.163,0.926,7,-3.286,1,0.0814,0.0121,0.00109,0.335,0.22,110.983,4,267987
74CGPGqMGgS31rhOoSmcrG,Headshrinker - Remastered,0,False,3,2,2DaxqgrOhkeH0fpeiQq2f4,Oasis,4TKINtLLQ324YAg83mPScq,(What's the Story) Morning Glory? (Remastered) [Deluxe Version],1995,album,0.131,0.859,7,-1.863,1,0.0591,0.00378,0.000158,0.367,0.26,77.641,4,281840
2kGLb8Jxc8XArCXWDIMZnH,It's Better People - Remastered,0,False,4,2,2DaxqgrOhkeH0fpeiQq2f4,Oasis,4TKINtLLQ324YAg83mPScq,(What's the Story) Morning Glory? (Remastered) [Deluxe Version],1995,album,0.468,0.805,4,-6.147,1,0.0327,0.000405,4.89e-05,0.102,0.878,101.373,4,240291
1vQAf4oBqGfzPWz5aXIR3U,Rockin' Chair - Remastered,0,False,5,2,2DaxqgrOhkeH0fpeiQq2f4,Oasis,4TKINtLLQ324YAg83mPScq,(What's the Story) Morning Glory? (Remastered) [Deluxe Version],1995,album,0.507,0.904,9,-4.179,0,0.0357,0.00072,7.69e-06,0.0372,0.285,126.341,4,279056
6RW8790yTNcqF8iqjbvRJR,Step Out - Remastered,0,False,6,2,2DaxqgrOhkeH0fpeiQq2f4,Oasis,4TKINtLLQ324YAg83mPScq,(What's the Story) Morning Glory? (Remastered) [Deluxe Version],1995,album,0.332,0.981,7,-1.875,1,0.0777,0.0105,0.00929,0.356,0.185,139.593,4,224427
4vf6VWxpp04Gf9mvVuAeNS,Underneath the Sky - Remastered,0,False,7,2,2DaxqgrOhkeH0fpeiQq2f4,Oasis,4TKINtLLQ324YAg83mPScq,(What's the Story) Morning Glory? (Remastered) [Deluxe Version],1995,album,0.445,0.955,11,-2.234,0,0.0536,0.00143,0.0,0.346,0.669,124.221,4,204654
68YS6Q833jv17mdiREphcj,Cum On Feel the Noize - Remastered,0,False,8,2,2DaxqgrOhkeH0fpeiQq2f4,Oasis,4TKINtLLQ324YAg83mPScq,(What's the Story) Morning Glory? (Remastered) [Deluxe Version],1995,album,0.372,0.914,9,-1.049,0,0.0457,1.52e-05,0.397,0.362,0.526,133.138,4,312160
7INx8dnUtSv8Yzs7DVIp99,Round Are Way - Remastered,0,False,9,2,2DaxqgrOhkeH0fpeiQq2f4,Oasis,4TKINtLLQ324YAg83mPScq,(What's the Story) Morning Glory? (Remastered) [Deluxe Version],1995,album,0.333,0.913,0,-2.103,1,0.0433,1.22e-05,0.000296,0.0747,0.396,138.04,4,344440
7nKoQdxD8FtSMEmZgTGeX5,The Swamp Song - Remastered,0,False,10,2,2DaxqgrOhkeH0fpeiQq2f4,Oasis,4TKINtLLQ324YAg83mPScq,(What's the Story) Morning Glory? (Remastered) [Deluxe Version],1995,album,0.239,0.948,7,-1.808,0,0.0616,3.85e-05,0.926,0.113,0.187,142.711,4,262400
1yomllbNMwT7dVahKdHrdK,The Masterplan - Remastered,0,False,11,2,2DaxqgrOhkeH0fpeiQq2f4,Oasis,4TKINtLLQ324YAg83mPScq,(What's the Story) Morning Glory? (Remastered) [Deluxe Version],1995,album,0.376,0.594,7,-6.724,1,0.0304,0.0134,7.35e-05,0.0741,0.145,147.776,4,325200
71ze7sNmlr6BEhB3P832Js,Bonehead's Bank Holiday - Remastered,0,False,12,2,2DaxqgrOhkeH0fpeiQq2f4,Oasis,4TKINtLLQ324YAg83mPScq,(What's the Story) Morning Glory? (Remastered) [Deluxe Version],1995,album,0.385,0.82,7,-3.97,1,0.0939,0.314,0.0,0.391,0.503,166.922,4,242920
08lxP52V7dWRl4RhFyLbEC,Champagne Supernova (Brendan Lynch Mix) - Remastered,0,False,13,2,2DaxqgrOhkeH0fpeiQq2f4,Oasis,4TKINtLLQ324YAg83mPScq,(What's the Story) Morning Glory? (Remastered) [Deluxe Version],1995,album,0.479,0.794,2,-5.921,1,0.0328,0.0158,0.000673,0.0999,0.432,150.649,4,417960
6HsfqiqTBcn0kWvNG2SiCX,You've Got to Hide Your Love Away - Remastered,0,False,14,2,2DaxqgrOhkeH0fpeiQq2f4,Oasis,4TKINtLLQ324YAg83mPScq,(What's the Story) Morning Glory? (Remastered) [Deluxe Version],1995,album,0.4,0.667,7,-5.614,1,0.0292,0.104,0.0,0.369,0.723,63.498,4,135198
1lCuf3uU0ZdAiqxVuZUv67,Rock ‘n’ Roll Star - Remastered,0,False,1,1,2DaxqgrOhkeH0fpeiQq2f4,Oasis,3F7qb5AiQdWxuMgSyQ9zyg,Definitely Maybe (Remastered) [Deluxe Edition Remastered],1994-08-29,album,0.32,0.97,4,-3.25,1,0.07,0.0,0.0,0.44,0.48,138.21,4,322000
23CnpklafBtwpCXkasYiyx,Shakermaker - Remastered,0,False,2,1,2DaxqgrOhkeH0fpeiQq2f4,Oasis,3F7qb5AiQdWxuMgSyQ9zyg,Definitely Maybe (Remastered) [Deluxe Edition Remastered],1994-08-29,album,0.08,0.93,4,-2.68,1,0.07,0.02,0.2,0.72,0.16,191.89,4,308000
726Bm6HoMMOwrJlxqbfO45,Live Forever - Remastered,0,False,3,1,2DaxqgrOhkeH0fpeiQq2f4,Oasis,3F7qb5AiQdWxuMgSyQ9zyg,Definitely Maybe (Remastered) [Deluxe Edition Remastered],1994-08-29,album,0.29,0.82,9,-3.37,0,0.04,0.0,0.0,0.35,0.19,90.96,4,278000
4ETiD213qgNHNYKfZRLlsH,Up In The Sky - Remastered,0,False,4,1,2DaxqgrOhkeH0fpeiQq2f4,Oasis,3F7qb5AiQdWxuMgSyQ9zyg,Definitely Maybe (Remastered) [Deluxe Edition Remastered],1994-08-29,album,0.26,0.91,0,-3.52,1,0.04,0.0,0.02,0.35,0.34,140.53,4,268000
332fPO4striDhqDsPoFeiJ,Columbia - Remastered,0,False,5,1,2DaxqgrOhkeH0fpeiQq2f4,Oasis,3F7qb5AiQdWxuMgSyQ9zyg,Definitely Maybe (Remastered) [Deluxe Edition Remastered],1994-08-29,album,0.31,0.82,7,-5.08,1,0.05,0.0,0.67,0.38,0.05,100.15,4,377000
1ZAWaJppxtA3zPh1R2W2wS,Supersonic - Remastered,0,False,6,1,2DaxqgrOhkeH0fpeiQq2f4,Oasis,3F7qb5AiQdWxuMgSyQ9zyg,Definitely Maybe (Remastered) [Deluxe Edition Remastered],1994-08-29,album,0.36,0.89,9,-3.92,1,0.04,0.0,0.02,0.23,0.65,104.02,4,283000
2Lc0xAUTIkLmhoZ3z64fXp,Bring It On Down - Remastered,0,False,7,1,2DaxqgrOhkeH0fpeiQq2f4,Oasis,3F7qb5AiQdWxuMgSyQ9zyg,Definitely Maybe (Remastered) [Deluxe Edition Remastered],1994-08-29,album,0.12,0.95,9,-2.8,1,0.08,0.0,0.8,0.46,0.2,152.59,4,257000
3UwdK8bj9DyibPOgbjdCXD,Cigarettes & Alcohol - Remastered,0,False,8,1,2DaxqgrOhkeH0fpeiQq2f4,Oasis,3F7qb5AiQdWxuMgSyQ9zyg,Definitely Maybe (Remastered) [Deluxe Edition Remastered],1994-08-29,album,0.29,0.74,2,-2.33,1,0.05,0.0,0.03,0.15,0.44,114.87,4,289000
0Uk0BWIMooZTyACeU16T9t,Digsy’s Dinner - Remastered,0,False,9,1,2DaxqgrOhkeH0fpeiQq2f4,Oasis,3F7qb5AiQdWxuMgSyQ9zyg,Definitely Maybe (Remastered) [Deluxe Edition Remastered],1994-08-29,album,0.31,0.99,2,-2.91,1,0.1,0.0,0.84,0.07,0.05,139.35,4,152000
2cFXybEXggFTpPeIzWWHpk,Slide Away - Remastered,0,False,10,1,2DaxqgrOhkeH0fpeiQq2f4,Oasis,3F7qb5AiQdWxuMgSyQ9zyg,Definitely Maybe (Remastered) [Deluxe Edition Remastered],1994-08-29,album,0.07,0.94,8,-2.71,1,0.14,0.0,0.0,0.31,0.26,190.56,4,392000
5yscixnnZFKuWh5lzpE9UB,Married With Children - Remastered,0,True,11,1,2DaxqgrOhkeH0fpeiQq2f4,Oasis,3F7qb5AiQdWxuMgSyQ9zyg,Definitely Maybe (Remastered) [Deluxe Edition Remastered],1994-08-29,album,0.59,0.44,4,-10.85,1,0.03,0.79,0.0,0.08,0.31,88.07,4,195000
7faBJYt1aYpnu20jmHJrWV,Columbia (White Label Demo) - White Label Demo Remastered,0,False,1,2,2DaxqgrOhkeH0fpeiQq2f4,Oasis,3F7qb5AiQdWxuMgSyQ9zyg,Definitely Maybe (Remastered) [Deluxe Edition Remastered],1994-08-29,album,0.32,0.89,2,-1.88,1,0.04,0.0,0.78,0.7,0.3,101.0,4,328000
5Ec6vEBO4tK0DzZOSiQ0aR,Cigarettes & Alcohol (Demo) - Demo Remastered,0,False,2,2,2DaxqgrOhkeH0fpeiQq2f4,Oasis,3F7qb5AiQdWxuMgSyQ9zyg,Definitely Maybe (Remastered) [Deluxe Edition Remastered],1994-08-29,album,0.36,0.93,9,-1.71,1,0.04,0.0,0.0,0.09,0.34,110.96,4,277000
36hGdPz88ImVnz6vfnjK67,Sad Song - Remastered,0,False,3,2,2DaxqgrOhkeH0fpeiQq2f4,Oasis,3F7qb5AiQdWxuMgSyQ9zyg,Definitely Maybe (Remastered) [Deluxe Edition Remastered],1994-08-29,album,0.53,0.58,8,-6.35,0,0.03,0.53,0.0,0.39,0.16,118.43,4,269000
31mfnefq0uvC6qNMCwMzVa,I Will Believe (Live) - Live Remastered,0,False,4,2,2DaxqgrOhkeH0fpeiQq2f4,Oasis,3F7qb5AiQdWxuMgSyQ9zyg,Definitely Maybe (Remastered) [Deluxe Edition Remastered],1994-08-29,album,0.34,0.98,2,-3.24,1,0.07,0.0,0.0,0.09,0.56,128.63,4,228000
6ONmGxbujF6hSMY2kVVIz6,Take Me Away - Remastered,0,False,5,2,2DaxqgrOhkeH0fpeiQq2f4,Oasis,3F7qb5AiQdWxuMgSyQ9zyg,Definitely Maybe (Remastered) [Deluxe Edition Remastered],1994-08-29,album,0.45,0.33,2,-10.92,1,0.03,0.69,0.0,0.23,0.12,112.23,4,272000
03Xt11ldLMXSDouxZRXOpY,Alive (Demo) - Demo Remastered,0,False,6,2,2DaxqgrOhkeH0fpeiQq2f4,Oasis,3F7qb5AiQdWxuMgSyQ9zyg,Definitely Maybe (Remastered) [Deluxe Edition Remastered],1994-08-29,album,0.26,0.91,4,-4.51,1,0.04,0.0,0.01,0.15,0.25,147.63,4,238000
67Gcct0hn99n3sg9qCLnlR,D'Yer Wanna Be A Spaceman? - Remastered,0,False,7,2,2DaxqgrOhkeH0fpeiQq2f4,Oasis,3F7qb5AiQdWxuMgSyQ9zyg,Definitely Maybe (Remastered) [Deluxe Edition Remastered],1994-08-29,album,0.4,0.48,2,-10.12,1,0.03,0.33,0.0,0.09,0.61,138.4,4,161000
5zQC9pYdRJ7tM840lqGoMG,Supersonic (Live) - Live Remastered,0,False,8,2,2DaxqgrOhkeH0fpeiQq2f4,Oasis,3F7qb5AiQdWxuMgSyQ9zyg,Definitely Maybe (Remastered) [Deluxe Edition Remastered],1994-08-29,album,0.25,0.97,6,-3.5,0,0.09,0.0,0.45,0.69,0.11,109.25,4,283000
5q5jXD7AH10zVMXBhcNp9e,Up In The Sky (Acoustic) - Acoustic Remastered,0,False,9,2,2DaxqgrOhkeH0fpeiQq2f4,Oasis,3F7qb5AiQdWxuMgSyQ9zyg,Definitely Maybe (Remastered) [Deluxe Edition Remastered],1994-08-29,album,0.15,0.79,0,-4.12,1,0.04,0.15,0.0,0.13,0.35,141.72,4,214000
4AmI86rWkqnPbEXO8ByPOv,Cloudburst - Remastered,0,False,10,2,2DaxqgrOhkeH0fpeiQq2f4,Oasis,3F7qb5AiQdWxuMgSyQ9zyg,Definitely Maybe (Remastered) [Deluxe Edition Remastered],1994-08-29,album,0.31,0.88,9,-5.52,1,0.05,0.0,0.37,0.24,0.29,102.71,4,323000
54JcPYNP7RtsEcODC2pTKN,Fade Away - Remastered,0,False,11,2,2DaxqgrOhkeH0fpeiQq2f4,Oasis,3F7qb5AiQdWxuMgSyQ9zyg,Definitely Maybe (Remastered) [Deluxe Edition Remastered],1994-08-29,album,0.22,0.54,2,-4.57,1,0.05,0.0,0.07,0.38,0.33,74.69,4,256000
2UTm8AxZn6hCo7wJy3URyC,Listen Up - Remastered,0,False,12,2,2DaxqgrOhkeH0fpeiQq2f4,Oasis,3F7qb5AiQdWxuMgSyQ9zyg,Definitely Maybe (Remastered) [Deluxe Edition Remastered],1994-08-29,album,0.15,0.86,9,-1.79,1,0.07,0.03,0.09,0.37,0.34,133.41,5,402000
7BmLjx6ZkXvIqCq1o5ZWLm,I Am The Walrus (Live Glasgow Cathouse June ‘94) - Live Glasgow Cathouse June ‘94 Remastered,0,False,13,2,2DaxqgrOhkeH0fpeiQq2f4,Oasis,3F7qb5AiQdWxuMgSyQ9zyg,Definitely Maybe (Remastered) [Deluxe Edition Remastered],1994-08-29,album,0.14,0.98,4,-3.72,1,0.13,0.0,0.79,0.42,0.04,102.29,4,498000
1p7g8Z422tp6OALADuAVjC,Whatever - Remastered,0,False,14,2,2DaxqgrOhkeH0fpeiQq2f4,Oasis,3F7qb5AiQdWxuMgSyQ9zyg,Definitely Maybe (Remastered) [Deluxe Edition Remastered],1994-08-29,album,0.25,0.91,7,-2.44,1,0.04,0.04,0.01,0.26,0.34,91.16,4,382000
4CErOhZ4W4eCf0MglpRlsv,(It's Good) To Be Free - Remastered,0,False,15,2,2DaxqgrOhkeH0fpeiQq2f4,Oasis,3F7qb5AiQdWxuMgSyQ9zyg,Definitely Maybe (Remastered) [Deluxe Edition Remastered],1994-08-29,album,0.32,0.9,4,-2.06,0,0.05,0.0,0.01,0.34,0.3,97.85,5,263000
55IXAAiWMlULBXElaxo7KZ,Half The World Away - Remastered,0,False,16,2,2DaxqgrOhkeH0fpeiQq2f4,Oasis,3F7qb5AiQdWxuMgSyQ9zyg,Definitely Maybe (Remastered) [Deluxe Edition Remastered],1994-08-29,album,0.43,0.46,0,-8.67,1,0.03,0.31,0.0,0.09,0.23,115.21,4,267000
35YnKk5hJ5xXZKTbOcCfbF,Rock ‘n’ Roll Star (Remastered),0,False,1,1,2DaxqgrOhkeH0fpeiQq2f4,Oasis,3jnyR6lycuXlPjNH7FVRf5,Definitely Maybe (Remastered) [Deluxe Edition],1994-08-29,album,0.32,0.97,4,-3.25,1,0.07,0.0,0.0,0.44,0.48,138.21,4,322000
1OC9Icu9Tura6gSr7P9a2t,Shakermaker (Remastered),0,False,2,1,2DaxqgrOhkeH0fpeiQq2f4,Oasis,3jnyR6lycuXlPjNH7FVRf5,Definitely Maybe (Remastered) [Deluxe Edition],1994-08-29,album,0.08,0.93,4,-2.68,1,0.07,0.02,0.2,0.72,0.16,191.89,4,308000
2SwLswBtbxloI4uMcfkfLf,Live Forever (Remastered),0,False,3,1,2DaxqgrOhkeH0fpeiQq2f4,Oasis,3jnyR6lycuXlPjNH7FVRf5,Definitely Maybe (Remastered) [Deluxe Edition],1994-08-29,album,0.29,0.82,9,-3.37,0,0.04,0.0,0.0,0.35,0.19,90.96,4,278000
2dqb9irYObVzQ5irIX5P2B,Up In The Sky (Remastered),0,False,4,1,2DaxqgrOhkeH0fpeiQq2f4,Oasis,3jnyR6lycuXlPjNH7FVRf5,Definitely Maybe (Remastered) [Deluxe Edition],1994-08-29,album,0.26,0.91,0,-3.52,1,0.04,0.0,0.02,0.35,0.34,140.53,4,268000
4gYW4cdWP81E6yh7Fp2POc,Columbia (Remastered),0,False,5,1,2DaxqgrOhkeH0fpeiQq2f4,Oasis,3jnyR6lycuXlPjNH7FVRf5,Definitely Maybe (Remastered) [Deluxe Edition],1994-08-29,album,0.31,0.82,7,-5.08,1,0.05,0.0,0.67,0.38,0.05,100.15,4,377000
2audnG64ggVIYMaKsqA1ot,Supersonic (Remastered),0,False,6,1,2DaxqgrOhkeH0fpeiQq2f4,Oasis,3jnyR6lycuXlPjNH7FVRf5,Definitely Maybe (Remastered) [Deluxe Edition],1994-08-29,album,0.36,0.89,9,-3.92,1,0.04,0.0,0.02,0.23,0.65,104.02,4,283000
1bAKUODLMy0EFbUOL3DUcD,Bring It On Down (Remastered),0,False,7,1,2DaxqgrOhkeH0fpeiQq2f4,Oasis,3jnyR6lycuXlPjNH7FVRf5,Definitely Maybe (Remastered) [Deluxe Edition],1994-08-29,album,0.12,0.95,9,-2.8,1,0.08,0.0,0.8,0.46,0.2,152.59,4,257000
7bfWxsOmebxtPDPx0em9hq,Cigarettes & Alcohol (Remastered),0,False,8,1,2DaxqgrOhkeH0fpeiQq2f4,Oasis,3jnyR6lycuXlPjNH7FVRf5,Definitely Maybe (Remastered) [Deluxe Edition],1994-08-29,album,0.29,0.74,2,-2.33,1,0.05,0.0,0.03,0.15,0.44,114.87,4,289000
5Rs2hLSw7VmgshBOpKlH1g,Digsy’s Dinner (Remastered),0,False,9,1,2DaxqgrOhkeH0fpeiQq2f4,Oasis,3jnyR6lycuXlPjNH7FVRf5,Definitely Maybe (Remastered) [Deluxe Edition],1994-08-29,album,0.31,0.99,2,-2.91,1,0.1,0.0,0.84,0.07,0.05,139.35,4,152000
3zxF3O9YPpqMRx8igNsOPo,Slide Away (Remastered),0,False,10,1,2DaxqgrOhkeH0fpeiQq2f4,Oasis,3jnyR6lycuXlPjNH7FVRf5,Definitely Maybe (Remastered) [Deluxe Edition],1994-08-29,album,0.07,0.94,8,-2.71,1,0.14,0.0,0.0,0.31,0.26,190.56,4,392000
5skSXhZ0LgiBH3N2AoMisg,Married With Children (Remastered),0,True,11,1,2DaxqgrOhkeH0fpeiQq2f4,Oasis,3jnyR6lycuXlPjNH7FVRf5,Definitely Maybe (Remastered) [Deluxe Edition],1994-08-29,album,0.59,0.44,4,-10.85,1,0.03,0.79,0.0,0.08,0.31,88.07,4,195000
2NhxPGbZBYqfZCB8YNLrcm,Columbia (White Label Demo) (Remastered),0,False,1,2,2DaxqgrOhkeH0fpeiQq2f4,Oasis,3jnyR6lycuXlPjNH7FVRf5,Definitely Maybe (Remastered) [Deluxe Edition],1994-08-29,album,0.32,0.89,2,-1.88,1,0.04,0.0,0.78,0.7,0.3,101.0,4,328000
4JUOhTbeI6SFhZDn2oFOV8,Cigarettes & Alcohol (Demo) (Remastered),0,False,2,2,2DaxqgrOhkeH0fpeiQq2f4,Oasis,3jnyR6lycuXlPjNH7FVRf5,Definitely Maybe (Remastered) [Deluxe Edition],1994-08-29,album,0.36,0.93,9,-1.71,1,0.04,0.0,0.0,0.09,0.34,110.97,4,277000
4qk2jIJtrItzq1kU60UuZN,Sad Song (Remastered),0,False,3,2,2DaxqgrOhkeH0fpeiQq2f4,Oasis,3jnyR6lycuXlPjNH7FVRf5,Definitely Maybe (Remastered) [Deluxe Edition],1994-08-29,album,0.53,0.58,8,-6.35,0,0.03,0.53,0.0,0.39,0.16,118.43,4,269000
49sZfZWWm4mgPkvqAY4D7F,I Will Believe (Live) (Remastered),0,False,4,2,2DaxqgrOhkeH0fpeiQq2f4,Oasis,3jnyR6lycuXlPjNH7FVRf5,Definitely Maybe (Remastered) [Deluxe Edition],1994-08-29,album,0.34,0.98,2,-3.24,1,0.07,0.0,0.0,0.09,0.56,128.63,4,228000
0HGw5lOfXs8YFfYX996Q6x,Take Me Away (Remastered),0,False,5,2,2DaxqgrOhkeH0fpeiQq2f4,Oasis,3jnyR6lycuXlPjNH7FVRf5,Definitely Maybe (Remastered) [Deluxe Edition],1994-08-29,album,0.45,0.33,2,-10.92,1,0.03,0.69,0.0,0.23,0.12,112.23,4,272000
1vixtUQKzHt6IPmstwsEzK,Alive (Demo) (Remastered),0,False,6,2,2DaxqgrOhkeH0fpeiQq2f4,Oasis,3jnyR6lycuXlPjNH7FVRf5,Definitely Maybe (Remastered) [Deluxe Edition],1994-08-29,album,0.26,0.91,4,-4.51,1,0.04,0.0,0.01,0.15,0.25,147.63,4,238000
4Qs6RBaAkYq42l6dBw513b,D'Yer Wanna Be A Spaceman? (Remastered),0,False,7,2,2DaxqgrOhkeH0fpeiQq2f4,Oasis,3jnyR6lycuXlPjNH7FVRf5,Definitely Maybe (Remastered) [Deluxe Edition],1994-08-29,album,0.4,0.48,2,-10.12,1,0.03,0.33,0.0,0.09,0.61,138.4,4,161000
5SvUz0nPCqtXaoFSFq1T80,Supersonic (Live) (Remastered),0,False,8,2,2DaxqgrOhkeH0fpeiQq2f4,Oasis,3jnyR6lycuXlPjNH7FVRf5,Definitely Maybe (Remastered) [Deluxe Edition],1994-08-29,album,0.25,0.97,6,-3.5,0,0.09,0.0,0.45,0.69,0.11,109.25,4,283000
6EAItYwgwY0ZKQanOeYaRP,Up In The Sky (Acoustic) (Remastered),0,False,9,2,2DaxqgrOhkeH0fpeiQq2f4,Oasis,3jnyR6lycuXlPjNH7FVRf5,Definitely Maybe (Remastered) [Deluxe Edition],1994-08-29,album,0.15,0.78,0,-4.12,1,0.04,0.15,0.0,0.13,0.34,141.71,4,214000
5YtL7vnfF2fHzzmA5kEweY,Cloudburst (Remastered),0,False,10,2,2DaxqgrOhkeH0fpeiQq2f4,Oasis,3jnyR6lycuXlPjNH7FVRf5,Definitely Maybe (Remastered) [Deluxe Edition],1994-08-29,album,0.31,0.88,9,-5.52,1,0.05,0.0,0.37,0.24,0.29,102.71,4,323000
5QRFCMVW3Ggbr5qnY1H8WH,Fade Away (Remastered),0,False,11,2,2DaxqgrOhkeH0fpeiQq2f4,Oasis,3jnyR6lycuXlPjNH7FVRf5,Definitely Maybe (Remastered) [Deluxe Edition],1994-08-29,album,0.22,0.54,2,-4.57,1,0.05,0.0,0.07,0.38,0.33,74.69,4,256000
76eP125OVGc2W4PqjGMDln,Listen Up (Remastered),0,False,12,2,2DaxqgrOhkeH0fpeiQq2f4,Oasis,3jnyR6lycuXlPjNH7FVRf5,Definitely Maybe (Remastered) [Deluxe Edition],1994-08-29,album,0.15,0.86,9,-1.79,1,0.07,0.03,0.09,0.37,0.34,133.41,5,402000
2GFBZkhJhV0o8MoHrXvnXS,I Am The Walrus (Live Glasgow Cathouse June ‘94) (Remastered),0,False,13,2,2DaxqgrOhkeH0fpeiQq2f4,Oasis,3jnyR6lycuXlPjNH7FVRf5,Definitely Maybe (Remastered) [Deluxe Edition],1994-08-29,album,0.13,0.98,4,-3.72,1,0.13,0.0,0.8,0.42,0.04,98.68,4,498000
6hqu7f96UPVAKCqiex5sgi,Whatever (Remastered),0,False,14,2,2DaxqgrOhkeH0fpeiQq2f4,Oasis,3jnyR6lycuXlPjNH7FVRf5,Definitely Maybe (Remastered) [Deluxe Edition],1994-08-29,album,0.25,0.91,7,-2.44,1,0.04,0.04,0.01,0.26,0.34,91.16,4,382000
6hij68J4zcu2xdSdKOLvqm,(It's Good) To Be Free (Remastered),0,False,15,2,2DaxqgrOhkeH0fpeiQq2f4,Oasis,3jnyR6lycuXlPjNH7FVRf5,Definitely Maybe (Remastered) [Deluxe Edition],1994-08-29,album,0.32,0.9,4,-2.06,0,0.05,0.0,0.01,0.34,0.3,97.85,5,263000
0W7tfWpG5HeHNRECFdsyKy,Half The World Away (Remastered),0,False,16,2,2DaxqgrOhkeH0fpeiQq2f4,Oasis,3jnyR6lycuXlPjNH7FVRf5,Definitely Maybe (Remastered) [Deluxe Edition],1994-08-29,album,0.43,0.46,0,-8.67,1,0.03,0.31,0.0,0.09,0.23,115.21,4,267000
1xpxexG161QlYJDHEYBJtY,Rock 'n' Roll Star - Remastered,0,False,1,1,2DaxqgrOhkeH0fpeiQq2f4,Oasis,1vvtE3HPmUDEtjwUVNItmx,Definitely Maybe (Remastered Deluxe),1994-08-29,album,0.314,0.963,4,-4.24,1,0.0709,0.000665,0.00167,0.49,0.48,138.218,4,322093
5bMHIcX3q4O1ByRrvuWR8w,Shakermaker - Remastered,0,False,2,1,2DaxqgrOhkeH0fpeiQq2f4,Oasis,1vvtE3HPmUDEtjwUVNItmx,Definitely Maybe (Remastered Deluxe),1994-08-29,album,0.305,0.924,4,-3.747,1,0.0571,0.0159,0.265,0.667,0.14,95.902,4,308291
3WQNQVnNI4Zpdrr1iDQlMH,Live Forever - Remastered,0,False,3,1,2DaxqgrOhkeH0fpeiQq2f4,Oasis,1vvtE3HPmUDEtjwUVNItmx,Definitely Maybe (Remastered Deluxe),1994-08-29,album,0.124,0.794,9,-4.396,0,0.043,2.5e-05,1.48e-05,0.355,0.176,90.93,4,276662
5lzU9NQ1VJihRhrKHXLGhG,Up in the Sky - Remastered,0,False,4,1,2DaxqgrOhkeH0fpeiQq2f4,Oasis,1vvtE3HPmUDEtjwUVNItmx,Definitely Maybe (Remastered Deluxe),1994-08-29,album,0.262,0.884,0,-4.575,1,0.0386,1.31e-05,0.0139,0.176,0.324,140.355,4,267996
2Ci1p5izvbU9XLSs6Ba6FK,Columbia - Remastered,0,False,5,1,2DaxqgrOhkeH0fpeiQq2f4,Oasis,1vvtE3HPmUDEtjwUVNItmx,Definitely Maybe (Remastered Deluxe),1994-08-29,album,0.313,0.801,7,-6.134,1,0.0469,2.4e-06,0.651,0.377,0.0496,100.18,4,377401
1AsA6muc4rvYajrYqMuYWB,Supersonic - Remastered,0,False,6,1,2DaxqgrOhkeH0fpeiQq2f4,Oasis,1vvtE3HPmUDEtjwUVNItmx,Definitely Maybe (Remastered Deluxe),1994-08-29,album,0.355,0.894,9,-3.921,1,0.039,6.28e-05,0.0186,0.233,0.667,104.025,4,283790
4Vssp8DxwePPw5CeouwKYV,Bring It On Down - Remastered,0,False,7,1,2DaxqgrOhkeH0fpeiQq2f4,Oasis,1vvtE3HPmUDEtjwUVNItmx,Definitely Maybe (Remastered Deluxe),1994-08-29,album,0.111,0.935,9,-3.809,1,0.0721,1.08e-05,0.891,0.369,0.182,154.558,4,257816
5RaygRk9xuusoiPfyCnMbg,Cigarettes & Alcohol - Remastered,0,False,8,1,2DaxqgrOhkeH0fpeiQq2f4,Oasis,1vvtE3HPmUDEtjwUVNItmx,Definitely Maybe (Remastered Deluxe),1994-08-29,album,0.297,0.721,2,-3.402,1,0.0458,1.7e-05,0.0978,0.156,0.507,114.91,4,289145
1owrC9gNXZKB02LU86OFu4,Digsy's Dinner - Remastered,0,False,9,1,2DaxqgrOhkeH0fpeiQq2f4,Oasis,1vvtE3HPmUDEtjwUVNItmx,Definitely Maybe (Remastered Deluxe),1994-08-29,album,0.3,0.979,2,-3.964,1,0.101,0.00103,0.833,0.0615,0.0662,139.442,4,152267
6rizxgd508FFX6ninDVbF1,Slide Away - Remastered,0,False,10,1,2DaxqgrOhkeH0fpeiQq2f4,Oasis,1vvtE3HPmUDEtjwUVNItmx,Definitely Maybe (Remastered Deluxe),1994-08-29,album,0.0668,0.927,8,-3.754,1,0.136,0.000112,0.000493,0.267,0.301,188.499,4,392312
6RZURlkAulpYjJNPdw0iJt,Married With Children - Remastered,0,False,11,1,2DaxqgrOhkeH0fpeiQq2f4,Oasis,1vvtE3HPmUDEtjwUVNItmx,Definitely Maybe (Remastered Deluxe),1994-08-29,album,0.587,0.413,4,-11.89,1,0.0262,0.786,0.0,0.0821,0.346,87.827,4,192841
3HNvEhWUc0EXnHy3LBVMCo,Columbia - White Label Demo [Remastered],0,False,1,2,2DaxqgrOhkeH0fpeiQq2f4,Oasis,1vvtE3HPmUDEtjwUVNItmx,Definitely Maybe (Remastered Deluxe),1994-08-29,album,0.103,0.88,2,-2.956,1,0.0502,0.00157,0.749,0.603,0.287,201.868,4,327667
5dYVxpaRGhsTkBh7BpQrjB,Cigarettes & Alcohol - Demo [Remastered],0,False,2,2,2DaxqgrOhkeH0fpeiQq2f4,Oasis,1vvtE3HPmUDEtjwUVNItmx,Definitely Maybe (Remastered Deluxe),1994-08-29,album,0.365,0.918,9,-2.778,1,0.0454,0.000165,0.000178,0.0896,0.322,110.973,4,277733
0Ayu4Lx8gYh7SpvvF7RKZ2,Sad Song - Remastered,0,False,3,2,2DaxqgrOhkeH0fpeiQq2f4,Oasis,1vvtE3HPmUDEtjwUVNItmx,Definitely Maybe (Remastered Deluxe),1994-08-29,album,0.516,0.546,8,-7.434,0,0.0317,0.554,0.0,0.388,0.16,118.446,4,269468
3HmXpZCOZoD5Hhpj5F21Hs,I Will Believe - Live [Remastered],0,False,4,2,2DaxqgrOhkeH0fpeiQq2f4,Oasis,1vvtE3HPmUDEtjwUVNItmx,Definitely Maybe (Remastered Deluxe),1994-08-29,album,0.344,0.973,2,-4.337,1,0.0744,0.000652,1.37e-06,0.0856,0.549,128.638,4,228880
2SMez36jlooAffMFzh38QG,Take Me Away - Remastered,0,False,5,2,2DaxqgrOhkeH0fpeiQq2f4,Oasis,1vvtE3HPmUDEtjwUVNItmx,Definitely Maybe (Remastered Deluxe),1994-08-29,album,0.453,0.305,2,-11.914,1,0.0288,0.662,0.0,0.229,0.116,112.272,4,272774
1L0HnX2pDJDSCB67nfaEuj,Alive - Demo [Remastered],0,False,6,2,2DaxqgrOhkeH0fpeiQq2f4,Oasis,1vvtE3HPmUDEtjwUVNItmx,Definitely Maybe (Remastered Deluxe),1994-08-29,album,0.251,0.892,4,-5.577,1,0.0456,7.97e-06,0.00367,0.142,0.244,147.692,4,238227
48Sn6oZ7vrYJmZ2Nz44eV4,D'yer Wanna Be a Spaceman? - Remastered,0,False,7,2,2DaxqgrOhkeH0fpeiQq2f4,Oasis,1vvtE3HPmUDEtjwUVNItmx,Definitely Maybe (Remastered Deluxe),1994-08-29,album,0.396,0.48,2,-10.137,1,0.0265,0.328,0.0,0.0868,0.614,138.401,4,161160
6vPICLdODH5pqLxnbcgQSm,Supersonic - Live [Remastered],0,False,8,2,2DaxqgrOhkeH0fpeiQq2f4,Oasis,1vvtE3HPmUDEtjwUVNItmx,Definitely Maybe (Remastered Deluxe),1994-08-29,album,0.27,0.958,6,-4.55,0,0.0853,0.0026,0.457,0.67,0.106,109.248,4,314881
1ncy2ENFkMbkBaaQIieswq,Up in the Sky - Acoustic [Remastered],0,False,9,2,2DaxqgrOhkeH0fpeiQq2f4,Oasis,1vvtE3HPmUDEtjwUVNItmx,Definitely Maybe (Remastered Deluxe),1994-08-29,album,0.17,0.752,0,-5.189,1,0.0382,0.167,0.0,0.139,0.398,142.218,4,214320
5O5Sh9SWRvctgL3AsHhYLv,Cloudburst - Remastered,0,False,10,2,2DaxqgrOhkeH0fpeiQq2f4,Oasis,1vvtE3HPmUDEtjwUVNItmx,Definitely Maybe (Remastered Deluxe),1994-08-29,album,0.156,0.857,9,-6.566,1,0.0536,2.98e-06,0.366,0.243,0.292,107.609,4,323147
5lXj9jB4hlwAFrfkMe5B20,Fade Away - Remastered,0,False,11,2,2DaxqgrOhkeH0fpeiQq2f4,Oasis,1vvtE3HPmUDEtjwUVNItmx,Definitely Maybe (Remastered Deluxe),1994-08-29,album,0.151,0.548,2,-4.568,1,0.0462,1.52e-05,0.0529,0.375,0.319,72.471,4,256854
2vbUbz7Otb37ss2Lr9pAXi,Listen Up - Remastered,0,False,12,2,2DaxqgrOhkeH0fpeiQq2f4,Oasis,1vvtE3HPmUDEtjwUVNItmx,Definitely Maybe (Remastered Deluxe),1994-08-29,album,0.191,0.784,9,-2.844,1,0.0645,0.0236,0.138,0.382,0.363,98.512,4,402360
5W0LXonABZADfusre7y33h,I Am the Walrus - Live Glasgow Cathouse June '94 [Remastered],0,False,13,2,2DaxqgrOhkeH0fpeiQq2f4,Oasis,1vvtE3HPmUDEtjwUVNItmx,Definitely Maybe (Remastered Deluxe),1994-08-29,album,0.153,0.967,4,-4.79,1,0.133,4.71e-06,0.797,0.419,0.0421,106.302,4,498334
1oFFow1W6Ub3R2nL1C1AAj,Whatever - Remastered,0,False,14,2,2DaxqgrOhkeH0fpeiQq2f4,Oasis,1vvtE3HPmUDEtjwUVNItmx,Definitely Maybe (Remastered Deluxe),1994-08-29,album,0.259,0.89,7,-3.482,1,0.038,0.036,0.0075,0.329,0.304,92.48,4,382267
6nnN2sIqVNGZ1bUhsJOzr3,(It's Good) to Be Free - Remastered,0,False,15,2,2DaxqgrOhkeH0fpeiQq2f4,Oasis,1vvtE3HPmUDEtjwUVNItmx,Definitely Maybe (Remastered Deluxe),1994-08-29,album,0.305,0.874,4,-3.109,0,0.0514,0.00195,0.00731,0.428,0.295,97.557,3,263534
6MgmbcbnA6bYunVwA1cpau,Half the World Away - Remastered,0,False,16,2,2DaxqgrOhkeH0fpeiQq2f4,Oasis,1vvtE3HPmUDEtjwUVNItmx,Definitely Maybe (Remastered Deluxe),1994-08-29,album,0.338,0.434,0,-9.723,1,0.033,0.293,0.0,0.0874,0.231,171.339,3,265330
4zcvVzUmWAkxPa6OGlUbrk,Rock 'n' Roll Star - Remastered,0,False,1,1,2DaxqgrOhkeH0fpeiQq2f4,Oasis,0ExlleDo2Ok0j9axme5TNp,Definitely Maybe (Deluxe Edition Remastered),1994,album,0.32,0.97,4,-3.25,1,0.07,0.0,0.0,0.44,0.48,138.21,4,322000
4Aaxvww9EEj8OCRH9ChUF7,Shakermaker - Remastered,0,False,2,1,2DaxqgrOhkeH0fpeiQq2f4,Oasis,0ExlleDo2Ok0j9axme5TNp,Definitely Maybe (Deluxe Edition Remastered),1994,album,0.08,0.93,4,-2.68,1,0.07,0.02,0.2,0.72,0.16,191.89,4,308000
6al1jdslsxmTbzQrEmEGUy,Live Forever - Remastered,0,False,3,1,2DaxqgrOhkeH0fpeiQq2f4,Oasis,0ExlleDo2Ok0j9axme5TNp,Definitely Maybe (Deluxe Edition Remastered),1994,album,0.29,0.82,9,-3.37,0,0.04,0.0,0.0,0.35,0.19,90.96,4,278000
4Sg1cXTk15GcIAXvY4ZJhk,Up In the Sky - Remastered,0,False,4,1,2DaxqgrOhkeH0fpeiQq2f4,Oasis,0ExlleDo2Ok0j9axme5TNp,Definitely Maybe (Deluxe Edition Remastered),1994,album,0.26,0.91,0,-3.52,1,0.04,0.0,0.02,0.35,0.34,140.53,4,268000
1WKqY4o0v8aacHFLg60oCQ,Columbia - Remastered,0,False,5,1,2DaxqgrOhkeH0fpeiQq2f4,Oasis,0ExlleDo2Ok0j9axme5TNp,Definitely Maybe (Deluxe Edition Remastered),1994,album,0.31,0.82,7,-5.08,1,0.05,0.0,0.67,0.38,0.05,100.15,4,377000
3w10e9rzK4NuU2CExarQBM,Supersonic - Remastered,0,False,6,1,2DaxqgrOhkeH0fpeiQq2f4,Oasis,0ExlleDo2Ok0j9axme5TNp,Definitely Maybe (Deluxe Edition Remastered),1994,album,0.36,0.89,9,-3.92,1,0.04,0.0,0.02,0.23,0.65,104.02,4,283000
4CAifmid5dw5KEyANIaDxU,Bring It on Down - Remastered,0,False,7,1,2DaxqgrOhkeH0fpeiQq2f4,Oasis,0ExlleDo2Ok0j9axme5TNp,Definitely Maybe (Deluxe Edition Remastered),1994,album,0.12,0.95,9,-2.8,1,0.08,0.0,0.8,0.46,0.2,152.59,4,257000
5ifnDd3N0PIPSsbHBBsNO2,Cigarettes & Alcohol - Remastered,0,False,8,1,2DaxqgrOhkeH0fpeiQq2f4,Oasis,0ExlleDo2Ok0j9axme5TNp,Definitely Maybe (Deluxe Edition Remastered),1994,album,0.29,0.74,2,-2.33,1,0.05,0.0,0.03,0.15,0.44,114.87,4,289000
7zDPKyMnY1rWWsVXo4EpEB,Digsy's Dinner - Remastered,0,False,9,1,2DaxqgrOhkeH0fpeiQq2f4,Oasis,0ExlleDo2Ok0j9axme5TNp,Definitely Maybe (Deluxe Edition Remastered),1994,album,0.31,0.99,2,-2.91,1,0.1,0.0,0.84,0.07,0.05,139.35,4,152000
5q6WHR6IYxCos8NHKhZnAt,Slide Away - Remastered,0,False,10,1,2DaxqgrOhkeH0fpeiQq2f4,Oasis,0ExlleDo2Ok0j9axme5TNp,Definitely Maybe (Deluxe Edition Remastered),1994,album,0.07,0.94,8,-2.71,1,0.14,0.0,0.0,0.31,0.26,190.56,4,392000
27jMDbwWrHVwcahtD3R9My,Married With Children - Remastered,0,True,11,1,2DaxqgrOhkeH0fpeiQq2f4,Oasis,0ExlleDo2Ok0j9axme5TNp,Definitely Maybe (Deluxe Edition Remastered),1994,album,0.59,0.44,4,-10.85,1,0.03,0.79,0.0,0.08,0.31,88.07,4,195000
28ltDvq5Rk8lgaFOi9r5aL,Columbia - White Label Demo Remastered,0,False,1,2,2DaxqgrOhkeH0fpeiQq2f4,Oasis,0ExlleDo2Ok0j9axme5TNp,Definitely Maybe (Deluxe Edition Remastered),1994,album,0.32,0.89,2,-1.88,1,0.04,0.0,0.78,0.7,0.3,101.0,4,328000
1njmujvOcDN3eJLvYpBqD4,Cigarettes & Alcohol - Demo Remastered,0,False,2,2,2DaxqgrOhkeH0fpeiQq2f4,Oasis,0ExlleDo2Ok0j9axme5TNp,Definitely Maybe (Deluxe Edition Remastered),1994,album,0.36,0.93,9,-1.71,1,0.04,0.0,0.0,0.09,0.34,110.97,4,277000
2VBpeVel8MlLgJ2Yj37HMZ,Sad Song - Remastered,0,False,3,2,2DaxqgrOhkeH0fpeiQq2f4,Oasis,0ExlleDo2Ok0j9axme5TNp,Definitely Maybe (Deluxe Edition Remastered),1994,album,0.53,0.58,8,-6.35,0,0.03,0.53,0.0,0.39,0.16,118.43,4,269000
0M0nRbzbTzHs9VDFyDR1hv,I Will Believe - Live Remastered,0,False,4,2,2DaxqgrOhkeH0fpeiQq2f4,Oasis,0ExlleDo2Ok0j9axme5TNp,Definitely Maybe (Deluxe Edition Remastered),1994,album,0.34,0.98,2,-3.24,1,0.07,0.0,0.0,0.09,0.56,128.63,4,228000
4Hgh7snZ4oK2fT6F26F0Gh,Take Me Away - Remastered,0,False,5,2,2DaxqgrOhkeH0fpeiQq2f4,Oasis,0ExlleDo2Ok0j9axme5TNp,Definitely Maybe (Deluxe Edition Remastered),1994,album,0.45,0.33,2,-10.92,1,0.03,0.69,0.0,0.23,0.12,112.23,4,272000
0sw9E8leWkGRsnML7EKKF7,Alive - Demo Remastered,0,False,6,2,2DaxqgrOhkeH0fpeiQq2f4,Oasis,0ExlleDo2Ok0j9axme5TNp,Definitely Maybe (Deluxe Edition Remastered),1994,album,0.26,0.91,4,-4.51,1,0.04,0.0,0.01,0.15,0.25,147.63,4,238000
6xE6b4MWLORdb4k3GyNo7X,D'Yer Wanna Be a Spaceman? - Remastered,0,False,7,2,2DaxqgrOhkeH0fpeiQq2f4,Oasis,0ExlleDo2Ok0j9axme5TNp,Definitely Maybe (Deluxe Edition Remastered),1994,album,0.4,0.48,2,-10.12,1,0.03,0.33,0.0,0.09,0.61,138.4,4,161000
5d1YhByWQjJgiaRBguKleQ,Supersonic - Live Remastered,0,False,8,2,2DaxqgrOhkeH0fpeiQq2f4,Oasis,0ExlleDo2Ok0j9axme5TNp,Definitely Maybe (Deluxe Edition Remastered),1994,album,0.25,0.97,6,-3.5,0,0.09,0.0,0.45,0.69,0.11,109.25,4,283000
7lcEuQ3FJfyVyZb8Z9Lhwk,Up In the Sky - Acoustic Remastered,0,False,9,2,2DaxqgrOhkeH0fpeiQq2f4,Oasis,0ExlleDo2Ok0j9axme5TNp,Definitely Maybe (Deluxe Edition Remastered),1994,album,0.15,0.78,0,-4.12,1,0.04,0.15,0.0,0.13,0.34,141.71,4,214000
09JoPx5Id4o4GluXn8Ujc4,Cloudburst - Remastered,0,False,10,2,2DaxqgrOhkeH0fpeiQq2f4,Oasis,0ExlleDo2Ok0j9axme5TNp,Definitely Maybe (Deluxe Edition Remastered),1994,album,0.31,0.88,9,-5.52,1,0.05,0.0,0.37,0.24,0.29,102.71,4,323000
0S60WeErs4KoWBJJmA6YEd,Fade Away - Remastered,0,False,11,2,2DaxqgrOhkeH0fpeiQq2f4,Oasis,0ExlleDo2Ok0j9axme5TNp,Definitely Maybe (Deluxe Edition Remastered),1994,album,0.22,0.54,2,-4.57,1,0.05,0.0,0.07,0.38,0.33,74.69,4,256000
6uyEji9xYNigk30jkocfIL,Listen Up - Remastered,0,False,12,2,2DaxqgrOhkeH0fpeiQq2f4,Oasis,0ExlleDo2Ok0j9axme5TNp,Definitely Maybe (Deluxe Edition Remastered),1994,album,0.15,0.86,9,-1.79,1,0.07,0.03,0.09,0.37,0.34,133.41,5,402000
2sYPUitjQ2AlEwy7M2CmMm,I Am the Walrus - Live Glasgow Cathouse June '94 Remastered,0,False,13,2,2DaxqgrOhkeH0fpeiQq2f4,Oasis,0ExlleDo2Ok0j9axme5TNp,Definitely Maybe (Deluxe Edition Remastered),1994,album,0.13,0.98,4,-3.72,1,0.13,0.0,0.8,0.42,0.04,98.68,4,498000
1WiSImJeE64vfzAalEAXzM,Whatever - Remastered,0,False,14,2,2DaxqgrOhkeH0fpeiQq2f4,Oasis,0ExlleDo2Ok0j9axme5TNp,Definitely Maybe (Deluxe Edition Remastered),1994,album,0.25,0.91,7,-2.44,1,0.04,0.04,0.01,0.26,0.34,91.16,4,382000
2pFcBiSb25Q51gHkxfoCqH,(It's Good) to Be Free - Remastered,0,False,15,2,2DaxqgrOhkeH0fpeiQq2f4,Oasis,0ExlleDo2Ok0j9axme5TNp,Definitely Maybe (Deluxe Edition Remastered),1994,album,0.32,0.9,4,-2.06,0,0.05,0.0,0.01,0.34,0.3,97.85,5,263000
0Gsy1bmBfOmefXOZolBhgN,Half the World Away - Remastered,0,False,16,2,2DaxqgrOhkeH0fpeiQq2f4,Oasis,0ExlleDo2Ok0j9axme5TNp,Definitely Maybe (Deluxe Edition Remastered),1994,album,0.43,0.46,0,-8.67,1,0.03,0.31,0.0,0.09,0.23,115.21,4,267000
5bKkB75XBjRsE6WgkjXwxK,Rock ‘n’ Roll Star - Remastered,0,False,1,1,2DaxqgrOhkeH0fpeiQq2f4,Oasis,0fLVm67GzAJpbqX8GUL7G6,Definitely Maybe (Remastered),1994,album,0.32,0.97,4,-3.25,1,0.07,0.0,0.0,0.44,0.48,138.21,4,322000
4nhhpJ3Za9KgNmqhJWutYj,Shakermaker - Remastered,0,False,2,1,2DaxqgrOhkeH0fpeiQq2f4,Oasis,0fLVm67GzAJpbqX8GUL7G6,Definitely Maybe (Remastered),1994,album,0.08,0.93,4,-2.68,1,0.07,0.02,0.2,0.72,0.16,191.89,4,308000
5mUxZTSwm1vT2YmKh1v1Ek,Live Forever - Remastered,0,False,3,1,2DaxqgrOhkeH0fpeiQq2f4,Oasis,0fLVm67GzAJpbqX8GUL7G6,Definitely Maybe (Remastered),1994,album,0.29,0.82,9,-3.37,0,0.04,0.0,0.0,0.35,0.19,90.96,4,278000
6B33W818jEo9CKmPMZqSXJ,Up In The Sky - Remastered,0,False,4,1,2DaxqgrOhkeH0fpeiQq2f4,Oasis,0fLVm67GzAJpbqX8GUL7G6,Definitely Maybe (Remastered),1994,album,0.26,0.91,0,-3.52,1,0.04,0.0,0.02,0.35,0.34,140.53,4,268000
0D8XAE0gD1jIavDsdpcO6G,Columbia - Remastered,0,False,5,1,2DaxqgrOhkeH0fpeiQq2f4,Oasis,0fLVm67GzAJpbqX8GUL7G6,Definitely Maybe (Remastered),1994,album,0.31,0.82,7,-5.08,1,0.05,0.0,0.67,0.38,0.05,100.15,4,377000
78IaGqs7atMhpT0YGJLWrs,Supersonic - Remastered,0,False,6,1,2DaxqgrOhkeH0fpeiQq2f4,Oasis,0fLVm67GzAJpbqX8GUL7G6,Definitely Maybe (Remastered),1994,album,0.36,0.89,9,-3.92,1,0.04,0.0,0.02,0.23,0.65,104.02,4,283000
5DA7BwoqgCo93ctkaYeNTt,Bring It On Down - Remastered,0,False,7,1,2DaxqgrOhkeH0fpeiQq2f4,Oasis,0fLVm67GzAJpbqX8GUL7G6,Definitely Maybe (Remastered),1994,album,0.12,0.95,9,-2.8,1,0.08,0.0,0.8,0.46,0.2,152.59,4,257000
4VgR2Esit1thEijITQ7Pyp,Cigarettes & Alcohol - Remastered,0,False,8,1,2DaxqgrOhkeH0fpeiQq2f4,Oasis,0fLVm67GzAJpbqX8GUL7G6,Definitely Maybe (Remastered),1994,album,0.29,0.74,2,-2.33,1,0.05,0.0,0.03,0.15,0.44,114.87,4,289000
2XyiVwXf6ywuiVqT7OH0Fa,Digsy’s Dinner - Remastered,0,False,9,1,2DaxqgrOhkeH0fpeiQq2f4,Oasis,0fLVm67GzAJpbqX8GUL7G6,Definitely Maybe (Remastered),1994,album,0.31,0.99,2,-2.91,1,0.1,0.0,0.84,0.07,0.05,139.35,4,152000
6mKbN5qaeM2tcG3LRdeNLQ,Slide Away - Remastered,0,False,10,1,2DaxqgrOhkeH0fpeiQq2f4,Oasis,0fLVm67GzAJpbqX8GUL7G6,Definitely Maybe (Remastered),1994,album,0.07,0.94,8,-2.71,1,0.14,0.0,0.0,0.31,0.26,190.56,4,392000
1u22VgixAwwvFt0WFwkPwf,Married With Children - Remastered,0,False,11,1,2DaxqgrOhkeH0fpeiQq2f4,Oasis,0fLVm67GzAJpbqX8GUL7G6,Definitely Maybe (Remastered),1994,album,0.59,0.44,4,-10.85,1,0.03,0.79,0.0,0.08,0.31,88.07,4,195000
51Lzkz3za2XSPBYfBg9aue,Money Makes Me Crazy - Marrakech Mix; 2012 Remaster,19,False,1,2,7MhMgCo0Bl0Kukl93PZbYS,Blur,68P7oIUK327pt5tDIZJd63,Think Tank (Special Edition),2003,album,0.688,0.789,0,-5.651,1,0.0447,0.187,0.000488,0.0429,0.775,125.154,4,172653
4J50z7hOPYxCzbrsY0SIM5,The Outsider - 2012 Remaster,19,False,3,2,7MhMgCo0Bl0Kukl93PZbYS,Blur,68P7oIUK327pt5tDIZJd63,Think Tank (Special Edition),2003,album,0.526,0.65,5,-9.878,1,0.0389,0.0255,0.00685,0.218,0.408,151.109,4,314013
3KBjOTDI6SxzdhgKwbhPyN,Don't Be - 2012 Remaster,19,False,4,2,7MhMgCo0Bl0Kukl93PZbYS,Blur,68P7oIUK327pt5tDIZJd63,Think Tank (Special Edition),2003,album,0.65,0.438,4,-9.72,0,0.0259,0.00834,0.000237,0.0461,0.667,94.348,4,160267
2BU623aFjIpv63Y1q9iZCz,Some Glad Morning - 2012 Remaster,17,False,7,2,7MhMgCo0Bl0Kukl93PZbYS,Blur,68P7oIUK327pt5tDIZJd63,Think Tank (Special Edition),2003,album,0.764,0.713,8,-6.582,1,0.0754,0.0228,0.00229,0.158,0.553,105.509,4,258893
12kzURlsLr664Ye37NRYWD,Don't Be - Acoustic Mix; 2012 Remaster,14,False,8,2,7MhMgCo0Bl0Kukl93PZbYS,Blur,68P7oIUK327pt5tDIZJd63,Think Tank (Special Edition),2003,album,0.877,0.247,9,-9.87,0,0.0528,0.648,3.79e-05,0.101,0.585,94.268,4,159440
6qYZJ9hqNkNrH1Pai0KDC1,Sweet Song - Demo; 2012 Remaster,16,False,9,2,7MhMgCo0Bl0Kukl93PZbYS,Blur,68P7oIUK327pt5tDIZJd63,Think Tank (Special Edition),2003,album,0.705,0.322,3,-11.518,1,0.0262,0.666,0.00864,0.15,0.379,84.984,4,230000
4JRYR2PD4fzCXaoAbX8OMm,French Song - 2012 Remaster,18,False,1,2,7MhMgCo0Bl0Kukl93PZbYS,Blur,1uF9iZYiDY2p5yhRFNJzjW,13 (Special Edition),1999,album,0.384,0.881,6,-7.945,0,0.0642,0.00195,0.749,0.109,0.648,119.581,4,500573
3hN8HSR4S3ArNwOha52WkT,All We Want - 2012 Remaster,21,False,2,2,7MhMgCo0Bl0Kukl93PZbYS,Blur,1uF9iZYiDY2p5yhRFNJzjW,13 (Special Edition),1999,album,0.437,0.669,2,-7.777,1,0.0449,0.023,0.000228,0.109,0.593,175.893,4,272893
0xkAYVLo7fsLmHd9zcqK8I,Mellow Jam - 2012 Remaster,16,False,3,2,7MhMgCo0Bl0Kukl93PZbYS,Blur,1uF9iZYiDY2p5yhRFNJzjW,13 (Special Edition),1999,album,0.502,0.551,2,-12.267,1,0.029,0.774,0.42,0.134,0.459,103.509,4,236000
1S5NPv9FEWF81O4AVdZeC9,So You - 2012 Remaster,18,False,8,2,7MhMgCo0Bl0Kukl93PZbYS,Blur,1uF9iZYiDY2p5yhRFNJzjW,13 (Special Edition),1999,album,0.545,0.428,9,-12.542,1,0.0371,0.0989,0.508,0.296,0.656,137.224,4,250973
2nF4990ClELpP3L6L437Ju,Beagle 2 - 2012 Remaster,17,False,9,2,7MhMgCo0Bl0Kukl93PZbYS,Blur,1uF9iZYiDY2p5yhRFNJzjW,13 (Special Edition),1999,album,0.34,0.352,5,-15.392,1,0.0293,0.18,0.888,0.0996,0.214,78.793,4,174173
2IWEkHLflOZzBEQ6HHBomd,Tender - Cornelius Remix; 2012 Remaster,19,False,10,2,7MhMgCo0Bl0Kukl93PZbYS,Blur,1uF9iZYiDY2p5yhRFNJzjW,13 (Special Edition),1999,album,0.518,0.728,2,-8.822,1,0.0291,0.177,4.67e-06,0.101,0.442,151.835,4,323013
6RhFxIBFxkqDBxwAgDnwqp,Far Out - Beagle 2 Remix; 2012 Remaster,18,False,11,2,7MhMgCo0Bl0Kukl93PZbYS,Blur,1uF9iZYiDY2p5yhRFNJzjW,13 (Special Edition),1999,album,0.565,0.659,5,-8.888,1,0.0337,0.0218,0.0,0.2,0.449,132.097,4,237760
2fLshbB9CCsU80tHrrx4vx,I Got Law - Demo; 2012 Remaster,19,False,12,2,7MhMgCo0Bl0Kukl93PZbYS,Blur,1uF9iZYiDY2p5yhRFNJzjW,13 (Special Edition),1999,album,0.706,0.511,6,-9.88,1,0.0393,0.0611,0.863,0.0662,0.915,104.76,4,162733
4J2aorvtReKL0kDtF1IACT,Music Is My Radar - 2012 Remaster,28,False,13,2,7MhMgCo0Bl0Kukl93PZbYS,Blur,1uF9iZYiDY2p5yhRFNJzjW,13 (Special Edition),1999,album,0.692,0.741,4,-9.653,0,0.0454,0.0373,0.574,0.0545,0.831,121.954,4,328947
43mFU6fJOzRgeeJ61UYvmC,Black Book - 2012 Remaster,20,False,14,2,7MhMgCo0Bl0Kukl93PZbYS,Blur,1uF9iZYiDY2p5yhRFNJzjW,13 (Special Edition),1999,album,0.428,0.404,2,-10.804,1,0.0263,0.451,0.66,0.449,0.319,166.097,4,510640
4OHVCeQYPncEwZOtNAJZZx,Beetlebum - 2012 Remaster,64,False,1,1,7MhMgCo0Bl0Kukl93PZbYS,Blur,7HvIrSkKGJCzd8AKyjTJ6Q,Blur (Special Edition),1997-02-10,album,0.542,0.627,0,-7.105,1,0.0243,0.0794,0.000517,0.277,0.814,89.734,4,305213
1FTSo4v6BOZH9QxKc3MbVM,Song 2 - 2012 Remaster,80,False,2,1,7MhMgCo0Bl0Kukl93PZbYS,Blur,7HvIrSkKGJCzd8AKyjTJ6Q,Blur (Special Edition),1997-02-10,album,0.674,0.789,8,-6.903,1,0.0676,0.00178,0.00708,0.0753,0.918,129.802,4,121160
2gOo3qFrDHpCiDn90FJHtW,Country Sad Ballad Man - 2012 Remaster,38,False,3,1,7MhMgCo0Bl0Kukl93PZbYS,Blur,7HvIrSkKGJCzd8AKyjTJ6Q,Blur (Special Edition),1997-02-10,album,0.66,0.512,0,-8.948,1,0.0312,0.0279,0.526,0.275,0.578,97.949,4,290280
57TqHtwsk4ogBczy04Y17V,M.O.R. - 2012 Remaster,35,False,4,1,7MhMgCo0Bl0Kukl93PZbYS,Blur,7HvIrSkKGJCzd8AKyjTJ6Q,Blur (Special Edition),1997-02-10,album,0.368,0.976,2,-6.078,1,0.0579,0.000775,1.26e-05,0.198,0.687,138.588,4,207027
1ALo4b1PtYjCZ4gX1QA2O6,On Your Own - 2012 Remaster,42,False,5,1,7MhMgCo0Bl0Kukl93PZbYS,Blur,7HvIrSkKGJCzd8AKyjTJ6Q,Blur (Special Edition),1997-02-10,album,0.524,0.835,11,-6.262,1,0.0734,0.0296,0.0,0.0635,0.549,84.205,4,266173
38owi3o9JQEGzPvFbhP8Ea,Theme from Retro - 2012 Remaster,31,False,6,1,7MhMgCo0Bl0Kukl93PZbYS,Blur,7HvIrSkKGJCzd8AKyjTJ6Q,Blur (Special Edition),1997-02-10,album,0.289,0.796,2,-8.201,0,0.0524,0.00997,0.572,0.657,0.45,86.26,4,216933
7x6FZTgWolJs8e2cHfeUbR,You're so Great - 2012 Remaster,50,False,7,1,7MhMgCo0Bl0Kukl93PZbYS,Blur,7HvIrSkKGJCzd8AKyjTJ6Q,Blur (Special Edition),1997-02-10,album,0.498,0.723,11,-9.792,1,0.0354,0.778,0.78,0.342,0.636,133.164,4,215773
2WAKd7d216AzeELdOg7EcE,Death of a Party - 2012 Remaster,46,False,8,1,7MhMgCo0Bl0Kukl93PZbYS,Blur,7HvIrSkKGJCzd8AKyjTJ6Q,Blur (Special Edition),1997-02-10,album,0.462,0.794,6,-7.848,0,0.0396,0.128,0.323,0.231,0.786,168.043,4,273880
6LGmRWJ42nJ8PMY20Vb8mB,Chinese Bombs - 2012 Remaster,37,False,9,1,7MhMgCo0Bl0Kukl93PZbYS,Blur,7HvIrSkKGJCzd8AKyjTJ6Q,Blur (Special Edition),1997-02-10,album,0.301,0.912,1,-6.526,1,0.0668,0.0656,9.33e-06,0.0688,0.655,77.703,4,84800
7LiRhoxXWd7jdxXfiQGjre,I'm Just a Killer for Your Love - 2012 Remaster,34,False,10,1,7MhMgCo0Bl0Kukl93PZbYS,Blur,7HvIrSkKGJCzd8AKyjTJ6Q,Blur (Special Edition),1997-02-10,album,0.397,0.815,0,-9.712,1,0.164,8.47e-06,0.818,0.0729,0.25,76.928,4,251747
3FDO7LsQd600Wl0OrkM5E5,Look Inside America - 2012 Remaster,31,False,11,1,7MhMgCo0Bl0Kukl93PZbYS,Blur,7HvIrSkKGJCzd8AKyjTJ6Q,Blur (Special Edition),1997-02-10,album,0.444,0.69,7,-6.214,1,0.0307,0.00246,0.0,0.0766,0.514,80.649,4,230400
4Fy4lEL2IHJWVFYEG9Otcv,Strange News from Another Star - 2012 Remaster,32,False,12,1,7MhMgCo0Bl0Kukl93PZbYS,Blur,7HvIrSkKGJCzd8AKyjTJ6Q,Blur (Special Edition),1997-02-10,album,0.349,0.372,4,-11.901,0,0.033,0.854,0.00328,0.173,0.0999,135.747,4,243427
0N8PUPMMuynJaXd9kcltbd,Movin' On - 2012 Remaster,30,False,13,1,7MhMgCo0Bl0Kukl93PZbYS,Blur,7HvIrSkKGJCzd8AKyjTJ6Q,Blur (Special Edition),1997-02-10,album,0.279,0.924,5,-6.222,0,0.0528,0.0244,0.115,0.0694,0.397,135.644,4,222707
1TFaUSQr42SDkYcQLof2KE,Essex Dogs - 2012 Remaster,31,False,14,1,7MhMgCo0Bl0Kukl93PZbYS,Blur,7HvIrSkKGJCzd8AKyjTJ6Q,Blur (Special Edition),1997-02-10,album,0.356,0.631,9,-11.586,1,0.0885,0.0619,0.8,0.0707,0.0584,82.322,4,490453
7eOO2gneMlcKgv8Ql3z72d,All Your Life - 2012 Remaster,31,False,1,2,7MhMgCo0Bl0Kukl93PZbYS,Blur,7HvIrSkKGJCzd8AKyjTJ6Q,Blur (Special Edition),1997-02-10,album,0.497,0.668,3,-6.851,1,0.0321,0.00625,1.67e-06,0.0436,0.56,76.995,4,252147
1PSEUicaDsWnyaJKeZhqlx,A Spell (For Money) - 2012 Remaster,24,False,2,2,7MhMgCo0Bl0Kukl93PZbYS,Blur,7HvIrSkKGJCzd8AKyjTJ6Q,Blur (Special Edition),1997-02-10,album,0.633,0.449,0,-11.693,1,0.0283,0.104,0.894,0.0727,0.685,113.189,4,210107
4lbIH2AnbRjXwzdMM9zVYX,Woodpigeon Song - 2012 Remaster,26,False,3,2,7MhMgCo0Bl0Kukl93PZbYS,Blur,7HvIrSkKGJCzd8AKyjTJ6Q,Blur (Special Edition),1997-02-10,album,0.455,0.385,7,-15.03,1,0.0387,0.324,0.0394,0.0825,0.0811,107.915,4,103067
3bKFhuefhhl0CLw8UOqmJl,Dancehall - 2012 Remaster,25,False,4,2,7MhMgCo0Bl0Kukl93PZbYS,Blur,7HvIrSkKGJCzd8AKyjTJ6Q,Blur (Special Edition),1997-02-10,album,0.218,0.639,1,-7.952,0,0.0464,0.0127,0.652,0.137,0.106,105.96,3,191387
3CCoFlnTmwfXLZEmVa0vqP,Get out of Cities - 2012 Remaster,25,False,5,2,7MhMgCo0Bl0Kukl93PZbYS,Blur,7HvIrSkKGJCzd8AKyjTJ6Q,Blur (Special Edition),1997-02-10,album,0.448,0.643,2,-7.733,1,0.0652,0.00172,0.00346,0.0776,0.543,119.929,4,242613
664YyNcP5c4jCtZ6mIaPwX,Polished Stone - 2012 Remaster,25,False,6,2,7MhMgCo0Bl0Kukl93PZbYS,Blur,7HvIrSkKGJCzd8AKyjTJ6Q,Blur (Special Edition),1997-02-10,album,0.289,0.642,2,-9.068,1,0.0312,0.0802,0.0469,0.209,0.357,174.473,4,162640
6x9wGEIEFsiZDVyIJky6R6,Bustin' and Dronin' - 2012 Remaster,24,False,7,2,7MhMgCo0Bl0Kukl93PZbYS,Blur,7HvIrSkKGJCzd8AKyjTJ6Q,Blur (Special Edition),1997-02-10,album,0.439,0.707,9,-8.418,1,0.0309,0.000617,0.821,0.159,0.305,132.965,4,392347
3Equ9BMWls3BuyZCGceWXz,M.O.R. - Road Version; 2012 Remaster,23,False,8,2,7MhMgCo0Bl0Kukl93PZbYS,Blur,7HvIrSkKGJCzd8AKyjTJ6Q,Blur (Special Edition),1997-02-10,album,0.206,0.977,2,-5.662,1,0.0612,1.29e-05,2.88e-05,0.0581,0.668,149.836,4,181693
5yqrulKpxZxR5IK5NpmUPB,Swallows in the Heatwave - 2012 Remaster,25,False,9,2,7MhMgCo0Bl0Kukl93PZbYS,Blur,7HvIrSkKGJCzd8AKyjTJ6Q,Blur (Special Edition),1997-02-10,album,0.345,0.779,5,-6.163,1,0.037,0.14,0.183,0.16,0.468,78.79,4,153080
10LlkUJq3kHyKIvEePYyRz,"Death of a Party - 7"" Remix; 2012 Remaster",22,False,10,2,7MhMgCo0Bl0Kukl93PZbYS,Blur,7HvIrSkKGJCzd8AKyjTJ6Q,Blur (Special Edition),1997-02-10,album,0.479,0.732,11,-8.195,0,0.0375,0.00117,0.00688,0.158,0.516,167.731,4,258533
5BMNcwd2D4pu2HuFNaNeq4,Cowboy Song - 2012 Remaster,24,False,11,2,7MhMgCo0Bl0Kukl93PZbYS,Blur,7HvIrSkKGJCzd8AKyjTJ6Q,Blur (Special Edition),1997-02-10,album,0.436,0.772,2,-7.557,1,0.0475,0.0127,0.0254,0.108,0.792,181.141,4,247120
1rLogLRQbud0Z7nGgsBp49,Beetlebum - Live Acoustic Version; 2012 Remaster,27,False,12,2,7MhMgCo0Bl0Kukl93PZbYS,Blur,7HvIrSkKGJCzd8AKyjTJ6Q,Blur (Special Edition),1997-02-10,album,0.392,0.677,0,-7.938,1,0.0306,0.32,2.99e-06,0.0953,0.34,169.022,4,273813
1uUcbD4PMatTsRxNQNDuij,On Your Own - Live Acoustic Version; 2012 Remaster,21,False,13,2,7MhMgCo0Bl0Kukl93PZbYS,Blur,7HvIrSkKGJCzd8AKyjTJ6Q,Blur (Special Edition),1997-02-10,album,0.597,0.659,11,-7.841,1,0.086,0.128,0.0,0.307,0.529,83.839,4,251400
0N8S5YsXAfeMoYsfHtgqLF,Country Sad Ballad Man - Live Acoustic Version; 2012 Remaster,20,False,14,2,7MhMgCo0Bl0Kukl93PZbYS,Blur,7HvIrSkKGJCzd8AKyjTJ6Q,Blur (Special Edition),1997-02-10,album,0.435,0.562,0,-8.657,1,0.0425,0.191,2.16e-05,0.131,0.593,181.091,4,284400
2jQ6UBpZiH9bQxjujxsaLm,This Is a Low - Live Acoustic Version; 2012 Remaster,22,False,15,2,7MhMgCo0Bl0Kukl93PZbYS,Blur,7HvIrSkKGJCzd8AKyjTJ6Q,Blur (Special Edition),1997-02-10,album,0.277,0.558,9,-8.514,1,0.0457,0.385,0.0,0.109,0.271,166.546,3,211560
2NjlNmbwDlXc1Q5CGSk9gf,M.O.R. - Live in Utrecht; 2012 Remaster,18,False,16,2,7MhMgCo0Bl0Kukl93PZbYS,Blur,7HvIrSkKGJCzd8AKyjTJ6Q,Blur (Special Edition),1997-02-10,album,0.114,0.988,7,-6.985,1,0.193,0.000601,2.93e-05,0.984,0.0378,154.481,4,197907
2RNiByMPwGE9nVFvEIVPUe,Death of a Party - Live in Utrecht; 2012 Remaster,19,False,17,2,7MhMgCo0Bl0Kukl93PZbYS,Blur,7HvIrSkKGJCzd8AKyjTJ6Q,Blur (Special Edition),1997-02-10,album,0.343,0.857,7,-8.08,1,0.0832,0.0177,0.00761,0.962,0.22,168.009,4,256293
1hNCSZTvF8g7UWkznFsMyA,Song 2 - Live in Utrecht; 2012 Remaster,21,False,18,2,7MhMgCo0Bl0Kukl93PZbYS,Blur,7HvIrSkKGJCzd8AKyjTJ6Q,Blur (Special Edition),1997-02-10,album,0.42,0.991,5,-6.054,1,0.0921,0.00198,0.00558,0.565,0.0587,141.551,4,127293
3tT5Lc7JFltsyOWfrzt1ve,Beetlebum - 2012 Remaster,40,False,1,1,7MhMgCo0Bl0Kukl93PZbYS,Blur,3VyHgnHE4cp7YuU7skzuJ2,Blur,1997,album,0.542,0.627,0,-7.105,1,0.0243,0.0794,0.000517,0.277,0.814,89.734,4,305213
1id6H6vcwSB9GGv9NXh5cl,Song 2 - 2012 Remaster,48,False,2,1,7MhMgCo0Bl0Kukl93PZbYS,Blur,3VyHgnHE4cp7YuU7skzuJ2,Blur,1997,album,0.674,0.789,8,-6.903,1,0.0676,0.00178,0.00708,0.0753,0.918,129.802,4,121160
5xmx7M5W64Na5DEVqX0V2I,Country Sad Ballad Man - 2012 Remaster,35,False,3,1,7MhMgCo0Bl0Kukl93PZbYS,Blur,3VyHgnHE4cp7YuU7skzuJ2,Blur,1997,album,0.66,0.512,0,-8.948,1,0.0312,0.0279,0.526,0.275,0.578,97.949,4,290280
1tJ0LT7qhiAYSXmPDkMm7s,M.O.R. - 2012 Remaster,37,False,4,1,7MhMgCo0Bl0Kukl93PZbYS,Blur,3VyHgnHE4cp7YuU7skzuJ2,Blur,1997,album,0.368,0.976,2,-6.078,1,0.0579,0.000775,1.26e-05,0.198,0.687,138.588,4,207027
55OzuoTnnJl8WWQJ9WMoGs,On Your Own - 2012 Remaster,36,False,5,1,7MhMgCo0Bl0Kukl93PZbYS,Blur,3VyHgnHE4cp7YuU7skzuJ2,Blur,1997,album,0.524,0.835,11,-6.262,1,0.0734,0.0296,0.0,0.0635,0.549,84.205,4,266173
5aYCW0j93lWRYWmSjTAIDK,Theme from Retro - 2012 Remaster,28,False,6,1,7MhMgCo0Bl0Kukl93PZbYS,Blur,3VyHgnHE4cp7YuU7skzuJ2,Blur,1997,album,0.289,0.796,2,-8.201,0,0.0524,0.00997,0.572,0.657,0.45,86.26,4,216933
14QcIvULzWMdzmIDC0gn82,You're so Great - 2012 Remaster,34,False,7,1,7MhMgCo0Bl0Kukl93PZbYS,Blur,3VyHgnHE4cp7YuU7skzuJ2,Blur,1997,album,0.498,0.723,11,-9.792,1,0.0354,0.778,0.78,0.342,0.636,133.164,4,215773
2aZXfSJgOIaQtebRTU6sAO,Death of a Party - 2012 Remaster,32,False,8,1,7MhMgCo0Bl0Kukl93PZbYS,Blur,3VyHgnHE4cp7YuU7skzuJ2,Blur,1997,album,0.462,0.794,6,-7.848,0,0.0396,0.128,0.323,0.231,0.786,168.043,4,273880
2zwNchskuwylMy80r2Qtu9,Chinese Bombs - 2012 Remaster,29,False,9,1,7MhMgCo0Bl0Kukl93PZbYS,Blur,3VyHgnHE4cp7YuU7skzuJ2,Blur,1997,album,0.301,0.912,1,-6.526,1,0.0668,0.0656,9.33e-06,0.0688,0.655,77.703,4,84800
3j1l5ppgyD6oOOgOtk6oxC,I'm Just a Killer for Your Love - 2012 Remaster,29,False,10,1,7MhMgCo0Bl0Kukl93PZbYS,Blur,3VyHgnHE4cp7YuU7skzuJ2,Blur,1997,album,0.397,0.815,0,-9.712,1,0.164,8.47e-06,0.818,0.0729,0.25,76.928,4,251747
698kzeKjlJQkU7JxWtWa9X,Look Inside America - 2012 Remaster,30,False,11,1,7MhMgCo0Bl0Kukl93PZbYS,Blur,3VyHgnHE4cp7YuU7skzuJ2,Blur,1997,album,0.444,0.69,7,-6.214,1,0.0307,0.00246,0.0,0.0766,0.514,80.649,4,230400
3UI1FsqTeVkv3hLpeh8Pq8,Strange News from Another Star - 2012 Remaster,32,False,12,1,7MhMgCo0Bl0Kukl93PZbYS,Blur,3VyHgnHE4cp7YuU7skzuJ2,Blur,1997,album,0.349,0.372,4,-11.901,0,0.033,0.854,0.00328,0.173,0.0999,135.747,4,243427
38Ndmwz44BHiES92uHJQVu,Movin' On - 2012 Remaster,27,False,13,1,7MhMgCo0Bl0Kukl93PZbYS,Blur,3VyHgnHE4cp7YuU7skzuJ2,Blur,1997,album,0.279,0.924,5,-6.222,0,0.0528,0.0244,0.115,0.0694,0.397,135.644,4,222707
0UsGr7rQnhvOSypChGdGgZ,Essex Dogs - 2012 Remaster,27,False,14,1,7MhMgCo0Bl0Kukl93PZbYS,Blur,3VyHgnHE4cp7YuU7skzuJ2,Blur,1997,album,0.356,0.631,9,-11.586,1,0.0885,0.0619,0.8,0.0707,0.0584,82.322,4,490453
0RgeH2P2ujXoHSjD8DT2ss,Stereotypes - 2012 Remaster,42,False,1,1,7MhMgCo0Bl0Kukl93PZbYS,Blur,7BiMMjtvTX0OiB8Yi7CFB1,The Great Escape (Special Edition),1995-09-11,album,0.426,0.715,6,-6.17,0,0.0562,0.0694,0.0,0.244,0.752,108.553,4,191187
6L4fEE9awoUnSEy1bmQebb,Country House - 2012 Remaster,61,False,2,1,7MhMgCo0Bl0Kukl93PZbYS,Blur,7BiMMjtvTX0OiB8Yi7CFB1,The Great Escape (Special Edition),1995-09-11,album,0.331,0.885,9,-6.606,1,0.0923,0.205,0.0,0.123,0.589,175.293,4,236960
63Rsi8eMUSu3cF04rgVJLj,Best Days - 2012 Remaster,36,False,3,1,7MhMgCo0Bl0Kukl93PZbYS,Blur,7BiMMjtvTX0OiB8Yi7CFB1,The Great Escape (Special Edition),1995-09-11,album,0.537,0.397,0,-9.918,1,0.0245,0.62,3.04e-05,0.137,0.374,75.371,4,289107
7lJ9MeQgqHlBrE69omD4rN,Charmless Man - 2012 Remaster,56,False,4,1,7MhMgCo0Bl0Kukl93PZbYS,Blur,7BiMMjtvTX0OiB8Yi7CFB1,The Great Escape (Special Edition),1995-09-11,album,0.535,0.876,9,-6.523,1,0.0418,0.00759,0.0,0.035,0.846,116.766,4,213987
2QwdAfvY7Lhiy0oPc7HzCV,Fade Away - 2012 Remaster,32,False,5,1,7MhMgCo0Bl0Kukl93PZbYS,Blur,7BiMMjtvTX0OiB8Yi7CFB1,The Great Escape (Special Edition),1995-09-11,album,0.471,0.633,4,-8.533,0,0.0434,0.0748,0.000423,0.478,0.479,174.831,4,258507
0DrVgi8rW7gS2SRw9p62Kk,Top Man - 2012 Remaster,30,False,6,1,7MhMgCo0Bl0Kukl93PZbYS,Blur,7BiMMjtvTX0OiB8Yi7CFB1,The Great Escape (Special Edition),1995-09-11,album,0.76,0.715,11,-7.405,0,0.0459,0.0187,0.0,0.0688,0.774,108.371,4,240507
63G27PTar9LZQgKU2BKjx9,The Universal - 2012 Remaster,59,False,7,1,7MhMgCo0Bl0Kukl93PZbYS,Blur,7BiMMjtvTX0OiB8Yi7CFB1,The Great Escape (Special Edition),1995-09-11,album,0.32,0.546,9,-8.33,1,0.0278,0.181,1.98e-06,0.0928,0.263,163.824,3,238520
1dCVzt0xCWcR2wen0iaMAP,Mr Robinson's Quango - 2012 Remaster,30,False,8,1,7MhMgCo0Bl0Kukl93PZbYS,Blur,7BiMMjtvTX0OiB8Yi7CFB1,The Great Escape (Special Edition),1995-09-11,album,0.247,0.868,11,-6.545,0,0.0517,0.0041,0.0,0.817,0.486,173.603,4,240880
3mSN0Zw2oW6XmiXmQDiCjo,He Thought of Cars - 2012 Remaster,31,False,9,1,7MhMgCo0Bl0Kukl93PZbYS,Blur,7BiMMjtvTX0OiB8Yi7CFB1,The Great Escape (Special Edition),1995-09-11,album,0.402,0.519,11,-9.834,0,0.0284,0.161,0.000255,0.187,0.369,80.624,4,256240
5rRFwd9u7iU1DQ8HwPM7iQ,It Could Be You - 2012 Remaster,33,False,10,1,7MhMgCo0Bl0Kukl93PZbYS,Blur,7BiMMjtvTX0OiB8Yi7CFB1,The Great Escape (Special Edition),1995-09-11,album,0.702,0.716,7,-6.358,1,0.0391,0.0971,0.0,0.0284,0.867,125.362,4,192907
2uBclNQkOhAO3ImHlZvT52,Ernold Same - 2012 Remaster,25,False,11,1,7MhMgCo0Bl0Kukl93PZbYS,Blur,7BiMMjtvTX0OiB8Yi7CFB1,The Great Escape (Special Edition),1995-09-11,album,0.211,0.494,0,-9.877,1,0.03,0.203,0.000109,0.108,0.316,171.672,3,126933
52Zhh0JG06RgwMGiLOhl7T,Globe Alone - 2012 Remaster,28,False,12,1,7MhMgCo0Bl0Kukl93PZbYS,Blur,7BiMMjtvTX0OiB8Yi7CFB1,The Great Escape (Special Edition),1995-09-11,album,0.387,0.949,1,-5.94,0,0.14,0.000466,0.000668,0.237,0.633,153.582,4,143480
58QZKuGB6afgjrEjQCUW21,Dan Abnormal - 2012 Remaster,28,False,13,1,7MhMgCo0Bl0Kukl93PZbYS,Blur,7BiMMjtvTX0OiB8Yi7CFB1,The Great Escape (Special Edition),1995-09-11,album,0.473,0.901,2,-6.012,1,0.0577,0.00297,0.0,0.0394,0.715,127.616,4,203680
33sv807ONsR1p9UGz1RMQX,Entertain Me - 2012 Remaster,29,False,14,1,7MhMgCo0Bl0Kukl93PZbYS,Blur,7BiMMjtvTX0OiB8Yi7CFB1,The Great Escape (Special Edition),1995-09-11,album,0.577,0.864,9,-7.566,0,0.0318,0.109,0.0,0.14,0.776,120.493,4,259067
4ZdiH3M8L4lD3fmWJIQ3My,Yuko and Hiro - 2012 Remaster,26,False,15,1,7MhMgCo0Bl0Kukl93PZbYS,Blur,7BiMMjtvTX0OiB8Yi7CFB1,The Great Escape (Special Edition),1995-09-11,album,0.563,0.318,7,-12.807,1,0.0438,0.71,0.000776,0.092,0.0782,116.061,4,324467
32UlbM1qGd8cwadSfN7kwG,One Born Every Minute - 2012 Remaster,22,False,1,2,7MhMgCo0Bl0Kukl93PZbYS,Blur,7BiMMjtvTX0OiB8Yi7CFB1,The Great Escape (Special Edition),1995-09-11,album,0.631,0.61,2,-6.832,1,0.0342,0.164,0.0,0.111,0.684,124.795,4,138707
2tK2zyeckIbbjNfUCpkcSV,To the End (La Comedie) - 2012 Remaster,34,False,2,2,7MhMgCo0Bl0Kukl93PZbYS,Blur,7BiMMjtvTX0OiB8Yi7CFB1,The Great Escape (Special Edition),1995-09-11,album,0.423,0.506,2,-10.093,1,0.0281,0.00729,0.0054,0.108,0.161,95.841,4,305787
1SpKpJvLtKzBfzHzVKvOh3,Ultranol - 2012 Remaster,26,False,3,2,7MhMgCo0Bl0Kukl93PZbYS,Blur,7BiMMjtvTX0OiB8Yi7CFB1,The Great Escape (Special Edition),1995-09-11,album,0.543,0.818,2,-6.438,1,0.0375,0.104,0.0,0.0673,0.726,153.441,4,162867
1UZmwniwvHGRLAlh1C7il9,No Monsters in Me - 2012 Remaster,23,False,4,2,7MhMgCo0Bl0Kukl93PZbYS,Blur,7BiMMjtvTX0OiB8Yi7CFB1,The Great Escape (Special Edition),1995-09-11,album,0.411,0.94,2,-6.557,1,0.0639,6.62e-05,0.00409,0.203,0.324,113.808,4,218413
0srItvklAAFNUG7WAvgbJd,Entertain Me - Live It! Remix; 2012 Remaster,18,False,5,2,7MhMgCo0Bl0Kukl93PZbYS,Blur,7BiMMjtvTX0OiB8Yi7CFB1,The Great Escape (Special Edition),1995-09-11,album,0.558,0.95,9,-7.43,0,0.0385,0.000303,0.181,0.168,0.152,125.096,4,437467
6xeKHVOyMEIPQNYhuvWaJe,The Man Who Left Himself - 2012 Remaster,22,False,6,2,7MhMgCo0Bl0Kukl93PZbYS,Blur,7BiMMjtvTX0OiB8Yi7CFB1,The Great Escape (Special Edition),1995-09-11,album,0.298,0.482,3,-10.075,1,0.0353,0.0301,0.016,0.0793,0.275,146.38,3,202733
6tzV5VgaDj0WqO7OHosgPj,Tame - 2012 Remaster,24,False,7,2,7MhMgCo0Bl0Kukl93PZbYS,Blur,7BiMMjtvTX0OiB8Yi7CFB1,The Great Escape (Special Edition),1995-09-11,album,0.218,0.695,3,-9.679,1,0.0353,0.0293,0.0228,0.0473,0.343,167.838,4,287160
6yZTLH9g6RhB5dhJ74wj1q,Ludwig - 2012 Remaster,20,False,8,2,7MhMgCo0Bl0Kukl93PZbYS,Blur,7BiMMjtvTX0OiB8Yi7CFB1,The Great Escape (Special Edition),1995-09-11,album,0.562,0.382,11,-11.372,1,0.0761,0.422,0.876,0.123,0.881,139.7,4,144333
4A1vyzKMuqNrwuCuju7EkR,The Horrors - 2012 Remaster,21,False,9,2,7MhMgCo0Bl0Kukl93PZbYS,Blur,7BiMMjtvTX0OiB8Yi7CFB1,The Great Escape (Special Edition),1995-09-11,album,0.705,0.318,2,-10.905,1,0.0399,0.88,0.955,0.109,0.572,118.836,4,198213
1lEZ7k9JOjRdjVZaxYnyxX,A Song - 2012 Remaster,21,False,10,2,7MhMgCo0Bl0Kukl93PZbYS,Blur,7BiMMjtvTX0OiB8Yi7CFB1,The Great Escape (Special Edition),1995-09-11,album,0.549,0.208,7,-15.715,1,0.0271,0.743,0.0235,0.0984,0.0882,74.986,4,105427
0WcchVNXT3zRGgA5ntfPuf,St Louis - 2012 Remaster,19,False,11,2,7MhMgCo0Bl0Kukl93PZbYS,Blur,7BiMMjtvTX0OiB8Yi7CFB1,The Great Escape (Special Edition),1995-09-11,album,0.404,0.645,2,-9.373,1,0.0376,0.53,1.52e-05,0.134,0.497,115.802,4,193907
5JfOlyuGo1uPifkdvaY5Oy,Country House - Live; 2012 Remaster,19,False,12,2,7MhMgCo0Bl0Kukl93PZbYS,Blur,7BiMMjtvTX0OiB8Yi7CFB1,The Great Escape (Special Edition),1995-09-11,album,0.165,0.964,9,-5.811,1,0.128,0.334,0.0128,0.787,0.314,183.217,4,297520
7avqUaolG4kwKnN9OjhC3k,Girls & Boys - Live; 2012 Remaster,17,False,13,2,7MhMgCo0Bl0Kukl93PZbYS,Blur,7BiMMjtvTX0OiB8Yi7CFB1,The Great Escape (Special Edition),1995-09-11,album,0.412,0.984,7,-6.683,0,0.235,0.0834,0.115,0.901,0.219,124.158,4,302960
3BqAMoPyPHU8pUe1epyAFw,Parklife - Live; 2012 Remaster,16,False,14,2,7MhMgCo0Bl0Kukl93PZbYS,Blur,7BiMMjtvTX0OiB8Yi7CFB1,The Great Escape (Special Edition),1995-09-11,album,0.17,0.986,9,-5.07,1,0.189,0.367,0.00658,0.823,0.0831,149.047,4,222520
3OqcxCjxluJfJHKhn2VoxH,For Tomorrow - Live; 2012 Remaster,17,False,15,2,7MhMgCo0Bl0Kukl93PZbYS,Blur,7BiMMjtvTX0OiB8Yi7CFB1,The Great Escape (Special Edition),1995-09-11,album,0.225,0.894,2,-5.458,1,0.0603,0.105,8.73e-05,0.896,0.549,180.597,4,422413
6p81GVZy2ATOBqujuyDfFP,Charmless Man - Live at the Budokan; 2012 Remaster,18,False,16,2,7MhMgCo0Bl0Kukl93PZbYS,Blur,7BiMMjtvTX0OiB8Yi7CFB1,The Great Escape (Special Edition),1995-09-11,album,0.388,0.942,9,-6.531,1,0.15,0.128,0.0,0.982,0.462,129.363,4,202493
3X0p9YirVEvENwBBm2fn5A,Chemical World - Live at the Budokan; 2012 Remaster,17,False,17,2,7MhMgCo0Bl0Kukl93PZbYS,Blur,7BiMMjtvTX0OiB8Yi7CFB1,The Great Escape (Special Edition),1995-09-11,album,0.111,0.856,9,-5.246,1,0.0548,0.0434,0.000131,0.603,0.542,166.473,4,252200
5LWQmbtVwSCxyMipKsvJ1x,Eine Kleine Lift Musik - 2012 Remaster,19,False,18,2,7MhMgCo0Bl0Kukl93PZbYS,Blur,7BiMMjtvTX0OiB8Yi7CFB1,The Great Escape (Special Edition),1995-09-11,album,0.452,0.498,0,-7.967,1,0.0283,0.507,0.784,0.0442,0.557,138.012,3,258547
2qrL1YF9aA865b6SKhLZ78,Girls & Boys - 2012 Remaster,51,False,1,1,7MhMgCo0Bl0Kukl93PZbYS,Blur,0DBkFC6739trhCoVreZyds,Parklife (Special Edition),1994-04-25,album,0.688,0.936,7,-6.658,0,0.0377,0.0138,0.0,0.068,0.924,120.135,4,291200
6xjks1MbmXNPRewKoeyklJ,Tracy Jacks - 2012 Remaster,36,False,2,1,7MhMgCo0Bl0Kukl93PZbYS,Blur,0DBkFC6739trhCoVreZyds,Parklife (Special Edition),1994-04-25,album,0.635,0.86,4,-5.767,1,0.0425,0.0977,0.0,0.127,0.346,121.508,4,259627
22CkOnnHglpw77NeYOc0I5,End of a Century - 2012 Remaster,38,False,3,1,7MhMgCo0Bl0Kukl93PZbYS,Blur,0DBkFC6739trhCoVreZyds,Parklife (Special Edition),1994-04-25,album,0.446,0.686,7,-7.348,1,0.0303,0.211,0.0,0.205,0.493,80.572,4,165840
7FSzJQV6thyoQptFCUTV9c,Parklife - 2012 Remaster,66,False,4,1,7MhMgCo0Bl0Kukl93PZbYS,Blur,0DBkFC6739trhCoVreZyds,Parklife (Special Edition),1994-04-25,album,0.628,0.89,4,-6.094,1,0.0675,0.121,0.0,0.281,0.722,138.787,4,185093
0mQaNN28Z99hB1P53xriR1,Bank Holiday - 2012 Remaster,33,False,5,1,7MhMgCo0Bl0Kukl93PZbYS,Blur,0DBkFC6739trhCoVreZyds,Parklife (Special Edition),1994-04-25,album,0.241,0.944,7,-5.809,1,0.182,0.0278,0.0,0.163,0.254,175.921,4,102307
3uPfYnQECyloQNT36LTVSB,Badhead - 2012 Remaster,33,False,6,1,7MhMgCo0Bl0Kukl93PZbYS,Blur,0DBkFC6739trhCoVreZyds,Parklife (Special Edition),1994-04-25,album,0.543,0.616,7,-8.712,1,0.0266,0.0535,0.000335,0.555,0.45,111.074,4,205773
1zXo3qaQrAoeRElnFVsUST,The Debt Collector - 2012 Remaster,28,False,7,1,7MhMgCo0Bl0Kukl93PZbYS,Blur,0DBkFC6739trhCoVreZyds,Parklife (Special Edition),1994-04-25,album,0.363,0.391,4,-11.884,1,0.0322,0.076,0.282,0.483,0.567,186.626,3,130720
734oBDdb6t65JvLAhIqX72,Far Out - 2012 Remaster,28,False,8,1,7MhMgCo0Bl0Kukl93PZbYS,Blur,0DBkFC6739trhCoVreZyds,Parklife (Special Edition),1994-04-25,album,0.607,0.167,5,-13.968,1,0.0459,0.935,1.35e-05,0.0836,0.14,103.512,4,97547
7u8yddev0YnNFGkZoP8X2t,To the End - 2012 Remaster,50,False,9,1,7MhMgCo0Bl0Kukl93PZbYS,Blur,0DBkFC6739trhCoVreZyds,Parklife (Special Edition),1994-04-25,album,0.377,0.634,2,-8.968,1,0.0284,0.0166,6.75e-05,0.0895,0.636,192.55,4,244600
07jg7DcGoyFfL0DoZia4VK,London Loves - 2012 Remaster,35,False,10,1,7MhMgCo0Bl0Kukl93PZbYS,Blur,0DBkFC6739trhCoVreZyds,Parklife (Special Edition),1994-04-25,album,0.791,0.698,11,-6.765,0,0.0365,0.0695,0.00207,0.166,0.791,120.467,4,255453
49FLhuOp7wY4T1apsKoyET,Trouble in the Message Centre - 2012 Remaster,31,False,11,1,7MhMgCo0Bl0Kukl93PZbYS,Blur,0DBkFC6739trhCoVreZyds,Parklife (Special Edition),1994-04-25,album,0.361,0.959,1,-5.822,1,0.0647,0.00295,2.26e-06,0.633,0.379,139.59,4,249040
6ErEhafrAEQArcTZgnRpTJ,Clover Over Dover - 2012 Remaster,33,False,12,1,7MhMgCo0Bl0Kukl93PZbYS,Blur,0DBkFC6739trhCoVreZyds,Parklife (Special Edition),1994-04-25,album,0.575,0.686,1,-9.057,0,0.0282,0.0998,0.000155,0.367,0.937,118.102,4,202253
4EcSkkNLSHSWy5AFktHu6N,Magic America - 2012 Remaster,30,False,13,1,7MhMgCo0Bl0Kukl93PZbYS,Blur,0DBkFC6739trhCoVreZyds,Parklife (Special Edition),1994-04-25,album,0.601,0.783,6,-6.268,1,0.0308,0.153,0.0,0.621,0.872,99.799,4,217907
5R7Vhx8xJyzi5r5tLLrlPS,Jubilee - 2012 Remaster,32,False,14,1,7MhMgCo0Bl0Kukl93PZbYS,Blur,0DBkFC6739trhCoVreZyds,Parklife (Special Edition),1994-04-25,album,0.512,0.943,2,-5.741,1,0.106,0.00158,0.0,0.134,0.498,130.179,4,167640
1Ce0LuCifEoGTnf9MbXQbo,This Is a Low - 2012 Remaster,41,False,15,1,7MhMgCo0Bl0Kukl93PZbYS,Blur,0DBkFC6739trhCoVreZyds,Parklife (Special Edition),1994-04-25,album,0.271,0.5,9,-8.661,1,0.0325,0.211,0.00156,0.111,0.32,170.06,4,316907
4MCYT8YoWcW31qYKZ6lAbJ,Lot 105 - 2012 Remaster,26,False,16,1,7MhMgCo0Bl0Kukl93PZbYS,Blur,0DBkFC6739trhCoVreZyds,Parklife (Special Edition),1994-04-25,album,0.706,0.446,0,-11.98,1,0.48,0.0255,0.0338,0.314,0.682,81.128,4,79000
5aL3bfDsE0aOum2YJ1APL0,Magpie - 2012 Remaster,28,False,1,2,7MhMgCo0Bl0Kukl93PZbYS,Blur,0DBkFC6739trhCoVreZyds,Parklife (Special Edition),1994-04-25,album,0.468,0.965,11,-5.803,0,0.109,0.00156,0.0124,0.634,0.421,106.653,4,256387
4HEZub1WxyrIACVByMlsmU,Anniversary Waltz - 2012 Remaster,24,False,2,2,7MhMgCo0Bl0Kukl93PZbYS,Blur,0DBkFC6739trhCoVreZyds,Parklife (Special Edition),1994-04-25,album,0.579,0.628,0,-8.431,1,0.0271,0.401,0.425,0.891,0.917,98.581,1,82840
0v3Iu3EJlX0eT89PCwEVaE,People in Europe - 2012 Remaster,28,False,3,2,7MhMgCo0Bl0Kukl93PZbYS,Blur,0DBkFC6739trhCoVreZyds,Parklife (Special Edition),1994-04-25,album,0.639,0.88,2,-6.845,1,0.032,0.0476,4.31e-05,0.0335,0.991,118.249,3,208480
5w6SlihcH5jAm8H5s36LPE,Peter Panic - 2012 Remaster,24,False,4,2,7MhMgCo0Bl0Kukl93PZbYS,Blur,0DBkFC6739trhCoVreZyds,Parklife (Special Edition),1994-04-25,album,0.587,0.626,2,-9.217,1,0.0427,0.139,0.0,0.11,0.226,115.977,4,261813
3L5122kKzoI6UV4T3ei3N4,"Girls & Boys - Pet Shop Boys Remix, 2012 Remaster",31,False,5,2,7MhMgCo0Bl0Kukl93PZbYS,Blur,0DBkFC6739trhCoVreZyds,Parklife (Special Edition),1994-04-25,album,0.57,0.863,5,-9.797,1,0.0311,5.66e-05,0.000194,0.0768,0.461,119.913,4,436547
4MuWmmDeS4B1hGnErbBCKD,Threadneedle Street - 2012 Remaster,24,False,6,2,7MhMgCo0Bl0Kukl93PZbYS,Blur,0DBkFC6739trhCoVreZyds,Parklife (Special Edition),1994-04-25,album,0.75,0.729,2,-7.643,1,0.0382,0.176,0.482,0.0977,0.882,110.615,4,198107
1A9BfYFe9yuRoHDZjogHmp,Got Yer! - 2012 Remaster,21,False,7,2,7MhMgCo0Bl0Kukl93PZbYS,Blur,0DBkFC6739trhCoVreZyds,Parklife (Special Edition),1994-04-25,album,0.454,0.535,4,-9.301,0,0.0428,0.464,0.604,0.0462,0.706,176.749,3,108160
2LImWLD6GdekhsX3WJ3yPc,Beard - 2012 Remaster,22,False,8,2,7MhMgCo0Bl0Kukl93PZbYS,Blur,0DBkFC6739trhCoVreZyds,Parklife (Special Edition),1994-04-25,album,0.502,0.626,9,-8.84,1,0.0436,0.27,0.717,0.0933,0.492,128.5,3,104880
5I7fnJpRDQwHAvDk96p9a1,To the End - French Version; 2012 Remaster,25,False,9,2,7MhMgCo0Bl0Kukl93PZbYS,Blur,0DBkFC6739trhCoVreZyds,Parklife (Special Edition),1994-04-25,album,0.352,0.593,2,-8.995,1,0.0329,0.011,0.00293,0.105,0.562,192.581,4,245853
66zWmLHNa0jIrFwTT5oZTa,Supa Shoppa - 2012 Remaster,22,False,10,2,7MhMgCo0Bl0Kukl93PZbYS,Blur,0DBkFC6739trhCoVreZyds,Parklife (Special Edition),1994-04-25,album,0.739,0.647,0,-8.638,1,0.0359,0.214,0.00416,0.0477,0.967,81.491,4,182067
36VkMcWmjIe0BrXc3KPwqc,Theme from an Imaginary Film - 2012 Remaster,30,False,11,2,7MhMgCo0Bl0Kukl93PZbYS,Blur,0DBkFC6739trhCoVreZyds,Parklife (Special Edition),1994-04-25,album,0.303,0.6,1,-7.644,0,0.0348,0.313,0.0,0.065,0.48,67.371,4,214520
52bkR4AGGJKQB9gi823SLK,Red Necks - 2012 Remaster,21,False,12,2,7MhMgCo0Bl0Kukl93PZbYS,Blur,0DBkFC6739trhCoVreZyds,Parklife (Special Edition),1994-04-25,album,0.686,0.536,0,-12.576,1,0.0399,0.423,0.785,0.146,0.964,144.096,4,173667
6mmkH6Jb4eO3UoQm3coLWJ,Alex's Song - 2012 Remaster,21,False,13,2,7MhMgCo0Bl0Kukl93PZbYS,Blur,0DBkFC6739trhCoVreZyds,Parklife (Special Edition),1994-04-25,album,0.665,0.285,0,-9.443,1,0.0287,0.242,0.0,0.085,0.258,110.977,4,165093
1gHTDBKTnXD6otGOjQZpWa,End of a Century - Acoustic Version; 2012 Remaster,21,False,16,2,7MhMgCo0Bl0Kukl93PZbYS,Blur,0DBkFC6739trhCoVreZyds,Parklife (Special Edition),1994-04-25,album,0.525,0.66,7,-5.758,1,0.0294,0.467,0.0,0.0438,0.467,80.18,4,164200
3rWlZxRCrBMcEL3QsSidr4,For Tomorrow - 2012 Remaster,46,False,1,1,7MhMgCo0Bl0Kukl93PZbYS,Blur,2gu1tAkUSoe5zTJNM0qU3g,Modern Life Is Rubbish (Special Edition),1993-05-10,album,0.631,0.84,2,-6.025,1,0.0285,0.0143,0.0,0.0712,0.653,95.849,4,261240
4Glq90E0CwoJahSEPhl6Yg,Advert - 2012 Remaster,28,False,2,1,7MhMgCo0Bl0Kukl93PZbYS,Blur,2gu1tAkUSoe5zTJNM0qU3g,Modern Life Is Rubbish (Special Edition),1993-05-10,album,0.63,0.922,2,-5.89,1,0.0439,0.00235,2.97e-06,0.108,0.863,137.596,4,225413
0V7wvqLN6DHTni1TKup3YE,Colin Zeal - 2012 Remaster,26,False,3,1,7MhMgCo0Bl0Kukl93PZbYS,Blur,2gu1tAkUSoe5zTJNM0qU3g,Modern Life Is Rubbish (Special Edition),1993-05-10,album,0.596,0.828,9,-6.791,0,0.0403,0.0135,0.0,0.0683,0.676,128.427,4,196240
1x0jWMQ9OZVgZXyBG4SV64,Pressure on Julian - 2012 Remaster,23,False,4,1,7MhMgCo0Bl0Kukl93PZbYS,Blur,2gu1tAkUSoe5zTJNM0qU3g,Modern Life Is Rubbish (Special Edition),1993-05-10,album,0.415,0.875,1,-6.111,1,0.0566,0.00501,2.27e-05,0.0636,0.159,129.38,4,211880
2M8sX5FNQQzS1fZYdUkGSW,Star Shaped - 2012 Remaster,26,False,5,1,7MhMgCo0Bl0Kukl93PZbYS,Blur,2gu1tAkUSoe5zTJNM0qU3g,Modern Life Is Rubbish (Special Edition),1993-05-10,album,0.487,0.893,9,-5.855,1,0.0597,0.0181,0.0,0.0809,0.598,128.183,4,206853
5at6w5HOcyYn86xPTa7ZbC,Blue Jeans - 2012 Remaster,27,False,6,1,7MhMgCo0Bl0Kukl93PZbYS,Blur,2gu1tAkUSoe5zTJNM0qU3g,Modern Life Is Rubbish (Special Edition),1993-05-10,album,0.65,0.707,1,-8.203,0,0.0275,0.044,0.0,0.0859,0.78,106.545,4,234653
2ZU4gtRTj53RJddZkqeOu7,Chemical World - 2012 Remaster,29,False,7,1,7MhMgCo0Bl0Kukl93PZbYS,Blur,2gu1tAkUSoe5zTJNM0qU3g,Modern Life Is Rubbish (Special Edition),1993-05-10,album,0.312,0.816,2,-7.527,1,0.0473,0.0372,8.53e-05,0.159,0.551,140.744,4,393760
40rjLb6yTq31m3wshHozNS,Sunday Sunday - 2012 Remaster,27,False,8,1,7MhMgCo0Bl0Kukl93PZbYS,Blur,2gu1tAkUSoe5zTJNM0qU3g,Modern Life Is Rubbish (Special Edition),1993-05-10,album,0.342,0.857,7,-5.985,1,0.0456,0.00318,0.0,0.354,0.857,118.645,4,158360
4VdfOPP6YTiR3okGwXYFi1,Oily Water - 2012 Remaster,24,False,9,1,7MhMgCo0Bl0Kukl93PZbYS,Blur,2gu1tAkUSoe5zTJNM0qU3g,Modern Life Is Rubbish (Special Edition),1993-05-10,album,0.281,0.893,6,-6.203,0,0.0572,0.00103,0.0516,0.0965,0.407,105.774,4,301080
02Fd7KbLvALYkAVbIdss5E,Miss America - 2012 Remaster,23,False,10,1,7MhMgCo0Bl0Kukl93PZbYS,Blur,2gu1tAkUSoe5zTJNM0qU3g,Modern Life Is Rubbish (Special Edition),1993-05-10,album,0.266,0.461,2,-11.97,0,0.0345,0.0506,0.00377,0.241,0.207,78.51,4,335053
6flfCpBdfHzGTvKW9ielnD,Villa Rosie - 2012 Remaster,25,False,11,1,7MhMgCo0Bl0Kukl93PZbYS,Blur,2gu1tAkUSoe5zTJNM0qU3g,Modern Life Is Rubbish (Special Edition),1993-05-10,album,0.456,0.748,0,-6.632,1,0.0346,0.0662,0.0,0.0942,0.586,96.438,4,234907
4iibjbwppdMrHi3EEec3m4,Coping - 2012 Remaster,24,False,12,1,7MhMgCo0Bl0Kukl93PZbYS,Blur,2gu1tAkUSoe5zTJNM0qU3g,Modern Life Is Rubbish (Special Edition),1993-05-10,album,0.572,0.963,1,-5.707,0,0.0607,0.00239,0.0,0.196,0.924,122.605,4,204747
4gc86fqaVQBb90x77qXICQ,Turn It Up - 2012 Remaster,22,False,13,1,7MhMgCo0Bl0Kukl93PZbYS,Blur,2gu1tAkUSoe5zTJNM0qU3g,Modern Life Is Rubbish (Special Edition),1993-05-10,album,0.508,0.944,2,-6.765,1,0.113,7.03e-05,0.000557,0.349,0.284,124.037,4,202840
4ncLBKFG8GtPQyxlTGpXRT,Resigned - 2012 Remaster,22,False,14,1,7MhMgCo0Bl0Kukl93PZbYS,Blur,2gu1tAkUSoe5zTJNM0qU3g,Modern Life Is Rubbish (Special Edition),1993-05-10,album,0.454,0.77,2,-8.18,0,0.0322,0.000132,0.581,0.0445,0.385,107.991,4,372507
3ZYYnEBVTsMutqF8zDF5Vw,Popscene - 2012 Remaster,43,False,1,2,7MhMgCo0Bl0Kukl93PZbYS,Blur,2gu1tAkUSoe5zTJNM0qU3g,Modern Life Is Rubbish (Special Edition),1993-05-10,album,0.405,0.991,2,-5.583,1,0.0971,0.000516,0.00161,0.34,0.441,169.856,4,194787
74cEPrCDL3bc8C3vT69flO,Mace - 2012 Remaster,23,False,2,2,7MhMgCo0Bl0Kukl93PZbYS,Blur,2gu1tAkUSoe5zTJNM0qU3g,Modern Life Is Rubbish (Special Edition),1993-05-10,album,0.559,0.889,2,-7.565,1,0.0371,6.27e-06,0.00026,0.187,0.867,130.952,4,205747
1Hz0DpjQRPcXG137VLrgHR,Badgeman Brown - 2012 Remaster,19,False,3,2,7MhMgCo0Bl0Kukl93PZbYS,Blur,2gu1tAkUSoe5zTJNM0qU3g,Modern Life Is Rubbish (Special Edition),1993-05-10,album,0.246,0.813,4,-6.716,1,0.052,0.00787,0.000149,0.111,0.233,140.485,4,288160
6R1R5m5PSyGXoo8RPepom8,I'm Fine - 2012 Remaster,21,False,4,2,7MhMgCo0Bl0Kukl93PZbYS,Blur,2gu1tAkUSoe5zTJNM0qU3g,Modern Life Is Rubbish (Special Edition),1993-05-10,album,0.587,0.861,9,-7.13,1,0.0719,0.000611,0.0,0.137,0.548,139.545,4,183893
2umK1fuGlVribwv6wmlN8A,Garden Central - 2012 Remaster,19,False,5,2,7MhMgCo0Bl0Kukl93PZbYS,Blur,2gu1tAkUSoe5zTJNM0qU3g,Modern Life Is Rubbish (Special Edition),1993-05-10,album,0.328,0.866,4,-5.68,0,0.0356,2.22e-05,0.859,0.181,0.705,82.492,4,360173
3mvdN3a4p4SaOnpUBGWan2,For Tomorrow - Visit to Primrose Hill Extended; 2012 Remaster,26,False,6,2,7MhMgCo0Bl0Kukl93PZbYS,Blur,2gu1tAkUSoe5zTJNM0qU3g,Modern Life Is Rubbish (Special Edition),1993-05-10,album,0.618,0.842,11,-6.333,0,0.0278,0.0169,0.000223,0.0781,0.696,96.095,4,361413
1ccbeVsei88jWNIDeGVYak,Into Another - 2012 Remaster,21,False,7,2,7MhMgCo0Bl0Kukl93PZbYS,Blur,2gu1tAkUSoe5zTJNM0qU3g,Modern Life Is Rubbish (Special Edition),1993-05-10,album,0.376,0.834,11,-7.399,0,0.0464,0.0033,4.97e-05,0.13,0.301,118.664,4,235453
6w6Hq4e1GVecVJX8Dycp7Z,Peach - 2012 Remaster,23,False,8,2,7MhMgCo0Bl0Kukl93PZbYS,Blur,2gu1tAkUSoe5zTJNM0qU3g,Modern Life Is Rubbish (Special Edition),1993-05-10,album,0.23,0.369,4,-11.1,1,0.0303,0.657,0.000828,0.0958,0.0734,135.993,3,237760
3SMRBHOIKsUuP7PqPkQRMT,Bone Bag - 2012 Remaster,20,False,9,2,7MhMgCo0Bl0Kukl93PZbYS,Blur,2gu1tAkUSoe5zTJNM0qU3g,Modern Life Is Rubbish (Special Edition),1993-05-10,album,0.373,0.492,9,-9.194,1,0.0273,6.67e-05,0.0264,0.16,0.536,181.986,4,244387
4cTOPOqcclWaFYliKfMkGE,Hanging Over - 2012 Remaster,20,False,10,2,7MhMgCo0Bl0Kukl93PZbYS,Blur,2gu1tAkUSoe5zTJNM0qU3g,Modern Life Is Rubbish (Special Edition),1993-05-10,album,0.452,0.871,2,-6.227,1,0.0351,3.35e-05,0.000101,0.0647,0.521,122.92,4,267813
6P4K0W5qAOb55QEWPPiAml,When the Cows Come Home - 2012 Remaster,20,False,11,2,7MhMgCo0Bl0Kukl93PZbYS,Blur,2gu1tAkUSoe5zTJNM0qU3g,Modern Life Is Rubbish (Special Edition),1993-05-10,album,0.803,0.344,2,-10.069,1,0.0475,0.413,0.0,0.0811,0.652,122.511,4,230493
2Aa0HAptZ9QWXg4Zw9E3Of,Beachcoma - 2012 Remaster,19,False,12,2,7MhMgCo0Bl0Kukl93PZbYS,Blur,2gu1tAkUSoe5zTJNM0qU3g,Modern Life Is Rubbish (Special Edition),1993-05-10,album,0.311,0.738,11,-7.457,1,0.028,0.00276,0.0982,0.0898,0.576,91.953,4,218187
2ysK71L2KkLG64KNd5QmfM,Chemical World - Reworked; 2012 Remaster,24,False,13,2,7MhMgCo0Bl0Kukl93PZbYS,Blur,2gu1tAkUSoe5zTJNM0qU3g,Modern Life Is Rubbish (Special Edition),1993-05-10,album,0.393,0.879,9,-7.167,1,0.046,0.0132,0.0,0.0757,0.395,163.933,4,224667
41zEFfk6qLGlZV29yJM37z,Es Schmecht - 2012 Remaster,18,False,14,2,7MhMgCo0Bl0Kukl93PZbYS,Blur,2gu1tAkUSoe5zTJNM0qU3g,Modern Life Is Rubbish (Special Edition),1993-05-10,album,0.775,0.571,0,-7.674,0,0.0301,0.186,0.346,0.0826,0.641,140.214,4,216507
73pvCD951PVyLmU1obAJZi,Young and Lovely - 2012 Remaster,29,False,15,2,7MhMgCo0Bl0Kukl93PZbYS,Blur,2gu1tAkUSoe5zTJNM0qU3g,Modern Life Is Rubbish (Special Edition),1993-05-10,album,0.502,0.827,11,-6.822,0,0.0266,0.0234,0.0,0.255,0.709,178.579,4,303253
6NTW0uXpYmzt091D4NfS1a,Maggie May - 2012 Remaster,28,False,16,2,7MhMgCo0Bl0Kukl93PZbYS,Blur,2gu1tAkUSoe5zTJNM0qU3g,Modern Life Is Rubbish (Special Edition),1993-05-10,album,0.456,0.756,9,-6.151,1,0.0331,0.0318,0.0,0.0777,0.679,125.153,4,246307
173sKLf2AlKOxpPYFmJJlv,My Ark - 2012 Remaster,18,False,17,2,7MhMgCo0Bl0Kukl93PZbYS,Blur,2gu1tAkUSoe5zTJNM0qU3g,Modern Life Is Rubbish (Special Edition),1993-05-10,album,0.468,0.819,2,-6.852,1,0.0315,0.000266,0.00218,0.15,0.59,99.086,4,357187
2rjrekWfuRu7s93WLSCd9F,Daisy Bell (A Bicycle Made for Two) - 2012 Remaster,21,False,18,2,7MhMgCo0Bl0Kukl93PZbYS,Blur,2gu1tAkUSoe5zTJNM0qU3g,Modern Life Is Rubbish (Special Edition),1993-05-10,album,0.386,0.715,2,-7.291,1,0.159,0.456,0.0,0.121,0.327,130.445,4,168040
1cnqW8fBIowtP78ys9OOy3,Let's All Go Down the Strand - 2012 Remaster,17,False,19,2,7MhMgCo0Bl0Kukl93PZbYS,Blur,2gu1tAkUSoe5zTJNM0qU3g,Modern Life Is Rubbish (Special Edition),1993-05-10,album,0.406,0.671,2,-8.11,1,0.0627,0.562,0.0,0.297,0.775,126.487,4,221680
3UFAFyRvZ4gFORAoI1pFWQ,For Tomorrow - 2012 Remaster,42,False,1,1,7MhMgCo0Bl0Kukl93PZbYS,Blur,23mDNB6otna4M0e8MORCsZ,Modern Life Is Rubbish,1993,album,0.631,0.84,2,-6.025,1,0.0285,0.0143,0.0,0.0712,0.653,95.849,4,261240
1nRJspMBtxOEskfkLzHJHG,Advert - 2012 Remaster,39,False,2,1,7MhMgCo0Bl0Kukl93PZbYS,Blur,23mDNB6otna4M0e8MORCsZ,Modern Life Is Rubbish,1993,album,0.63,0.922,2,-5.89,1,0.0439,0.00235,2.97e-06,0.108,0.863,137.596,4,225413
7dU0naThnlYiA3EaQlMFhg,Colin Zeal - 2012 Remaster,34,False,3,1,7MhMgCo0Bl0Kukl93PZbYS,Blur,23mDNB6otna4M0e8MORCsZ,Modern Life Is Rubbish,1993,album,0.596,0.828,9,-6.791,0,0.0403,0.0135,0.0,0.0683,0.676,128.427,4,196240
5DBULwnLOtlM7tVhFOubgV,Pressure on Julian - 2012 Remaster,30,False,4,1,7MhMgCo0Bl0Kukl93PZbYS,Blur,23mDNB6otna4M0e8MORCsZ,Modern Life Is Rubbish,1993,album,0.415,0.875,1,-6.111,1,0.0566,0.00501,2.27e-05,0.0636,0.159,129.38,4,211880
10eUvYOrxYT4nO31Sa5dYt,Star Shaped - 2012 Remaster,34,False,5,1,7MhMgCo0Bl0Kukl93PZbYS,Blur,23mDNB6otna4M0e8MORCsZ,Modern Life Is Rubbish,1993,album,0.487,0.893,9,-5.855,1,0.0597,0.0181,0.0,0.0809,0.598,128.183,4,206853
6Gf8mol1cgqSlNzE1mfQng,Blue Jeans - 2012 Remaster,39,False,6,1,7MhMgCo0Bl0Kukl93PZbYS,Blur,23mDNB6otna4M0e8MORCsZ,Modern Life Is Rubbish,1993,album,0.65,0.707,1,-8.203,0,0.0275,0.044,0.0,0.0859,0.78,106.545,4,234653
1JVsEciUZKtji9oAC9LMz1,Chemical World - 2012 Remaster,39,False,7,1,7MhMgCo0Bl0Kukl93PZbYS,Blur,23mDNB6otna4M0e8MORCsZ,Modern Life Is Rubbish,1993,album,0.312,0.816,2,-7.527,1,0.0473,0.0372,8.53e-05,0.159,0.551,140.744,4,393760
127M7vBbwxeCHO6AEQkMNx,Sunday Sunday - 2012 Remaster,39,False,8,1,7MhMgCo0Bl0Kukl93PZbYS,Blur,23mDNB6otna4M0e8MORCsZ,Modern Life Is Rubbish,1993,album,0.342,0.857,7,-5.985,1,0.0456,0.00318,0.0,0.354,0.857,118.645,4,158360
4tRXWl0OES4ZwHAvyiCqOX,Oily Water - 2012 Remaster,31,False,9,1,7MhMgCo0Bl0Kukl93PZbYS,Blur,23mDNB6otna4M0e8MORCsZ,Modern Life Is Rubbish,1993,album,0.281,0.893,6,-6.203,0,0.0572,0.00103,0.0516,0.0965,0.407,105.774,4,301080
05Z7P0sjCNkFXM5XIgIiaW,Miss America - 2012 Remaster,30,False,10,1,7MhMgCo0Bl0Kukl93PZbYS,Blur,23mDNB6otna4M0e8MORCsZ,Modern Life Is Rubbish,1993,album,0.266,0.461,2,-11.97,0,0.0345,0.0506,0.00377,0.241,0.207,78.51,4,335053
3V8XBqBfJemhd1CP3tRZIB,Villa Rosie - 2012 Remaster,34,False,11,1,7MhMgCo0Bl0Kukl93PZbYS,Blur,23mDNB6otna4M0e8MORCsZ,Modern Life Is Rubbish,1993,album,0.456,0.748,0,-6.632,1,0.0346,0.0662,0.0,0.0942,0.586,96.438,4,234907
4crfCZJyxUXMevLJ5kH7Ia,Coping - 2012 Remaster,30,False,12,1,7MhMgCo0Bl0Kukl93PZbYS,Blur,23mDNB6otna4M0e8MORCsZ,Modern Life Is Rubbish,1993,album,0.572,0.963,1,-5.707,0,0.0607,0.00239,0.0,0.196,0.924,122.605,4,204747
1DHE8qDURQBr0oOBfjruPZ,Turn It Up - 2012 Remaster,28,False,13,1,7MhMgCo0Bl0Kukl93PZbYS,Blur,23mDNB6otna4M0e8MORCsZ,Modern Life Is Rubbish,1993,album,0.508,0.944,2,-6.765,1,0.113,7.03e-05,0.000557,0.349,0.284,124.037,4,202840
3S12H9ZOlr3csdkMoblfDO,Resigned - 2012 Remaster,28,False,14,1,7MhMgCo0Bl0Kukl93PZbYS,Blur,23mDNB6otna4M0e8MORCsZ,Modern Life Is Rubbish,1993,album,0.454,0.77,2,-8.18,0,0.0322,0.000132,0.581,0.0445,0.385,107.991,4,372507
3vCEArdzqzrPvnhKVZMkfG,She's So High - 2012 Remaster,33,False,1,1,7MhMgCo0Bl0Kukl93PZbYS,Blur,0cTdvscLZjCTEKxYUlJFwa,Leisure (Special Edition),1991-08-26,album,0.459,0.859,7,-6.983,1,0.0271,0.00078,0.00033,0.226,0.673,94.504,4,286173
77UAB5hIOFj1yx2CIvIkdZ,Bang - 2012 Remaster,35,False,2,1,7MhMgCo0Bl0Kukl93PZbYS,Blur,0cTdvscLZjCTEKxYUlJFwa,Leisure (Special Edition),1991-08-26,album,0.585,0.91,4,-6.96,1,0.0526,0.0458,4.8e-05,0.133,0.542,113.998,4,217253
7ltqBQ11aegvqgxD3ioEbk,Slow Down - 2012 Remaster,24,False,3,1,7MhMgCo0Bl0Kukl93PZbYS,Blur,0cTdvscLZjCTEKxYUlJFwa,Leisure (Special Edition),1991-08-26,album,0.128,0.855,0,-6.375,1,0.0485,0.000206,2.12e-05,0.122,0.543,87.153,4,191107
0P1XTFoBKzwxbrcwd3ASTC,Repetition - 2012 Remaster,24,False,4,1,7MhMgCo0Bl0Kukl93PZbYS,Blur,0cTdvscLZjCTEKxYUlJFwa,Leisure (Special Edition),1991-08-26,album,0.518,0.755,2,-6.905,1,0.0272,0.000197,3.6e-05,0.0945,0.501,77.062,4,325693
0HazbMcyVKiwSkbVX4geSG,Bad Day - 2012 Remaster,23,False,5,1,7MhMgCo0Bl0Kukl93PZbYS,Blur,0cTdvscLZjCTEKxYUlJFwa,Leisure (Special Edition),1991-08-26,album,0.399,0.925,7,-6.617,1,0.0411,0.000145,1.21e-05,0.058,0.604,105.186,4,264467
7d1dGY0j55oqOmJFAdmQlR,Sing - 2012 Remaster,46,False,6,1,7MhMgCo0Bl0Kukl93PZbYS,Blur,0cTdvscLZjCTEKxYUlJFwa,Leisure (Special Edition),1991-08-26,album,0.376,0.657,9,-7.601,0,0.0331,0.0233,0.799,0.0958,0.506,148.057,4,360973
7qk4uPeLpaKhp8lwas1sBb,There's No Other Way - 2012 Remaster,55,False,7,1,7MhMgCo0Bl0Kukl93PZbYS,Blur,0cTdvscLZjCTEKxYUlJFwa,Leisure (Special Edition),1991-08-26,album,0.576,0.935,2,-5.857,1,0.0497,0.0573,1.17e-05,0.178,0.648,112.045,4,204867
5iz1SbIjOsuDW7ZK2dOqKn,Fool - 2012 Remaster,24,False,8,1,7MhMgCo0Bl0Kukl93PZbYS,Blur,0cTdvscLZjCTEKxYUlJFwa,Leisure (Special Edition),1991-08-26,album,0.481,0.911,2,-6.185,1,0.0526,0.000548,0.00171,0.0841,0.52,110.927,4,194107
1mrReqnnDE8Pmhmcl3olXa,Come Together - 2012 Remaster,22,False,9,1,7MhMgCo0Bl0Kukl93PZbYS,Blur,0cTdvscLZjCTEKxYUlJFwa,Leisure (Special Edition),1991-08-26,album,0.39,0.919,9,-5.736,1,0.0517,0.000185,1.04e-06,0.255,0.395,137.784,4,232400
3Acvwk0R78OeA21RCdYoie,High Cool - 2012 Remaster,21,False,10,1,7MhMgCo0Bl0Kukl93PZbYS,Blur,0cTdvscLZjCTEKxYUlJFwa,Leisure (Special Edition),1991-08-26,album,0.61,0.896,2,-6.74,1,0.0328,0.0689,8.03e-05,0.296,0.848,106.942,4,217867
52KGQ2FzAIgsqUebXrfMGF,Birthday - 2012 Remaster,21,False,11,1,7MhMgCo0Bl0Kukl93PZbYS,Blur,0cTdvscLZjCTEKxYUlJFwa,Leisure (Special Edition),1991-08-26,album,0.181,0.295,4,-11.9,1,0.0312,0.14,0.000523,0.0968,0.0906,145.613,4,229920
0Ok0AnxG2Fk6s7ZMwNPtRw,Wear Me Down - 2012 Remaster,23,False,12,1,7MhMgCo0Bl0Kukl93PZbYS,Blur,0cTdvscLZjCTEKxYUlJFwa,Leisure (Special Edition),1991-08-26,album,0.361,0.906,5,-6.651,1,0.038,0.00154,0.000191,0.0857,0.255,94.936,4,291507
3oOcuJG294KZ1sqNcWnV79,I Know - Extended Mix; 2012 Remaster,26,False,1,2,7MhMgCo0Bl0Kukl93PZbYS,Blur,0cTdvscLZjCTEKxYUlJFwa,Leisure (Special Edition),1991-08-26,album,0.551,0.77,11,-8.194,1,0.0303,0.000771,0.109,0.114,0.764,107.963,4,391253
1a02ntXHdYQz28gmt62SlE,Down - 2012 Remaster,20,False,2,2,7MhMgCo0Bl0Kukl93PZbYS,Blur,0cTdvscLZjCTEKxYUlJFwa,Leisure (Special Edition),1991-08-26,album,0.434,0.803,7,-5.386,1,0.0352,0.000262,0.455,0.0842,0.456,126.74,4,358627
3q6LjCIrPLYyxBxD7uzzwa,There's No Other Way - Extended Version; 2012 Remaster,26,False,3,2,7MhMgCo0Bl0Kukl93PZbYS,Blur,0cTdvscLZjCTEKxYUlJFwa,Leisure (Special Edition),1991-08-26,album,0.598,0.935,2,-5.89,1,0.0439,0.0148,0.000286,0.103,0.667,112.055,4,238507
4PGbbGYn2qQvWPBVP0wrVI,Inertia - 2012 Remaster,29,False,4,2,7MhMgCo0Bl0Kukl93PZbYS,Blur,0cTdvscLZjCTEKxYUlJFwa,Leisure (Special Edition),1991-08-26,album,0.451,0.52,9,-9.425,1,0.0274,0.00104,0.422,0.0883,0.349,75.018,4,229440
2VLkUdbngZC50fHoZo9ejW,Mr Briggs - 2012 Remaster,21,False,5,2,7MhMgCo0Bl0Kukl93PZbYS,Blur,0cTdvscLZjCTEKxYUlJFwa,Leisure (Special Edition),1991-08-26,album,0.291,0.603,9,-7.678,1,0.0332,0.0335,0.000622,0.371,0.497,115.612,3,238800
5WhopYbDjcjCAG5k9aIWvk,I'm All Over - 2012 Remaster,21,False,6,2,7MhMgCo0Bl0Kukl93PZbYS,Blur,0cTdvscLZjCTEKxYUlJFwa,Leisure (Special Edition),1991-08-26,album,0.567,0.935,1,-6.075,0,0.0641,0.00321,0.00267,0.249,0.711,140.286,4,120240
1QIPkHKAnx4HOhVlcYbUKt,Won't Do It - 2012 Remaster,19,False,7,2,7MhMgCo0Bl0Kukl93PZbYS,Blur,0cTdvscLZjCTEKxYUlJFwa,Leisure (Special Edition),1991-08-26,album,0.213,0.896,9,-6.8,1,0.0459,6.6e-06,0.349,0.391,0.698,160.552,4,200187
0ppbYyj6i4LIGVTk9FxRrh,Day Upon Day - Live; 2012 Remaster,20,False,8,2,7MhMgCo0Bl0Kukl93PZbYS,Blur,0cTdvscLZjCTEKxYUlJFwa,Leisure (Special Edition),1991-08-26,album,0.116,0.987,7,-6.95,1,0.283,0.0132,0.00677,0.697,0.0337,79.399,4,253987
0v3ZFwi68djpKINTWripmG,There's No Other Way - Blur Remix; 2012 Remaster,18,False,9,2,7MhMgCo0Bl0Kukl93PZbYS,Blur,0cTdvscLZjCTEKxYUlJFwa,Leisure (Special Edition),1991-08-26,album,0.598,0.756,6,-8.792,0,0.0373,0.0025,0.507,0.0837,0.418,112.108,4,296867
6tfIbO0PxJka5F3GF83z3e,Bang - Extended Version; 2012 Remaster,18,False,10,2,7MhMgCo0Bl0Kukl93PZbYS,Blur,0cTdvscLZjCTEKxYUlJFwa,Leisure (Special Edition),1991-08-26,album,0.572,0.893,4,-7.465,1,0.0423,0.0206,0.000357,0.129,0.606,114.199,4,265853
5XxieRBTGsQLvuLDGZZlF6,Explain - 2012 Remaster,22,False,11,2,7MhMgCo0Bl0Kukl93PZbYS,Blur,0cTdvscLZjCTEKxYUlJFwa,Leisure (Special Edition),1991-08-26,album,0.637,0.931,2,-7.577,1,0.0439,0.00231,7.55e-06,0.117,0.736,113.088,4,165280
3wfwFKQSbzbLR4X9SAo7DH,Luminous - 2012 Remaster,21,False,12,2,7MhMgCo0Bl0Kukl93PZbYS,Blur,0cTdvscLZjCTEKxYUlJFwa,Leisure (Special Edition),1991-08-26,album,0.449,0.711,7,-8.47,1,0.0272,0.000249,0.19,0.144,0.533,100.054,4,194027
2nANuNDyuS3fYvCi4AbMPy,Berserk - 2012 Remaster,17,False,13,2,7MhMgCo0Bl0Kukl93PZbYS,Blur,0cTdvscLZjCTEKxYUlJFwa,Leisure (Special Edition),1991-08-26,album,0.348,0.66,5,-8.858,1,0.034,4.84e-05,0.851,0.14,0.0936,58.063,4,403360
7h6vefqfCes7q510CunDpg,Uncle Love - 2012 Remaster,20,False,14,2,7MhMgCo0Bl0Kukl93PZbYS,Blur,0cTdvscLZjCTEKxYUlJFwa,Leisure (Special Edition),1991-08-26,album,0.455,0.914,0,-6.716,1,0.0349,0.00174,0.000494,0.09,0.878,144.127,4,151320
2alw6bM5o1OUjqD0isjjAr,I Love Her - Demo Version; 2012 Remaster,23,False,15,2,7MhMgCo0Bl0Kukl93PZbYS,Blur,0cTdvscLZjCTEKxYUlJFwa,Leisure (Special Edition),1991-08-26,album,0.642,0.888,9,-6.455,1,0.0343,5.3e-05,0.893,0.0948,0.648,121.426,4,216440
6ME7TIY5993VSrFvoHchcG,Close - 2012 Remaster,20,False,16,2,7MhMgCo0Bl0Kukl93PZbYS,Blur,0cTdvscLZjCTEKxYUlJFwa,Leisure (Special Edition),1991-08-26,album,0.623,0.892,9,-7.049,1,0.0417,0.000983,0.000167,0.0554,0.787,113.119,4,182880
7lLtUEHB8WbrlwFrot8zG5,She's So High - 2012 Remaster,44,False,1,1,7MhMgCo0Bl0Kukl93PZbYS,Blur,2AAx5D9aJnP6XK859Q1Pyl,Leisure,1991,album,0.459,0.859,7,-6.983,1,0.0271,0.00078,0.00033,0.226,0.673,94.504,4,286173
23GmhawGcs2Ab7oNdUihr9,Bang - 2012 Remaster,32,False,2,1,7MhMgCo0Bl0Kukl93PZbYS,Blur,2AAx5D9aJnP6XK859Q1Pyl,Leisure,1991,album,0.585,0.91,4,-6.96,1,0.0526,0.0458,4.8e-05,0.133,0.542,113.998,4,217253
3sfpsiuWVMJj52td3YR6ja,Slow Down - 2012 Remaster,30,False,3,1,7MhMgCo0Bl0Kukl93PZbYS,Blur,2AAx5D9aJnP6XK859Q1Pyl,Leisure,1991,album,0.128,0.855,0,-6.375,1,0.0485,0.000206,2.12e-05,0.122,0.543,87.153,4,191107
0cBrgq8d7LtoIuHNWr2JT6,Repetition - 2012 Remaster,29,False,4,1,7MhMgCo0Bl0Kukl93PZbYS,Blur,2AAx5D9aJnP6XK859Q1Pyl,Leisure,1991,album,0.518,0.755,2,-6.905,1,0.0272,0.000197,3.6e-05,0.0945,0.501,77.062,4,325693
0hsFimkuZMppuQGORIucJY,Bad Day - 2012 Remaster,29,False,5,1,7MhMgCo0Bl0Kukl93PZbYS,Blur,2AAx5D9aJnP6XK859Q1Pyl,Leisure,1991,album,0.399,0.925,7,-6.617,1,0.0411,0.000145,1.21e-05,0.058,0.604,105.186,4,264467
5hsT7bcfNJZ4JgxQ75zXRo,Sing - 2012 Remaster,31,False,6,1,7MhMgCo0Bl0Kukl93PZbYS,Blur,2AAx5D9aJnP6XK859Q1Pyl,Leisure,1991,album,0.376,0.657,9,-7.601,0,0.0331,0.0233,0.799,0.0958,0.506,148.057,4,360973
2Ly3gfkiVkbrtkWyhg5n2s,There's No Other Way - 2012 Remaster,36,False,7,1,7MhMgCo0Bl0Kukl93PZbYS,Blur,2AAx5D9aJnP6XK859Q1Pyl,Leisure,1991,album,0.576,0.935,2,-5.857,1,0.0497,0.0573,1.17e-05,0.178,0.648,112.045,4,204867
5vrABAY1azmAp5rXZXULKr,Fool - 2012 Remaster,29,False,8,1,7MhMgCo0Bl0Kukl93PZbYS,Blur,2AAx5D9aJnP6XK859Q1Pyl,Leisure,1991,album,0.481,0.911,2,-6.185,1,0.0526,0.000548,0.00171,0.0841,0.52,110.927,4,194107
0jqa9HTlMeh5Smq3dLGwR0,Come Together - 2012 Remaster,27,False,9,1,7MhMgCo0Bl0Kukl93PZbYS,Blur,2AAx5D9aJnP6XK859Q1Pyl,Leisure,1991,album,0.39,0.919,9,-5.736,1,0.0517,0.000185,1.04e-06,0.255,0.395,137.784,4,232400
4qraMy7Nzd30lUnUxvl3fZ,High Cool - 2012 Remaster,27,False,10,1,7MhMgCo0Bl0Kukl93PZbYS,Blur,2AAx5D9aJnP6XK859Q1Pyl,Leisure,1991,album,0.61,0.896,2,-6.74,1,0.0328,0.0689,8.03e-05,0.296,0.848,106.942,4,217867
1lY1WNXur2N379331Dkoe6,Birthday - 2012 Remaster,29,False,11,1,7MhMgCo0Bl0Kukl93PZbYS,Blur,2AAx5D9aJnP6XK859Q1Pyl,Leisure,1991,album,0.181,0.295,4,-11.9,1,0.0312,0.14,0.000523,0.0968,0.0906,145.613,4,229920
27BCrpDPMqknIWeds5CxMk,Wear Me Down - 2012 Remaster,32,False,12,1,7MhMgCo0Bl0Kukl93PZbYS,Blur,2AAx5D9aJnP6XK859Q1Pyl,Leisure,1991,album,0.361,0.906,5,-6.651,1,0.038,0.00154,0.000191,0.0857,0.255,94.936,4,291507
23SkWJgWhYlNWNlwjRYmq4,Introducing The Band (Remastered),13,False,1,1,6PHIK3kjWggLtVygsOtpqS,Suede,2gxG4ihv3QvgQoNlHlJ0go,Dog Man Star (Remastered Deluxe Edition),2011-06-06,album,0.243,0.705,1,-8.364,1,0.0605,0.00346,0.00215,0.0927,0.0681,187.697,4,157333
7w3GIApGp1Z5VYFFYoUDbe,We Are The Pigs (Remastered),24,False,2,1,6PHIK3kjWggLtVygsOtpqS,Suede,2gxG4ihv3QvgQoNlHlJ0go,Dog Man Star (Remastered Deluxe Edition),2011-06-06,album,0.406,0.75,3,-7.088,0,0.0812,0.366,2.38e-06,0.61,0.207,106.637,3,260253
0pz4wt8N4Sff44MZtOKG6y,Heroine (Remastered),22,False,3,1,6PHIK3kjWggLtVygsOtpqS,Suede,2gxG4ihv3QvgQoNlHlJ0go,Dog Man Star (Remastered Deluxe Edition),2011-06-06,album,0.444,0.91,11,-6.189,1,0.0903,0.0945,0.0,0.248,0.465,111.898,4,202667
3C3OBiCc5rYTEPSJVBTpHs,The Wild Ones (Remastered),41,False,4,1,6PHIK3kjWggLtVygsOtpqS,Suede,2gxG4ihv3QvgQoNlHlJ0go,Dog Man Star (Remastered Deluxe Edition),2011-06-06,album,0.455,0.556,3,-8.911,1,0.0268,0.55,8.63e-05,0.0516,0.331,84.733,4,290293
4PD6OdeVH3RU2ryI8YD0Lb,Daddy's Speeding (Remastered),13,False,5,1,6PHIK3kjWggLtVygsOtpqS,Suede,2gxG4ihv3QvgQoNlHlJ0go,Dog Man Star (Remastered Deluxe Edition),2011-06-06,album,0.403,0.323,11,-15.017,1,0.0292,0.641,0.000106,0.102,0.157,95.163,4,321973
049J76KxOdwSjIk5rxUupW,The Power (Remastered),29,False,6,1,6PHIK3kjWggLtVygsOtpqS,Suede,2gxG4ihv3QvgQoNlHlJ0go,Dog Man Star (Remastered Deluxe Edition),2011-06-06,album,0.423,0.621,9,-9.406,1,0.0303,0.312,3.55e-05,0.492,0.618,74.855,4,271693
2pArYwOkqnYs8KcrDvFmu5,New Generation (Remastered),26,False,7,1,6PHIK3kjWggLtVygsOtpqS,Suede,2gxG4ihv3QvgQoNlHlJ0go,Dog Man Star (Remastered Deluxe Edition),2011-06-06,album,0.423,0.79,1,-7.736,1,0.0426,0.109,5.8e-05,0.262,0.409,123.732,4,277840
0Z8NGMGxkofbcMvVIadyOF,This Hollywood Life (Remastered),11,False,8,1,6PHIK3kjWggLtVygsOtpqS,Suede,2gxG4ihv3QvgQoNlHlJ0go,Dog Man Star (Remastered Deluxe Edition),2011-06-06,album,0.249,0.774,6,-6.334,1,0.0549,0.496,0.0,0.29,0.31,129.813,1,230427
0UfRt3WLUmI4DprvCg5hUl,The 2 Of Us (Remastered),16,False,9,1,6PHIK3kjWggLtVygsOtpqS,Suede,2gxG4ihv3QvgQoNlHlJ0go,Dog Man Star (Remastered Deluxe Edition),2011-06-06,album,0.366,0.313,0,-12.34,1,0.0335,0.951,0.00226,0.0612,0.102,137.125,4,345600
61msEfXFDuD6HSKhWmuNBa,Black Or Blue (Remastered),10,False,10,1,6PHIK3kjWggLtVygsOtpqS,Suede,2gxG4ihv3QvgQoNlHlJ0go,Dog Man Star (Remastered Deluxe Edition),2011-06-06,album,0.217,0.16,1,-13.156,1,0.0366,0.857,2.91e-05,0.113,0.12,174.885,5,228640
40yk1mO3b388tr9xzXqNvu,The Asphalt World (Remastered),22,False,11,1,6PHIK3kjWggLtVygsOtpqS,Suede,2gxG4ihv3QvgQoNlHlJ0go,Dog Man Star (Remastered Deluxe Edition),2011-06-06,album,0.255,0.728,4,-9.522,0,0.124,0.0789,0.000425,0.173,0.0558,143.638,4,565293
2hQzRzH7KDPqTCoqUwF0uj,Still Life (Remastered),13,False,12,1,6PHIK3kjWggLtVygsOtpqS,Suede,2gxG4ihv3QvgQoNlHlJ0go,Dog Man Star (Remastered Deluxe Edition),2011-06-06,album,0.195,0.401,1,-9.896,1,0.0293,0.496,0.1,0.115,0.14,92.454,4,329040
4kV5kU3puYNxtxj7AwMxnW,Squidgy Bun (Introducing The Band) [Remastered] - Four Track Demo,5,False,13,1,6PHIK3kjWggLtVygsOtpqS,Suede,2gxG4ihv3QvgQoNlHlJ0go,Dog Man Star (Remastered Deluxe Edition),2011-06-06,album,0.402,0.634,6,-10.361,1,0.046,0.939,0.804,0.384,0.348,95.299,4,156947
7BwhhnPEjpNSfxS7SuZcxB,Ken (The Wild Ones) (Four Track Demo) [Remastered],6,False,14,1,6PHIK3kjWggLtVygsOtpqS,Suede,2gxG4ihv3QvgQoNlHlJ0go,Dog Man Star (Remastered Deluxe Edition),2011-06-06,album,0.207,0.694,3,-7.693,1,0.0612,0.591,0.0048,0.222,0.379,167.424,4,339960
3JY6fX597Lkk6hgeH81QhD,A Man's Song (Heroine) (Four Track Demo) [Remastered],5,False,15,1,6PHIK3kjWggLtVygsOtpqS,Suede,2gxG4ihv3QvgQoNlHlJ0go,Dog Man Star (Remastered Deluxe Edition),2011-06-06,album,0.128,0.968,9,-4.061,0,0.109,0.763,0.199,0.369,0.0895,204.056,4,174813
4DoSw5brWoS4eL9aqmVLbj,Banana Youth (The Power) (Four Track Demo) [Remastered],4,False,16,1,6PHIK3kjWggLtVygsOtpqS,Suede,2gxG4ihv3QvgQoNlHlJ0go,Dog Man Star (Remastered Deluxe Edition),2011-06-06,album,0.309,0.697,5,-8.316,0,0.0456,0.265,0.000255,0.683,0.456,149.085,3,241453
7KExPR5GvOlgLprH7mszWw,The 2 Of Us Remastered - Four Track Demo,4,False,17,1,6PHIK3kjWggLtVygsOtpqS,Suede,2gxG4ihv3QvgQoNlHlJ0go,Dog Man Star (Remastered Deluxe Edition),2011-06-06,album,0.301,0.588,0,-6.399,1,0.029,0.873,0.8,0.431,0.189,75.578,4,400013
03xGrS8RcCxECYZjPOAnkp,My Dark Star (Remastered),9,False,1,2,6PHIK3kjWggLtVygsOtpqS,Suede,2gxG4ihv3QvgQoNlHlJ0go,Dog Man Star (Remastered Deluxe Edition),2011-06-06,album,0.513,0.701,11,-6.409,1,0.0302,0.0717,1.69e-05,0.0894,0.221,109.821,4,266493
3MSiWexKsTGoomqo8qBZlF,The Living Dead (Remastered),6,False,2,2,6PHIK3kjWggLtVygsOtpqS,Suede,2gxG4ihv3QvgQoNlHlJ0go,Dog Man Star (Remastered Deluxe Edition),2011-06-06,album,0.43,0.25,11,-11.13,1,0.03,0.72,0.0,0.11,0.29,105.66,4,168000
2zdu7uZ9fJTUn83e1wLoF5,Stay Together (Long Version) [Remastered],13,False,3,2,6PHIK3kjWggLtVygsOtpqS,Suede,2gxG4ihv3QvgQoNlHlJ0go,Dog Man Star (Remastered Deluxe Edition),2011-06-06,album,0.306,0.86,6,-5.849,0,0.0775,0.498,0.000152,0.0722,0.32,86.825,4,446333
79V4XW1ul439zPf5zeNiQF,Killing Of A Flash Boy (Remastered),22,True,4,2,6PHIK3kjWggLtVygsOtpqS,Suede,2gxG4ihv3QvgQoNlHlJ0go,Dog Man Star (Remastered Deluxe Edition),2011-06-06,album,0.404,0.884,3,-6.324,0,0.061,0.159,0.0,0.5,0.809,111.866,4,247280
1u4M5qCKtrFwZX7dNOx90j,Whipsnade (Remastered),5,False,5,2,6PHIK3kjWggLtVygsOtpqS,Suede,2gxG4ihv3QvgQoNlHlJ0go,Dog Man Star (Remastered Deluxe Edition),2011-06-06,album,0.547,0.727,8,-8.513,1,0.0396,0.63,1.83e-05,0.0637,0.448,112.939,4,260960
1xVzBujiJjHkSaVKrwl6S9,This World Needs A Father (Remastered),6,False,6,2,6PHIK3kjWggLtVygsOtpqS,Suede,2gxG4ihv3QvgQoNlHlJ0go,Dog Man Star (Remastered Deluxe Edition),2011-06-06,album,0.425,0.786,6,-5.638,1,0.0404,0.193,7.22e-06,0.163,0.469,104.86,3,235240
5IrVnPbdoZqLkYYcwbvBAd,Modern Boys (Remastered),4,False,7,2,6PHIK3kjWggLtVygsOtpqS,Suede,2gxG4ihv3QvgQoNlHlJ0go,Dog Man Star (Remastered Deluxe Edition),2011-06-06,album,0.58,0.84,11,-6.66,1,0.03,0.18,0.0,0.1,0.74,104.14,4,248000
2gsXb3jLuYizjSRSJ9S3Lq,Eno's Introducing The Band (Remastered),3,False,8,2,6PHIK3kjWggLtVygsOtpqS,Suede,2gxG4ihv3QvgQoNlHlJ0go,Dog Man Star (Remastered Deluxe Edition),2011-06-06,album,0.135,0.247,1,-17.235,1,0.035,0.639,0.927,0.105,0.0273,92.653,4,965000
5wimLqqu3SZ6ClaECTkAUX,La Puissance (The Power) [Remastered],2,False,9,2,6PHIK3kjWggLtVygsOtpqS,Suede,2gxG4ihv3QvgQoNlHlJ0go,Dog Man Star (Remastered Deluxe Edition),2011-06-06,album,0.521,0.413,5,-10.711,0,0.0348,0.406,0.0,0.0737,0.784,71.539,4,83947
29KZrreUDjo26mEImrdzGN,The Living Dead (Piano Version) [Remastered],5,False,10,2,6PHIK3kjWggLtVygsOtpqS,Suede,2gxG4ihv3QvgQoNlHlJ0go,Dog Man Star (Remastered Deluxe Edition),2011-06-06,album,0.395,0.121,11,-17.344,1,0.0365,0.819,8.37e-06,0.108,0.152,111.363,4,167147
0IN92xjDs6YU0LgTpTc4bw,We Believe in Showbiz (Previously Unreleased) [Remastered],7,False,11,2,6PHIK3kjWggLtVygsOtpqS,Suede,2gxG4ihv3QvgQoNlHlJ0go,Dog Man Star (Remastered Deluxe Edition),2011-06-06,album,0.318,0.728,7,-8.295,0,0.0522,0.406,1.12e-06,0.0824,0.368,137.753,4,227027
3slPlhKV8yMKUIjU9rbzZh,Still Life (Orchestral Version) [Remastered],2,False,12,2,6PHIK3kjWggLtVygsOtpqS,Suede,2gxG4ihv3QvgQoNlHlJ0go,Dog Man Star (Remastered Deluxe Edition),2011-06-06,album,0.29,0.193,1,-14.262,1,0.0339,0.822,0.873,0.112,0.0395,92.625,4,314453
2C3UB0FsBHobuycAsxTkPL,The Wild Ones (Original Unedited Version) [Remastered],10,False,13,2,6PHIK3kjWggLtVygsOtpqS,Suede,2gxG4ihv3QvgQoNlHlJ0go,Dog Man Star (Remastered Deluxe Edition),2011-06-06,album,0.356,0.592,3,-10.94,1,0.0335,0.25,0.000157,0.262,0.422,169.048,4,437373
1YAwTlYHAcRmhV3gZ9XL3W,The Asphalt World (Original Unedited Version) [Remastered],7,False,14,2,6PHIK3kjWggLtVygsOtpqS,Suede,2gxG4ihv3QvgQoNlHlJ0go,Dog Man Star (Remastered Deluxe Edition),2011-06-06,album,0.296,0.756,8,-10.651,0,0.0874,0.017,0.00251,0.116,0.111,139.476,4,686907
0mq10eFyNN3vMNHNB7TRKJ,Losing Myself (New Generation) [Remastered] - 4 Track Demo,3,False,15,2,6PHIK3kjWggLtVygsOtpqS,Suede,2gxG4ihv3QvgQoNlHlJ0go,Dog Man Star (Remastered Deluxe Edition),2011-06-06,album,0.483,0.791,1,-5.532,1,0.04,0.454,1.72e-06,0.155,0.433,105.986,4,239453
16of6awGaAuBY40oPj4Ujs,Positivity (Remastered),19,False,1,1,6PHIK3kjWggLtVygsOtpqS,Suede,2URT9B2E22lBUMMPnCXB6i,A New Morning (Remastered) (Deluxe Edition),2002-09-30,album,0.411,0.793,8,-5.251,1,0.0307,0.0142,0.0,0.135,0.75,164.772,4,176693
1jhG53IFvskRPPZXTdcvtm,Obsessions (Remastered),21,False,2,1,6PHIK3kjWggLtVygsOtpqS,Suede,2URT9B2E22lBUMMPnCXB6i,A New Morning (Remastered) (Deluxe Edition),2002-09-30,album,0.465,0.961,1,-3.259,1,0.0893,0.000306,2.9e-06,0.332,0.706,122.772,4,251200
77hopoo3SVrL88lGE49SSK,Lonely Girls (Remastered),11,False,3,1,6PHIK3kjWggLtVygsOtpqS,Suede,2URT9B2E22lBUMMPnCXB6i,A New Morning (Remastered) (Deluxe Edition),2002-09-30,album,0.488,0.706,6,-5.777,1,0.0263,0.152,0.0,0.1,0.477,97.38,4,193093
31MemCFy5JT8k17xjGGtIN,Lost In TV (Remastered),14,False,4,1,6PHIK3kjWggLtVygsOtpqS,Suede,2URT9B2E22lBUMMPnCXB6i,A New Morning (Remastered) (Deluxe Edition),2002-09-30,album,0.469,0.591,4,-7.389,1,0.0333,0.355,0.0,0.103,0.153,75.929,4,219307
4QqDrJj2VDlN58wmj5LT2I,Beautiful Loser (Remastered),10,False,5,1,6PHIK3kjWggLtVygsOtpqS,Suede,2URT9B2E22lBUMMPnCXB6i,A New Morning (Remastered) (Deluxe Edition),2002-09-30,album,0.517,0.975,5,-3.008,1,0.045,0.00603,0.0,0.313,0.539,105.369,4,218173
3dosnvdGzbanQYJg8esu2d,Streetlife (Remastered),8,False,6,1,6PHIK3kjWggLtVygsOtpqS,Suede,2URT9B2E22lBUMMPnCXB6i,A New Morning (Remastered) (Deluxe Edition),2002-09-30,album,0.437,0.993,9,-4.246,1,0.0725,0.0223,1.41e-06,0.267,0.556,147.779,4,171467
7GsMUIrCHecUDngQFqGWwo,Astrogirl (Remastered),9,False,7,1,6PHIK3kjWggLtVygsOtpqS,Suede,2URT9B2E22lBUMMPnCXB6i,A New Morning (Remastered) (Deluxe Edition),2002-09-30,album,0.466,0.691,7,-5.864,1,0.0322,0.0758,7.73e-05,0.193,0.204,131.095,4,274840
0aAitPsTvZNBkvzkrl8vOP,Untitled (Remastered),9,False,8,1,6PHIK3kjWggLtVygsOtpqS,Suede,2URT9B2E22lBUMMPnCXB6i,A New Morning (Remastered) (Deluxe Edition),2002-09-30,album,0.354,0.64,7,-7.678,1,0.0357,0.272,1.89e-06,0.0729,0.149,147.97,4,225120
7g0fEprdE5ehZVcv3myJnZ,…Morning (Remastered),15,False,9,1,6PHIK3kjWggLtVygsOtpqS,Suede,2URT9B2E22lBUMMPnCXB6i,A New Morning (Remastered) (Deluxe Edition),2002-09-30,album,0.586,0.334,8,-10.598,1,0.03,0.784,0.0,0.149,0.456,109.104,4,135787
5kh1TkuwVBcR26wWXvLABF,One Hit To The Body (Remastered),9,False,10,1,6PHIK3kjWggLtVygsOtpqS,Suede,2URT9B2E22lBUMMPnCXB6i,A New Morning (Remastered) (Deluxe Edition),2002-09-30,album,0.495,0.871,11,-4.565,1,0.0487,0.00243,0.0,0.102,0.609,117.39,4,186613
0ZQwldDx41oLuFKImAzspA,When The Rain Falls (Remastered),10,False,11,1,6PHIK3kjWggLtVygsOtpqS,Suede,2URT9B2E22lBUMMPnCXB6i,A New Morning (Remastered) (Deluxe Edition),2002-09-30,album,0.428,0.631,9,-6.955,1,0.0279,0.317,1.08e-06,0.0793,0.507,149.721,4,269560
2Hg5xNebBcKRhu5AhGlVYP,Oceans (Remastered),8,False,12,1,6PHIK3kjWggLtVygsOtpqS,Suede,2URT9B2E22lBUMMPnCXB6i,A New Morning (Remastered) (Deluxe Edition),2002-09-30,album,0.492,0.289,11,-11.702,1,0.0297,0.465,0.000807,0.102,0.237,104.268,4,253147
1o3xWutTSUJkVCWkWq0z0w,Obsessions (Remastered) [2KHz demo],4,False,13,1,6PHIK3kjWggLtVygsOtpqS,Suede,2URT9B2E22lBUMMPnCXB6i,A New Morning (Remastered) (Deluxe Edition),2002-09-30,album,0.497,0.907,1,-3.884,1,0.038,0.00313,4.15e-05,0.135,0.779,120.222,4,234453
5ip6Mhk2lpyvzDIqVrFJk9,Positivity (Remastered) [Hoffer version],8,False,14,1,6PHIK3kjWggLtVygsOtpqS,Suede,2URT9B2E22lBUMMPnCXB6i,A New Morning (Remastered) (Deluxe Edition),2002-09-30,album,0.506,0.829,8,-6.579,1,0.0297,0.095,2.29e-06,0.1,0.766,81.001,4,183093
3I3tuFnt3XeEZwU5LAjGA0,Buckley (Simon) [Remastered] [demo],3,False,15,1,6PHIK3kjWggLtVygsOtpqS,Suede,2URT9B2E22lBUMMPnCXB6i,A New Morning (Remastered) (Deluxe Edition),2002-09-30,album,0.381,0.354,4,-6.409,1,0.0274,0.385,0.00179,0.132,0.123,78.112,4,281507
5IXhHu8MQWGbAAoKwTto7T,Bony (Untitled) [Remastered] [Stanbridge demo],4,False,16,1,6PHIK3kjWggLtVygsOtpqS,Suede,2URT9B2E22lBUMMPnCXB6i,A New Morning (Remastered) (Deluxe Edition),2002-09-30,album,0.543,0.543,8,-8.462,1,0.0303,0.54,0.000937,0.0925,0.307,138.907,4,236760
6pgA6uallsXEKchgv52MYm,Beautiful Loser (Remastered) [Parkgate demo],3,False,17,1,6PHIK3kjWggLtVygsOtpqS,Suede,2URT9B2E22lBUMMPnCXB6i,A New Morning (Remastered) (Deluxe Edition),2002-09-30,album,0.19,0.903,5,-3.975,1,0.0505,0.000713,0.000424,0.0771,0.639,203.899,3,232067
1bmSSx9mbelXWQQJj88DX9,Lost In TV (Remastered) [Stanbridge demo],3,False,18,1,6PHIK3kjWggLtVygsOtpqS,Suede,2URT9B2E22lBUMMPnCXB6i,A New Morning (Remastered) (Deluxe Edition),2002-09-30,album,0.514,0.467,4,-8.758,1,0.0259,0.301,0.00553,0.0987,0.243,144.03,4,271933
58a9Kaf9tMaKL48pmtgix1,Lonely Girls (Remastered) [Parkgate demo],3,False,19,1,6PHIK3kjWggLtVygsOtpqS,Suede,2URT9B2E22lBUMMPnCXB6i,A New Morning (Remastered) (Deluxe Edition),2002-09-30,album,0.566,0.618,6,-8.358,1,0.0283,0.425,1.29e-06,0.216,0.486,97.1,4,204160
09KTMUVxscp8hBg4bFwy3D,Cheap (Remastered) [four track demo],2,False,20,1,6PHIK3kjWggLtVygsOtpqS,Suede,2URT9B2E22lBUMMPnCXB6i,A New Morning (Remastered) (Deluxe Edition),2002-09-30,album,0.471,0.618,2,-10.085,0,0.0377,0.101,0.01,0.107,0.293,110.864,4,287347
3L2KdUyveHQJsJ6JFGo4nS,When The Rain Falls (Remastered) [Stanbridge demo],2,False,21,1,6PHIK3kjWggLtVygsOtpqS,Suede,2URT9B2E22lBUMMPnCXB6i,A New Morning (Remastered) (Deluxe Edition),2002-09-30,album,0.299,0.684,5,-6.849,0,0.0284,0.0157,0.00178,0.126,0.328,78.135,4,268653
7a8VhdMoN48HhQV2ToYu8j,Simon (Remastered),9,False,1,2,6PHIK3kjWggLtVygsOtpqS,Suede,2URT9B2E22lBUMMPnCXB6i,A New Morning (Remastered) (Deluxe Edition),2002-09-30,album,0.403,0.453,4,-7.868,1,0.0263,0.395,0.0,0.0873,0.263,83.421,4,275960
6OdL8T44NrRI5DTKkKEcUy,Cheap (Remastered),7,False,2,2,6PHIK3kjWggLtVygsOtpqS,Suede,2URT9B2E22lBUMMPnCXB6i,A New Morning (Remastered) (Deluxe Edition),2002-09-30,album,0.47,0.839,5,-7.257,1,0.0363,0.439,0.0,0.336,0.37,135.216,4,284427
4goTWXzqO8INamOeVenrVx,One Love (Remastered),4,False,3,2,6PHIK3kjWggLtVygsOtpqS,Suede,2URT9B2E22lBUMMPnCXB6i,A New Morning (Remastered) (Deluxe Edition),2002-09-30,album,0.564,0.928,9,-5.113,1,0.0444,0.00863,0.0,0.0784,0.843,133.019,4,243147
3gfPtY5GXwUu0zw3rRA6XL,Superstar (Remastered),4,False,4,2,6PHIK3kjWggLtVygsOtpqS,Suede,2URT9B2E22lBUMMPnCXB6i,A New Morning (Remastered) (Deluxe Edition),2002-09-30,album,0.568,0.608,3,-6.368,1,0.0299,0.0287,0.0,0.0947,0.591,80.425,4,253293
0ivjhHy9UVBC8IeDJnm83q,Colours (Remastered),3,False,5,2,6PHIK3kjWggLtVygsOtpqS,Suede,2URT9B2E22lBUMMPnCXB6i,A New Morning (Remastered) (Deluxe Edition),2002-09-30,album,0.55,0.676,0,-6.263,1,0.0268,0.00338,9.2e-05,0.049,0.869,105.6,4,212267
1EoUXtVncf50mUQgKjfvsi,Campfire Song (Remastered),3,False,6,2,6PHIK3kjWggLtVygsOtpqS,Suede,2URT9B2E22lBUMMPnCXB6i,A New Morning (Remastered) (Deluxe Edition),2002-09-30,album,0.646,0.289,4,-17.752,1,0.035,0.28,0.000698,0.258,0.45,76.045,4,337627
592nw8rOQaBbTBSDKe256k,Cool Thing (Remastered),5,False,7,2,6PHIK3kjWggLtVygsOtpqS,Suede,2URT9B2E22lBUMMPnCXB6i,A New Morning (Remastered) (Deluxe Edition),2002-09-30,album,0.622,0.928,3,-5.453,1,0.0355,0.0127,7.6e-05,0.0364,0.916,126.05,4,187893
5QIxVzTjsw8DvSBL7P87Q0,Instant Sunshine (Remastered),4,False,8,2,6PHIK3kjWggLtVygsOtpqS,Suede,2URT9B2E22lBUMMPnCXB6i,A New Morning (Remastered) (Deluxe Edition),2002-09-30,album,0.469,0.601,11,-7.205,0,0.0274,0.066,0.0,0.569,0.237,82.999,4,231800
4lt4YOMzsB6GftjmTncUOB,UFO (Remastered),4,False,9,2,6PHIK3kjWggLtVygsOtpqS,Suede,2URT9B2E22lBUMMPnCXB6i,A New Morning (Remastered) (Deluxe Edition),2002-09-30,album,0.472,0.935,4,-4.178,1,0.0468,0.00481,0.0,0.349,0.564,102.494,4,210827
1Y5pOrcpFmJjyj5zUrGbqi,Rainy Day Girl (Remastered),3,False,10,2,6PHIK3kjWggLtVygsOtpqS,Suede,2URT9B2E22lBUMMPnCXB6i,A New Morning (Remastered) (Deluxe Edition),2002-09-30,album,0.402,0.503,3,-10.167,1,0.037,0.316,0.000233,0.121,0.296,149.166,3,255853
7m1Mi9FkD2gPthoAmgQ1g1,Hard Candy (Remastered),3,False,11,2,6PHIK3kjWggLtVygsOtpqS,Suede,2URT9B2E22lBUMMPnCXB6i,A New Morning (Remastered) (Deluxe Edition),2002-09-30,album,0.667,0.943,5,-6.352,0,0.0324,0.00464,3.08e-06,0.305,0.969,124.958,4,168187
0KecKpkwHorbRgaYHdDSl2,ABC Song (Remastered),3,False,12,2,6PHIK3kjWggLtVygsOtpqS,Suede,2URT9B2E22lBUMMPnCXB6i,A New Morning (Remastered) (Deluxe Edition),2002-09-30,album,0.399,0.583,6,-7.419,0,0.0316,0.4,0.000346,0.15,0.402,148.834,4,243000
6vMdKPaPDhhsoQWqVVLymh,You Belong To Me (Remastered),5,False,13,2,6PHIK3kjWggLtVygsOtpqS,Suede,2URT9B2E22lBUMMPnCXB6i,A New Morning (Remastered) (Deluxe Edition),2002-09-30,album,0.431,0.962,1,-4.775,1,0.0997,0.0103,0.0,0.0872,0.296,122.175,4,206747
4wbMgxyBoEcGAKx23H2p8H,Love The Way You Love (Remastered),9,False,14,2,6PHIK3kjWggLtVygsOtpqS,Suede,2URT9B2E22lBUMMPnCXB6i,A New Morning (Remastered) (Deluxe Edition),2002-09-30,album,0.618,0.783,5,-5.605,1,0.0305,0.000695,4.5e-06,0.368,0.932,117.639,4,217800
5maRLZlvl0Ss6tKlfEaE91,Attitude (Remastered),15,False,15,2,6PHIK3kjWggLtVygsOtpqS,Suede,2URT9B2E22lBUMMPnCXB6i,A New Morning (Remastered) (Deluxe Edition),2002-09-30,album,0.712,0.754,11,-7.113,0,0.271,0.0275,0.243,0.0876,0.59,79.487,4,186373
38XXdxDBiriS3HF2f78Ctr,Golden Gun (Remastered),6,False,16,2,6PHIK3kjWggLtVygsOtpqS,Suede,2URT9B2E22lBUMMPnCXB6i,A New Morning (Remastered) (Deluxe Edition),2002-09-30,album,0.73,0.84,3,-6.867,1,0.0245,0.0667,7.92e-06,0.0979,0.755,113.019,4,187547
2ONgvvEhjstYYQx1lsjxo5,Oxygen (Remastered),3,False,17,2,6PHIK3kjWggLtVygsOtpqS,Suede,2URT9B2E22lBUMMPnCXB6i,A New Morning (Remastered) (Deluxe Edition),2002-09-30,album,0.589,0.494,1,-9.089,0,0.0294,0.573,0.0257,0.164,0.472,97.015,4,247107
5jcRUKPnPv26D4VdFoznXk,Golden Gun (Z One demo) [Remastered],2,False,18,2,6PHIK3kjWggLtVygsOtpqS,Suede,2URT9B2E22lBUMMPnCXB6i,A New Morning (Remastered) (Deluxe Edition),2002-09-30,album,0.567,0.916,7,-8.37,0,0.036,0.0758,2.22e-06,0.319,0.934,113.05,4,180013
4kqf3L4mbNEaA8XgvROLkm,Love the Way You Love (Brett's original 4 track demo) [Remastered],2,False,19,2,6PHIK3kjWggLtVygsOtpqS,Suede,2URT9B2E22lBUMMPnCXB6i,A New Morning (Remastered) (Deluxe Edition),2002-09-30,album,0.833,0.692,3,-7.356,1,0.0479,0.443,9.67e-05,0.0614,0.83,113.704,4,278520
1blcZKrpjHhVGuZcalEzHa,Refugees (Previously Unreleased) [Remastered],3,False,20,2,6PHIK3kjWggLtVygsOtpqS,Suede,2URT9B2E22lBUMMPnCXB6i,A New Morning (Remastered) (Deluxe Edition),2002-09-30,album,0.537,0.707,11,-5.456,1,0.0268,0.000466,0.000565,0.122,0.573,82.514,4,271267
2QIp3U2yM27Y0ob18ES7We,Positivity (Remastered),29,False,1,1,6PHIK3kjWggLtVygsOtpqS,Suede,3esWLT8nwyDwHWYPjz00C5,A New Morning (Remastered),2002-09-30,album,0.479,0.797,8,-5.229,1,0.0288,0.0142,0.0,0.131,0.756,82.285,4,176693
2BoCCE9s2gZfkfKlZ0iogV,Obsessions (Remastered),22,False,2,1,6PHIK3kjWggLtVygsOtpqS,Suede,3esWLT8nwyDwHWYPjz00C5,A New Morning (Remastered),2002-09-30,album,0.47,0.96,1,-3.25,1,0.09,0.0,0.0,0.33,0.69,122.78,4,251000
6a9w2rb4sju3koO2KUD59V,Lonely Girls (Remastered),19,False,3,1,6PHIK3kjWggLtVygsOtpqS,Suede,3esWLT8nwyDwHWYPjz00C5,A New Morning (Remastered),2002-09-30,album,0.51,0.71,6,-5.78,1,0.03,0.15,0.0,0.1,0.48,97.3,4,193000
6nJwSLJsxA0EQklHrmD4J0,Lost In TV (Remastered),15,False,4,1,6PHIK3kjWggLtVygsOtpqS,Suede,3esWLT8nwyDwHWYPjz00C5,A New Morning (Remastered),2002-09-30,album,0.469,0.591,4,-7.367,1,0.0331,0.363,0.0,0.103,0.153,75.78,4,219307
1S94JJqMyxwdZMILAFXqoJ,Beautiful Loser (Remastered),12,False,5,1,6PHIK3kjWggLtVygsOtpqS,Suede,3esWLT8nwyDwHWYPjz00C5,A New Morning (Remastered),2002-09-30,album,0.52,0.98,5,-3.01,1,0.04,0.01,0.0,0.31,0.54,105.37,4,218000
7b4dDhkjoSNZQKZFcfi7uE,Streetlife (Remastered),11,False,6,1,6PHIK3kjWggLtVygsOtpqS,Suede,3esWLT8nwyDwHWYPjz00C5,A New Morning (Remastered),2002-09-30,album,0.44,0.99,9,-4.25,1,0.07,0.02,0.0,0.27,0.56,147.78,4,171000
6AbM8uEVz6I7tIHgNEKEaW,Astrogirl (Remastered),12,False,7,1,6PHIK3kjWggLtVygsOtpqS,Suede,3esWLT8nwyDwHWYPjz00C5,A New Morning (Remastered),2002-09-30,album,0.463,0.693,7,-5.863,1,0.0322,0.0809,5.96e-05,0.193,0.187,131.092,4,274840
2IxPD4yQR5fKH4jQI5T2Ac,Untitled (Remastered),17,False,8,1,6PHIK3kjWggLtVygsOtpqS,Suede,3esWLT8nwyDwHWYPjz00C5,A New Morning (Remastered),2002-09-30,album,0.34,0.64,7,-7.67,1,0.04,0.28,0.0,0.07,0.14,147.31,4,225000
2NHGtLlwRTae9ABWWfC0NS,…Morning (Remastered),10,False,9,1,6PHIK3kjWggLtVygsOtpqS,Suede,3esWLT8nwyDwHWYPjz00C5,A New Morning (Remastered),2002-09-30,album,0.57,0.34,8,-10.59,1,0.03,0.78,0.0,0.15,0.46,109.14,4,135000
4SK9iwx5dfd3rFm5pEYm74,One Hit To The Body (Remastered),10,False,10,1,6PHIK3kjWggLtVygsOtpqS,Suede,3esWLT8nwyDwHWYPjz00C5,A New Morning (Remastered),2002-09-30,album,0.5,0.87,11,-4.58,1,0.05,0.0,0.0,0.1,0.61,117.38,4,186000
6EncytBE607ylYqK10g6Yq,When The Rain Falls (Remastered),13,False,11,1,6PHIK3kjWggLtVygsOtpqS,Suede,3esWLT8nwyDwHWYPjz00C5,A New Morning (Remastered),2002-09-30,album,0.43,0.63,9,-6.95,1,0.03,0.32,0.0,0.08,0.51,149.66,4,269000
2oUlfxwJc2cSOk97UJWAi4,Oceans (Remastered),11,False,12,1,6PHIK3kjWggLtVygsOtpqS,Suede,3esWLT8nwyDwHWYPjz00C5,A New Morning (Remastered),2002-09-30,album,0.5,0.29,11,-11.7,1,0.03,0.46,0.0,0.1,0.24,104.26,4,245000
2D4IyZTo0WIOYQAs6X8pKU,"Simon (Remastered) - B-side of ""Positivity""",8,False,13,1,6PHIK3kjWggLtVygsOtpqS,Suede,3esWLT8nwyDwHWYPjz00C5,A New Morning (Remastered),2002-09-30,album,0.4,0.45,4,-7.87,1,0.03,0.39,0.0,0.09,0.3,83.43,4,275000
27xe2NCdGLtGHhqdQevdw1,"Cheap (Remastered) - B-side of ""Positivity""",7,False,14,1,6PHIK3kjWggLtVygsOtpqS,Suede,3esWLT8nwyDwHWYPjz00C5,A New Morning (Remastered),2002-09-30,album,0.471,0.837,5,-7.236,1,0.0359,0.438,0.0,0.339,0.373,135.133,4,284427
2QHgAhTz0hJ2TcXTlkptql,Positivity - Remastered,0,False,1,1,6PHIK3kjWggLtVygsOtpqS,Suede,7smM58cmKyMKZjBNLuNLvX,A New Morning (Deluxe Edition),2002-09-30,album,0.478,0.782,8,-5.238,1,0.0284,0.011,0.0,0.124,0.759,82.299,4,176693
705VNGbrnFM6ZDpHLkEkl5,Lonely Girls - Remastered,0,False,3,1,6PHIK3kjWggLtVygsOtpqS,Suede,7smM58cmKyMKZjBNLuNLvX,A New Morning (Deluxe Edition),2002-09-30,album,0.499,0.714,6,-5.818,1,0.026,0.146,0.0,0.0965,0.44,97.042,4,193093
256qhF5xHUNDDYbJUuotYD,Lost In TV - Remastered [New],0,False,4,1,6PHIK3kjWggLtVygsOtpqS,Suede,7smM58cmKyMKZjBNLuNLvX,A New Morning (Deluxe Edition),2002-09-30,album,0.406,0.581,4,-7.389,1,0.0356,0.367,0.0,0.105,0.166,152.744,4,219307
08DPXZ6rN5R4yT1IeDKEwA,Beautiful Loser - Remastered,0,False,5,1,6PHIK3kjWggLtVygsOtpqS,Suede,7smM58cmKyMKZjBNLuNLvX,A New Morning (Deluxe Edition),2002-09-30,album,0.516,0.971,5,-2.983,1,0.0444,0.00897,0.0,0.295,0.513,105.316,4,218173
1G71UFIN6RAXMiq8lRAEXQ,Streetlife - Remastered,0,False,6,1,6PHIK3kjWggLtVygsOtpqS,Suede,7smM58cmKyMKZjBNLuNLvX,A New Morning (Deluxe Edition),2002-09-30,album,0.439,0.991,9,-4.273,1,0.0801,0.0204,1.05e-06,0.264,0.528,147.796,4,171467
4B9g49SsPlBYCpME8Q79lX,Astrogirl - Remastered,0,False,7,1,6PHIK3kjWggLtVygsOtpqS,Suede,7smM58cmKyMKZjBNLuNLvX,A New Morning (Deluxe Edition),2002-09-30,album,0.467,0.687,2,-5.909,1,0.0307,0.0718,9.23e-05,0.182,0.199,131.066,4,274840
6rgoZ8q0LQxKC5mWvF1CmT,Untitled - Remastered,0,False,8,1,6PHIK3kjWggLtVygsOtpqS,Suede,7smM58cmKyMKZjBNLuNLvX,A New Morning (Deluxe Edition),2002-09-30,album,0.436,0.623,2,-7.7,0,0.0328,0.276,2.33e-06,0.0801,0.148,74.391,4,225120
0z9Q27U3pZnqxffFr5qgXa,... Morning - Remastered,0,False,9,1,6PHIK3kjWggLtVygsOtpqS,Suede,7smM58cmKyMKZjBNLuNLvX,A New Morning (Deluxe Edition),2002-09-30,album,0.579,0.339,8,-10.628,1,0.0313,0.705,0.0,0.152,0.451,109.238,4,135787
2IxdXhTXR9DYu6mFfqG9rM,One Hit To The Body - Remastered,0,False,10,1,6PHIK3kjWggLtVygsOtpqS,Suede,7smM58cmKyMKZjBNLuNLvX,A New Morning (Deluxe Edition),2002-09-30,album,0.507,0.889,11,-4.595,1,0.0482,0.00329,0.0,0.152,0.609,117.453,4,186613
2hEAbUEG5STKefHgeqYizf,When The Rain Falls - Remastered,0,False,11,1,6PHIK3kjWggLtVygsOtpqS,Suede,7smM58cmKyMKZjBNLuNLvX,A New Morning (Deluxe Edition),2002-09-30,album,0.406,0.638,9,-6.948,1,0.0278,0.283,1.1e-06,0.08,0.534,149.65,4,269560
4toDnKbiSh7IfqGnvdXtZ3,Oceans - Remastered,0,False,12,1,6PHIK3kjWggLtVygsOtpqS,Suede,7smM58cmKyMKZjBNLuNLvX,A New Morning (Deluxe Edition),2002-09-30,album,0.5,0.293,11,-11.696,1,0.0303,0.41,0.000185,0.104,0.228,104.227,4,253147
0yR5VmKvvPxC1va57Yvb2w,Positivity - Remastered,0,False,1,1,6PHIK3kjWggLtVygsOtpqS,Suede,310c9f3fKyEX8kd17JCSKq,A New Morning (Remastered) - Deluxe Edition,2002-09-30,album,0.478,0.782,8,-5.238,1,0.0284,0.011,0.0,0.124,0.759,82.299,4,176693
5btokm0QrmgJfSt753iPvu,Lonely Girls - Remastered,0,False,3,1,6PHIK3kjWggLtVygsOtpqS,Suede,310c9f3fKyEX8kd17JCSKq,A New Morning (Remastered) - Deluxe Edition,2002-09-30,album,0.499,0.714,6,-5.818,1,0.026,0.146,0.0,0.0965,0.44,97.042,4,193093
5IPBXVAeTKJincOv1AiqOs,Lost In TV - Remastered,0,False,4,1,6PHIK3kjWggLtVygsOtpqS,Suede,310c9f3fKyEX8kd17JCSKq,A New Morning (Remastered) - Deluxe Edition,2002-09-30,album,0.406,0.581,4,-7.389,1,0.0356,0.367,0.0,0.105,0.166,152.744,4,219307
7yC80Kz0POhuek4XGTtrVJ,Beautiful Loser - Remastered,0,False,5,1,6PHIK3kjWggLtVygsOtpqS,Suede,310c9f3fKyEX8kd17JCSKq,A New Morning (Remastered) - Deluxe Edition,2002-09-30,album,0.516,0.971,5,-2.983,1,0.0444,0.00897,0.0,0.295,0.513,105.316,4,218173
2vM8xE3vKYOe2vHVke0Zyi,Streetlife - Remastered,0,False,6,1,6PHIK3kjWggLtVygsOtpqS,Suede,310c9f3fKyEX8kd17JCSKq,A New Morning (Remastered) - Deluxe Edition,2002-09-30,album,0.439,0.991,9,-4.273,1,0.0801,0.0204,1.05e-06,0.264,0.528,147.796,4,171467
4fkm4VEW0yQUIiT2AgQ4m4,Astrogirl - Remastered,0,False,7,1,6PHIK3kjWggLtVygsOtpqS,Suede,310c9f3fKyEX8kd17JCSKq,A New Morning (Remastered) - Deluxe Edition,2002-09-30,album,0.467,0.687,2,-5.909,1,0.0307,0.0718,9.23e-05,0.182,0.199,131.066,4,274840
4KTeTgzIGIDzqtDSCCe2cE,Untitled - Remastered,0,False,8,1,6PHIK3kjWggLtVygsOtpqS,Suede,310c9f3fKyEX8kd17JCSKq,A New Morning (Remastered) - Deluxe Edition,2002-09-30,album,0.436,0.623,2,-7.7,0,0.0328,0.276,2.33e-06,0.0801,0.148,74.391,4,225120
6WUssGFRbRJxdAmsaoWeO8,... Morning - Remastered,0,False,9,1,6PHIK3kjWggLtVygsOtpqS,Suede,310c9f3fKyEX8kd17JCSKq,A New Morning (Remastered) - Deluxe Edition,2002-09-30,album,0.579,0.339,8,-10.628,1,0.0313,0.705,0.0,0.152,0.451,109.238,4,135787
6ZBK0uv9PbPpbvBUwvFqAP,One Hit To The Body - Remastered,0,False,10,1,6PHIK3kjWggLtVygsOtpqS,Suede,310c9f3fKyEX8kd17JCSKq,A New Morning (Remastered) - Deluxe Edition,2002-09-30,album,0.507,0.889,11,-4.595,1,0.0482,0.00329,0.0,0.152,0.609,117.453,4,186613
0yDDbylSGYthgTahO6Fz8n,When The Rain Falls - Remastered,0,False,11,1,6PHIK3kjWggLtVygsOtpqS,Suede,310c9f3fKyEX8kd17JCSKq,A New Morning (Remastered) - Deluxe Edition,2002-09-30,album,0.406,0.638,9,-6.948,1,0.0278,0.283,1.1e-06,0.08,0.534,149.65,4,269560
6rhj5q1IkMEEOHhoKDubxi,Oceans - Remastered,0,False,12,1,6PHIK3kjWggLtVygsOtpqS,Suede,310c9f3fKyEX8kd17JCSKq,A New Morning (Remastered) - Deluxe Edition,2002-09-30,album,0.5,0.293,11,-11.696,1,0.0303,0.41,0.000185,0.104,0.228,104.227,4,253147
6dGbTt1qGL6TSfBKJ6K9Ef,Positivity - Remastered,0,False,1,1,6PHIK3kjWggLtVygsOtpqS,Suede,6IAiBFSob57UYuE5HKlHZX,A New Morning,2002-09-30,album,0.478,0.782,8,-5.238,1,0.0284,0.011,0.0,0.124,0.759,82.299,4,176693
5FdNSvU9pCE9Re0XMNQGEn,Lonely Girls - Remastered,0,False,3,1,6PHIK3kjWggLtVygsOtpqS,Suede,6IAiBFSob57UYuE5HKlHZX,A New Morning,2002-09-30,album,0.499,0.714,6,-5.818,1,0.026,0.146,0.0,0.0965,0.44,97.042,4,193093
4i5FIAigzzQPLXkA173fYd,Lost In TV - Remastered [New],0,False,4,1,6PHIK3kjWggLtVygsOtpqS,Suede,6IAiBFSob57UYuE5HKlHZX,A New Morning,2002-09-30,album,0.406,0.581,4,-7.389,1,0.0356,0.367,0.0,0.105,0.166,152.744,4,219307
22CSxHighkckWDXIgK7cQ9,Beautiful Loser - Remastered,0,False,5,1,6PHIK3kjWggLtVygsOtpqS,Suede,6IAiBFSob57UYuE5HKlHZX,A New Morning,2002-09-30,album,0.516,0.971,5,-2.983,1,0.0444,0.00897,0.0,0.295,0.513,105.316,4,218173
5AoiGgV7ZfUuptFjgurw76,Streetlife - Remastered,0,False,6,1,6PHIK3kjWggLtVygsOtpqS,Suede,6IAiBFSob57UYuE5HKlHZX,A New Morning,2002-09-30,album,0.439,0.991,9,-4.273,1,0.0801,0.0204,1.05e-06,0.264,0.528,147.796,4,171467
120JgWOvc4ULjAYnIzBTMs,Astrogirl - Remastered,0,False,7,1,6PHIK3kjWggLtVygsOtpqS,Suede,6IAiBFSob57UYuE5HKlHZX,A New Morning,2002-09-30,album,0.467,0.687,2,-5.909,1,0.0307,0.0718,9.23e-05,0.182,0.199,131.066,4,274840
5ifvTWz51kyQB9UoDxTaXf,Untitled - Remastered,0,False,8,1,6PHIK3kjWggLtVygsOtpqS,Suede,6IAiBFSob57UYuE5HKlHZX,A New Morning,2002-09-30,album,0.436,0.623,2,-7.7,0,0.0328,0.276,2.33e-06,0.0801,0.148,74.391,4,225120
2KZdTbfugvLIlnlfzU3N1u,... Morning - Remastered,0,False,9,1,6PHIK3kjWggLtVygsOtpqS,Suede,6IAiBFSob57UYuE5HKlHZX,A New Morning,2002-09-30,album,0.579,0.339,8,-10.628,1,0.0313,0.705,0.0,0.152,0.451,109.238,4,135787
3pMvykGh0wVzZyosQAohiD,One Hit To The Body - Remastered,0,False,10,1,6PHIK3kjWggLtVygsOtpqS,Suede,6IAiBFSob57UYuE5HKlHZX,A New Morning,2002-09-30,album,0.507,0.889,11,-4.595,1,0.0482,0.00329,0.0,0.152,0.609,117.453,4,186613
0bDG1ADuwjGIBkT5vy4jHb,When The Rain Falls - Remastered,0,False,11,1,6PHIK3kjWggLtVygsOtpqS,Suede,6IAiBFSob57UYuE5HKlHZX,A New Morning,2002-09-30,album,0.406,0.638,9,-6.948,1,0.0278,0.283,1.1e-06,0.08,0.534,149.65,4,269560
3uJZLiO3MBx7NC1AzyJlEU,Oceans - Remastered,0,False,12,1,6PHIK3kjWggLtVygsOtpqS,Suede,6IAiBFSob57UYuE5HKlHZX,A New Morning,2002-09-30,album,0.5,0.293,11,-11.696,1,0.0303,0.41,0.000185,0.104,0.228,104.227,4,253147
7L6uLfZDOezVVVsYCkHaxU,Electricity (Remastered),12,False,1,1,6PHIK3kjWggLtVygsOtpqS,Suede,3UiWcHGXjXrU6Ukt3WbnNV,Head Music (Remastered) (Deluxe Edition),1999-05-03,album,0.47,0.95,1,-3.53,0,0.05,0.12,0.0,0.18,0.57,122.98,4,278000
4ys6XRPmyd71viyJjIBQ1x,Savoir Faire (Remastered),9,True,2,1,6PHIK3kjWggLtVygsOtpqS,Suede,3UiWcHGXjXrU6Ukt3WbnNV,Head Music (Remastered) (Deluxe Edition),1999-05-03,album,0.675,0.783,0,-5.951,1,0.0458,0.0878,0.0,0.0602,0.886,107.869,4,277533
1VBDhId4mNeO6U05rOcTrc,Can’t Get Enough (Remastered),11,False,3,1,6PHIK3kjWggLtVygsOtpqS,Suede,3UiWcHGXjXrU6Ukt3WbnNV,Head Music (Remastered) (Deluxe Edition),1999-05-03,album,0.6,0.95,7,-4.47,1,0.08,0.01,0.0,0.1,0.56,122.26,4,238000
2tHdiEUvgW5U16s2yNtlcp,Everything Will Flow (Remastered),14,False,4,1,6PHIK3kjWggLtVygsOtpqS,Suede,3UiWcHGXjXrU6Ukt3WbnNV,Head Music (Remastered) (Deluxe Edition),1999-05-03,album,0.45,0.87,2,-6.29,0,0.04,0.05,0.0,0.23,0.36,109.0,4,280000
5ehaPbOlMvAkSJRgowsi8c,Down (Remastered),8,False,5,1,6PHIK3kjWggLtVygsOtpqS,Suede,3UiWcHGXjXrU6Ukt3WbnNV,Head Music (Remastered) (Deluxe Edition),1999-05-03,album,0.46,0.42,9,-9.23,0,0.03,0.08,0.04,0.07,0.21,127.48,4,372000
2uV1cBmbgen42b5w9Z3HQF,She’s In Fashion (Remastered),15,False,6,1,6PHIK3kjWggLtVygsOtpqS,Suede,3UiWcHGXjXrU6Ukt3WbnNV,Head Music (Remastered) (Deluxe Edition),1999-05-03,album,0.44,0.96,2,-6.35,1,0.04,0.13,0.01,0.39,0.9,79.91,4,293000
0WOFc4UcifcCgMsIZPtq8k,Asbestos (Remastered),7,False,7,1,6PHIK3kjWggLtVygsOtpqS,Suede,3UiWcHGXjXrU6Ukt3WbnNV,Head Music (Remastered) (Deluxe Edition),1999-05-03,album,0.54,0.65,3,-8.49,0,0.03,0.41,0.43,0.34,0.87,95.78,4,317000
2idIMZZfIBS771QEmHE3g9,Head Music (Remastered),6,False,8,1,6PHIK3kjWggLtVygsOtpqS,Suede,3UiWcHGXjXrU6Ukt3WbnNV,Head Music (Remastered) (Deluxe Edition),1999-05-03,album,0.558,0.976,7,-6.117,1,0.0411,0.0391,1.15e-06,0.274,0.873,113.755,4,203827
0utt4sI3QTRsQtbo5SoUX5,Elephant Man (Remastered),5,False,9,1,6PHIK3kjWggLtVygsOtpqS,Suede,3UiWcHGXjXrU6Ukt3WbnNV,Head Music (Remastered) (Deluxe Edition),1999-05-03,album,0.636,0.719,4,-6.033,1,0.0432,0.00297,0.0,0.298,0.622,120.082,4,186493
3En3CitwoY9ykjmENn5lXe,Hi-Fi (Remastered),5,False,10,1,6PHIK3kjWggLtVygsOtpqS,Suede,3UiWcHGXjXrU6Ukt3WbnNV,Head Music (Remastered) (Deluxe Edition),1999-05-03,album,0.58,0.72,9,-7.15,1,0.03,0.11,0.79,0.55,0.81,99.08,4,309000
2AAB0N0Q62ICGhGZphxzDb,Indian Strings (Remastered),6,False,11,1,6PHIK3kjWggLtVygsOtpqS,Suede,3UiWcHGXjXrU6Ukt3WbnNV,Head Music (Remastered) (Deluxe Edition),1999-05-03,album,0.49,0.52,9,-7.3,0,0.03,0.03,0.35,0.1,0.64,100.65,4,261000
4Nfg5ATLMtQ1n2lVznZe9W,He’s Gone (Remastered),6,False,12,1,6PHIK3kjWggLtVygsOtpqS,Suede,3UiWcHGXjXrU6Ukt3WbnNV,Head Music (Remastered) (Deluxe Edition),1999-05-03,album,0.19,0.702,7,-8.648,1,0.0418,0.0211,0.341,0.579,0.237,205.392,4,335080
5xfcV26I2LFDdgaV7k73xi,Crack In The Union Jack (Remastered),4,False,13,1,6PHIK3kjWggLtVygsOtpqS,Suede,3UiWcHGXjXrU6Ukt3WbnNV,Head Music (Remastered) (Deluxe Edition),1999-05-03,album,0.56,0.41,0,-9.31,1,0.03,0.87,0.0,0.11,0.15,127.18,4,125000
2o8O5oBfrpQ5ZrmhE1sLGq,Indian Strings [Brett's original 8 track demo] (Remastered),2,False,14,1,6PHIK3kjWggLtVygsOtpqS,Suede,3UiWcHGXjXrU6Ukt3WbnNV,Head Music (Remastered) (Deluxe Edition),1999-05-03,album,0.497,0.556,9,-7.388,0,0.0249,0.553,0.919,0.115,0.218,98.239,4,246707
4Kw9qPCmX0LSrOEP6WfLyb,Everything Will Flow [Protocol demo] (Remastered),3,False,15,1,6PHIK3kjWggLtVygsOtpqS,Suede,3UiWcHGXjXrU6Ukt3WbnNV,Head Music (Remastered) (Deluxe Edition),1999-05-03,album,0.231,0.811,2,-5.876,0,0.0463,0.0145,0.002,0.0522,0.397,197.94,4,432187
2jcO5L7TlNOv3dLv3axUyx,He’s Gone [Protocol demo] (Remastered),2,False,16,1,6PHIK3kjWggLtVygsOtpqS,Suede,3UiWcHGXjXrU6Ukt3WbnNV,Head Music (Remastered) (Deluxe Edition),1999-05-03,album,0.506,0.692,0,-7.551,1,0.0272,0.0269,0.00283,0.134,0.15,105.465,4,319133
64r4Qcmhy6N98aEu6InHMy,She’s In Fashion [Protocol demo] (Remastered),4,False,17,1,6PHIK3kjWggLtVygsOtpqS,Suede,3UiWcHGXjXrU6Ukt3WbnNV,Head Music (Remastered) (Deluxe Edition),1999-05-03,album,0.405,0.881,8,-5.945,1,0.0472,0.14,0.000935,0.388,0.836,154.386,4,317067
4J6mije0Onnym1Nf783sEM,Leaving (Remastered),4,False,1,2,6PHIK3kjWggLtVygsOtpqS,Suede,3UiWcHGXjXrU6Ukt3WbnNV,Head Music (Remastered) (Deluxe Edition),1999-05-03,album,0.358,0.641,2,-5.966,0,0.03,0.202,0.000124,0.135,0.405,169.242,4,257920
2YmPYfZaPisPUGmQcdQsNK,Popstar (Remastered),2,False,2,2,6PHIK3kjWggLtVygsOtpqS,Suede,3UiWcHGXjXrU6Ukt3WbnNV,Head Music (Remastered) (Deluxe Edition),1999-05-03,album,0.66,0.51,10,-6.37,0,0.04,0.41,0.01,0.1,0.54,123.77,4,335000
4MvQpckR34Yw0iYBYu4AsY,Killer (Remastered),2,False,3,2,6PHIK3kjWggLtVygsOtpqS,Suede,3UiWcHGXjXrU6Ukt3WbnNV,Head Music (Remastered) (Deluxe Edition),1999-05-03,album,0.6,0.79,11,-6.69,0,0.03,0.0,0.0,0.13,0.66,107.03,4,297000
43GgdkaCVdmz1MbO74Pm0i,Implement Yeah! (Remastered),3,False,4,2,6PHIK3kjWggLtVygsOtpqS,Suede,3UiWcHGXjXrU6Ukt3WbnNV,Head Music (Remastered) (Deluxe Edition),1999-05-03,album,0.297,0.931,1,-4.93,0,0.0698,0.018,0.0144,0.448,0.329,136.705,4,154480
3CqJTMzJz3HVL4YF91xZA8,Waterloo (Remastered),2,False,5,2,6PHIK3kjWggLtVygsOtpqS,Suede,3UiWcHGXjXrU6Ukt3WbnNV,Head Music (Remastered) (Deluxe Edition),1999-05-03,album,0.31,0.39,4,-10.04,0,0.03,0.31,0.04,0.18,0.26,176.27,4,238000
0zi4Lzcz11Nvj6F2iERpCr,See That Girl (Remastered),2,False,6,2,6PHIK3kjWggLtVygsOtpqS,Suede,3UiWcHGXjXrU6Ukt3WbnNV,Head Music (Remastered) (Deluxe Edition),1999-05-03,album,0.34,0.7,2,-5.21,0,0.04,0.23,0.01,0.17,0.6,191.62,4,268000
2VDTzR4tNHe7iOSczEMYRA,Bored (Remastered),2,False,7,2,6PHIK3kjWggLtVygsOtpqS,Suede,3UiWcHGXjXrU6Ukt3WbnNV,Head Music (Remastered) (Deluxe Edition),1999-05-03,album,0.342,0.967,4,-3.409,1,0.208,0.0539,0.399,0.401,0.25,121.9,4,182707
4dUk6vyjO45XlCDrhtOLzN,Pieces Of My Mind (Remastered),2,False,8,2,6PHIK3kjWggLtVygsOtpqS,Suede,3UiWcHGXjXrU6Ukt3WbnNV,Head Music (Remastered) (Deluxe Edition),1999-05-03,album,0.56,0.58,9,-8.19,0,0.04,0.06,0.49,0.24,0.19,121.01,4,275000
2kD3O3rwmuzdYkMGSfhCbr,Jubilee (Remastered),2,False,9,2,6PHIK3kjWggLtVygsOtpqS,Suede,3UiWcHGXjXrU6Ukt3WbnNV,Head Music (Remastered) (Deluxe Edition),1999-05-03,album,0.382,0.91,7,-4.113,1,0.0593,0.00621,6.72e-05,0.363,0.559,113.945,4,227533
1zXZmxOtNtvJ6MHfMCDvL1,God’s Gift (Remastered),3,False,10,2,6PHIK3kjWggLtVygsOtpqS,Suede,3UiWcHGXjXrU6Ukt3WbnNV,Head Music (Remastered) (Deluxe Edition),1999-05-03,album,0.233,0.456,9,-10.311,1,0.0376,0.896,0.019,0.112,0.49,189.506,4,175280
4PnFgzo6koST61TcqvlJBI,Seascape (Remastered),2,False,11,2,6PHIK3kjWggLtVygsOtpqS,Suede,3UiWcHGXjXrU6Ukt3WbnNV,Head Music (Remastered) (Deluxe Edition),1999-05-03,album,0.19,0.26,9,-12.88,1,0.04,0.93,0.9,0.09,0.13,72.12,4,236000
4lKc5vJl3LKzWvmR3XTYEu,Crackhead (Remastered),3,False,12,2,6PHIK3kjWggLtVygsOtpqS,Suede,3UiWcHGXjXrU6Ukt3WbnNV,Head Music (Remastered) (Deluxe Edition),1999-05-03,album,0.63,0.92,2,-4.86,1,0.03,0.25,0.0,0.3,0.91,116.85,4,353000
0ENMNmu69DFAE6l2Vly7OU,Let Go (Remastered),4,False,13,2,6PHIK3kjWggLtVygsOtpqS,Suede,3UiWcHGXjXrU6Ukt3WbnNV,Head Music (Remastered) (Deluxe Edition),1999-05-03,album,0.559,0.958,8,-3.625,0,0.0407,0.00852,8.25e-05,0.0446,0.944,126.064,4,265920
3e4V7ayBEOpAOcGvW2vqN4,Since You Went Away (Remastered),4,False,14,2,6PHIK3kjWggLtVygsOtpqS,Suede,3UiWcHGXjXrU6Ukt3WbnNV,Head Music (Remastered) (Deluxe Edition),1999-05-03,album,0.64,0.84,7,-5.71,1,0.03,0.21,0.0,0.08,0.84,119.96,4,186000
2HkfZ2RR5AbgS68zIFwi5Q,Situations (Remastered),2,False,15,2,6PHIK3kjWggLtVygsOtpqS,Suede,3UiWcHGXjXrU6Ukt3WbnNV,Head Music (Remastered) (Deluxe Edition),1999-05-03,album,0.4,0.92,7,-3.95,0,0.04,0.24,0.0,0.04,0.51,153.98,4,293000
6kNmgsWF186RDrcFPP2Yb8,Read My Mind (Remastered),3,False,16,2,6PHIK3kjWggLtVygsOtpqS,Suede,3UiWcHGXjXrU6Ukt3WbnNV,Head Music (Remastered) (Deluxe Edition),1999-05-03,album,0.5,0.93,6,-4.044,0,0.0294,0.0183,1.89e-06,0.39,0.889,105.735,4,281867
36ixTN65FEgKMNDajs9Bqj,Poor Little Rich Girl (Remastered),3,False,17,2,6PHIK3kjWggLtVygsOtpqS,Suede,3UiWcHGXjXrU6Ukt3WbnNV,Head Music (Remastered) (Deluxe Edition),1999-05-03,album,0.503,0.859,0,-8.214,1,0.0743,0.122,0.0563,0.36,0.624,140.18,4,353547
5jP46dp5UXWnz4Ykb3zitR,Heroin (Remastered),5,False,18,2,6PHIK3kjWggLtVygsOtpqS,Suede,3UiWcHGXjXrU6Ukt3WbnNV,Head Music (Remastered) (Deluxe Edition),1999-05-03,album,0.32,0.13,4,-15.48,1,0.03,0.98,0.05,0.32,0.06,136.67,4,175000
4gtjUBUgkFKuy9r3CXLwHz,Music Like Sex (Previously Unreleased) [Remastered],4,False,19,2,6PHIK3kjWggLtVygsOtpqS,Suede,3UiWcHGXjXrU6Ukt3WbnNV,Head Music (Remastered) (Deluxe Edition),1999-05-03,album,0.537,0.712,1,-6.399,1,0.0323,0.151,8.5e-05,0.0971,0.625,118.961,4,233600
3daGipwtZ4le8h57nwhfHK,Savoir Faire - Remastered,0,True,2,1,6PHIK3kjWggLtVygsOtpqS,Suede,17kQqxBuNHZMsqz8dg7bOr,Head Music (Remastered),1999-05-03,album,0.68,0.781,7,-5.938,1,0.0477,0.0996,0.0,0.062,0.904,107.856,4,277533
6DbhkAPWGm3ofdTE3j8hpp,Can't Get Enough - Remastered,0,False,3,1,6PHIK3kjWggLtVygsOtpqS,Suede,17kQqxBuNHZMsqz8dg7bOr,Head Music (Remastered),1999-05-03,album,0.603,0.958,7,-4.677,1,0.073,0.0113,4.07e-05,0.0793,0.564,122.243,4,239333
715QafNOTnq51uFxcUjzEE,Everything Will Flow - Remastered,0,False,4,1,6PHIK3kjWggLtVygsOtpqS,Suede,17kQqxBuNHZMsqz8dg7bOr,Head Music (Remastered),1999-05-03,album,0.452,0.853,2,-6.289,0,0.0366,0.0453,0.000899,0.2,0.395,108.977,4,280067
2O31vvX6bsVlqIzyl7g1mn,Down - Remastered,0,False,5,1,6PHIK3kjWggLtVygsOtpqS,Suede,17kQqxBuNHZMsqz8dg7bOr,Head Music (Remastered),1999-05-03,album,0.475,0.422,0,-9.239,1,0.0293,0.0814,0.0346,0.0722,0.221,127.641,4,372533
7nHUOQwAM0VWs4K9jp8HPa,She's In Fashion - Remastered,0,False,6,1,6PHIK3kjWggLtVygsOtpqS,Suede,17kQqxBuNHZMsqz8dg7bOr,Head Music (Remastered),1999-05-03,album,0.465,0.96,2,-6.336,1,0.0399,0.151,0.0111,0.328,0.906,79.957,4,293053
6XW8syTYSXFcVCORq263Tg,Asbestos - Remastered,0,False,7,1,6PHIK3kjWggLtVygsOtpqS,Suede,17kQqxBuNHZMsqz8dg7bOr,Head Music (Remastered),1999-05-03,album,0.54,0.647,3,-8.56,0,0.0255,0.38,0.336,0.325,0.863,95.827,4,317920
6yjaopM7zKR4mJ9pcaICIZ,Head Music - Remastered,0,False,8,1,6PHIK3kjWggLtVygsOtpqS,Suede,17kQqxBuNHZMsqz8dg7bOr,Head Music (Remastered),1999-05-03,album,0.562,0.977,7,-6.183,1,0.0421,0.0384,1.21e-06,0.32,0.872,113.773,4,203827
66Ob0nfUm76pQCSwkqWOQc,Elephant Man - Remastered,0,False,9,1,6PHIK3kjWggLtVygsOtpqS,Suede,17kQqxBuNHZMsqz8dg7bOr,Head Music (Remastered),1999-05-03,album,0.638,0.7,4,-6.033,1,0.0453,0.00281,0.0,0.319,0.575,120.072,4,186493
2Cqs0FPIDeqHbLLGxKKPTC,Hi-Fi - Remastered,0,False,10,1,6PHIK3kjWggLtVygsOtpqS,Suede,17kQqxBuNHZMsqz8dg7bOr,Head Music (Remastered),1999-05-03,album,0.574,0.724,9,-7.187,1,0.0292,0.108,0.858,0.481,0.823,99.079,4,309573
3gYVkSYanRAlwJMDDPS9i4,Indian Strings - Remastered,0,False,11,1,6PHIK3kjWggLtVygsOtpqS,Suede,17kQqxBuNHZMsqz8dg7bOr,Head Music (Remastered),1999-05-03,album,0.49,0.538,9,-7.355,0,0.0286,0.0286,0.259,0.114,0.62,100.651,4,261027
5k3Dd6N1MaO6qZFAMF3Uvd,He's Gone - Remastered,0,False,12,1,6PHIK3kjWggLtVygsOtpqS,Suede,17kQqxBuNHZMsqz8dg7bOr,Head Music (Remastered),1999-05-03,album,0.432,0.693,7,-8.602,1,0.0306,0.0212,0.27,0.615,0.226,102.829,4,335080
0uwzGUzSCBtDYHDuFINywV,Crack In The Union Jack - Remastered,0,False,13,1,6PHIK3kjWggLtVygsOtpqS,Suede,17kQqxBuNHZMsqz8dg7bOr,Head Music (Remastered),1999-05-03,album,0.563,0.409,0,-9.289,1,0.0268,0.841,4.12e-06,0.094,0.127,127.175,4,125867
0WfPTCs2UaeQKPVP6gtBvS,Savoir Faire - Remastered,0,True,2,1,6PHIK3kjWggLtVygsOtpqS,Suede,1uWSJ0mswMEBEDGWKBPRLR,Head Music (Remastered) - Deluxe Edition,1999-05-03,album,0.68,0.781,7,-5.938,1,0.0477,0.0996,0.0,0.062,0.904,107.856,4,277533
6TQFlyvhneixOfdvEnKgub,Can't Get Enough - Remastered,0,False,3,1,6PHIK3kjWggLtVygsOtpqS,Suede,1uWSJ0mswMEBEDGWKBPRLR,Head Music (Remastered) - Deluxe Edition,1999-05-03,album,0.603,0.958,7,-4.677,1,0.073,0.0113,4.07e-05,0.0793,0.564,122.243,4,239333
0OMxWaowNOpT4Bp11I9yuk,Everything Will Flow - Remastered,0,False,4,1,6PHIK3kjWggLtVygsOtpqS,Suede,1uWSJ0mswMEBEDGWKBPRLR,Head Music (Remastered) - Deluxe Edition,1999-05-03,album,0.452,0.853,2,-6.289,0,0.0366,0.0453,0.000899,0.2,0.395,108.977,4,280067
4ybl5uuTBQsZC6k2iRf5fi,Down - Remastered,0,False,5,1,6PHIK3kjWggLtVygsOtpqS,Suede,1uWSJ0mswMEBEDGWKBPRLR,Head Music (Remastered) - Deluxe Edition,1999-05-03,album,0.475,0.422,0,-9.239,1,0.0293,0.0814,0.0346,0.0722,0.221,127.641,4,372533
5rQCDzmTysnOwVtOA8smZE,She's In Fashion - Remastered,0,False,6,1,6PHIK3kjWggLtVygsOtpqS,Suede,1uWSJ0mswMEBEDGWKBPRLR,Head Music (Remastered) - Deluxe Edition,1999-05-03,album,0.465,0.96,2,-6.336,1,0.0399,0.151,0.0111,0.328,0.906,79.957,4,293053
6MELBsZyZurf6LZxDnOQir,Asbestos - Remastered,0,False,7,1,6PHIK3kjWggLtVygsOtpqS,Suede,1uWSJ0mswMEBEDGWKBPRLR,Head Music (Remastered) - Deluxe Edition,1999-05-03,album,0.54,0.647,3,-8.56,0,0.0255,0.38,0.336,0.325,0.863,95.827,4,317920
7Bom5UnWF6R8Xfegpgx8eA,Head Music - Remastered,0,False,8,1,6PHIK3kjWggLtVygsOtpqS,Suede,1uWSJ0mswMEBEDGWKBPRLR,Head Music (Remastered) - Deluxe Edition,1999-05-03,album,0.562,0.977,7,-6.183,1,0.0421,0.0384,1.21e-06,0.32,0.872,113.773,4,203827
67TGSLUJZNJaErQGSniDPK,Elephant Man - Remastered,0,False,9,1,6PHIK3kjWggLtVygsOtpqS,Suede,1uWSJ0mswMEBEDGWKBPRLR,Head Music (Remastered) - Deluxe Edition,1999-05-03,album,0.638,0.7,4,-6.033,1,0.0453,0.00281,0.0,0.319,0.575,120.072,4,186493
5VrZxMyiHJJGqm1Q9xNYqo,Hi-Fi - Remastered,0,False,10,1,6PHIK3kjWggLtVygsOtpqS,Suede,1uWSJ0mswMEBEDGWKBPRLR,Head Music (Remastered) - Deluxe Edition,1999-05-03,album,0.574,0.724,9,-7.187,1,0.0292,0.108,0.858,0.481,0.823,99.079,4,309573
6VPXEJERf0OgQJNhh6SKsp,Indian Strings - Remastered,0,False,11,1,6PHIK3kjWggLtVygsOtpqS,Suede,1uWSJ0mswMEBEDGWKBPRLR,Head Music (Remastered) - Deluxe Edition,1999-05-03,album,0.49,0.538,9,-7.355,0,0.0286,0.0286,0.259,0.114,0.62,100.651,4,261027
1sCmHZIzEe20C850YQmgj0,He's Gone - Remastered,0,False,12,1,6PHIK3kjWggLtVygsOtpqS,Suede,1uWSJ0mswMEBEDGWKBPRLR,Head Music (Remastered) - Deluxe Edition,1999-05-03,album,0.432,0.693,7,-8.602,1,0.0306,0.0212,0.27,0.615,0.226,102.829,4,335080
03AeBiDEPK43pvcvEfvMvx,Crack In The Union Jack - Remastered,0,False,13,1,6PHIK3kjWggLtVygsOtpqS,Suede,1uWSJ0mswMEBEDGWKBPRLR,Head Music (Remastered) - Deluxe Edition,1999-05-03,album,0.563,0.409,0,-9.289,1,0.0268,0.841,4.12e-06,0.094,0.127,127.175,4,125867
0EtrDZEszi1lVUarrSRWrt,Savoir Faire - Remastered,0,True,2,1,6PHIK3kjWggLtVygsOtpqS,Suede,2i6EFslFaRwMngKn0pF46H,Head Music (Deluxe Ediiton),1999-05-03,album,0.68,0.781,7,-5.938,1,0.0477,0.0996,0.0,0.062,0.904,107.856,4,277533
5KNmryVUMLuATQdc8iTKoO,Can't Get Enough - Remastered,0,False,3,1,6PHIK3kjWggLtVygsOtpqS,Suede,2i6EFslFaRwMngKn0pF46H,Head Music (Deluxe Ediiton),1999-05-03,album,0.603,0.958,7,-4.677,1,0.073,0.0113,4.07e-05,0.0793,0.564,122.243,4,239333
35OEbU2i3YJLGuZ13tFAGP,Everything Will Flow - Remastered,0,False,4,1,6PHIK3kjWggLtVygsOtpqS,Suede,2i6EFslFaRwMngKn0pF46H,Head Music (Deluxe Ediiton),1999-05-03,album,0.452,0.853,2,-6.289,0,0.0366,0.0453,0.000899,0.2,0.395,108.977,4,280067
3TiNH9oBUZ507kFdyuLjnh,Down - Remastered,0,False,5,1,6PHIK3kjWggLtVygsOtpqS,Suede,2i6EFslFaRwMngKn0pF46H,Head Music (Deluxe Ediiton),1999-05-03,album,0.475,0.422,0,-9.239,1,0.0293,0.0814,0.0346,0.0722,0.221,127.641,4,372533
2CnwiLNRzVG4xGRT08O2Ov,She's In Fashion - Remastered,0,False,6,1,6PHIK3kjWggLtVygsOtpqS,Suede,2i6EFslFaRwMngKn0pF46H,Head Music (Deluxe Ediiton),1999-05-03,album,0.465,0.96,2,-6.336,1,0.0399,0.151,0.0111,0.328,0.906,79.957,4,293053
3tWsZwo60A7YnRsz4a4G1x,Asbestos - Remastered,0,False,7,1,6PHIK3kjWggLtVygsOtpqS,Suede,2i6EFslFaRwMngKn0pF46H,Head Music (Deluxe Ediiton),1999-05-03,album,0.54,0.647,3,-8.56,0,0.0255,0.38,0.336,0.325,0.863,95.827,4,317920
2VIzmExedDdCpaunZRFSRI,Head Music - Remastered,0,False,8,1,6PHIK3kjWggLtVygsOtpqS,Suede,2i6EFslFaRwMngKn0pF46H,Head Music (Deluxe Ediiton),1999-05-03,album,0.562,0.977,7,-6.183,1,0.0421,0.0384,1.21e-06,0.32,0.872,113.773,4,203827
2cfUvK01gfaeBHGOG4FhvT,Elephant Man - Remastered,0,False,9,1,6PHIK3kjWggLtVygsOtpqS,Suede,2i6EFslFaRwMngKn0pF46H,Head Music (Deluxe Ediiton),1999-05-03,album,0.638,0.7,4,-6.033,1,0.0453,0.00281,0.0,0.319,0.575,120.072,4,186493
51dF1hBYBeKxSOPxtimzdi,Hi-Fi - Remastered,0,False,10,1,6PHIK3kjWggLtVygsOtpqS,Suede,2i6EFslFaRwMngKn0pF46H,Head Music (Deluxe Ediiton),1999-05-03,album,0.574,0.724,9,-7.187,1,0.0292,0.108,0.858,0.481,0.823,99.079,4,309573
5tvgGoIQsOhDLCCpUrdZXg,Indian Strings - Remastered,0,False,11,1,6PHIK3kjWggLtVygsOtpqS,Suede,2i6EFslFaRwMngKn0pF46H,Head Music (Deluxe Ediiton),1999-05-03,album,0.49,0.538,9,-7.355,0,0.0286,0.0286,0.259,0.114,0.62,100.651,4,261027
6ouWtmREuR9kABu53LNh6Q,He's Gone - Remastered,0,False,12,1,6PHIK3kjWggLtVygsOtpqS,Suede,2i6EFslFaRwMngKn0pF46H,Head Music (Deluxe Ediiton),1999-05-03,album,0.432,0.693,7,-8.602,1,0.0306,0.0212,0.27,0.615,0.226,102.829,4,335080
0bbjkGMZ05ltsnyP3EGQy2,Crack In The Union Jack - Remastered,0,False,13,1,6PHIK3kjWggLtVygsOtpqS,Suede,2i6EFslFaRwMngKn0pF46H,Head Music (Deluxe Ediiton),1999-05-03,album,0.563,0.409,0,-9.289,1,0.0268,0.841,4.12e-06,0.094,0.127,127.175,4,125867
6vum9JTrBU2pj4lU0M0Jur,Trash (Remastered),18,False,1,1,6PHIK3kjWggLtVygsOtpqS,Suede,7ujqKKdY9iiZSNswwCyQfD,Coming Up (Remastered) (Deluxe Edition),1996-09-03,album,0.44,0.99,11,-2.92,1,0.1,0.0,0.0,0.29,0.2,124.6,4,247000
3diAyjjcdVy6X5G0O9mT1H,Filmstar (Remastered),13,False,2,1,6PHIK3kjWggLtVygsOtpqS,Suede,7ujqKKdY9iiZSNswwCyQfD,Coming Up (Remastered) (Deluxe Edition),1996-09-03,album,0.39,0.97,3,-5.13,0,0.1,0.0,0.0,0.08,0.57,75.57,4,205000
4VHHsLyQAT7Yen252TrUNm,Lazy (Remastered),11,False,3,1,6PHIK3kjWggLtVygsOtpqS,Suede,7ujqKKdY9iiZSNswwCyQfD,Coming Up (Remastered) (Deluxe Edition),1996-09-03,album,0.48,0.93,3,-4.95,0,0.04,0.02,0.0,0.33,0.75,111.24,4,197000
5DjQ1AHlPxLOacuDpghekj,By the Sea (Remastered),11,False,4,1,6PHIK3kjWggLtVygsOtpqS,Suede,7ujqKKdY9iiZSNswwCyQfD,Coming Up (Remastered) (Deluxe Edition),1996-09-03,album,0.24,0.5,9,-7.66,1,0.03,0.58,0.0,0.08,0.1,155.87,4,257000
447SkdSi8AkPIT8nzlJ7KZ,She (Remastered),10,False,5,1,6PHIK3kjWggLtVygsOtpqS,Suede,7ujqKKdY9iiZSNswwCyQfD,Coming Up (Remastered) (Deluxe Edition),1996-09-03,album,0.53,0.89,8,-3.62,1,0.03,0.09,0.0,0.12,0.49,106.03,4,218000
0BmqRF5LZnwYMGAbP9G3fZ,Beautiful Ones (Remastered),18,False,6,1,6PHIK3kjWggLtVygsOtpqS,Suede,7ujqKKdY9iiZSNswwCyQfD,Coming Up (Remastered) (Deluxe Edition),1996-09-03,album,0.54,0.99,8,-4.98,0,0.04,0.05,0.0,0.37,0.83,99.08,4,230000
5yxSu3QCo41NlXtrRuYVAJ,Starcrazy (Remastered),9,False,7,1,6PHIK3kjWggLtVygsOtpqS,Suede,7ujqKKdY9iiZSNswwCyQfD,Coming Up (Remastered) (Deluxe Edition),1996-09-03,album,0.46,0.98,3,-3.49,0,0.04,0.0,0.0,0.35,0.66,105.14,4,213000
6ACVztP4T2iw7pj8IYOqYN,Picnic by the Motorway (Remastered),9,False,8,1,6PHIK3kjWggLtVygsOtpqS,Suede,7ujqKKdY9iiZSNswwCyQfD,Coming Up (Remastered) (Deluxe Edition),1996-09-03,album,0.485,0.708,4,-8.998,1,0.0377,0.0144,8.73e-06,0.297,0.158,115.684,4,285533
4iBv1GFFd53yztJ2TFXxt1,The Chemistry Between Us (Remastered),11,False,9,1,6PHIK3kjWggLtVygsOtpqS,Suede,7ujqKKdY9iiZSNswwCyQfD,Coming Up (Remastered) (Deluxe Edition),1996-09-03,album,0.29,0.8,6,-5.82,1,0.04,0.07,0.0,0.14,0.51,171.59,4,424000
1tj19jEPM3JV9qMvIYQtjn,Saturday Night (Remastered),13,False,10,1,6PHIK3kjWggLtVygsOtpqS,Suede,7ujqKKdY9iiZSNswwCyQfD,Coming Up (Remastered) (Deluxe Edition),1996-09-03,album,0.5,0.89,8,-5.95,1,0.07,0.06,0.0,0.26,0.3,116.44,4,282000
4xi8zYJH9R52cnIGk6YOlJ,She (Greenhouse Demo) [Remastered],6,False,11,1,6PHIK3kjWggLtVygsOtpqS,Suede,7ujqKKdY9iiZSNswwCyQfD,Coming Up (Remastered) (Deluxe Edition),1996-09-03,album,0.21,0.68,3,-7.031,0,0.0363,8.9e-05,9.55e-05,0.172,0.654,202.391,4,168520
2GIECkHwEcBWK3jH8GrWrs,Lazy (Greenhouse Demo) [Remastered],4,False,12,1,6PHIK3kjWggLtVygsOtpqS,Suede,7ujqKKdY9iiZSNswwCyQfD,Coming Up (Remastered) (Deluxe Edition),1996-09-03,album,0.272,0.801,8,-6.743,1,0.0327,0.00101,0.0,0.066,0.721,108.144,4,194933
5mJneXTxl4IWsFNRElT0AX,Dead Leg (Beautiful Ones) [Four Track Demo] [Remastered],6,False,13,1,6PHIK3kjWggLtVygsOtpqS,Suede,7ujqKKdY9iiZSNswwCyQfD,Coming Up (Remastered) (Deluxe Edition),1996-09-03,album,0.461,0.615,5,-6.595,1,0.0292,0.332,2.11e-05,0.093,0.29,94.758,4,195533
6YcS9SenRtnV29os570vXf,Filmstar (Church Demo) [Remastered],6,False,14,1,6PHIK3kjWggLtVygsOtpqS,Suede,7ujqKKdY9iiZSNswwCyQfD,Coming Up (Remastered) (Deluxe Edition),1996-09-03,album,0.267,0.76,10,-5.437,0,0.0588,0.468,0.000148,0.554,0.569,143.04,4,158013
5NdW6vvSDlZfELWsZxvEge,Pisspot (Trash) [Four Track Demo] [Remastered],5,False,15,1,6PHIK3kjWggLtVygsOtpqS,Suede,7ujqKKdY9iiZSNswwCyQfD,Coming Up (Remastered) (Deluxe Edition),1996-09-03,album,0.434,0.824,5,-4.684,1,0.0461,0.339,0.0041,0.0788,0.594,126.356,4,302240
3aXz9i06YRugjCfyhkp2dT,Ballad Idea (Saturday Night) [Church Demo] [Remastered],4,False,16,1,6PHIK3kjWggLtVygsOtpqS,Suede,7ujqKKdY9iiZSNswwCyQfD,Coming Up (Remastered) (Deluxe Edition),1996-09-03,album,0.486,0.484,8,-8.733,1,0.0289,0.107,0.000581,0.111,0.619,114.282,4,228587
2ULioD39sZUtlyMIhxcymo,Tiswas (Starcrazy) [Four Track Demo] [Remastered],3,False,17,1,6PHIK3kjWggLtVygsOtpqS,Suede,7ujqKKdY9iiZSNswwCyQfD,Coming Up (Remastered) (Deluxe Edition),1996-09-03,album,0.218,0.922,4,-4.408,0,0.0743,0.0022,0.0,0.397,0.574,204.936,4,200360
13sbIT1fw1FXhBuKRc2JPc,Asda Town (Remastered),7,False,18,1,6PHIK3kjWggLtVygsOtpqS,Suede,7ujqKKdY9iiZSNswwCyQfD,Coming Up (Remastered) (Deluxe Edition),1996-09-03,album,0.514,0.643,5,-8.624,1,0.033,0.28,0.000174,0.242,0.439,129.87,4,187600
2QFciF9bIvffSwlMfbrzn9,Together (Remastered),13,False,19,1,6PHIK3kjWggLtVygsOtpqS,Suede,7ujqKKdY9iiZSNswwCyQfD,Coming Up (Remastered) (Deluxe Edition),1996-09-03,album,0.138,0.87,8,-7.039,0,0.106,0.0179,1.5e-06,0.316,0.453,182.945,4,274267
6Z980SzF4sbCbfif15hYBP,Bentswood Boys (Remastered),8,False,20,1,6PHIK3kjWggLtVygsOtpqS,Suede,7ujqKKdY9iiZSNswwCyQfD,Coming Up (Remastered) (Deluxe Edition),1996-09-03,album,0.466,0.615,1,-10.478,1,0.0275,0.154,0.000112,0.149,0.58,143.447,4,193880
5zgefoarvtuZRVbNupAbXt,Have You Ever Been This Low? (Remastered),4,False,2,2,6PHIK3kjWggLtVygsOtpqS,Suede,7ujqKKdY9iiZSNswwCyQfD,Coming Up (Remastered) (Deluxe Edition),1996-09-03,album,0.36,0.89,1,-6.95,0,0.06,0.31,0.01,0.26,0.4,75.51,4,235000
3sIpTbksIC8lFjY2XwpTSY,Another No One (Remastered),5,False,3,2,6PHIK3kjWggLtVygsOtpqS,Suede,7ujqKKdY9iiZSNswwCyQfD,Coming Up (Remastered) (Deluxe Edition),1996-09-03,album,0.248,0.201,4,-16.01,0,0.0342,0.663,2.61e-05,0.361,0.115,86.491,4,232093
0INV9vi8Qr91keDHUeG9pI,Every Monday Morning Comes (Remastered),4,False,4,2,6PHIK3kjWggLtVygsOtpqS,Suede,7ujqKKdY9iiZSNswwCyQfD,Coming Up (Remastered) (Deluxe Edition),1996-09-03,album,0.154,0.798,5,-7.348,1,0.049,0.0128,0.0237,0.0993,0.445,169.514,4,268827
4PauP3UXhLkpzwJRJoMVGN,Sound of the Streets (Remastered),4,False,5,2,6PHIK3kjWggLtVygsOtpqS,Suede,7ujqKKdY9iiZSNswwCyQfD,Coming Up (Remastered) (Deluxe Edition),1996-09-03,album,0.404,0.904,1,-4.819,1,0.0354,0.00316,5.02e-05,0.0847,0.503,119.77,4,301467
3dw52sPLwRshY5WtjOw28L,Young Men (Remastered),4,False,6,2,6PHIK3kjWggLtVygsOtpqS,Suede,7ujqKKdY9iiZSNswwCyQfD,Coming Up (Remastered) (Deluxe Edition),1996-09-03,album,0.317,0.913,10,-4.319,0,0.0492,0.0029,3.89e-05,0.302,0.58,142.217,4,276920
3VN7BinsW2KPuPQzRR32FO,Sam (Remastered),4,False,7,2,6PHIK3kjWggLtVygsOtpqS,Suede,7ujqKKdY9iiZSNswwCyQfD,Coming Up (Remastered) (Deluxe Edition),1996-09-03,album,0.48,0.63,11,-8.83,1,0.03,0.26,0.0,0.1,0.51,136.91,4,217000
6teDwJWYGusdWJ06iDXdCK,Money (Remastered),4,True,8,2,6PHIK3kjWggLtVygsOtpqS,Suede,7ujqKKdY9iiZSNswwCyQfD,Coming Up (Remastered) (Deluxe Edition),1996-09-03,album,0.5,0.99,6,-4.0,0,0.06,0.0,0.69,0.3,0.64,145.85,4,244000
1FgdNfYbeM79S0TmhL93iS,This Time (Remastered),5,False,9,2,6PHIK3kjWggLtVygsOtpqS,Suede,7ujqKKdY9iiZSNswwCyQfD,Coming Up (Remastered) (Deluxe Edition),1996-09-03,album,0.468,0.642,9,-5.833,1,0.0268,0.187,0.00411,0.116,0.447,84.447,4,346787
1igMZW5EHb7o041OSZ77it,WSD [Remastered],3,False,10,2,6PHIK3kjWggLtVygsOtpqS,Suede,7ujqKKdY9iiZSNswwCyQfD,Coming Up (Remastered) (Deluxe Edition),1996-09-03,album,0.53,0.85,10,-6.34,0,0.03,0.0,0.01,0.09,0.89,171.42,4,278000
2gHcUCgylyJDzexOoA8b6o,Jumble Sale Mums (Remastered),3,False,11,2,6PHIK3kjWggLtVygsOtpqS,Suede,7ujqKKdY9iiZSNswwCyQfD,Coming Up (Remastered) (Deluxe Edition),1996-09-03,album,0.46,0.555,8,-7.122,0,0.0281,0.0175,0.0076,0.0895,0.354,74.72,4,256693
4OZEOZJjnLjIGvcR0sjkZb,These Are the Sad Songs (Remastered),3,False,12,2,6PHIK3kjWggLtVygsOtpqS,Suede,7ujqKKdY9iiZSNswwCyQfD,Coming Up (Remastered) (Deluxe Edition),1996-09-03,album,0.338,0.924,1,-4.633,0,0.0525,2.99e-05,0.0169,0.116,0.45,112.789,4,382160
4magspOnNTlAMJNKEbzHOp,Feel (Remastered),2,False,13,2,6PHIK3kjWggLtVygsOtpqS,Suede,7ujqKKdY9iiZSNswwCyQfD,Coming Up (Remastered) (Deluxe Edition),1996-09-03,album,0.31,0.79,4,-5.11,1,0.05,0.01,0.0,0.1,0.6,148.09,4,305000
3iuPHl4eiU6B7dsbuCJdkW,Sadie (Remastered),4,False,14,2,6PHIK3kjWggLtVygsOtpqS,Suede,7ujqKKdY9iiZSNswwCyQfD,Coming Up (Remastered) (Deluxe Edition),1996-09-03,album,0.201,0.845,1,-5.471,0,0.0339,0.00084,8.64e-05,0.109,0.552,172.979,4,325933
4RtvMsSHAWwiCrxJsFEu8Z,Graffiti Women (Remastered),3,False,15,2,6PHIK3kjWggLtVygsOtpqS,Suede,7ujqKKdY9iiZSNswwCyQfD,Coming Up (Remastered) (Deluxe Edition),1996-09-03,album,0.5,0.67,10,-7.39,0,0.03,0.15,0.0,0.07,0.56,97.42,4,291000
2Gsr6ANmtupF2pK4H4SEaK,Duchess (Remastered),2,False,16,2,6PHIK3kjWggLtVygsOtpqS,Suede,7ujqKKdY9iiZSNswwCyQfD,Coming Up (Remastered) (Deluxe Edition),1996-09-03,album,0.16,0.32,2,-8.6,1,0.04,0.23,0.22,0.36,0.23,179.63,4,229000
2ebyhbArgHpuEEDU3k9X28,Motown (Previously Unreleased Rehearsal Room Recording) [Remastered],3,False,17,2,6PHIK3kjWggLtVygsOtpqS,Suede,7ujqKKdY9iiZSNswwCyQfD,Coming Up (Remastered) (Deluxe Edition),1996-09-03,album,0.132,0.884,8,-9.119,1,0.05,0.0196,0.282,0.102,0.676,203.56,4,281680
0oYXG2CPn1c3en49EFl5eb,Starcrazy - Remastered,0,False,7,1,6PHIK3kjWggLtVygsOtpqS,Suede,1jjN4GO9EVkkVb2WNWceqk,Coming Up (Remastered),1996-09-03,album,0.464,0.982,3,-3.518,0,0.0437,0.00115,0.000688,0.356,0.652,105.168,4,213267
5TbhPoHLEjDC5rig7FGXAv,Picnic By The Motorway - Remastered,0,False,8,1,6PHIK3kjWggLtVygsOtpqS,Suede,1jjN4GO9EVkkVb2WNWceqk,Coming Up (Remastered),1996-09-03,album,0.479,0.689,4,-9.039,1,0.0348,0.012,1.2e-05,0.286,0.197,115.572,4,285533
4ekIyCk3IWF8XgUGXMo83G,The Chemistry Between Us - Remastered,0,False,9,1,6PHIK3kjWggLtVygsOtpqS,Suede,1jjN4GO9EVkkVb2WNWceqk,Coming Up (Remastered),1996-09-03,album,0.286,0.794,6,-5.784,1,0.0364,0.0697,0.000544,0.124,0.494,171.543,4,424347
1mMnD4rDkl7UnqyhvHIHdb,This Time - Remastered,0,False,12,1,6PHIK3kjWggLtVygsOtpqS,Suede,1jjN4GO9EVkkVb2WNWceqk,Coming Up (Remastered),1996-09-03,album,0.467,0.622,9,-5.83,1,0.0268,0.199,0.00441,0.135,0.468,84.46,4,346787
3Lovd5FIZg7FqfYmJAhEk1,Starcrazy - Remastered,0,False,7,1,6PHIK3kjWggLtVygsOtpqS,Suede,2YAZZh6cTN0sLTVBmUno0e,Coming Up (Remastered) - Deluxe Edition,1996-09-03,album,0.464,0.982,3,-3.518,0,0.0437,0.00115,0.000688,0.356,0.652,105.168,4,213267
1JbwutQ2U0K1XK9KxCltsV,Picnic By The Motorway - Remastered,0,False,8,1,6PHIK3kjWggLtVygsOtpqS,Suede,2YAZZh6cTN0sLTVBmUno0e,Coming Up (Remastered) - Deluxe Edition,1996-09-03,album,0.479,0.689,4,-9.039,1,0.0348,0.012,1.2e-05,0.286,0.197,115.572,4,285533
726iNrBReQyzVhP03yV7og,The Chemistry Between Us - Remastered,0,False,9,1,6PHIK3kjWggLtVygsOtpqS,Suede,2YAZZh6cTN0sLTVBmUno0e,Coming Up (Remastered) - Deluxe Edition,1996-09-03,album,0.286,0.794,6,-5.784,1,0.0364,0.0697,0.000544,0.124,0.494,171.543,4,424347
2algRvSCwEf9op6PvoKVbe,Lazy - Greenhouse Demo Remastered,0,False,12,1,6PHIK3kjWggLtVygsOtpqS,Suede,2YAZZh6cTN0sLTVBmUno0e,Coming Up (Remastered) - Deluxe Edition,1996-09-03,album,0.268,0.79,8,-6.755,1,0.0324,0.000908,0.0,0.0962,0.694,108.062,4,194933
1xmseP2EbdhowlmYDgcSWq,Dead Leg [Beautiful Ones] - Four Track Demo Remastered,0,False,13,1,6PHIK3kjWggLtVygsOtpqS,Suede,2YAZZh6cTN0sLTVBmUno0e,Coming Up (Remastered) - Deluxe Edition,1996-09-03,album,0.195,0.598,5,-6.569,1,0.0361,0.356,9.97e-05,0.118,0.285,60.141,3,195533
1ZuGibDrAza1u6NJKDveXZ,Filmstar - Church Demo Remastered,0,False,14,1,6PHIK3kjWggLtVygsOtpqS,Suede,2YAZZh6cTN0sLTVBmUno0e,Coming Up (Remastered) - Deluxe Edition,1996-09-03,album,0.25,0.741,10,-5.451,0,0.0541,0.436,0.000123,0.558,0.599,144.05,4,158013
3lBUKhpJr09LJrtHUlXgoP,Pisspot [Trash] - Four Track Demo Remastered,0,False,15,1,6PHIK3kjWggLtVygsOtpqS,Suede,2YAZZh6cTN0sLTVBmUno0e,Coming Up (Remastered) - Deluxe Edition,1996-09-03,album,0.43,0.833,5,-4.676,1,0.05,0.352,0.00767,0.0753,0.603,125.982,4,302240
0Vaiv2axaS0TbwyTrsFisM,Ballad Idea [Saturday Night] - Church Demo Remastered,0,False,16,1,6PHIK3kjWggLtVygsOtpqS,Suede,2YAZZh6cTN0sLTVBmUno0e,Coming Up (Remastered) - Deluxe Edition,1996-09-03,album,0.484,0.473,8,-8.717,1,0.0284,0.118,0.00103,0.113,0.597,114.249,4,228587
53dvxm604EmXXLY0oAynYT,Tiswas [Starcrazy] - Four Track Demo Remastered,0,False,17,1,6PHIK3kjWggLtVygsOtpqS,Suede,2YAZZh6cTN0sLTVBmUno0e,Coming Up (Remastered) - Deluxe Edition,1996-09-03,album,0.213,0.923,4,-4.409,0,0.0777,0.00223,0.0,0.386,0.563,204.794,4,200360
36gGXWM9fico9mPyfVArFy,Asda Town - Remastered,0,False,18,1,6PHIK3kjWggLtVygsOtpqS,Suede,2YAZZh6cTN0sLTVBmUno0e,Coming Up (Remastered) - Deluxe Edition,1996-09-03,album,0.512,0.647,5,-8.554,1,0.0334,0.347,0.000846,0.213,0.45,129.399,4,187600
5NHTtnxdWJy0KTM89ZtTn4,Together - Remastered,0,False,19,1,6PHIK3kjWggLtVygsOtpqS,Suede,2YAZZh6cTN0sLTVBmUno0e,Coming Up (Remastered) - Deluxe Edition,1996-09-03,album,0.142,0.919,8,-6.987,0,0.11,0.0182,1.22e-06,0.0889,0.281,183.492,4,274267
0wMGaMGDr09bfgj2fKlia7,Bentswood Boys - Remastered,0,False,20,1,6PHIK3kjWggLtVygsOtpqS,Suede,2YAZZh6cTN0sLTVBmUno0e,Coming Up (Remastered) - Deluxe Edition,1996-09-03,album,0.467,0.599,1,-10.457,1,0.0274,0.13,4.57e-05,0.162,0.603,143.919,4,193880
2iERvYJ9nz2147zTANaw9A,Have You Ever Been This Low? - Remastered,0,False,22,1,6PHIK3kjWggLtVygsOtpqS,Suede,2YAZZh6cTN0sLTVBmUno0e,Coming Up (Remastered) - Deluxe Edition,1996-09-03,album,0.358,0.894,1,-6.952,0,0.0588,0.307,0.0105,0.263,0.403,75.509,4,235813
3omTV0cnNV8MjgblLEa6B9,Another No One - Remastered,0,False,23,1,6PHIK3kjWggLtVygsOtpqS,Suede,2YAZZh6cTN0sLTVBmUno0e,Coming Up (Remastered) - Deluxe Edition,1996-09-03,album,0.188,0.171,4,-16.028,0,0.0362,0.647,1.82e-05,0.36,0.137,173.791,3,232093
2nvxhnujazoinSyRIaU7i8,Every Monday Morning Comes - Remastered,0,False,24,1,6PHIK3kjWggLtVygsOtpqS,Suede,2YAZZh6cTN0sLTVBmUno0e,Coming Up (Remastered) - Deluxe Edition,1996-09-03,album,0.298,0.801,5,-7.387,1,0.0415,0.0154,0.0544,0.105,0.48,169.769,4,268827
5ANUkwV3iitNcJUwGOVbHL,Sound Of The Streets - Remastered,0,False,25,1,6PHIK3kjWggLtVygsOtpqS,Suede,2YAZZh6cTN0sLTVBmUno0e,Coming Up (Remastered) - Deluxe Edition,1996-09-03,album,0.404,0.906,1,-4.823,1,0.0361,0.00323,6.83e-05,0.087,0.501,119.766,4,301467
2HLucKlObq34hBYzi1VVoK,Young Men - Remastered,0,False,26,1,6PHIK3kjWggLtVygsOtpqS,Suede,2YAZZh6cTN0sLTVBmUno0e,Coming Up (Remastered) - Deluxe Edition,1996-09-03,album,0.313,0.916,10,-4.339,0,0.0495,0.00312,3.39e-05,0.295,0.576,142.188,4,276920
3aaTyFaVkW8b0dsO6afT1C,Sam - Remastered,0,False,27,1,6PHIK3kjWggLtVygsOtpqS,Suede,2YAZZh6cTN0sLTVBmUno0e,Coming Up (Remastered) - Deluxe Edition,1996-09-03,album,0.477,0.623,11,-8.796,1,0.0278,0.263,0.000127,0.12,0.509,136.858,4,217893
2sIsda1YoYY1XcJLQJb5yv,Money - Remastered,0,False,28,1,6PHIK3kjWggLtVygsOtpqS,Suede,2YAZZh6cTN0sLTVBmUno0e,Coming Up (Remastered) - Deluxe Edition,1996-09-03,album,0.503,0.994,6,-4.005,0,0.0597,7.27e-05,0.597,0.231,0.662,145.842,4,246413
6I2dHW6RiTcg7MTupk2feV,This Time - Remastered,0,False,29,1,6PHIK3kjWggLtVygsOtpqS,Suede,2YAZZh6cTN0sLTVBmUno0e,Coming Up (Remastered) - Deluxe Edition,1996-09-03,album,0.467,0.622,9,-5.83,1,0.0268,0.199,0.00441,0.135,0.468,84.46,4,346787
7c0d9acYK0HCkqT3a2xee4,WSD - Remastered,0,False,30,1,6PHIK3kjWggLtVygsOtpqS,Suede,2YAZZh6cTN0sLTVBmUno0e,Coming Up (Remastered) - Deluxe Edition,1996-09-03,album,0.528,0.863,10,-6.377,0,0.0291,0.00318,0.0125,0.0911,0.88,171.478,4,280440
41kKqurR3u7kauEdK0opfY,Jumble Sale Mums - Remastered,0,False,31,1,6PHIK3kjWggLtVygsOtpqS,Suede,2YAZZh6cTN0sLTVBmUno0e,Coming Up (Remastered) - Deluxe Edition,1996-09-03,album,0.32,0.565,8,-7.116,0,0.0292,0.0143,0.00832,0.0874,0.369,73.659,4,256693
6SZFXVKFQHUruoYZUgoZH4,These Are The Sad Songs - Remastered,0,False,32,1,6PHIK3kjWggLtVygsOtpqS,Suede,2YAZZh6cTN0sLTVBmUno0e,Coming Up (Remastered) - Deluxe Edition,1996-09-03,album,0.34,0.921,1,-4.642,0,0.051,3.13e-05,0.0285,0.118,0.436,112.812,4,382160
2F8qegMRBBQIyOfcGNaXLQ,Feel - Remastered,0,False,33,1,6PHIK3kjWggLtVygsOtpqS,Suede,2YAZZh6cTN0sLTVBmUno0e,Coming Up (Remastered) - Deluxe Edition,1996-09-03,album,0.318,0.772,4,-6.425,1,0.0519,0.00678,0.00771,0.0858,0.551,148.076,4,305240
4RDU7qHVw61hHI6m1Haz7G,Sadie - Remastered,0,False,34,1,6PHIK3kjWggLtVygsOtpqS,Suede,2YAZZh6cTN0sLTVBmUno0e,Coming Up (Remastered) - Deluxe Edition,1996-09-03,album,0.192,0.847,1,-5.502,0,0.0345,0.000889,0.00015,0.112,0.539,174.276,4,325933
521GLWFhywrceh2OpmLvrO,Graffiti Women - Remastered,0,False,35,1,6PHIK3kjWggLtVygsOtpqS,Suede,2YAZZh6cTN0sLTVBmUno0e,Coming Up (Remastered) - Deluxe Edition,1996-09-03,album,0.495,0.674,10,-7.198,0,0.0251,0.103,0.0024,0.0728,0.598,97.416,4,291053
0wraAG8wGBTWKU4DhcFeav,Duchess - Remastered,0,False,36,1,6PHIK3kjWggLtVygsOtpqS,Suede,2YAZZh6cTN0sLTVBmUno0e,Coming Up (Remastered) - Deluxe Edition,1996-09-03,album,0.194,0.296,2,-8.986,1,0.0335,0.231,0.196,0.373,0.224,90.109,4,231600
3JJUgT1ZgNXeOo6hraMwyN,Motown - Previously Unreleased Rehearsal Room Recording Remastered,0,False,37,1,6PHIK3kjWggLtVygsOtpqS,Suede,2YAZZh6cTN0sLTVBmUno0e,Coming Up (Remastered) - Deluxe Edition,1996-09-03,album,0.132,0.875,8,-9.124,1,0.0464,0.0221,0.375,0.0923,0.71,203.368,4,281680
6OmoGrjAVYFVGexNmtfedk,Starcrazy - Remastered,0,False,7,1,6PHIK3kjWggLtVygsOtpqS,Suede,0v0WRBfrm4hgMOzOp9viTU,Coming Up (Deluxe Edition),1996-09-03,album,0.464,0.982,3,-3.518,0,0.0437,0.00115,0.000688,0.356,0.652,105.168,4,213267
33VBRYJDJVVRgGmaYr4HIP,Picnic By The Motorway - Remastered [New],0,False,8,1,6PHIK3kjWggLtVygsOtpqS,Suede,0v0WRBfrm4hgMOzOp9viTU,Coming Up (Deluxe Edition),1996-09-03,album,0.479,0.689,4,-9.039,1,0.0348,0.012,1.2e-05,0.286,0.197,115.572,4,285533
74fLqwX9o30LQxYYui1ioo,The Chemistry Between Us - Remastered,0,False,9,1,6PHIK3kjWggLtVygsOtpqS,Suede,0v0WRBfrm4hgMOzOp9viTU,Coming Up (Deluxe Edition),1996-09-03,album,0.286,0.794,6,-5.784,1,0.0364,0.0697,0.000544,0.124,0.494,171.543,4,424347
1qPmhXEGBdXT3nqqTFFkgw,Lazy - Greenhouse Demo Remastered,0,False,12,1,6PHIK3kjWggLtVygsOtpqS,Suede,0v0WRBfrm4hgMOzOp9viTU,Coming Up (Deluxe Edition),1996-09-03,album,0.268,0.79,8,-6.755,1,0.0324,0.000908,0.0,0.0962,0.694,108.062,4,194933
7N3WFB1bUlQFLnwBBqQWbq,Dead Leg [Beautiful Ones] - Four Track Demo Remastered,0,False,13,1,6PHIK3kjWggLtVygsOtpqS,Suede,0v0WRBfrm4hgMOzOp9viTU,Coming Up (Deluxe Edition),1996-09-03,album,0.195,0.598,5,-6.569,1,0.0361,0.356,9.97e-05,0.118,0.285,60.141,3,195533
2A1GlAHrjVPdUmqp29m05z,Filmstar - Church Demo Remastered,0,False,14,1,6PHIK3kjWggLtVygsOtpqS,Suede,0v0WRBfrm4hgMOzOp9viTU,Coming Up (Deluxe Edition),1996-09-03,album,0.25,0.741,10,-5.451,0,0.0541,0.436,0.000123,0.558,0.599,144.05,4,158013
2Q05QeON2Unoai8lGKVT4u,Pisspot [Trash] - Four Track Demo Remastered,0,False,15,1,6PHIK3kjWggLtVygsOtpqS,Suede,0v0WRBfrm4hgMOzOp9viTU,Coming Up (Deluxe Edition),1996-09-03,album,0.43,0.833,5,-4.676,1,0.05,0.352,0.00767,0.0753,0.603,125.982,4,302240
7cbiTqu4gy4AdjKOYYuKlM,Ballad Idea [Saturday Night] - Church Demo Remastered,0,False,16,1,6PHIK3kjWggLtVygsOtpqS,Suede,0v0WRBfrm4hgMOzOp9viTU,Coming Up (Deluxe Edition),1996-09-03,album,0.484,0.473,8,-8.717,1,0.0284,0.118,0.00103,0.113,0.597,114.249,4,228587
5oa5GQ7lVKk5RNxYbpHLls,Tiswas [Starcrazy] - Four Track Demo Remastered,0,False,17,1,6PHIK3kjWggLtVygsOtpqS,Suede,0v0WRBfrm4hgMOzOp9viTU,Coming Up (Deluxe Edition),1996-09-03,album,0.213,0.923,4,-4.409,0,0.0777,0.00223,0.0,0.386,0.563,204.794,4,200360
5ims3lijbQfPNmfLR9fxGq,Asda Town - Remastered,0,False,18,1,6PHIK3kjWggLtVygsOtpqS,Suede,0v0WRBfrm4hgMOzOp9viTU,Coming Up (Deluxe Edition),1996-09-03,album,0.512,0.647,5,-8.554,1,0.0334,0.347,0.000846,0.213,0.45,129.399,4,187600
3dkF9AFUEpZmaIi8coJXo3,Together - Remastered,0,False,19,1,6PHIK3kjWggLtVygsOtpqS,Suede,0v0WRBfrm4hgMOzOp9viTU,Coming Up (Deluxe Edition),1996-09-03,album,0.142,0.919,8,-6.987,0,0.11,0.0182,1.22e-06,0.0889,0.281,183.492,4,274267
7pcbAMl0xqlwiGEKOV213Q,Bentswood Boys - Remastered,0,False,20,1,6PHIK3kjWggLtVygsOtpqS,Suede,0v0WRBfrm4hgMOzOp9viTU,Coming Up (Deluxe Edition),1996-09-03,album,0.467,0.599,1,-10.457,1,0.0274,0.13,4.57e-05,0.162,0.603,143.919,4,193880
7FzSYNIfb3nlMXWrteHBuW,Have You Ever Been This Low? - Remastered,0,False,2,2,6PHIK3kjWggLtVygsOtpqS,Suede,0v0WRBfrm4hgMOzOp9viTU,Coming Up (Deluxe Edition),1996-09-03,album,0.358,0.894,1,-6.952,0,0.0588,0.307,0.0105,0.263,0.403,75.509,4,235813
5NGxbiCR1JV2CJk0esLS7f,Another No One - Remastered [New],0,False,3,2,6PHIK3kjWggLtVygsOtpqS,Suede,0v0WRBfrm4hgMOzOp9viTU,Coming Up (Deluxe Edition),1996-09-03,album,0.188,0.171,4,-16.028,0,0.0362,0.647,1.82e-05,0.36,0.137,173.791,3,232093
7rXUXiiPOmMoqDQtyQGaJf,Every Monday Morning Comes - Remastered,0,False,4,2,6PHIK3kjWggLtVygsOtpqS,Suede,0v0WRBfrm4hgMOzOp9viTU,Coming Up (Deluxe Edition),1996-09-03,album,0.298,0.801,5,-7.387,1,0.0415,0.0154,0.0544,0.105,0.48,169.769,4,268827
7urLwft0vuaPzV3IvG2ZBW,Sound Of The Streets - Remastered,0,False,5,2,6PHIK3kjWggLtVygsOtpqS,Suede,0v0WRBfrm4hgMOzOp9viTU,Coming Up (Deluxe Edition),1996-09-03,album,0.404,0.906,1,-4.823,1,0.0361,0.00323,6.83e-05,0.087,0.501,119.766,4,301467
0yAzXKj11GcVcowd6X2AX8,Young Men - Remastered,0,False,6,2,6PHIK3kjWggLtVygsOtpqS,Suede,0v0WRBfrm4hgMOzOp9viTU,Coming Up (Deluxe Edition),1996-09-03,album,0.313,0.916,10,-4.339,0,0.0495,0.00312,3.39e-05,0.295,0.576,142.188,4,276920
2oLATJmF8hAHfr51w6mwNT,Sam - Remastered,0,False,7,2,6PHIK3kjWggLtVygsOtpqS,Suede,0v0WRBfrm4hgMOzOp9viTU,Coming Up (Deluxe Edition),1996-09-03,album,0.477,0.623,11,-8.796,1,0.0278,0.263,0.000127,0.12,0.509,136.858,4,217893
1UV5bwaiIQrW4ohVmrEIBz,Money - Remastered,0,False,8,2,6PHIK3kjWggLtVygsOtpqS,Suede,0v0WRBfrm4hgMOzOp9viTU,Coming Up (Deluxe Edition),1996-09-03,album,0.503,0.994,6,-4.005,0,0.0597,7.27e-05,0.597,0.231,0.662,145.842,4,246413
0C1StS1K4NH4P4Z4s6UoZx,This Time - Remastered [New],0,False,9,2,6PHIK3kjWggLtVygsOtpqS,Suede,0v0WRBfrm4hgMOzOp9viTU,Coming Up (Deluxe Edition),1996-09-03,album,0.467,0.622,9,-5.83,1,0.0268,0.199,0.00441,0.135,0.468,84.46,4,346787
1jDqK6guL6Ka7yeHMcy4uG,WSD - Remastered,0,False,10,2,6PHIK3kjWggLtVygsOtpqS,Suede,0v0WRBfrm4hgMOzOp9viTU,Coming Up (Deluxe Edition),1996-09-03,album,0.528,0.863,10,-6.377,0,0.0291,0.00318,0.0125,0.0911,0.88,171.478,4,280440
0PfruVmsuK4Jk1lHZkJTxu,Jumble Sale Mums - Remastered,0,False,11,2,6PHIK3kjWggLtVygsOtpqS,Suede,0v0WRBfrm4hgMOzOp9viTU,Coming Up (Deluxe Edition),1996-09-03,album,0.32,0.565,8,-7.116,0,0.0292,0.0143,0.00832,0.0874,0.369,73.659,4,256693
1j8KZBKEMSN4ZKBNYbCbFI,These Are The Sad Songs - Remastered,0,False,12,2,6PHIK3kjWggLtVygsOtpqS,Suede,0v0WRBfrm4hgMOzOp9viTU,Coming Up (Deluxe Edition),1996-09-03,album,0.34,0.921,1,-4.642,0,0.051,3.13e-05,0.0285,0.118,0.436,112.812,4,382160
0lqqnBY7BVzTmUKqsyouJH,Feel - Remastered,0,False,13,2,6PHIK3kjWggLtVygsOtpqS,Suede,0v0WRBfrm4hgMOzOp9viTU,Coming Up (Deluxe Edition),1996-09-03,album,0.318,0.772,4,-6.425,1,0.0519,0.00678,0.00771,0.0858,0.551,148.076,4,305240
6Rt8pGHRk18T1JrPmmqeRy,Sadie - Remastered,0,False,14,2,6PHIK3kjWggLtVygsOtpqS,Suede,0v0WRBfrm4hgMOzOp9viTU,Coming Up (Deluxe Edition),1996-09-03,album,0.192,0.847,1,-5.502,0,0.0345,0.000889,0.00015,0.112,0.539,174.276,4,325933
6R25AwRvnujvHnqxDjdBu0,Graffiti Women - Remastered,0,False,15,2,6PHIK3kjWggLtVygsOtpqS,Suede,0v0WRBfrm4hgMOzOp9viTU,Coming Up (Deluxe Edition),1996-09-03,album,0.495,0.674,10,-7.198,0,0.0251,0.103,0.0024,0.0728,0.598,97.416,4,291053
3FRFKybXFIYKamInQ0xAkh,Duchess - Remastered,0,False,16,2,6PHIK3kjWggLtVygsOtpqS,Suede,0v0WRBfrm4hgMOzOp9viTU,Coming Up (Deluxe Edition),1996-09-03,album,0.194,0.296,2,-8.986,1,0.0335,0.231,0.196,0.373,0.224,90.109,4,231600
3te6ncg9e1DMu48mB8PDLs,Motown - Previously Unreleased Rehearsal Room Recording Remastered,0,False,17,2,6PHIK3kjWggLtVygsOtpqS,Suede,0v0WRBfrm4hgMOzOp9viTU,Coming Up (Deluxe Edition),1996-09-03,album,0.132,0.875,8,-9.124,1,0.0464,0.0221,0.375,0.0923,0.71,203.368,4,281680
2w9Sea4zVafolKc3IpXgGG,Introducing the Band - Remastered,0,False,1,1,6PHIK3kjWggLtVygsOtpqS,Suede,3mLHmkyGOQf0Ji91yUOJkT,Dog Man Star (Remastered) [Deluxe Edition],1994-10-10,album,0.211,0.69,1,-8.358,1,0.0583,0.00297,0.00201,0.0943,0.0682,187.679,4,157178
73jXchWcacNttGwOn0t7MY,We Are the Pigs - Remastered,0,False,2,1,6PHIK3kjWggLtVygsOtpqS,Suede,3mLHmkyGOQf0Ji91yUOJkT,Dog Man Star (Remastered) [Deluxe Edition],1994-10-10,album,0.367,0.763,3,-7.076,0,0.1,0.386,0.0,0.602,0.21,106.705,3,260486
2cxGr5kXAaZMFUrrrfWTwD,Heroine - Remastered,0,False,3,1,6PHIK3kjWggLtVygsOtpqS,Suede,3mLHmkyGOQf0Ji91yUOJkT,Dog Man Star (Remastered) [Deluxe Edition],1994-10-10,album,0.431,0.913,11,-6.179,1,0.0846,0.101,0.0,0.365,0.457,111.881,4,199280
2hSSI4ISp1I74jAOPlutE4,The Wild Ones - Remastered,0,False,4,1,6PHIK3kjWggLtVygsOtpqS,Suede,3mLHmkyGOQf0Ji91yUOJkT,Dog Man Star (Remastered) [Deluxe Edition],1994-10-10,album,0.335,0.55,3,-8.907,1,0.031,0.54,6.49e-05,0.0426,0.341,169.61,3,284056
33a2bmqUnjRNoUx1JHEa8k,Daddy's Speeding - Remastered,0,False,5,1,6PHIK3kjWggLtVygsOtpqS,Suede,3mLHmkyGOQf0Ji91yUOJkT,Dog Man Star (Remastered) [Deluxe Edition],1994-10-10,album,0.378,0.325,11,-15.067,1,0.0301,0.635,0.000144,0.101,0.17,95.264,4,321834
593fIyp4CBIKI1nTYFb9mH,The Power - Remastered,0,False,6,1,6PHIK3kjWggLtVygsOtpqS,Suede,3mLHmkyGOQf0Ji91yUOJkT,Dog Man Star (Remastered) [Deluxe Edition],1994-10-10,album,0.429,0.638,9,-9.457,1,0.0317,0.257,4.38e-05,0.422,0.562,74.904,4,271755
3fJv6yY5cZ4HXKGD1bTwsC,New Generation - Remastered,0,False,7,1,6PHIK3kjWggLtVygsOtpqS,Suede,3mLHmkyGOQf0Ji91yUOJkT,Dog Man Star (Remastered) [Deluxe Edition],1994-10-10,album,0.427,0.791,1,-7.698,1,0.0434,0.0985,2.45e-05,0.102,0.414,123.707,4,277775
4KdqbUZz8vIMUv66JaaqBj,This Hollywood Life - Remastered,0,False,8,1,6PHIK3kjWggLtVygsOtpqS,Suede,3mLHmkyGOQf0Ji91yUOJkT,Dog Man Star (Remastered) [Deluxe Edition],1994-10-10,album,0.261,0.785,6,-6.302,1,0.0592,0.537,0.0,0.296,0.294,129.006,1,229156
40ZBT73A2K2yX2Ao5zTArK,The 2 of Us - Remastered,0,False,9,1,6PHIK3kjWggLtVygsOtpqS,Suede,3mLHmkyGOQf0Ji91yUOJkT,Dog Man Star (Remastered) [Deluxe Edition],1994-10-10,album,0.36,0.306,0,-12.329,1,0.0339,0.946,0.00195,0.0616,0.104,139.663,4,345636
6M4STyNfn7DlAElCQa7YFf,Black or Blue - Remastered,0,False,10,1,6PHIK3kjWggLtVygsOtpqS,Suede,3mLHmkyGOQf0Ji91yUOJkT,Dog Man Star (Remastered) [Deluxe Edition],1994-10-10,album,0.217,0.142,1,-13.321,1,0.0365,0.856,3.3e-05,0.119,0.13,173.818,5,226629
1hfsZUyxCNCyZxDCHU8QYx,The Asphalt World - Remastered,0,False,11,1,6PHIK3kjWggLtVygsOtpqS,Suede,3mLHmkyGOQf0Ji91yUOJkT,Dog Man Star (Remastered) [Deluxe Edition],1994-10-10,album,0.257,0.73,4,-9.539,0,0.113,0.0912,0.000378,0.173,0.0586,143.536,4,565240
4gIUSkr5JnXjXbCpN41a7a,Still Life - Remastered,0,False,12,1,6PHIK3kjWggLtVygsOtpqS,Suede,3mLHmkyGOQf0Ji91yUOJkT,Dog Man Star (Remastered) [Deluxe Edition],1994-10-10,album,0.291,0.405,1,-9.952,1,0.029,0.495,0.116,0.113,0.128,92.611,4,322135
5v6hEyOlWLz4psPgU9Lal7,Squidgy Bun (Introducing the Band) - Four Track Demo / Remastered,0,False,1,2,6PHIK3kjWggLtVygsOtpqS,Suede,3mLHmkyGOQf0Ji91yUOJkT,Dog Man Star (Remastered) [Deluxe Edition],1994-10-10,album,0.32,0.626,1,-10.333,1,0.0495,0.942,0.785,0.375,0.346,95.171,4,154942
1IbprtRGiPUN8nxhkT2bry,Ken (The Wild Ones) - Four Track Demo / Remastered,0,False,2,2,6PHIK3kjWggLtVygsOtpqS,Suede,3mLHmkyGOQf0Ji91yUOJkT,Dog Man Star (Remastered) [Deluxe Edition],1994-10-10,album,0.388,0.673,3,-7.717,1,0.0424,0.622,0.00395,0.31,0.396,83.476,4,337962
3E2XSlNZc5yJM3gjaehyZh,A Man's Song (Heroine) - Four Track Demo / Remastered,0,False,3,2,6PHIK3kjWggLtVygsOtpqS,Suede,3mLHmkyGOQf0Ji91yUOJkT,Dog Man Star (Remastered) [Deluxe Edition],1994-10-10,album,0.122,0.97,9,-4.184,0,0.109,0.776,0.335,0.761,0.0781,204.27,4,172817
7Bu89A5dgA49CeE5xE4Xck,Banana Youth (The Power) - Four Track Demo / Remastered,0,False,4,2,6PHIK3kjWggLtVygsOtpqS,Suede,3mLHmkyGOQf0Ji91yUOJkT,Dog Man Star (Remastered) [Deluxe Edition],1994-10-10,album,0.402,0.689,5,-8.258,0,0.0402,0.283,0.000438,0.678,0.408,74.666,4,240137
2wo1OCm6Vsp4RZgxeBXKvx,The 2 of Us - Four Track Demo / Remastered,0,False,5,2,6PHIK3kjWggLtVygsOtpqS,Suede,3mLHmkyGOQf0Ji91yUOJkT,Dog Man Star (Remastered) [Deluxe Edition],1994-10-10,album,0.382,0.578,0,-6.38,1,0.0282,0.867,0.797,0.439,0.178,75.572,4,400014
5N2JwPqHROyEh06b16c9tU,Stay Together - Long Version / Remastered,0,False,8,2,6PHIK3kjWggLtVygsOtpqS,Suede,3mLHmkyGOQf0Ji91yUOJkT,Dog Man Star (Remastered) [Deluxe Edition],1994-10-10,album,0.154,0.866,1,-5.369,0,0.108,0.496,0.000133,0.0725,0.297,173.559,4,444338
6kusY9ifglpdTs2OfEQoVn,Whipsnade - Remastered,0,False,10,2,6PHIK3kjWggLtVygsOtpqS,Suede,3mLHmkyGOQf0Ji91yUOJkT,Dog Man Star (Remastered) [Deluxe Edition],1994-10-10,album,0.548,0.73,8,-8.523,1,0.0406,0.623,4.41e-06,0.0736,0.482,112.912,4,258951
7az0kQXH57NVWaMKkDAz48,This World Needs a Father - Remastered,0,False,11,2,6PHIK3kjWggLtVygsOtpqS,Suede,3mLHmkyGOQf0Ji91yUOJkT,Dog Man Star (Remastered) [Deluxe Edition],1994-10-10,album,0.424,0.792,6,-5.636,1,0.0399,0.188,6.14e-06,0.201,0.449,104.907,3,233250
53Xh9E0zzxmaGlURUMUGSQ,Eno's Introducing the Band - Remastered,0,False,13,2,6PHIK3kjWggLtVygsOtpqS,Suede,3mLHmkyGOQf0Ji91yUOJkT,Dog Man Star (Remastered) [Deluxe Edition],1994-10-10,album,0.134,0.244,1,-17.281,1,0.0345,0.63,0.92,0.109,0.0279,92.122,4,963993
3lWbgC2L8iBAWvWr7yETYy,La Puissance (The Power) - Remastered,0,False,14,2,6PHIK3kjWggLtVygsOtpqS,Suede,3mLHmkyGOQf0Ji91yUOJkT,Dog Man Star (Remastered) [Deluxe Edition],1994-10-10,album,0.561,0.409,8,-10.628,1,0.0329,0.4,0.0,0.121,0.783,72.639,4,82958
4iVOcGzOXjjh9gnvGOqaez,The Living Dead - Piano Version / Remastered,0,False,15,2,6PHIK3kjWggLtVygsOtpqS,Suede,3mLHmkyGOQf0Ji91yUOJkT,Dog Man Star (Remastered) [Deluxe Edition],1994-10-10,album,0.425,0.116,11,-17.361,1,0.0376,0.826,9.19e-06,0.104,0.141,111.359,4,166144
3ENoMLFyhUItYHnFeKk8hw,We Believe in Showbiz - Remastered,0,False,16,2,6PHIK3kjWggLtVygsOtpqS,Suede,3mLHmkyGOQf0Ji91yUOJkT,Dog Man Star (Remastered) [Deluxe Edition],1994-10-10,album,0.314,0.732,7,-8.34,0,0.0532,0.394,2.75e-06,0.0867,0.442,137.796,4,226024
7Af02Eatf3lTH2j8ayT01P,Still Life - Orchestral Version / Remastered,0,False,17,2,6PHIK3kjWggLtVygsOtpqS,Suede,3mLHmkyGOQf0Ji91yUOJkT,Dog Man Star (Remastered) [Deluxe Edition],1994-10-10,album,0.142,0.199,1,-14.306,1,0.0358,0.825,0.843,0.112,0.0382,92.283,4,313441
7wYnUeJhZNusc6c89Qs2c0,The Wild Ones - Unedited Version / Remastered,0,False,18,2,6PHIK3kjWggLtVygsOtpqS,Suede,3mLHmkyGOQf0Ji91yUOJkT,Dog Man Star (Remastered) [Deluxe Edition],1994-10-10,album,0.361,0.588,3,-10.975,1,0.0341,0.251,0.000124,0.26,0.397,169.05,4,436384
6TVIl0JJCcuYNnmkNmtj9B,The Asphalt World - Unedited Version / Remastered,0,False,19,2,6PHIK3kjWggLtVygsOtpqS,Suede,3mLHmkyGOQf0Ji91yUOJkT,Dog Man Star (Remastered) [Deluxe Edition],1994-10-10,album,0.284,0.761,8,-10.622,0,0.0896,0.0172,0.00248,0.117,0.111,139.425,4,686898
1Lzoh8tVtMEhDJws7G9Hi6,Introducing the Band - Remastered,0,False,1,1,6PHIK3kjWggLtVygsOtpqS,Suede,2E3dnrJMbukEc41m5CpYJq,Dog Man Star (Remastered) (Deluxe Edition),1994-10-10,album,0.164,0.691,1,-8.358,1,0.0588,0.00297,0.00217,0.0943,0.0687,187.697,4,157178
4OUI1J1uGYcTBJnzUcdC4E,We Are the Pigs - Remastered,0,False,2,1,6PHIK3kjWggLtVygsOtpqS,Suede,2E3dnrJMbukEc41m5CpYJq,Dog Man Star (Remastered) (Deluxe Edition),1994-10-10,album,0.361,0.76,3,-7.078,0,0.0988,0.388,0.0,0.602,0.199,106.715,3,260486
4eK7KnH3YxFRAhx8NX1jhr,Heroine - Remastered,0,False,3,1,6PHIK3kjWggLtVygsOtpqS,Suede,2E3dnrJMbukEc41m5CpYJq,Dog Man Star (Remastered) (Deluxe Edition),1994-10-10,album,0.431,0.913,11,-6.179,1,0.0846,0.101,0.0,0.365,0.457,111.881,4,199280
10dzzuDbC0Ny6oek2Uj2pd,The Wild Ones - Remastered,0,False,4,1,6PHIK3kjWggLtVygsOtpqS,Suede,2E3dnrJMbukEc41m5CpYJq,Dog Man Star (Remastered) (Deluxe Edition),1994-10-10,album,0.331,0.55,3,-8.907,1,0.031,0.537,6.49e-05,0.0426,0.341,169.609,3,284056
6pdBdJOE8kvl9vAci99MVk,Daddy's Speeding - Remastered,0,False,5,1,6PHIK3kjWggLtVygsOtpqS,Suede,2E3dnrJMbukEc41m5CpYJq,Dog Man Star (Remastered) (Deluxe Edition),1994-10-10,album,0.379,0.325,11,-15.067,1,0.0301,0.635,0.000145,0.101,0.171,95.257,4,321834
065uDysuDlnZ6IyellvMbJ,The Power - Remastered,0,False,6,1,6PHIK3kjWggLtVygsOtpqS,Suede,2E3dnrJMbukEc41m5CpYJq,Dog Man Star (Remastered) (Deluxe Edition),1994-10-10,album,0.429,0.637,9,-9.457,1,0.0315,0.261,4.15e-05,0.422,0.563,74.905,4,271755
6Vr4macn6E95IoOu67xqTd,New Generation - Remastered,0,False,7,1,6PHIK3kjWggLtVygsOtpqS,Suede,2E3dnrJMbukEc41m5CpYJq,Dog Man Star (Remastered) (Deluxe Edition),1994-10-10,album,0.431,0.791,1,-7.698,1,0.043,0.0985,2.45e-05,0.102,0.412,123.76,4,277775
2UitkSG2s2IYuD0f2nSSoZ,This Hollywood Life - Remastered,0,False,8,1,6PHIK3kjWggLtVygsOtpqS,Suede,2E3dnrJMbukEc41m5CpYJq,Dog Man Star (Remastered) (Deluxe Edition),1994-10-10,album,0.265,0.785,6,-6.302,1,0.0589,0.537,0.0,0.296,0.294,130.228,1,229156
7yWvhPlWpLqebaOQivwp9H,The 2 of Us - Remastered,0,False,9,1,6PHIK3kjWggLtVygsOtpqS,Suede,2E3dnrJMbukEc41m5CpYJq,Dog Man Star (Remastered) (Deluxe Edition),1994-10-10,album,0.365,0.307,0,-12.329,1,0.0335,0.946,0.00182,0.0616,0.103,137.792,4,345636
4i2JezKM7m62zd9ueC2fEi,Black or Blue - Remastered,0,False,10,1,6PHIK3kjWggLtVygsOtpqS,Suede,2E3dnrJMbukEc41m5CpYJq,Dog Man Star (Remastered) (Deluxe Edition),1994-10-10,album,0.216,0.142,1,-13.321,1,0.0347,0.856,3.59e-05,0.119,0.134,175.462,4,226629
7vBk4vILZpVhQ9dYYMRksT,The Asphalt World - Remastered,0,False,11,1,6PHIK3kjWggLtVygsOtpqS,Suede,2E3dnrJMbukEc41m5CpYJq,Dog Man Star (Remastered) (Deluxe Edition),1994-10-10,album,0.258,0.73,4,-9.539,0,0.112,0.0909,0.000373,0.173,0.0585,143.58,4,565240
46M5jqOsyFgxxbWgyvmXdP,Still Life - Remastered,0,False,12,1,6PHIK3kjWggLtVygsOtpqS,Suede,2E3dnrJMbukEc41m5CpYJq,Dog Man Star (Remastered) (Deluxe Edition),1994-10-10,album,0.347,0.404,1,-9.952,1,0.0284,0.498,0.114,0.113,0.122,92.865,4,322135
3QHNDES95hvrZgwxGipPh6,Squidgy Bun (Introducing the Band) - Four Track Demo / Remastered,0,False,1,2,6PHIK3kjWggLtVygsOtpqS,Suede,2E3dnrJMbukEc41m5CpYJq,Dog Man Star (Remastered) (Deluxe Edition),1994-10-10,album,0.321,0.625,6,-10.333,1,0.0503,0.942,0.78,0.375,0.343,97.133,4,154942
5GgpEM56M5spPwOM0zDUhD,Ken (The Wild Ones) - Four Track Demo / Remastered,0,False,2,2,6PHIK3kjWggLtVygsOtpqS,Suede,2E3dnrJMbukEc41m5CpYJq,Dog Man Star (Remastered) (Deluxe Edition),1994-10-10,album,0.393,0.673,3,-7.717,1,0.0389,0.623,0.00402,0.31,0.403,83.308,4,337962
25YRnGz7fczASIEvcxyaba,A Man's Song (Heroine) - Four Track Demo / Remastered,0,False,3,2,6PHIK3kjWggLtVygsOtpqS,Suede,2E3dnrJMbukEc41m5CpYJq,Dog Man Star (Remastered) (Deluxe Edition),1994-10-10,album,0.122,0.969,9,-4.185,0,0.109,0.776,0.306,0.773,0.0782,204.279,4,172817
55Lo6tbvCThJqoQtDdOREn,Banana Youth (The Power) - Four Track Demo / Remastered,0,False,4,2,6PHIK3kjWggLtVygsOtpqS,Suede,2E3dnrJMbukEc41m5CpYJq,Dog Man Star (Remastered) (Deluxe Edition),1994-10-10,album,0.402,0.689,5,-8.258,0,0.04,0.285,0.000477,0.678,0.408,74.686,4,240137
1RZcCWIOCYjcQQ3c919pZ3,The 2 of Us - Four Track Demo / Remastered,0,False,5,2,6PHIK3kjWggLtVygsOtpqS,Suede,2E3dnrJMbukEc41m5CpYJq,Dog Man Star (Remastered) (Deluxe Edition),1994-10-10,album,0.316,0.578,0,-6.38,1,0.028,0.867,0.79,0.439,0.176,75.513,4,400014
5qo1isIdEcL2gmHPtIX6Z9,Stay Together - Long Version / Remastered,0,False,8,2,6PHIK3kjWggLtVygsOtpqS,Suede,2E3dnrJMbukEc41m5CpYJq,Dog Man Star (Remastered) (Deluxe Edition),1994-10-10,album,0.154,0.866,1,-5.369,0,0.108,0.494,0.000133,0.0724,0.298,173.517,4,444338
3adnJaAJQ0Ta9aFniCQWgM,Whipsnade - Remastered,0,False,10,2,6PHIK3kjWggLtVygsOtpqS,Suede,2E3dnrJMbukEc41m5CpYJq,Dog Man Star (Remastered) (Deluxe Edition),1994-10-10,album,0.548,0.73,8,-8.524,1,0.0405,0.63,4.56e-06,0.0736,0.445,112.912,4,258951
37l3kPKevLc0a2F6beYwy6,This World Needs a Father - Remastered,0,False,11,2,6PHIK3kjWggLtVygsOtpqS,Suede,2E3dnrJMbukEc41m5CpYJq,Dog Man Star (Remastered) (Deluxe Edition),1994-10-10,album,0.424,0.792,6,-5.636,1,0.0399,0.185,6.85e-06,0.201,0.448,104.915,3,233250
6dMQsDlEB7qRnRjkR7NLco,Eno's Introducing the Band - Remastered,0,False,13,2,6PHIK3kjWggLtVygsOtpqS,Suede,2E3dnrJMbukEc41m5CpYJq,Dog Man Star (Remastered) (Deluxe Edition),1994-10-10,album,0.135,0.244,1,-17.285,1,0.0347,0.629,0.919,0.107,0.0277,92.507,4,963993
6pZmQS5CBsZtbCoylWGZAs,La Puissance (The Power) - Remastered,0,False,14,2,6PHIK3kjWggLtVygsOtpqS,Suede,2E3dnrJMbukEc41m5CpYJq,Dog Man Star (Remastered) (Deluxe Edition),1994-10-10,album,0.538,0.41,8,-10.631,1,0.0343,0.4,0.0,0.121,0.788,72.254,1,82958
7p8RZH1MEJpn2wO8LkamLE,The Living Dead - Piano Version / Remastered,0,False,15,2,6PHIK3kjWggLtVygsOtpqS,Suede,2E3dnrJMbukEc41m5CpYJq,Dog Man Star (Remastered) (Deluxe Edition),1994-10-10,album,0.399,0.116,11,-17.361,1,0.0376,0.826,9.19e-06,0.104,0.14,111.309,4,166144
1lSAca1ia8NhlX8sgilRo2,We Believe in Showbiz - Remastered,0,False,16,2,6PHIK3kjWggLtVygsOtpqS,Suede,2E3dnrJMbukEc41m5CpYJq,Dog Man Star (Remastered) (Deluxe Edition),1994-10-10,album,0.314,0.733,7,-8.34,0,0.0532,0.394,2.75e-06,0.0867,0.444,137.794,4,226024
5SqQQ7W9LU2pIgiVf8ddDQ,Still Life - Orchestral Version / Remastered,0,False,17,2,6PHIK3kjWggLtVygsOtpqS,Suede,2E3dnrJMbukEc41m5CpYJq,Dog Man Star (Remastered) (Deluxe Edition),1994-10-10,album,0.144,0.199,1,-14.306,1,0.0358,0.825,0.843,0.112,0.0381,92.3,4,313441
2V6ShzYdL6jbouN7x0jQWW,The Wild Ones - Unedited Version / Remastered,0,False,18,2,6PHIK3kjWggLtVygsOtpqS,Suede,2E3dnrJMbukEc41m5CpYJq,Dog Man Star (Remastered) (Deluxe Edition),1994-10-10,album,0.361,0.589,3,-10.975,1,0.0339,0.251,0.000127,0.26,0.398,169.137,4,436384
1s6XePaP82OHmUbgYjh2dJ,The Asphalt World - Unedited Version / Remastered,0,False,19,2,6PHIK3kjWggLtVygsOtpqS,Suede,2E3dnrJMbukEc41m5CpYJq,Dog Man Star (Remastered) (Deluxe Edition),1994-10-10,album,0.301,0.762,8,-10.623,0,0.0919,0.0169,0.00261,0.117,0.108,138.867,4,686898
5RN2bX8ZptIYiopgVd4gMk,So Young (Remastered),28,False,1,1,6PHIK3kjWggLtVygsOtpqS,Suede,7uCoh6iOPS2yMIJO1WAjvX,Suede (Remastered) (Deluxe Edition),1993-03-29,album,0.31,0.86,8,-5.18,0,0.06,0.75,0.0,0.3,0.41,116.16,4,220000
3Zyqa7NBh1WIRbnPFeQkKc,Animal Nitrate (Remastered),31,False,2,1,6PHIK3kjWggLtVygsOtpqS,Suede,7uCoh6iOPS2yMIJO1WAjvX,Suede (Remastered) (Deluxe Edition),1993-03-29,album,0.24,0.91,6,-4.86,1,0.05,0.52,0.0,0.08,0.3,102.18,4,207000
5E6ONdDObry1OXUuwTUyPh,She’s Not Dead (Remastered),16,True,3,1,6PHIK3kjWggLtVygsOtpqS,Suede,7uCoh6iOPS2yMIJO1WAjvX,Suede (Remastered) (Deluxe Edition),1993-03-29,album,0.38,0.51,10,-10.28,0,0.03,0.76,0.0,0.16,0.12,103.44,4,275000
4nvOKSXQvCccUMXVWxQ4B1,Moving (Remastered),16,False,4,1,6PHIK3kjWggLtVygsOtpqS,Suede,7uCoh6iOPS2yMIJO1WAjvX,Suede (Remastered) (Deluxe Edition),1993-03-29,album,0.32,0.88,8,-5.79,1,0.05,0.0,0.0,0.06,0.62,78.5,4,170000
3Y2kP5sRZidrhGEaAS2b1k,Pantomime Horse (Remastered),17,False,5,1,6PHIK3kjWggLtVygsOtpqS,Suede,7uCoh6iOPS2yMIJO1WAjvX,Suede (Remastered) (Deluxe Edition),1993-03-29,album,0.21,0.63,8,-7.51,1,0.04,0.05,0.0,0.1,0.16,120.62,3,349000
4VkXuBt0Qz5G3YFifTUhVr,The Drowners (Remastered),25,False,6,1,6PHIK3kjWggLtVygsOtpqS,Suede,7uCoh6iOPS2yMIJO1WAjvX,Suede (Remastered) (Deluxe Edition),1993-03-29,album,0.44,0.91,1,-4.78,1,0.04,0.04,0.0,0.09,0.64,148.08,4,251000
1qqXnKpRUM9AoG0rNQmsEK,Sleeping Pills (Remastered),17,False,7,1,6PHIK3kjWggLtVygsOtpqS,Suede,7uCoh6iOPS2yMIJO1WAjvX,Suede (Remastered) (Deluxe Edition),1993-03-29,album,0.25,0.5,8,-7.14,1,0.03,0.75,0.0,0.33,0.08,133.93,4,230000
5vHkrnJAo4SahCsI7emEtf,Breakdown (Remastered),15,False,8,1,6PHIK3kjWggLtVygsOtpqS,Suede,7uCoh6iOPS2yMIJO1WAjvX,Suede (Remastered) (Deluxe Edition),1993-03-29,album,0.35,0.36,8,-10.04,1,0.03,0.65,0.0,0.11,0.09,132.25,4,364000
1j76xLW94ci6vjHYKAgSb8,Metal Mickey (Remastered),19,False,9,1,6PHIK3kjWggLtVygsOtpqS,Suede,7uCoh6iOPS2yMIJO1WAjvX,Suede (Remastered) (Deluxe Edition),1993-03-29,album,0.46,0.94,1,-6.83,1,0.05,0.07,0.0,0.07,0.53,110.56,4,210000
3LU2fVo5PD9WyrBmjmthEp,Animal Lover (Remastered),13,False,10,1,6PHIK3kjWggLtVygsOtpqS,Suede,7uCoh6iOPS2yMIJO1WAjvX,Suede (Remastered) (Deluxe Edition),1993-03-29,album,0.24,0.9,1,-5.35,0,0.06,0.27,0.0,0.05,0.39,125.84,4,257000
0UDIW67cGLz5qZqkVMFrqx,The Next Life (Remastered),14,False,11,1,6PHIK3kjWggLtVygsOtpqS,Suede,7uCoh6iOPS2yMIJO1WAjvX,Suede (Remastered) (Deluxe Edition),1993-03-29,album,0.31,0.13,7,-12.02,1,0.04,0.89,0.0,0.13,0.06,143.25,3,208000
6zfiZfKGmZiKoczWfFrAZA,The Drowners (Rocking Horse Demo) [Remastered],10,False,12,1,6PHIK3kjWggLtVygsOtpqS,Suede,7uCoh6iOPS2yMIJO1WAjvX,Suede (Remastered) (Deluxe Edition),1993-03-29,album,0.205,0.614,3,-7.306,0,0.0378,0.00132,0.799,0.167,0.614,146.428,4,239080
7s02MfgZG6a9x1Svd5iQen,Metal Mickey (Island Demo) [Remastered],9,False,13,1,6PHIK3kjWggLtVygsOtpqS,Suede,7uCoh6iOPS2yMIJO1WAjvX,Suede (Remastered) (Deluxe Edition),1993-03-29,album,0.323,0.947,6,-5.299,1,0.0874,0.00024,0.00151,0.0999,0.46,110.166,4,158053
4aGrdnt7VHzOX8yJdOA2r7,Pantomime Horse (Island Demo) [Remastered],8,False,14,1,6PHIK3kjWggLtVygsOtpqS,Suede,7uCoh6iOPS2yMIJO1WAjvX,Suede (Remastered) (Deluxe Edition),1993-03-29,album,0.271,0.632,8,-8.239,1,0.0541,0.0106,5.41e-05,0.314,0.22,122.13,3,339187
2ek79sBMXjbxQAmNXLk4Ox,He's Dead (Rocking Horse Demo) [Remastered],7,False,15,1,6PHIK3kjWggLtVygsOtpqS,Suede,7uCoh6iOPS2yMIJO1WAjvX,Suede (Remastered) (Deluxe Edition),1993-03-29,album,0.23,0.94,5,-5.26,0,0.09,0.0,0.95,0.83,0.45,116.89,4,251000
27nq5Ev1tbq3HJX0uGOvqQ,Moving (Rocking Horse Demo) [Remastered],6,False,16,1,6PHIK3kjWggLtVygsOtpqS,Suede,7uCoh6iOPS2yMIJO1WAjvX,Suede (Remastered) (Deluxe Edition),1993-03-29,album,0.145,0.836,9,-4.706,1,0.057,5.78e-05,0.909,0.201,0.577,156.076,4,181000
7go1DkbUupfbAjQhyLNmt5,To The Birds (Rocking Horse Demo) [Remastered],7,False,17,1,6PHIK3kjWggLtVygsOtpqS,Suede,7uCoh6iOPS2yMIJO1WAjvX,Suede (Remastered) (Deluxe Edition),1993-03-29,album,0.119,0.648,6,-7.419,1,0.0376,0.000311,0.438,0.248,0.248,166.253,4,318000
694j4HpvBiNBjLgmODNEh8,Sleeping Pills (East West Demo) [Remastered],7,False,18,1,6PHIK3kjWggLtVygsOtpqS,Suede,7uCoh6iOPS2yMIJO1WAjvX,Suede (Remastered) (Deluxe Edition),1993-03-29,album,0.546,0.406,8,-11.11,1,0.0272,0.102,0.00103,0.108,0.159,129.247,4,235520
7HYgt8AFMymNdP8ZChUEm0,My Insatiable One (Remastered),14,False,1,2,6PHIK3kjWggLtVygsOtpqS,Suede,7uCoh6iOPS2yMIJO1WAjvX,Suede (Remastered) (Deluxe Edition),1993-03-29,album,0.357,0.711,1,-5.542,1,0.0346,0.186,0.0,0.0758,0.274,79.5,4,179307
1cE8nIvLyxX2EjPLiCCwv6,To The Birds (Remastered),10,False,2,2,6PHIK3kjWggLtVygsOtpqS,Suede,7uCoh6iOPS2yMIJO1WAjvX,Suede (Remastered) (Deluxe Edition),1993-03-29,album,0.263,0.745,1,-5.741,1,0.0329,0.254,0.0,0.0784,0.564,169.237,4,325187
4Sq4IA2EzBpDtBdOz01Tkv,He’s Dead (Remastered),10,False,3,2,6PHIK3kjWggLtVygsOtpqS,Suede,7uCoh6iOPS2yMIJO1WAjvX,Suede (Remastered) (Deluxe Edition),1993-03-29,album,0.268,0.809,6,-7.237,0,0.0411,0.0284,0.0229,0.126,0.312,114.961,4,313773
1WCBvBB4frOGz3Mc06PDta,Where The Pigs Don’t Fly (Remastered),7,False,4,2,6PHIK3kjWggLtVygsOtpqS,Suede,7uCoh6iOPS2yMIJO1WAjvX,Suede (Remastered) (Deluxe Edition),1993-03-29,album,0.32,0.62,8,-7.9,1,0.03,0.65,0.0,0.07,0.28,115.65,4,335000
1QXJUNa4xxjNBJh2gihP8A,Painted People (Remastered),7,False,5,2,6PHIK3kjWggLtVygsOtpqS,Suede,7uCoh6iOPS2yMIJO1WAjvX,Suede (Remastered) (Deluxe Edition),1993-03-29,album,0.23,0.95,6,-6.01,1,0.08,0.05,0.0,0.28,0.25,153.88,4,170000
2xE0pfQgcSnaDVJwiuZRJ8,The Big Time (Remastered),9,False,6,2,6PHIK3kjWggLtVygsOtpqS,Suede,7uCoh6iOPS2yMIJO1WAjvX,Suede (Remastered) (Deluxe Edition),1993-03-29,album,0.24,0.429,4,-10.213,1,0.0303,0.805,0.000984,0.102,0.141,104.725,4,267907
1ScrLoupuyfuPQ8wwzEpfA,High Rising (Remastered),6,False,7,2,6PHIK3kjWggLtVygsOtpqS,Suede,7uCoh6iOPS2yMIJO1WAjvX,Suede (Remastered) (Deluxe Edition),1993-03-29,album,0.271,0.302,0,-9.811,1,0.0283,0.497,0.00766,0.0949,0.0377,77.523,4,357787
2WE8wbMy6SgqIkGSiIJqKx,Dolly (Remastered),6,False,8,2,6PHIK3kjWggLtVygsOtpqS,Suede,7uCoh6iOPS2yMIJO1WAjvX,Suede (Remastered) (Deluxe Edition),1993-03-29,album,0.42,0.9,1,-5.95,1,0.06,0.06,0.0,0.07,0.55,122.98,4,164000
1k3qEuBnatGzIVhRTyqo6I,My Insatiable One (Piano Version) [Remastered],7,False,9,2,6PHIK3kjWggLtVygsOtpqS,Suede,7uCoh6iOPS2yMIJO1WAjvX,Suede (Remastered) (Deluxe Edition),1993-03-29,album,0.59,0.28,8,-11.33,1,0.03,0.73,0.0,0.2,0.2,79.51,4,167000
6elxJRYLZdfpdijvR4E4v9,Brass In Pocket (Remastered),13,False,10,2,6PHIK3kjWggLtVygsOtpqS,Suede,7uCoh6iOPS2yMIJO1WAjvX,Suede (Remastered) (Deluxe Edition),1993-03-29,album,0.368,0.475,1,-9.582,1,0.0374,0.739,0.000718,0.0881,0.17,168.654,4,221907
2o3e2f22tT0GJkUqLs9ynH,Diesel (Instrumental - Previously Unreleased Studio Outtake) [Remastered],6,False,11,2,6PHIK3kjWggLtVygsOtpqS,Suede,7uCoh6iOPS2yMIJO1WAjvX,Suede (Remastered) (Deluxe Edition),1993-03-29,album,0.329,0.589,8,-10.265,1,0.0248,0.534,0.937,0.0783,0.396,89.433,4,236133
4M52NNHhIzUqCEDBjwbO9s,Stars On 45 (Previously Unreleased Rehearsal Room Recording) [Remastered],6,False,12,2,6PHIK3kjWggLtVygsOtpqS,Suede,7uCoh6iOPS2yMIJO1WAjvX,Suede (Remastered) (Deluxe Edition),1993-03-29,album,0.275,0.755,3,-6.924,0,0.0475,0.125,0.196,0.0632,0.587,99.982,3,151653
3FjMPRuJUxSgJl31nKe5zp,Just A Girl (Early Demo) [Remastered],10,False,13,2,6PHIK3kjWggLtVygsOtpqS,Suede,7uCoh6iOPS2yMIJO1WAjvX,Suede (Remastered) (Deluxe Edition),1993-03-29,album,0.29,0.519,4,-7.596,0,0.0355,0.378,0.00203,0.0641,0.426,90.12,4,181440
1mMxx8t7pxHIsadQVlJ938,Sleeping Pills (Strings) [Remastered],5,False,14,2,6PHIK3kjWggLtVygsOtpqS,Suede,7uCoh6iOPS2yMIJO1WAjvX,Suede (Remastered) (Deluxe Edition),1993-03-29,album,0.087,0.319,1,-13.642,0,0.0366,0.234,0.873,0.113,0.045,167.144,1,76413
7nNu4mmw822NRsMUmQPbw9,So Young (Remastered),38,False,1,1,6PHIK3kjWggLtVygsOtpqS,Suede,23dDYYL9z4gZjkR4cHrazY,Suede (Remastered),1993-03-29,album,0.316,0.897,8,-6.385,0,0.0788,0.492,8.13e-06,0.202,0.512,116.051,4,219036
7FTmBYe7DHiOx1ZdaNzbZb,Animal Nitrate (Remastered),42,False,2,1,6PHIK3kjWggLtVygsOtpqS,Suede,23dDYYL9z4gZjkR4cHrazY,Suede (Remastered),1993-03-29,album,0.283,0.91,6,-5.301,1,0.0431,0.506,0.0,0.108,0.331,100.928,4,207762
2IXCt7WJqr7I03BE5fr44X,She’s Not Dead (Remastered),14,True,3,1,6PHIK3kjWggLtVygsOtpqS,Suede,23dDYYL9z4gZjkR4cHrazY,Suede (Remastered),1993-03-29,album,0.359,0.596,10,-9.091,0,0.0272,0.494,0.000163,0.132,0.103,102.838,4,275340
67iuAjOodlCEhYFhdBwrzf,Moving (Remastered),14,False,4,1,6PHIK3kjWggLtVygsOtpqS,Suede,23dDYYL9z4gZjkR4cHrazY,Suede (Remastered),1993-03-29,album,0.194,0.92,8,-3.958,1,0.0719,0.0812,3.4e-06,0.0675,0.534,156.606,4,170520
58eGQNtt7sbBxlDQh5QwcT,Pantomime Horse (Remastered),14,False,5,1,6PHIK3kjWggLtVygsOtpqS,Suede,23dDYYL9z4gZjkR4cHrazY,Suede (Remastered),1993-03-29,album,0.224,0.501,8,-9.117,1,0.0362,0.153,0.00188,0.0813,0.153,121.078,3,349229
3rGj4Y2nIBehsEmU1w8XvV,The Drowners (Remastered),32,False,6,1,6PHIK3kjWggLtVygsOtpqS,Suede,23dDYYL9z4gZjkR4cHrazY,Suede (Remastered),1993-03-29,album,0.457,0.85,1,-7.057,1,0.0336,0.000191,0.0,0.341,0.804,148.109,4,251486
1pO9SG1ie61D4OYHEMjTyr,Sleeping Pills (Remastered),14,False,7,1,6PHIK3kjWggLtVygsOtpqS,Suede,23dDYYL9z4gZjkR4cHrazY,Suede (Remastered),1993-03-29,album,0.258,0.465,8,-9.282,1,0.0313,0.708,1.91e-06,0.337,0.108,134.112,4,230891
6mMTeXyCqfJaFMc6u8OuRX,Breakdown (Remastered),13,False,8,1,6PHIK3kjWggLtVygsOtpqS,Suede,23dDYYL9z4gZjkR4cHrazY,Suede (Remastered),1993-03-29,album,0.333,0.416,8,-9.316,1,0.029,0.618,0.0141,0.0801,0.102,131.945,4,364159
3P9KXKu9uxcJhUKYL4bU5Y,Metal Mickey (Remastered),29,False,9,1,6PHIK3kjWggLtVygsOtpqS,Suede,23dDYYL9z4gZjkR4cHrazY,Suede (Remastered),1993-03-29,album,0.481,0.957,1,-5.992,1,0.0511,0.00224,0.00317,0.09,0.605,110.498,4,210924
2ebuLJkgQJTaF9k0U400tk,Animal Lover (Remastered),13,False,10,1,6PHIK3kjWggLtVygsOtpqS,Suede,23dDYYL9z4gZjkR4cHrazY,Suede (Remastered),1993-03-29,album,0.256,0.94,6,-4.742,0,0.0773,0.222,0.0,0.0692,0.284,125.778,4,258156
6XCiPVpitsVDbbTf5Hv47a,The Next Life (Remastered),17,False,11,1,6PHIK3kjWggLtVygsOtpqS,Suede,23dDYYL9z4gZjkR4cHrazY,Suede (Remastered),1993-03-29,album,0.314,0.234,7,-12.169,1,0.0298,0.873,2.86e-06,0.0957,0.0863,141.673,3,208080
798m4YfH7lzcZBjdyBFz21,He's Dead (Rocking Horse Demo) [Remastered],8,False,12,1,6PHIK3kjWggLtVygsOtpqS,Suede,23dDYYL9z4gZjkR4cHrazY,Suede (Remastered),1993-03-29,album,0.231,0.942,10,-5.271,0,0.0918,0.000781,0.949,0.876,0.46,116.944,4,251040
3CwJdI82VgPJr1t70V785f,"Where The Pigs Don’t Fly (Remastered) - B-side of ""Metal Micky""",10,False,13,1,6PHIK3kjWggLtVygsOtpqS,Suede,23dDYYL9z4gZjkR4cHrazY,Suede (Remastered),1993-03-29,album,0.317,0.62,8,-7.96,1,0.0319,0.623,0.00078,0.0762,0.278,116.075,4,335520
2mo6JUOdfhmEVvQt77PZH8,Love Is Blind - Remastered,16,True,1,1,36E7oYfz3LLRto6l2WmDcD,Pulp,3cilUi2G3adUtoi4ukBRNn,Separations (Remastered),2012-02-20,album,0.674,0.431,1,-14.207,1,0.0345,0.00282,0.0732,0.145,0.634,119.809,4,344959
2FR8vVM1bt1xsjWC2m1p9i,Don't You Want Me Anymore? - Remastered,15,False,2,1,36E7oYfz3LLRto6l2WmDcD,Pulp,3cilUi2G3adUtoi4ukBRNn,Separations (Remastered),2012-02-20,album,0.733,0.469,1,-13.911,1,0.0401,0.0761,0.00054,0.155,0.722,121.101,4,232638
0M0HeXxLnpZxhuMVPpy2XW,She's Dead - Remastered,15,False,3,1,36E7oYfz3LLRto6l2WmDcD,Pulp,3cilUi2G3adUtoi4ukBRNn,Separations (Remastered),2012-02-20,album,0.494,0.338,9,-14.076,1,0.0246,0.06,0.139,0.139,0.417,165.566,4,309052
7DGfh2xaW0eoby8KX37Il7,Separations - Remastered,13,False,4,1,36E7oYfz3LLRto6l2WmDcD,Pulp,3cilUi2G3adUtoi4ukBRNn,Separations (Remastered),2012-02-20,album,0.385,0.477,2,-16.431,1,0.0957,0.227,0.000434,0.0697,0.149,161.068,3,285251
7xweRNpT5f3nByo0UXaBhn,Down by the River - Remastered,12,False,5,1,36E7oYfz3LLRto6l2WmDcD,Pulp,3cilUi2G3adUtoi4ukBRNn,Separations (Remastered),2012-02-20,album,0.63,0.305,11,-15.923,0,0.029,0.0134,0.00792,0.133,0.291,106.744,3,219693
3XDY68KhMIdTHJNT4TCZjB,Countdown - Remastered,17,False,6,1,36E7oYfz3LLRto6l2WmDcD,Pulp,3cilUi2G3adUtoi4ukBRNn,Separations (Remastered),2012-02-20,album,0.768,0.645,0,-12.857,1,0.0396,0.00158,0.117,0.0926,0.891,119.098,4,307653
27MbxGMotYQ6HX7qF1c970,My Legendary Girlfriend - Remastered,17,False,7,1,36E7oYfz3LLRto6l2WmDcD,Pulp,3cilUi2G3adUtoi4ukBRNn,Separations (Remastered),2012-02-20,album,0.614,0.608,11,-14.704,0,0.0369,3.69e-05,0.122,0.113,0.762,129.679,4,411693
0lI6yGTMnGHao1y3OzVclU,Death II - Remastered,17,True,8,1,36E7oYfz3LLRto6l2WmDcD,Pulp,3cilUi2G3adUtoi4ukBRNn,Separations (Remastered),2012-02-20,album,0.715,0.554,2,-13.815,0,0.0345,0.015,0.0448,0.0824,0.93,124.458,4,336106
0xFjXGSEW5yBioecaUI65m,This House Is Condemned - Remastered,11,False,9,1,36E7oYfz3LLRto6l2WmDcD,Pulp,3cilUi2G3adUtoi4ukBRNn,Separations (Remastered),2012-02-20,album,0.726,0.68,7,-16.651,1,0.0504,0.00134,0.337,0.0409,0.697,119.725,4,472906
0ttEn04zcIwibf84ec4fIN,Death Goes to the Disco - Remastered,27,False,10,1,36E7oYfz3LLRto6l2WmDcD,Pulp,3cilUi2G3adUtoi4ukBRNn,Separations (Remastered),2012-02-20,album,0.813,0.609,0,-15.339,1,0.0484,0.00444,0.174,0.111,0.588,110.404,4,345533
6nAHE8VXvTlxpeRVIKuJ6D,Is This House? - Remastered,9,False,11,1,36E7oYfz3LLRto6l2WmDcD,Pulp,3cilUi2G3adUtoi4ukBRNn,Separations (Remastered),2012-02-20,album,0.801,0.466,10,-18.355,0,0.103,0.00105,0.819,0.0778,0.285,119.653,4,453851
2WYeibk4VH1tmJH1SwsAnA,Countdown (Extended Version) [Bonus] - Remastered,11,False,12,1,36E7oYfz3LLRto6l2WmDcD,Pulp,3cilUi2G3adUtoi4ukBRNn,Separations (Remastered),2012-02-20,album,0.755,0.524,1,-14.361,1,0.041,0.00243,0.0524,0.307,0.734,127.771,4,487105
2QRpWNqKYMH6zNTwVEsJ7E,Death Comes to Town - Remastered,28,False,13,1,36E7oYfz3LLRto6l2WmDcD,Pulp,3cilUi2G3adUtoi4ukBRNn,Separations (Remastered),2012-02-20,album,0.728,0.549,0,-14.427,1,0.0293,0.0659,4.91e-06,0.109,0.801,110.518,4,266292
7AfMEHan7l0QwrKy864t9z,My Lighthouse - Remastered,16,False,1,1,36E7oYfz3LLRto6l2WmDcD,Pulp,6BQJl9fT5cSfhsf9CTD8Vy,It (Remastered),2012-02-20,album,0.404,0.565,4,-9.264,1,0.0304,0.182,0.000175,0.282,0.544,138.44,4,212399
5aA5F9DURNa06yQS0fAoMf,Wishful Thinking - Remastered,14,False,2,1,36E7oYfz3LLRto6l2WmDcD,Pulp,6BQJl9fT5cSfhsf9CTD8Vy,It (Remastered),2012-02-20,album,0.502,0.388,2,-10.905,0,0.0287,0.0379,0.000132,0.138,0.121,128.571,4,256891
1iSIFA1WgcH2mXVce6GhZC,Joking Aside - Remastered,13,False,3,1,36E7oYfz3LLRto6l2WmDcD,Pulp,6BQJl9fT5cSfhsf9CTD8Vy,It (Remastered),2012-02-20,album,0.352,0.461,4,-10.883,1,0.0273,0.143,0.0,0.131,0.521,180.131,3,261079
1QiLG2awm8xw7pcCmxuvFD,Boats and Trains - Remastered,11,False,4,1,36E7oYfz3LLRto6l2WmDcD,Pulp,6BQJl9fT5cSfhsf9CTD8Vy,It (Remastered),2012-02-20,album,0.476,0.459,9,-12.52,0,0.0317,0.648,0.453,0.136,0.706,125.999,4,97492
1hwdqjOIfooAkCMvkxqdBV,Blue Girls - Remastered,12,False,5,1,36E7oYfz3LLRto6l2WmDcD,Pulp,6BQJl9fT5cSfhsf9CTD8Vy,It (Remastered),2012-02-20,album,0.219,0.255,1,-14.655,1,0.0374,0.889,0.000968,0.193,0.2,82.043,3,359213
3mwhEJC7aZv1Puwws6GwTN,Love Love - Remastered,12,False,6,1,36E7oYfz3LLRto6l2WmDcD,Pulp,6BQJl9fT5cSfhsf9CTD8Vy,It (Remastered),2012-02-20,album,0.533,0.577,0,-9.039,1,0.0388,0.314,9.83e-06,0.132,0.748,135.457,4,189385
2W52E9kNUwj36jRxnPTtfu,In Many Ways - Remastered,12,False,7,1,36E7oYfz3LLRto6l2WmDcD,Pulp,6BQJl9fT5cSfhsf9CTD8Vy,It (Remastered),2012-02-20,album,0.467,0.559,4,-11.51,1,0.0275,0.625,0.000801,0.173,0.601,135.46,4,167892
1jNlN3Os57TKMWj7Hx570O,Looking for Life - Remastered,11,False,8,1,36E7oYfz3LLRto6l2WmDcD,Pulp,6BQJl9fT5cSfhsf9CTD8Vy,It (Remastered),2012-02-20,album,0.235,0.662,9,-9.564,1,0.0329,0.399,0.0846,0.137,0.267,126.611,4,335131
788T6J157zqQUCPQofUR1D,My Lighthouse (Single Version) - Remastered,10,False,9,1,36E7oYfz3LLRto6l2WmDcD,Pulp,6BQJl9fT5cSfhsf9CTD8Vy,It (Remastered),2012-02-20,album,0.407,0.67,4,-8.791,1,0.0291,0.0573,0.000221,0.351,0.638,138.327,4,207772
3RIwxeYB9VYaEuP21Wo0X2,Please Don't Worry - Remastered,11,False,10,1,36E7oYfz3LLRto6l2WmDcD,Pulp,6BQJl9fT5cSfhsf9CTD8Vy,It (Remastered),2012-02-20,album,0.389,0.674,4,-8.27,1,0.0384,0.387,0.0,0.334,0.446,140.883,4,203625
1H74CFKBP4LhdAaERp6J4P,Blue Girls (Alternate Mix) - Remastered,10,False,11,1,36E7oYfz3LLRto6l2WmDcD,Pulp,6BQJl9fT5cSfhsf9CTD8Vy,It (Remastered),2012-02-20,album,0.344,0.342,0,-12.597,1,0.0312,0.743,3.31e-05,0.597,0.237,112.283,4,365746
0HxPex7sTSSYvVmaPacOQM,Sink or Swim - Remastered,12,False,12,1,36E7oYfz3LLRto6l2WmDcD,Pulp,6BQJl9fT5cSfhsf9CTD8Vy,It (Remastered),2012-02-20,album,0.543,0.439,0,-11.11,1,0.0295,0.24,0.0278,0.129,0.758,125.829,4,242280
1fpclXziWEC7b1ImrtsAau,Fairground - 2012 Remastered,16,False,1,1,36E7oYfz3LLRto6l2WmDcD,Pulp,0NV3VqWJMDQShDU13jsOTD,Freaks (2012 Remastered),1987-05-01,album,0.258,0.544,1,-11.118,0,0.0383,0.351,0.0,0.109,0.225,91.962,3,303853
6IWOpdtXnwjurQGWcbGKhN,I Want You - 2012 Remastered,43,False,2,1,36E7oYfz3LLRto6l2WmDcD,Pulp,0NV3VqWJMDQShDU13jsOTD,Freaks (2012 Remastered),1987-05-01,album,0.382,0.533,4,-11.351,1,0.0702,0.35,0.0,0.191,0.412,93.34,4,279502
5I7o4m0PzWtyJYid6eQctw,Being Followed Home - 2012 Remastered,19,False,3,1,36E7oYfz3LLRto6l2WmDcD,Pulp,0NV3VqWJMDQShDU13jsOTD,Freaks (2012 Remastered),1987-05-01,album,0.358,0.471,2,-12.304,0,0.0346,0.17,0.000229,0.06,0.235,109.815,4,362394
2dzmKAtCcIDpzTtEADjBB7,Master of the Universe - 2012 Remastered,17,False,4,1,36E7oYfz3LLRto6l2WmDcD,Pulp,0NV3VqWJMDQShDU13jsOTD,Freaks (2012 Remastered),1987-05-01,album,0.406,0.713,2,-11.519,0,0.0337,0.0954,1.02e-06,0.226,0.696,126.396,4,199433
2KACTge0W3IUKPXRmJSGBd,Life Must Be So Wonderful - 2012 Remastered,22,False,5,1,36E7oYfz3LLRto6l2WmDcD,Pulp,0NV3VqWJMDQShDU13jsOTD,Freaks (2012 Remastered),1987-05-01,album,0.391,0.249,9,-15.787,1,0.0505,0.268,0.000201,0.0854,0.476,181.465,3,236275
0M1mrZgFKeVOcHWemG3BKo,There's No Emotion - 2012 Remastered,17,False,6,1,36E7oYfz3LLRto6l2WmDcD,Pulp,0NV3VqWJMDQShDU13jsOTD,Freaks (2012 Remastered),1987-05-01,album,0.398,0.434,7,-12.651,1,0.0423,0.416,0.0,0.187,0.236,95.246,4,265062
0rW5pUsXrJk8TDKXv1c3wl,Anorexic Beauty - 2012 Remastered,31,False,7,1,36E7oYfz3LLRto6l2WmDcD,Pulp,0NV3VqWJMDQShDU13jsOTD,Freaks (2012 Remastered),1987-05-01,album,0.573,0.332,4,-12.037,1,0.036,0.427,5.21e-05,0.201,0.684,119.549,4,176501
2dKi5GelRHbbkOSeLm1uqo,The Never Ending Story - 2012 Remastered,12,False,8,1,36E7oYfz3LLRto6l2WmDcD,Pulp,0NV3VqWJMDQShDU13jsOTD,Freaks (2012 Remastered),1987-05-01,album,0.319,0.497,9,-10.054,0,0.0392,0.143,0.0,0.29,0.54,84.092,3,175618
2jdTne3EeAojQ62EhwM6w9,Don't You Know - 2012 Remastered,14,False,9,1,36E7oYfz3LLRto6l2WmDcD,Pulp,0NV3VqWJMDQShDU13jsOTD,Freaks (2012 Remastered),1987-05-01,album,0.513,0.546,7,-11.238,1,0.0356,0.185,0.00481,0.155,0.633,127.261,4,246367
05hNjTBXAIe755JEPfh2tV,They Suffocate at Night - 2012 Remastered,19,False,10,1,36E7oYfz3LLRto6l2WmDcD,Pulp,0NV3VqWJMDQShDU13jsOTD,Freaks (2012 Remastered),1987-05-01,album,0.365,0.662,10,-11.055,1,0.03,0.164,0.000978,0.123,0.291,101.063,4,376314
0PyNKLDmjwWpJ2KWEJJpCf,Little Girl with Blue Eyes (Bonus) - 2012 Remastered,18,False,11,1,36E7oYfz3LLRto6l2WmDcD,Pulp,0NV3VqWJMDQShDU13jsOTD,Freaks (2012 Remastered),1987-05-01,album,0.392,0.336,9,-12.211,1,0.0355,0.306,9.42e-05,0.165,0.0992,101.381,4,205305
2y6jEpvDJSTOLSSJB50dJZ,Simultaneous (Bonus) - 2012 Remastered,9,False,12,1,36E7oYfz3LLRto6l2WmDcD,Pulp,0NV3VqWJMDQShDU13jsOTD,Freaks (2012 Remastered),1987-05-01,album,0.311,0.221,7,-13.765,1,0.0284,0.0596,0.0106,0.595,0.312,95.281,4,243975
4BinN4AvD9cKGDRZmMAWY8,Blue Glow (Bonus) - 2012 Remastered,10,False,13,1,36E7oYfz3LLRto6l2WmDcD,Pulp,0NV3VqWJMDQShDU13jsOTD,Freaks (2012 Remastered),1987-05-01,album,0.431,0.356,5,-10.288,1,0.0416,0.111,0.0191,0.126,0.502,111.87,4,183586
5Noijs5T6kcFBKgPA45ek3,The Will to Power (Bonus) - 2012 Remastered,8,False,14,1,36E7oYfz3LLRto6l2WmDcD,Pulp,0NV3VqWJMDQShDU13jsOTD,Freaks (2012 Remastered),1987-05-01,album,0.388,0.362,9,-12.533,0,0.0512,0.0251,0.646,0.2,0.347,105.788,4,202632
0gUgTZNUmuznfpbNKpHTnq,Dogs Are Everywhere (Bonus) - 2012 Remastered,13,False,15,1,36E7oYfz3LLRto6l2WmDcD,Pulp,0NV3VqWJMDQShDU13jsOTD,Freaks (2012 Remastered),1987-05-01,album,0.409,0.405,4,-10.375,1,0.0264,0.442,1.09e-05,0.0983,0.621,92.909,4,291457
3hFt2UtoprSifuD9JJng9m,The Mark of the Devil (Bonus) - 2012 Remastered,10,False,16,1,36E7oYfz3LLRto6l2WmDcD,Pulp,0NV3VqWJMDQShDU13jsOTD,Freaks (2012 Remastered),1987-05-01,album,0.349,0.367,7,-10.497,1,0.0383,0.105,0.000338,0.18,0.422,137.557,4,272269
6Klek4yGWpZLVkJgSo7vv2,97 Lovers (Bonus) - 2012 Remastered,12,False,17,1,36E7oYfz3LLRto6l2WmDcD,Pulp,0NV3VqWJMDQShDU13jsOTD,Freaks (2012 Remastered),1987-05-01,album,0.196,0.125,5,-17.375,1,0.0332,0.416,0.0,0.133,0.061,161.512,3,267410
4Z64JxSaySREE4nKvPyrdA,Aborigine (Bonus) - 2012 Remastered,8,False,18,1,36E7oYfz3LLRto6l2WmDcD,Pulp,0NV3VqWJMDQShDU13jsOTD,Freaks (2012 Remastered),1987-05-01,album,0.5,0.426,5,-11.078,1,0.033,0.447,0.0074,0.132,0.276,125.951,4,290606
7GsEhup232WitGs3rhyKZl,Goodnight (Bonus) - 2012 Remastered,10,False,19,1,36E7oYfz3LLRto6l2WmDcD,Pulp,0NV3VqWJMDQShDU13jsOTD,Freaks (2012 Remastered),1987-05-01,album,0.189,0.176,0,-17.584,1,0.0393,0.0548,0.000889,0.0667,0.104,174.099,3,305279
5FkMWmJrzwA4jTDgamB5NJ,Tunnel (Bonus) - 2012 Remastered,10,False,20,1,36E7oYfz3LLRto6l2WmDcD,Pulp,0NV3VqWJMDQShDU13jsOTD,Freaks (2012 Remastered),1987-05-01,album,0.371,0.751,7,-10.285,0,0.143,0.0856,0.316,0.631,0.204,137.718,4,490855
6M78SLQunqC46WgUo7LWB2,Manon (Bonus) - 2012 Remastered,8,False,21,1,36E7oYfz3LLRto6l2WmDcD,Pulp,0NV3VqWJMDQShDU13jsOTD,Freaks (2012 Remastered),1987-05-01,album,0.25,0.207,5,-15.346,1,0.0326,0.576,0.0139,0.0717,0.113,82.756,4,206867
2TbL1ABCdunXaPdmQAT6mB,"Tales of Endurance, Pts. 4, 5 & 6 - 2025 Remaster",0,False,1,1,0sHeX8oQ6o7xic3wMf4NBU,Supergrass,7fBIvX1GNDgPE8OAi7wmiW,Road to Rouen (20th Anniversary Edition),2025-10-03,album,0.289,0.757,9,-6.381,0,0.0333,0.0142,0.219,0.0822,0.0988,91.778,4,333773
3R3peGmVljqFiEQtp0GX7S,St. Petersburg - 2025 Remaster,0,False,2,1,0sHeX8oQ6o7xic3wMf4NBU,Supergrass,7fBIvX1GNDgPE8OAi7wmiW,Road to Rouen (20th Anniversary Edition),2025-10-03,album,0.485,0.634,6,-8.884,0,0.0283,0.138,0.00241,0.132,0.474,125.554,4,191432
68KVdhRUuh35GpklIQJtKK,Sad Girl - 2025 Remaster,0,False,3,1,0sHeX8oQ6o7xic3wMf4NBU,Supergrass,7fBIvX1GNDgPE8OAi7wmiW,Road to Rouen (20th Anniversary Edition),2025-10-03,album,0.547,0.712,8,-8.173,0,0.0251,0.391,0.0356,0.11,0.557,92.208,4,213895
4kBrgbdqANGF0n1vVmqUyn,Roxy - 2025 Remaster,0,False,4,1,0sHeX8oQ6o7xic3wMf4NBU,Supergrass,7fBIvX1GNDgPE8OAi7wmiW,Road to Rouen (20th Anniversary Edition),2025-10-03,album,0.203,0.659,0,-7.883,1,0.0346,0.0017,0.234,0.129,0.0766,102.949,4,379382
6MV1qVnjwzZrQKwg4I2lrx,Coffee in the Pot - 2025 Remaster,0,False,5,1,0sHeX8oQ6o7xic3wMf4NBU,Supergrass,7fBIvX1GNDgPE8OAi7wmiW,Road to Rouen (20th Anniversary Edition),2025-10-03,album,0.663,0.609,2,-9.316,0,0.242,0.744,0.91,0.0765,0.965,93.02,4,110801
0hXDVwGzEyp674zIP9eFzo,Road to Rouen - 2025 Remaster,0,False,6,1,0sHeX8oQ6o7xic3wMf4NBU,Supergrass,7fBIvX1GNDgPE8OAi7wmiW,Road to Rouen (20th Anniversary Edition),2025-10-03,album,0.559,0.918,9,-7.06,0,0.0623,0.000646,0.000404,0.0521,0.401,120.517,4,232510
6fvrYu29AIexdduLQZl3AL,Kick in the Teeth - 2025 Remaster,0,True,7,1,0sHeX8oQ6o7xic3wMf4NBU,Supergrass,7fBIvX1GNDgPE8OAi7wmiW,Road to Rouen (20th Anniversary Edition),2025-10-03,album,0.421,0.936,6,-5.884,1,0.0805,7.53e-06,0.243,0.0828,0.4,129.225,4,217193
1fn1vglCMd0Tpe71U0TuU6,Low C - 2025 Remaster,0,False,8,1,0sHeX8oQ6o7xic3wMf4NBU,Supergrass,7fBIvX1GNDgPE8OAi7wmiW,Road to Rouen (20th Anniversary Edition),2025-10-03,album,0.372,0.716,0,-8.496,1,0.029,0.0127,0.171,0.0555,0.472,134.777,4,260490
1MxRnL70WOisLZ33pP6ssF,Fin - 2025 Remaster,0,False,9,1,0sHeX8oQ6o7xic3wMf4NBU,Supergrass,7fBIvX1GNDgPE8OAi7wmiW,Road to Rouen (20th Anniversary Edition),2025-10-03,album,0.612,0.554,7,-11.122,1,0.0305,0.761,0.412,0.111,0.373,125.274,4,189080
6Hsste85JUM52ulfOUMNvL,St. Petersburg - Débranché - 2025 Remaster,0,False,12,2,0sHeX8oQ6o7xic3wMf4NBU,Supergrass,7fBIvX1GNDgPE8OAi7wmiW,Road to Rouen (20th Anniversary Edition),2025-10-03,album,0.47,0.586,6,-8.552,0,0.0318,0.00445,0.0329,0.644,0.48,124.25,4,195987
6DtluE48h1kqGYYymEltCi,Kiss of Life - Live - 2025 Remaster,0,False,13,2,0sHeX8oQ6o7xic3wMf4NBU,Supergrass,7fBIvX1GNDgPE8OAi7wmiW,Road to Rouen (20th Anniversary Edition),2025-10-03,album,0.569,0.902,0,-8.073,1,0.0744,0.206,0.172,0.976,0.607,132.096,4,237053
57ZCHXexiPZDtVn2KaecaK,Bullet - Live - 2025 Remaster,0,False,14,2,0sHeX8oQ6o7xic3wMf4NBU,Supergrass,7fBIvX1GNDgPE8OAi7wmiW,Road to Rouen (20th Anniversary Edition),2025-10-03,album,0.265,0.834,2,-7.73,0,0.0641,0.00331,0.088,0.963,0.211,139.596,4,199973
2b9ztif3aLxYbQptFJJuhg,Lady Day and John Coltrane - Live at Ronnie Scott's - 2025 Remaster,0,False,15,2,0sHeX8oQ6o7xic3wMf4NBU,Supergrass,7fBIvX1GNDgPE8OAi7wmiW,Road to Rouen (20th Anniversary Edition),2025-10-03,album,0.34,0.893,9,-7.01,0,0.137,0.15,0.00106,0.723,0.574,142.785,4,235453
0c1YYBc9VK3SxmtVWiAmDW,Fin - Live Acoustic - 2025 Remaster,0,False,17,2,0sHeX8oQ6o7xic3wMf4NBU,Supergrass,7fBIvX1GNDgPE8OAi7wmiW,Road to Rouen (20th Anniversary Edition),2025-10-03,album,0.578,0.374,7,-10.833,1,0.0295,0.66,5.69e-05,0.0904,0.321,126.797,4,184733
0dBlmjEaHmRYENKknGS99P,Za - 2023 Remaster,15,False,1,1,0sHeX8oQ6o7xic3wMf4NBU,Supergrass,30Vs175Ipb2xxj38yQ0EO7,Life on Other Planets (2023 Remaster),2023-08-25,album,0.517,0.881,7,-8.091,1,0.0312,0.00143,0.4,0.143,0.527,118.762,4,183959
6k9tEEfoWe7hMgRcy1eRNS,Rush Hour Soul - 2023 Remaster,15,False,2,1,0sHeX8oQ6o7xic3wMf4NBU,Supergrass,30Vs175Ipb2xxj38yQ0EO7,Life on Other Planets (2023 Remaster),2023-08-25,album,0.268,0.879,2,-7.982,1,0.0571,6.15e-05,0.114,0.0774,0.467,139.105,4,174672
6AEq0FAGvx6kUn808ueGHF,Seen the Light - 2023 Remaster,16,False,3,1,0sHeX8oQ6o7xic3wMf4NBU,Supergrass,30Vs175Ipb2xxj38yQ0EO7,Life on Other Planets (2023 Remaster),2023-08-25,album,0.495,0.809,9,-8.018,1,0.0435,0.000137,0.879,0.109,0.553,125.873,4,146168
0B2yRy56gndXXsDViupN3Y,Brecon Beacons - 2023 Remaster,14,False,4,1,0sHeX8oQ6o7xic3wMf4NBU,Supergrass,30Vs175Ipb2xxj38yQ0EO7,Life on Other Planets (2023 Remaster),2023-08-25,album,0.411,0.974,9,-6.854,1,0.0921,1.45e-05,0.0282,0.221,0.593,143.938,4,176190
5FPLvFai3pBbQuT3jRgH7w,Can't Get Up - 2023 Remaster,15,False,5,1,0sHeX8oQ6o7xic3wMf4NBU,Supergrass,30Vs175Ipb2xxj38yQ0EO7,Life on Other Planets (2023 Remaster),2023-08-25,album,0.511,0.89,5,-6.927,0,0.0476,0.000505,0.000197,0.152,0.353,126.706,4,242381
1ci0rlyNeUZr9DOocnFC9C,Evening of the Day - 2023 Remaster,13,False,6,1,0sHeX8oQ6o7xic3wMf4NBU,Supergrass,30Vs175Ipb2xxj38yQ0EO7,Life on Other Planets (2023 Remaster),2023-08-25,album,0.361,0.494,7,-9.042,1,0.0252,0.0688,0.00116,0.107,0.405,93.689,4,315578
0Izcv5MsXTknh57cv47EVa,Never Done Nothing Like That Before - 2023 Remaster,12,False,7,1,0sHeX8oQ6o7xic3wMf4NBU,Supergrass,30Vs175Ipb2xxj38yQ0EO7,Life on Other Planets (2023 Remaster),2023-08-25,album,0.37,0.904,5,-8.497,1,0.43,0.00177,0.128,0.365,0.276,158.765,4,123638
3K3lj2doCR8RfbPo6yGeN3,Funniest Thing - 2023 Remaster,16,False,8,1,0sHeX8oQ6o7xic3wMf4NBU,Supergrass,30Vs175Ipb2xxj38yQ0EO7,Life on Other Planets (2023 Remaster),2023-08-25,album,0.419,0.765,9,-6.98,0,0.0409,0.00762,0.0833,0.0848,0.322,134.473,4,149347
0pcMcnI6YpKV4seaTSra17,Grace - 2023 Remaster,15,False,9,1,0sHeX8oQ6o7xic3wMf4NBU,Supergrass,30Vs175Ipb2xxj38yQ0EO7,Life on Other Planets (2023 Remaster),2023-08-25,album,0.408,0.828,2,-5.412,1,0.0398,0.000886,0.0,0.0899,0.351,141.726,4,149983
1wy1xKyBTzsNko9XOsyth7,La Song - 2023 Remaster,11,False,10,1,0sHeX8oQ6o7xic3wMf4NBU,Supergrass,30Vs175Ipb2xxj38yQ0EO7,Life on Other Planets (2023 Remaster),2023-08-25,album,0.189,0.887,6,-6.788,1,0.0872,1.21e-05,0.58,0.104,0.122,156.11,4,223783
4dZnGgshniswO3INn8N6LU,Prophet 15 - 2023 Remaster,12,False,11,1,0sHeX8oQ6o7xic3wMf4NBU,Supergrass,30Vs175Ipb2xxj38yQ0EO7,Life on Other Planets (2023 Remaster),2023-08-25,album,0.525,0.699,7,-7.47,0,0.0283,0.000453,0.0266,0.0845,0.168,72.679,4,245859
19XFm65p7LDesAfNpDLNmB,Run - 2023 Remaster,11,False,12,1,0sHeX8oQ6o7xic3wMf4NBU,Supergrass,30Vs175Ipb2xxj38yQ0EO7,Life on Other Planets (2023 Remaster),2023-08-25,album,0.175,0.442,7,-10.087,1,0.0397,0.000338,0.646,0.107,0.0381,115.73,4,327504
1jYPOoZWI16RAR3jAlveh2,Moving - 2022 Remaster,16,False,1,1,0sHeX8oQ6o7xic3wMf4NBU,Supergrass,3vGpqqeCqzr6ewoAjiEsXk,Supergrass (2022 Remaster),2022-09-16,album,0.46,0.847,4,-6.785,0,0.0372,0.00805,0.000322,0.334,0.237,111.008,4,266800
4UlFXhKjtlm1Xpj7jst6fL,Your Love - 2022 Remaster,11,False,2,1,0sHeX8oQ6o7xic3wMf4NBU,Supergrass,3vGpqqeCqzr6ewoAjiEsXk,Supergrass (2022 Remaster),2022-09-16,album,0.52,0.897,5,-5.724,1,0.0314,0.000107,0.0989,0.0967,0.493,113.112,4,207107
2kUh7YtHianWPg9CBwKEjX,What Went Wrong (In Your Head) - 2022 Remaster,10,False,3,1,0sHeX8oQ6o7xic3wMf4NBU,Supergrass,3vGpqqeCqzr6ewoAjiEsXk,Supergrass (2022 Remaster),2022-09-16,album,0.518,0.766,4,-6.354,0,0.0253,0.0354,0.15,0.173,0.548,102.155,4,245733
15lrFwZalJqk3eVykTuRah,Beautiful People - 2022 Remaster,10,False,4,1,0sHeX8oQ6o7xic3wMf4NBU,Supergrass,3vGpqqeCqzr6ewoAjiEsXk,Supergrass (2022 Remaster),2022-09-16,album,0.61,0.84,2,-5.369,1,0.0302,0.00162,0.152,0.169,0.613,116.001,4,202027
6FNFuRAWcLCRGzcHU6i827,Shotover Hill - 2022 Remaster,10,False,5,1,0sHeX8oQ6o7xic3wMf4NBU,Supergrass,3vGpqqeCqzr6ewoAjiEsXk,Supergrass (2022 Remaster),2022-09-16,album,0.451,0.489,2,-7.948,1,0.0251,0.118,0.109,0.257,0.292,81.752,4,223040
3yhjy6bIU0MEP1mVeglJlM,Eon - 2022 Remaster,10,False,6,1,0sHeX8oQ6o7xic3wMf4NBU,Supergrass,3vGpqqeCqzr6ewoAjiEsXk,Supergrass (2022 Remaster),2022-09-16,album,0.378,0.558,9,-7.891,1,0.0316,0.0211,0.677,0.0937,0.136,137.002,4,224827
7d4bSnQyXUsJ9RMs0wD39f,Mary - 2022 Remaster,14,False,7,1,0sHeX8oQ6o7xic3wMf4NBU,Supergrass,3vGpqqeCqzr6ewoAjiEsXk,Supergrass (2022 Remaster),2022-09-16,album,0.525,0.726,0,-6.986,0,0.0356,0.0313,0.0054,0.055,0.304,112.994,4,239973
2hrbftg0ObnUlxhd4USNMg,Jesus Came from Outta Space - 2022 Remaster,9,False,8,1,0sHeX8oQ6o7xic3wMf4NBU,Supergrass,3vGpqqeCqzr6ewoAjiEsXk,Supergrass (2022 Remaster),2022-09-16,album,0.268,0.809,7,-5.706,1,0.0391,0.000147,0.0503,0.0873,0.7,145.76,4,250333
2TWEPej88fRkhLWFHWweuL,Pumping on Your Stereo - 2022 Remaster,11,False,9,1,0sHeX8oQ6o7xic3wMf4NBU,Supergrass,3vGpqqeCqzr6ewoAjiEsXk,Supergrass (2022 Remaster),2022-09-16,album,0.442,0.901,2,-4.887,1,0.0726,0.0131,0.0419,0.843,0.224,131.945,4,200400
1Kxosv3rxSIezK8t1VSKYv,Born Again - 2022 Remaster,9,False,10,1,0sHeX8oQ6o7xic3wMf4NBU,Supergrass,3vGpqqeCqzr6ewoAjiEsXk,Supergrass (2022 Remaster),2022-09-16,album,0.491,0.592,0,-8.679,1,0.0242,0.00736,0.968,0.129,0.523,91.916,4,218893
3In5OtTFX2UxtQudjbWkr6,Faraway - 2022 Remaster,8,False,11,1,0sHeX8oQ6o7xic3wMf4NBU,Supergrass,3vGpqqeCqzr6ewoAjiEsXk,Supergrass (2022 Remaster),2022-09-16,album,0.487,0.85,1,-6.511,1,0.0425,0.00367,0.0946,0.0536,0.199,115.024,4,305307
0YJKdqpYBcsyKu7HHAWiK2,Mama and Papa - 2022 Remaster,7,False,12,1,0sHeX8oQ6o7xic3wMf4NBU,Supergrass,3vGpqqeCqzr6ewoAjiEsXk,Supergrass (2022 Remaster),2022-09-16,album,0.569,0.234,7,-14.236,1,0.0322,0.748,0.00896,0.0756,0.504,125.893,4,152827
1h7yOEbL7AICUD96yu4hzy,Lucky (No Fear) - 2022 Remaster,5,False,7,2,0sHeX8oQ6o7xic3wMf4NBU,Supergrass,3vGpqqeCqzr6ewoAjiEsXk,Supergrass (2022 Remaster),2022-09-16,album,0.386,0.758,0,-11.186,1,0.0364,0.000562,0.0266,0.685,0.509,133.93,4,190000
47WF1U5Wr8II4sVbKaqEwJ,Sick - 2022 Remaster,5,False,9,2,0sHeX8oQ6o7xic3wMf4NBU,Supergrass,3vGpqqeCqzr6ewoAjiEsXk,Supergrass (2022 Remaster),2022-09-16,album,0.368,0.598,1,-11.708,1,0.0366,1.79e-05,0.00369,0.0508,0.491,108.157,5,220973
1AaGQfZ46Bdp94Vx8sMQe3,You'll Never Walk Again - 2022 Remaster,4,False,10,2,0sHeX8oQ6o7xic3wMf4NBU,Supergrass,3vGpqqeCqzr6ewoAjiEsXk,Supergrass (2022 Remaster),2022-09-16,album,0.554,0.533,2,-11.667,1,0.0266,0.00198,0.00134,0.543,0.748,110.81,4,140013
68ttQudjIPWQmYaaORrkvs,What a Shame - 2022 Remaster,5,False,11,2,0sHeX8oQ6o7xic3wMf4NBU,Supergrass,3vGpqqeCqzr6ewoAjiEsXk,Supergrass (2022 Remaster),2022-09-16,album,0.396,0.598,2,-11.644,1,0.0406,4.86e-05,0.0139,0.128,0.798,138.584,4,161093
6J6KEvy2Zzgpw8ptQmdWjg,Believer - 2022 Remaster,6,False,13,2,0sHeX8oQ6o7xic3wMf4NBU,Supergrass,3vGpqqeCqzr6ewoAjiEsXk,Supergrass (2022 Remaster),2022-09-16,album,0.436,0.497,7,-13.205,1,0.0266,0.00877,0.00251,0.0961,0.278,96.05,4,227400
62qOaC4zfPjipX8dX5KzNH,Faraway - Acoustic Version - 2022 Remaster,5,False,14,2,0sHeX8oQ6o7xic3wMf4NBU,Supergrass,3vGpqqeCqzr6ewoAjiEsXk,Supergrass (2022 Remaster),2022-09-16,album,0.564,0.329,8,-13.803,1,0.0293,0.365,0.000484,0.329,0.149,103.937,4,295613
7nLIZuZiHosSaqArQhE1DJ,Oracle - 2022 Remaster,4,False,20,2,0sHeX8oQ6o7xic3wMf4NBU,Supergrass,3vGpqqeCqzr6ewoAjiEsXk,Supergrass (2022 Remaster),2022-09-16,album,0.356,0.551,0,-14.258,1,0.0369,0.154,0.154,0.141,0.307,204.637,4,221453
2Ewfkf55Xb2TtKfbknqAMg,Strange Ones - 2015 - Remaster,0,True,23,1,0sHeX8oQ6o7xic3wMf4NBU,Supergrass,2pcVCyLvZY5DjHx8fUsSVM,The Strange Ones: 1994-2008,2020-01-24,album,0.212,0.965,9,-5.991,1,0.254,6.22e-05,0.205,0.183,0.115,149.581,4,259760
2xPpOfnnMWwIpJVnqTc2kr,Lenny - 2015 - Remaster,0,False,24,1,0sHeX8oQ6o7xic3wMf4NBU,Supergrass,2pcVCyLvZY5DjHx8fUsSVM,The Strange Ones: 1994-2008,2020-01-24,album,0.428,0.785,9,-5.493,1,0.0838,0.000172,0.56,0.108,0.575,159.747,4,162733
2kXzC7NYXsRhx63UByxyzz,Alright - 2015 - Remaster,0,False,25,1,0sHeX8oQ6o7xic3wMf4NBU,Supergrass,2pcVCyLvZY5DjHx8fUsSVM,The Strange Ones: 1994-2008,2020-01-24,album,0.463,0.967,4,-5.781,0,0.0905,0.000322,0.357,0.308,0.741,145.912,4,181267
1sxdPdDJj2VoxEQtnaSMlw,Caught By the Fuzz - 2015 - Remaster,0,False,26,1,0sHeX8oQ6o7xic3wMf4NBU,Supergrass,2pcVCyLvZY5DjHx8fUsSVM,The Strange Ones: 1994-2008,2020-01-24,album,0.3,0.934,9,-9.528,1,0.229,0.000103,0.189,0.0982,0.228,161.763,4,139430
6M7jUMx5IvYCyV4pboDuFp,Faraway (Acoustic Version) - 2022 - Remaster,0,False,14,1,0sHeX8oQ6o7xic3wMf4NBU,Supergrass,0MGCu6KaAqwRbF7JtvO9Kk,Supergrass,1999-01-01,album,0.564,0.329,8,-13.803,1,0.0293,0.365,0.000484,0.329,0.149,103.937,4,295613
1YLuaBukgAFfMAPNwAtFFv,In It for the Money - 2021 Remaster,13,False,1,1,0sHeX8oQ6o7xic3wMf4NBU,Supergrass,5O9atmlsW3dtDd2YHzppvn,In It for the Money (2021 Remaster – Deluxe Expanded Edition),1997-04-21,album,0.175,0.662,7,-6.695,1,0.0425,0.000136,0.806,0.563,0.0495,116.701,4,185160
4xgio1CD6cXp4qvCYIlXWr,Richard III - 2021 Remaster,17,False,2,1,0sHeX8oQ6o7xic3wMf4NBU,Supergrass,5O9atmlsW3dtDd2YHzppvn,In It for the Money (2021 Remaster – Deluxe Expanded Edition),1997-04-21,album,0.237,0.765,7,-6.562,0,0.0552,2.53e-06,0.902,0.109,0.152,150.889,4,193307
0ZnnpselMBy4DgGRrfGBzT,Tonight - 2021 Remaster,12,False,3,1,0sHeX8oQ6o7xic3wMf4NBU,Supergrass,5O9atmlsW3dtDd2YHzppvn,In It for the Money (2021 Remaster – Deluxe Expanded Edition),1997-04-21,album,0.374,0.857,2,-5.44,1,0.069,0.000468,0.012,0.265,0.581,153.151,4,189589
47Wa0w0RVUdsJlpbH1mYmR,Late in the Day - 2021 Remaster,16,False,4,1,0sHeX8oQ6o7xic3wMf4NBU,Supergrass,5O9atmlsW3dtDd2YHzppvn,In It for the Money (2021 Remaster – Deluxe Expanded Edition),1997-04-21,album,0.289,0.577,9,-9.528,0,0.0259,0.00048,0.00322,0.0866,0.212,85.867,4,283587
437EJKv6nFYFJSsjAuG86w,G-Song - 2021 Remaster,13,False,5,1,0sHeX8oQ6o7xic3wMf4NBU,Supergrass,5O9atmlsW3dtDd2YHzppvn,In It for the Money (2021 Remaster – Deluxe Expanded Edition),1997-04-21,album,0.348,0.78,7,-6.55,0,0.0358,0.000621,0.561,0.106,0.526,82.578,4,207451
4Mt1skSFxsZoge62tWRsYz,Sun Hits the Sky - 2021 Remaster,16,False,6,1,0sHeX8oQ6o7xic3wMf4NBU,Supergrass,5O9atmlsW3dtDd2YHzppvn,In It for the Money (2021 Remaster – Deluxe Expanded Edition),1997-04-21,album,0.391,0.951,10,-6.542,1,0.0574,2.77e-05,0.622,0.0895,0.379,150.239,4,295877
6fehpxgh71aXxUz4C8wPsi,Going Out - 2021 Remaster,13,False,7,1,0sHeX8oQ6o7xic3wMf4NBU,Supergrass,5O9atmlsW3dtDd2YHzppvn,In It for the Money (2021 Remaster – Deluxe Expanded Edition),1997-04-21,album,0.329,0.698,11,-6.885,0,0.0538,9.44e-05,0.693,0.108,0.431,98.681,4,256598
6jSgRXukYFYI5r7fwsbj9B,It's Not Me - 2021 Remaster,11,False,8,1,0sHeX8oQ6o7xic3wMf4NBU,Supergrass,5O9atmlsW3dtDd2YHzppvn,In It for the Money (2021 Remaster – Deluxe Expanded Edition),1997-04-21,album,0.505,0.423,6,-9.672,1,0.0249,0.295,0.0,0.0971,0.0828,103.961,4,176730
0144aUt4YqjzygJGKuboiN,Cheapskate - 2021 Remaster,12,False,9,1,0sHeX8oQ6o7xic3wMf4NBU,Supergrass,5O9atmlsW3dtDd2YHzppvn,In It for the Money (2021 Remaster – Deluxe Expanded Edition),1997-04-21,album,0.526,0.884,9,-6.57,1,0.0418,0.000304,0.821,0.134,0.393,131.118,4,162879
15A701YwfiumZl1tIGKeED,You Can See Me - 2021 Remaster,9,False,10,1,0sHeX8oQ6o7xic3wMf4NBU,Supergrass,5O9atmlsW3dtDd2YHzppvn,In It for the Money (2021 Remaster – Deluxe Expanded Edition),1997-04-21,album,0.456,0.783,9,-7.64,0,0.0383,6.31e-05,0.0136,0.167,0.427,121.217,4,221143
2TnZsA8O1hHeuaSdCZXYbb,Hollow Little Reign - 2021 Remaster,9,False,11,1,0sHeX8oQ6o7xic3wMf4NBU,Supergrass,5O9atmlsW3dtDd2YHzppvn,In It for the Money (2021 Remaster – Deluxe Expanded Edition),1997-04-21,album,0.496,0.827,5,-7.139,1,0.0298,0.00209,0.238,0.349,0.257,131.687,3,247359
5sKJHgvFsMyxXIgtImXybq,Sometimes I Make You Sad - 2021 Remaster,8,False,12,1,0sHeX8oQ6o7xic3wMf4NBU,Supergrass,5O9atmlsW3dtDd2YHzppvn,In It for the Money (2021 Remaster – Deluxe Expanded Edition),1997-04-21,album,0.564,0.856,7,-7.584,1,0.0328,0.101,0.00298,0.0847,0.839,98.07,4,169502
7rUN37fmIFO5ceQkE4NvnP,In It for the Money - 2021 - Remaster,0,False,1,1,0sHeX8oQ6o7xic3wMf4NBU,Supergrass,4eskbEqGfhyOV3ILrneK4G,In It for the Money (2021 Remaster - Deluxe Expanded Edition),1997-04-21,album,0.175,0.662,7,-6.695,1,0.0425,0.000136,0.806,0.563,0.0495,116.701,4,185160
2T59dX55GGQ00ulyKnfqBG,Richard III - 2021 - Remaster,0,False,2,1,0sHeX8oQ6o7xic3wMf4NBU,Supergrass,4eskbEqGfhyOV3ILrneK4G,In It for the Money (2021 Remaster - Deluxe Expanded Edition),1997-04-21,album,0.237,0.765,7,-6.562,0,0.0552,2.53e-06,0.902,0.109,0.152,150.889,4,193307
5rZccrMk9Y0PbW9BFYBwkj,Tonight - 2021 - Remaster,0,False,3,1,0sHeX8oQ6o7xic3wMf4NBU,Supergrass,4eskbEqGfhyOV3ILrneK4G,In It for the Money (2021 Remaster - Deluxe Expanded Edition),1997-04-21,album,0.374,0.857,2,-5.44,1,0.069,0.000468,0.012,0.265,0.581,153.151,4,189589
3pHvhDrAHIPz3xm8BCvYxL,Late in the Day - 2021 - Remaster,0,False,4,1,0sHeX8oQ6o7xic3wMf4NBU,Supergrass,4eskbEqGfhyOV3ILrneK4G,In It for the Money (2021 Remaster - Deluxe Expanded Edition),1997-04-21,album,0.289,0.577,9,-9.528,0,0.0259,0.00048,0.00322,0.0866,0.212,85.867,4,283587
1mSKiMbPF86AGe9fdwtbKl,G-Song - 2021 - Remaster,0,False,5,1,0sHeX8oQ6o7xic3wMf4NBU,Supergrass,4eskbEqGfhyOV3ILrneK4G,In It for the Money (2021 Remaster - Deluxe Expanded Edition),1997-04-21,album,0.348,0.78,7,-6.55,0,0.0358,0.000621,0.561,0.106,0.526,82.578,4,207451
7LAekooFb5wDf1fQkBJUs7,Sun Hits the Sky - 2021 - Remaster,0,False,6,1,0sHeX8oQ6o7xic3wMf4NBU,Supergrass,4eskbEqGfhyOV3ILrneK4G,In It for the Money (2021 Remaster - Deluxe Expanded Edition),1997-04-21,album,0.391,0.951,10,-6.542,1,0.0574,2.77e-05,0.622,0.0895,0.379,150.239,4,295877
3IyWH5HCQuX90CflM1LZDY,Going Out - 2021 - Remaster,0,False,7,1,0sHeX8oQ6o7xic3wMf4NBU,Supergrass,4eskbEqGfhyOV3ILrneK4G,In It for the Money (2021 Remaster - Deluxe Expanded Edition),1997-04-21,album,0.329,0.698,11,-6.885,0,0.0538,9.44e-05,0.693,0.108,0.431,98.681,4,256598
1SlGb9OWRqzBQe080CC5dK,It's Not Me - 2021 - Remaster,0,False,8,1,0sHeX8oQ6o7xic3wMf4NBU,Supergrass,4eskbEqGfhyOV3ILrneK4G,In It for the Money (2021 Remaster - Deluxe Expanded Edition),1997-04-21,album,0.505,0.423,6,-9.672,1,0.0249,0.295,0.0,0.0971,0.0828,103.961,4,176730
21zkHaQ5zJG07Iu7j3FnQJ,Cheapskate - 2021 - Remaster,0,False,9,1,0sHeX8oQ6o7xic3wMf4NBU,Supergrass,4eskbEqGfhyOV3ILrneK4G,In It for the Money (2021 Remaster - Deluxe Expanded Edition),1997-04-21,album,0.526,0.884,9,-6.57,1,0.0418,0.000304,0.821,0.134,0.393,131.118,4,162879
4w5kQD7PzMjyWsoQ4SnRg0,You Can See Me - 2021 - Remaster,0,False,10,1,0sHeX8oQ6o7xic3wMf4NBU,Supergrass,4eskbEqGfhyOV3ILrneK4G,In It for the Money (2021 Remaster - Deluxe Expanded Edition),1997-04-21,album,0.456,0.783,9,-7.64,0,0.0383,6.31e-05,0.0136,0.167,0.427,121.217,4,221143
31XaHT6rrckA47atKNDPLD,Hollow Little Reign - 2021 - Remaster,0,False,11,1,0sHeX8oQ6o7xic3wMf4NBU,Supergrass,4eskbEqGfhyOV3ILrneK4G,In It for the Money (2021 Remaster - Deluxe Expanded Edition),1997-04-21,album,0.496,0.827,5,-7.139,1,0.0298,0.00209,0.238,0.349,0.257,131.687,3,247359
15eLSwkFGXrHL3ekJj9fx7,Sometimes I Make You Sad - 2021 - Remaster,0,False,12,1,0sHeX8oQ6o7xic3wMf4NBU,Supergrass,4eskbEqGfhyOV3ILrneK4G,In It for the Money (2021 Remaster - Deluxe Expanded Edition),1997-04-21,album,0.564,0.856,7,-7.584,1,0.0328,0.101,0.00298,0.0847,0.839,98.07,4,169502
44rDlmeEn0MfLBeKToLfCn,I'd Like To Know - 2015 Remastered Version,0,False,1,1,0sHeX8oQ6o7xic3wMf4NBU,Supergrass,1CD4bX4fXByt9nmCQrvMzN,I Should Coco (20th Anniversary Collector's Edition),1995-05-15,album,0.172,0.972,2,-4.175,1,0.162,4.11e-05,0.82,0.423,0.263,165.469,4,244947
3q0M5KKKsbm1OwmbpOc7Sj,Caught By The Fuzz - 2015 Remastered Version,0,False,2,1,0sHeX8oQ6o7xic3wMf4NBU,Supergrass,1CD4bX4fXByt9nmCQrvMzN,I Should Coco (20th Anniversary Collector's Edition),1995-05-15,album,0.3,0.977,9,-4.723,1,0.304,9.93e-05,0.256,0.091,0.161,161.79,4,136760
7jKUUUxel8NbQfyjf9UOwv,Mansize Rooster - 2015 Remastered Version,0,False,3,1,0sHeX8oQ6o7xic3wMf4NBU,Supergrass,1CD4bX4fXByt9nmCQrvMzN,I Should Coco (20th Anniversary Collector's Edition),1995-05-15,album,0.289,0.872,0,-4.256,1,0.053,3.68e-05,0.00251,0.0646,0.679,163.711,4,154640
4b72opnmqln1tJUxGZBkGA,Alright - 2015 - Remaster,0,False,4,1,0sHeX8oQ6o7xic3wMf4NBU,Supergrass,1CD4bX4fXByt9nmCQrvMzN,I Should Coco (20th Anniversary Collector's Edition),1995-05-15,album,0.463,0.967,4,-5.781,0,0.0905,0.000322,0.357,0.308,0.741,145.912,4,181267
7Atu81BpY3kZgJZwmBYiAF,Lose It - 2015 Remastered Version,0,False,5,1,0sHeX8oQ6o7xic3wMf4NBU,Supergrass,1CD4bX4fXByt9nmCQrvMzN,I Should Coco (20th Anniversary Collector's Edition),1995-05-15,album,0.137,0.947,4,-3.227,0,0.0816,3.17e-05,0.8,0.144,0.321,150.927,4,157693
7xFNnTAfAwacfXAxBuZMh7,Lenny - 2015 - Remaster,0,False,6,1,0sHeX8oQ6o7xic3wMf4NBU,Supergrass,1CD4bX4fXByt9nmCQrvMzN,I Should Coco (20th Anniversary Collector's Edition),1995-05-15,album,0.428,0.785,9,-5.493,1,0.0838,0.000172,0.56,0.108,0.575,159.747,4,162733
6tK6VMlPgYS0sJUBzGpUN0,Strange Ones - 2015 - Remaster,0,True,7,1,0sHeX8oQ6o7xic3wMf4NBU,Supergrass,1CD4bX4fXByt9nmCQrvMzN,I Should Coco (20th Anniversary Collector's Edition),1995-05-15,album,0.212,0.965,9,-5.991,1,0.254,6.22e-05,0.205,0.183,0.115,149.581,4,259760
0upDr1peSCSHSv0Ss7j5by,Sitting Up Straight - 2015 Remastered Version,0,False,8,1,0sHeX8oQ6o7xic3wMf4NBU,Supergrass,1CD4bX4fXByt9nmCQrvMzN,I Should Coco (20th Anniversary Collector's Edition),1995-05-15,album,0.193,0.788,11,-5.039,0,0.0574,2.03e-05,0.514,0.0975,0.347,81.178,4,140267
40Vk78Si3VFiuYg9RUeHti,She's So Loose - 2015 Remastered Version,0,False,9,1,0sHeX8oQ6o7xic3wMf4NBU,Supergrass,1CD4bX4fXByt9nmCQrvMzN,I Should Coco (20th Anniversary Collector's Edition),1995-05-15,album,0.412,0.905,0,-6.06,1,0.0571,0.000486,0.0122,0.32,0.444,155.853,4,179840
5yUjkYHqgFBRlPbIbtUfkm,We're Not Supposed To - 2015 Remastered Version,0,False,10,1,0sHeX8oQ6o7xic3wMf4NBU,Supergrass,1CD4bX4fXByt9nmCQrvMzN,I Should Coco (20th Anniversary Collector's Edition),1995-05-15,album,0.54,0.859,2,-5.709,1,0.14,0.236,0.000675,0.508,0.83,87.224,4,123907
35x1KEyeJ9xl5mOK2T3zjD,Time - 2015 Remastered Version,0,False,11,1,0sHeX8oQ6o7xic3wMf4NBU,Supergrass,1CD4bX4fXByt9nmCQrvMzN,I Should Coco (20th Anniversary Collector's Edition),1995-05-15,album,0.599,0.633,9,-6.005,1,0.0305,0.00482,0.212,0.0985,0.608,137.984,3,190493
4cTuljq1zIGpTZqkgjy7uF,Sofa (Of My Lethargy) - 2015 Remastered Version,0,False,12,1,0sHeX8oQ6o7xic3wMf4NBU,Supergrass,1CD4bX4fXByt9nmCQrvMzN,I Should Coco (20th Anniversary Collector's Edition),1995-05-15,album,0.168,0.769,2,-5.287,1,0.0405,0.00234,0.229,0.539,0.337,171.75,4,378373
5Q0thjCFGWJbOM2mCKNM59,Time To Go - 2015 Remastered Version,0,False,13,1,0sHeX8oQ6o7xic3wMf4NBU,Supergrass,1CD4bX4fXByt9nmCQrvMzN,I Should Coco (20th Anniversary Collector's Edition),1995-05-15,album,0.678,0.42,0,-11.77,1,0.0294,0.434,0.00111,0.116,0.738,110.659,4,116760
0eyLkEoADkefNT52HAF2bG,Caught By The Fuzz - Acoustic;2015 Remastered Version,0,False,14,1,0sHeX8oQ6o7xic3wMf4NBU,Supergrass,1CD4bX4fXByt9nmCQrvMzN,I Should Coco (20th Anniversary Collector's Edition),1995-05-15,album,0.388,0.482,10,-7.097,1,0.0304,0.435,2.9e-05,0.159,0.167,76.091,4,183467
4JZjKqlB0Xrdf1iSGflDFg,Odd? - 2015 Remastered Version,0,False,15,1,0sHeX8oQ6o7xic3wMf4NBU,Supergrass,1CD4bX4fXByt9nmCQrvMzN,I Should Coco (20th Anniversary Collector's Edition),1995-05-15,album,0.644,0.844,0,-8.927,1,0.0374,0.00347,0.0252,0.142,0.413,131.827,3,249827
348ESqqNHhSVhYPdrVewte,Wait For The Sun - 2015 Remastered Version,0,False,16,1,0sHeX8oQ6o7xic3wMf4NBU,Supergrass,1CD4bX4fXByt9nmCQrvMzN,I Should Coco (20th Anniversary Collector's Edition),1995-05-15,album,0.511,0.437,2,-9.074,1,0.0284,0.0016,0.0911,0.147,0.239,112.054,4,248747
4EXV95gxmHNo8I4gpeHxhM,Sex! - 2015 Remastered Version,0,False,17,1,0sHeX8oQ6o7xic3wMf4NBU,Supergrass,1CD4bX4fXByt9nmCQrvMzN,I Should Coco (20th Anniversary Collector's Edition),1995-05-15,album,0.556,0.651,2,-7.337,1,0.0252,0.0346,0.051,0.0855,0.873,79.582,4,155893
5UsFkgoe0OxKEmLEsZFct3,Just Dropped In (To See What My Condition Was In) - 2015 - Remaster,0,False,18,1,0sHeX8oQ6o7xic3wMf4NBU,Supergrass,1CD4bX4fXByt9nmCQrvMzN,I Should Coco (20th Anniversary Collector's Edition),1995-05-15,album,0.43,0.83,3,-6.849,1,0.0722,0.000419,0.0635,0.213,0.735,144.856,4,164573
5GP3HwuwRCnKResvcLLUzG,Je suis votre papa sucre - 2015 - Remaster,0,False,19,1,0sHeX8oQ6o7xic3wMf4NBU,Supergrass,1CD4bX4fXByt9nmCQrvMzN,I Should Coco (20th Anniversary Collector's Edition),1995-05-15,album,0.527,0.438,0,-11.83,1,0.0459,0.0291,0.946,0.158,0.0722,113.2,3,107200
6CW1D5oWH0DXcgfUhxiqVF,Stone Free - 2015 Remastered Version,0,False,20,1,0sHeX8oQ6o7xic3wMf4NBU,Supergrass,1CD4bX4fXByt9nmCQrvMzN,I Should Coco (20th Anniversary Collector's Edition),1995-05-15,album,0.262,0.952,4,-4.485,0,0.057,0.00153,0.105,0.121,0.391,157.292,4,195920
4v97JF8r2uV4nG3qPYNZzS,I Believe in Love - Unfinished Out-take; 2015 Remastered Version,0,False,21,1,0sHeX8oQ6o7xic3wMf4NBU,Supergrass,1CD4bX4fXByt9nmCQrvMzN,I Should Coco (20th Anniversary Collector's Edition),1995-05-15,album,0.769,0.562,4,-9.947,1,0.0293,0.155,0.594,0.152,0.655,129.724,4,285987
0D61PRHHLQBopVz0b9Fxn7,Caught By the Fuzz - Backbeat Version;2015 Remastered Version,0,False,23,1,0sHeX8oQ6o7xic3wMf4NBU,Supergrass,1CD4bX4fXByt9nmCQrvMzN,I Should Coco (20th Anniversary Collector's Edition),1995-05-15,album,0.285,0.982,9,-4.445,1,0.267,0.000343,0.11,0.0884,0.13,161.72,4,138400
2lWIaW2xADzFz2gdzArj3c,Mansize Rooster - Backbeat Version;2015 Remastered Version,0,False,24,1,0sHeX8oQ6o7xic3wMf4NBU,Supergrass,1CD4bX4fXByt9nmCQrvMzN,I Should Coco (20th Anniversary Collector's Edition),1995-05-15,album,0.363,0.945,7,-6.588,1,0.082,0.000165,3.14e-05,0.0608,0.543,159.714,4,198893
667QXBI9nMmKCZPN1wWFtD,Strange Ones - Backbeat Version;2015 Remastered Version,0,False,28,1,0sHeX8oQ6o7xic3wMf4NBU,Supergrass,1CD4bX4fXByt9nmCQrvMzN,I Should Coco (20th Anniversary Collector's Edition),1995-05-15,album,0.193,0.954,9,-5.781,0,0.142,0.000384,0.0,0.124,0.142,155.509,3,240773
2DPVjewkObe0GznRazgEbx,Sitting Up Straight - Backbeat Version;2015 Remastered Version,0,False,29,1,0sHeX8oQ6o7xic3wMf4NBU,Supergrass,1CD4bX4fXByt9nmCQrvMzN,I Should Coco (20th Anniversary Collector's Edition),1995-05-15,album,0.278,0.917,2,-4.358,1,0.22,0.000185,0.0321,0.0965,0.498,155.033,4,125040
5KUUP2uZ4jqwwqgyjHd7SF,1985 - Remastered,20,False,1,1,2uH0RyPcX7fnCcT90HFDQX,Manic Street Preachers,4TFO0RX3VGM2pdXyjjcAUW,Lifeblood 20,2024-04-12,album,0.468,0.976,4,-2.233,1,0.05,0.000142,0.0112,0.146,0.211,122.064,4,247119
4YTot6D4ksncSAVFTY6TX2,The Love of Richard Nixon - Remastered,19,False,2,1,2uH0RyPcX7fnCcT90HFDQX,Manic Street Preachers,4TFO0RX3VGM2pdXyjjcAUW,Lifeblood 20,2024-04-12,album,0.569,0.937,6,-3.485,0,0.0599,0.0271,0.046,0.097,0.917,130.252,4,218524
1TvIhBuwuKMtudZXWBkOkj,Empty Souls - Remastered,19,False,3,1,2uH0RyPcX7fnCcT90HFDQX,Manic Street Preachers,4TFO0RX3VGM2pdXyjjcAUW,Lifeblood 20,2024-04-12,album,0.471,0.942,1,-2.355,0,0.0471,6.56e-05,3.8e-06,0.234,0.407,130.142,4,244123
4wE3m4H17iXmlnNvCxsimr,A Song for Departure - Remastered,19,False,4,1,2uH0RyPcX7fnCcT90HFDQX,Manic Street Preachers,4TFO0RX3VGM2pdXyjjcAUW,Lifeblood 20,2024-04-12,album,0.62,0.779,9,-4.543,1,0.0313,0.000966,0.000109,0.182,0.682,123.182,4,258951
6STUfCeRZgUvBWdCu5vNh6,I Live to Fall Asleep - Remastered,18,False,5,1,2uH0RyPcX7fnCcT90HFDQX,Manic Street Preachers,4TFO0RX3VGM2pdXyjjcAUW,Lifeblood 20,2024-04-12,album,0.652,0.666,10,-5.498,1,0.0245,0.00951,1.69e-06,0.146,0.385,103.119,4,235897
3MGVWJMLeYB8bLszlFUMed,To Repel Ghosts - Remastered,19,False,6,1,2uH0RyPcX7fnCcT90HFDQX,Manic Street Preachers,4TFO0RX3VGM2pdXyjjcAUW,Lifeblood 20,2024-04-12,album,0.42,0.879,0,-3.693,0,0.0328,1.74e-05,8.64e-05,0.347,0.443,134.255,4,237215
5kBiIvfW1zShCCrJ6Vt4LG,Emily - Remastered,16,False,7,1,2uH0RyPcX7fnCcT90HFDQX,Manic Street Preachers,4TFO0RX3VGM2pdXyjjcAUW,Lifeblood 20,2024-04-12,album,0.575,0.715,7,-4.705,0,0.0261,0.0161,0.0229,0.0628,0.49,132.263,4,213653
6hN3fx1JYGYa76VlrOU9Og,Glasnost - Remastered,16,False,8,1,2uH0RyPcX7fnCcT90HFDQX,Manic Street Preachers,4TFO0RX3VGM2pdXyjjcAUW,Lifeblood 20,2024-04-12,album,0.462,0.788,4,-3.7,1,0.0276,0.00139,0.00739,0.254,0.545,99.128,4,192547
0uvlSmaox2JVW0MGjkePke,Always / Never - Remastered,15,False,9,1,2uH0RyPcX7fnCcT90HFDQX,Manic Street Preachers,4TFO0RX3VGM2pdXyjjcAUW,Lifeblood 20,2024-04-12,album,0.558,0.926,9,-3.43,0,0.0353,9.06e-05,0.0146,0.0896,0.524,105.172,4,220427
4kM0OW52V9SuxoHadMaM9b,Solitude Sometimes Is - Remastered,15,False,10,1,2uH0RyPcX7fnCcT90HFDQX,Manic Street Preachers,4TFO0RX3VGM2pdXyjjcAUW,Lifeblood 20,2024-04-12,album,0.507,0.709,9,-4.996,1,0.0252,0.00195,0.0,0.112,0.115,96.359,4,200210
4vhgVq0eUBmS7COn66UB87,Fragments - Remastered,14,False,11,1,2uH0RyPcX7fnCcT90HFDQX,Manic Street Preachers,4TFO0RX3VGM2pdXyjjcAUW,Lifeblood 20,2024-04-12,album,0.542,0.662,10,-5.226,1,0.0291,0.00171,0.000969,0.0831,0.494,120.221,4,241300
5IO05SS8PRQ0tyfYJhyJFD,Cardiff Afterlife - Remastered,14,False,12,1,2uH0RyPcX7fnCcT90HFDQX,Manic Street Preachers,4TFO0RX3VGM2pdXyjjcAUW,Lifeblood 20,2024-04-12,album,0.517,0.78,9,-4.203,0,0.0294,0.000418,3.95e-06,0.116,0.455,129.204,4,208570
3HyofkwpiFoSi3YeSx5hS2,The Year of Purification - Remastered,15,False,1,1,2uH0RyPcX7fnCcT90HFDQX,Manic Street Preachers,3rTCCgFGBOc8iQ3yminJWL,Know Your Enemy (Deluxe Edition),2022-09-09,album,0.319,0.881,7,-5.811,1,0.0473,1.35e-05,0.073,0.282,0.488,166.413,4,218652
2XpQFqXUo2K1eKX0we2dx5,Ocean Spray - Remastered,19,False,2,1,2uH0RyPcX7fnCcT90HFDQX,Manic Street Preachers,3rTCCgFGBOc8iQ3yminJWL,Know Your Enemy (Deluxe Edition),2022-09-09,album,0.58,0.754,9,-7.708,0,0.0291,0.000168,0.0122,0.0828,0.886,130.478,4,253010
2Gtmx26v71TBJ72jKoF9p0,So Why So Sad - Avalanches Sean Penn Mix - Remastered,14,False,3,1,2uH0RyPcX7fnCcT90HFDQX,Manic Street Preachers,3rTCCgFGBOc8iQ3yminJWL,Know Your Enemy (Deluxe Edition),2022-09-09,album,0.597,0.902,9,-6.227,1,0.0395,0.151,0.000178,0.312,0.767,122.282,4,299589
3Quqy3qCl1LQS372soHnwP,Door to the River - Remastered,14,False,4,1,2uH0RyPcX7fnCcT90HFDQX,Manic Street Preachers,3rTCCgFGBOc8iQ3yminJWL,Know Your Enemy (Deluxe Edition),2022-09-09,album,0.626,0.615,0,-6.769,1,0.0271,0.0398,0.0157,0.0839,0.345,118.767,4,278203
4CgzZvAOKClEca7auxtoEU,Rosebud - Remastered,15,False,5,1,2uH0RyPcX7fnCcT90HFDQX,Manic Street Preachers,3rTCCgFGBOc8iQ3yminJWL,Know Your Enemy (Deluxe Edition),2022-09-09,album,0.386,0.747,2,-5.764,0,0.0465,0.00116,0.0366,0.34,0.375,98.501,4,243747
6AMegOGoABTM7egO8gdNVo,Just a Kid - Remastered,11,False,6,1,2uH0RyPcX7fnCcT90HFDQX,Manic Street Preachers,3rTCCgFGBOc8iQ3yminJWL,Know Your Enemy (Deluxe Edition),2022-09-09,album,0.502,0.845,9,-6.064,1,0.0331,1.71e-05,0.000743,0.14,0.516,96.089,4,211830
0i1CIyHeX7BgmwkipWnFYu,His Last Painting - Remastered,15,False,7,1,2uH0RyPcX7fnCcT90HFDQX,Manic Street Preachers,3rTCCgFGBOc8iQ3yminJWL,Know Your Enemy (Deluxe Edition),2022-09-09,album,0.488,0.806,4,-6.639,0,0.0317,0.000305,0.000365,0.103,0.503,125.166,4,198024
6gWxlctwItxn0WYpmcORuK,Let Robeson Sing - Remastered,17,False,8,1,2uH0RyPcX7fnCcT90HFDQX,Manic Street Preachers,3rTCCgFGBOc8iQ3yminJWL,Know Your Enemy (Deluxe Edition),2022-09-09,album,0.499,0.689,2,-6.498,1,0.0259,0.00476,4.47e-05,0.0736,0.386,97.787,4,227688
4Meor3vqLiLKDI5GnI0vLD,Groundhog Days - Remastered,12,False,9,1,2uH0RyPcX7fnCcT90HFDQX,Manic Street Preachers,3rTCCgFGBOc8iQ3yminJWL,Know Your Enemy (Deluxe Edition),2022-09-09,album,0.425,0.709,2,-6.92,1,0.0473,0.00435,0.000105,0.17,0.337,121.249,4,298328
00b0YSRUSZHfRlcb6E0UA8,Epicentre - Remastered,11,False,10,1,2uH0RyPcX7fnCcT90HFDQX,Manic Street Preachers,3rTCCgFGBOc8iQ3yminJWL,Know Your Enemy (Deluxe Edition),2022-09-09,album,0.489,0.887,11,-5.417,0,0.037,1.82e-05,0.105,0.294,0.734,125.988,4,313067
3DfMeS3QlkExBdJA9idS9s,His Last Painting - TLA Mix - Remastered,9,False,11,1,2uH0RyPcX7fnCcT90HFDQX,Manic Street Preachers,3rTCCgFGBOc8iQ3yminJWL,Know Your Enemy (Deluxe Edition),2022-09-09,album,0.485,0.76,4,-7.059,0,0.0294,0.000106,0.0154,0.126,0.537,124.818,4,197218
1ctJUZSFIdFreb3QUkIjWT,Epicentre - TLA Mix - Remastered,8,False,12,1,2uH0RyPcX7fnCcT90HFDQX,Manic Street Preachers,3rTCCgFGBOc8iQ3yminJWL,Know Your Enemy (Deluxe Edition),2022-09-09,album,0.525,0.939,2,-5.197,1,0.0443,3.4e-05,0.388,0.315,0.71,125.878,4,315895
1IAcLfhdHlmHSxYFXW3mFb,So Why So Sad - KYE Version - Remastered,11,False,13,1,2uH0RyPcX7fnCcT90HFDQX,Manic Street Preachers,3rTCCgFGBOc8iQ3yminJWL,Know Your Enemy (Deluxe Edition),2022-09-09,album,0.47,0.91,11,-4.31,0,0.04,0.0,0.14,0.16,0.28,120.0,4,244000
2ySDN1QHNhmhZKek6R0Cwk,Royal Correspondent - Remastered,9,False,14,1,2uH0RyPcX7fnCcT90HFDQX,Manic Street Preachers,3rTCCgFGBOc8iQ3yminJWL,Know Your Enemy (Deluxe Edition),2022-09-09,album,0.721,0.651,4,-8.141,1,0.0267,0.134,0.2,0.107,0.589,133.223,4,211425
7sITQQ3jvfOaHuLtITwuLI,Intravenous Agnostic - Remastered,12,False,1,2,2uH0RyPcX7fnCcT90HFDQX,Manic Street Preachers,3rTCCgFGBOc8iQ3yminJWL,Know Your Enemy (Deluxe Edition),2022-09-09,album,0.285,0.879,0,-6.038,1,0.0483,2.2e-06,0.101,0.404,0.501,161.37,4,241543
6hVujabuPqDDdX4lWVEpar,Found That Soul - TLA Mix - Remastered,13,False,2,2,2uH0RyPcX7fnCcT90HFDQX,Manic Street Preachers,3rTCCgFGBOc8iQ3yminJWL,Know Your Enemy (Deluxe Edition),2022-09-09,album,0.278,0.978,9,-5.008,1,0.0399,2.6e-06,0.582,0.159,0.758,144.088,4,186829
1T1r7o4x0dYWDun8ZHjCWB,We Are All Bourgeois Now - Remastered,11,False,3,2,2uH0RyPcX7fnCcT90HFDQX,Manic Street Preachers,3rTCCgFGBOc8iQ3yminJWL,Know Your Enemy (Deluxe Edition),2022-09-09,album,0.414,0.904,7,-6.573,1,0.0392,9.23e-06,6.17e-06,0.0511,0.718,166.688,4,271731
3jVRfbHyc1DjkxrNeHe2lO,Freedom of Speech Won't Feed My Children - Remastered,12,False,4,2,2uH0RyPcX7fnCcT90HFDQX,Manic Street Preachers,3rTCCgFGBOc8iQ3yminJWL,Know Your Enemy (Deluxe Edition),2022-09-09,album,0.366,0.804,8,-5.887,1,0.0385,2.32e-05,0.279,0.143,0.458,132.864,4,173025
1pYPJqBzqjPFzH7Mk9GUG9,The Convalescent - Remastered,10,False,5,2,2uH0RyPcX7fnCcT90HFDQX,Manic Street Preachers,3rTCCgFGBOc8iQ3yminJWL,Know Your Enemy (Deluxe Edition),2022-09-09,album,0.38,0.878,11,-6.759,0,0.0429,3.75e-05,0.00336,0.377,0.372,151.765,4,328310
0Y5WPbXDaJqBAIRvUBVGDU,Baby Elian - Remastered,10,False,6,2,2uH0RyPcX7fnCcT90HFDQX,Manic Street Preachers,3rTCCgFGBOc8iQ3yminJWL,Know Your Enemy (Deluxe Edition),2022-09-09,album,0.579,0.866,2,-7.338,1,0.0376,0.00018,0.127,0.123,0.69,131.39,4,218411
5MIcBKi4DXsyRqxLmWKxXS,Masses Against the Classes - Remastered,15,False,7,2,2uH0RyPcX7fnCcT90HFDQX,Manic Street Preachers,3rTCCgFGBOc8iQ3yminJWL,Know Your Enemy (Deluxe Edition),2022-09-09,album,0.415,0.913,4,-6.254,1,0.0744,2.95e-06,0.204,0.152,0.37,144.685,4,202503
6T37Sa4kj1MgHdO1t1U8Xa,My Guernica - Remastered,10,False,8,2,2uH0RyPcX7fnCcT90HFDQX,Manic Street Preachers,3rTCCgFGBOc8iQ3yminJWL,Know Your Enemy (Deluxe Edition),2022-09-09,album,0.429,0.828,0,-5.986,1,0.0397,6.17e-06,0.0136,0.363,0.167,135.508,4,295879
3PFJQ45xIDUUhCt8LL4U2A,Studies in Paralysis - Remastered,12,False,9,2,2uH0RyPcX7fnCcT90HFDQX,Manic Street Preachers,3rTCCgFGBOc8iQ3yminJWL,Know Your Enemy (Deluxe Edition),2022-09-09,album,0.6,0.865,0,-7.232,1,0.0337,0.000106,6.39e-05,0.449,0.333,130.012,4,200791
3Mad9YIoS7Wpuc9G7tMtwK,Dead Martyrs - Remastered,10,False,10,2,2uH0RyPcX7fnCcT90HFDQX,Manic Street Preachers,3rTCCgFGBOc8iQ3yminJWL,Know Your Enemy (Deluxe Edition),2022-09-09,album,0.406,0.92,3,-6.44,0,0.062,3.13e-05,0.000581,0.137,0.104,142.063,4,206125
0NJ0oiIP4CqUN8LfzUXZf3,Wattsville Blues - Remastered,7,False,11,2,2uH0RyPcX7fnCcT90HFDQX,Manic Street Preachers,3rTCCgFGBOc8iQ3yminJWL,Know Your Enemy (Deluxe Edition),2022-09-09,album,0.579,0.804,7,-6.658,1,0.0322,0.000154,0.241,0.28,0.504,107.083,4,249627
1VapOvdff64m3bnZIh7Emr,Miss Europa Disco Dancer - Remastered,11,False,12,2,2uH0RyPcX7fnCcT90HFDQX,Manic Street Preachers,3rTCCgFGBOc8iQ3yminJWL,Know Your Enemy (Deluxe Edition),2022-09-09,album,0.583,0.69,1,-6.792,0,0.0406,0.000294,1.23e-06,0.103,0.625,118.011,4,236030
41NJncZVxhRY005TIMOVvn,Fear of Motion - Remastered,8,False,13,2,2uH0RyPcX7fnCcT90HFDQX,Manic Street Preachers,3rTCCgFGBOc8iQ3yminJWL,Know Your Enemy (Deluxe Edition),2022-09-09,album,0.402,0.936,7,-4.393,1,0.0918,0.131,0.902,0.268,0.322,140.134,4,158007
3LUSyDRsvR0857ECg6qYaY,Pedestal - Remastered,6,False,14,2,2uH0RyPcX7fnCcT90HFDQX,Manic Street Preachers,3rTCCgFGBOc8iQ3yminJWL,Know Your Enemy (Deluxe Edition),2022-09-09,album,0.194,0.94,11,-4.072,0,0.105,1.81e-05,0.0993,0.0611,0.265,149.696,5,291364
6y9NSzElGFdqLU9TIKqInq,Didn't My Lord Deliver Daniel - Remastered,6,False,15,2,2uH0RyPcX7fnCcT90HFDQX,Manic Street Preachers,3rTCCgFGBOc8iQ3yminJWL,Know Your Enemy (Deluxe Edition),2022-09-09,album,0.752,0.271,9,-9.136,0,0.0357,0.741,0.0,0.101,0.236,125.197,4,127459
5ye2aeFYM3JwZMGYSr70vH,Locust Valley - Remastered,7,False,16,2,2uH0RyPcX7fnCcT90HFDQX,Manic Street Preachers,3rTCCgFGBOc8iQ3yminJWL,Know Your Enemy (Deluxe Edition),2022-09-09,album,0.194,0.931,9,-6.848,1,0.16,0.00169,0.139,0.0555,0.079,140.542,4,246797
0cKXEUgIVTH0VstlJJtWuy,Masking Tape - Remastered,7,False,17,2,2uH0RyPcX7fnCcT90HFDQX,Manic Street Preachers,3rTCCgFGBOc8iQ3yminJWL,Know Your Enemy (Deluxe Edition),2022-09-09,album,0.354,0.885,9,-5.246,1,0.0521,0.000117,0.227,0.386,0.584,123.282,4,251911
1G8D2NgfWkD7WHneMKTJNA,Ballad of the Bangkok Novotel - Remastered,6,False,18,2,2uH0RyPcX7fnCcT90HFDQX,Manic Street Preachers,3rTCCgFGBOc8iQ3yminJWL,Know Your Enemy (Deluxe Edition),2022-09-09,album,0.361,0.951,1,-5.577,1,0.0893,0.000984,6.56e-05,0.0858,0.329,160.066,4,158553
156OqVSMKvaWEP8Y1oXYD9,Little Trolls - Remastered,5,False,19,2,2uH0RyPcX7fnCcT90HFDQX,Manic Street Preachers,3rTCCgFGBOc8iQ3yminJWL,Know Your Enemy (Deluxe Edition),2022-09-09,album,0.485,0.514,9,-8.427,0,0.0359,0.634,1.06e-05,0.0664,0.393,128.636,4,223322
4K6cyxqMeddja0QPVN952T,Ocean Spray - Studio Demo - Remastered,6,False,1,3,2uH0RyPcX7fnCcT90HFDQX,Manic Street Preachers,3rTCCgFGBOc8iQ3yminJWL,Know Your Enemy (Deluxe Edition),2022-09-09,album,0.758,0.735,7,-8.263,1,0.0422,0.0198,0.0174,0.356,0.87,131.253,4,175359
2TGKna8MOuaF1KRqJwTAdh,So Why So Sad - Cassette Demo - Remastered,5,False,2,3,2uH0RyPcX7fnCcT90HFDQX,Manic Street Preachers,3rTCCgFGBOc8iQ3yminJWL,Know Your Enemy (Deluxe Edition),2022-09-09,album,0.447,0.402,11,-5.97,0,0.0305,4.57e-05,0.436,0.127,0.224,122.035,4,216134
0CPHacnkZCmi1VjCJXkT20,Door to the River - Cassette Demo - Remastered,4,False,3,3,2uH0RyPcX7fnCcT90HFDQX,Manic Street Preachers,3rTCCgFGBOc8iQ3yminJWL,Know Your Enemy (Deluxe Edition),2022-09-09,album,0.467,0.584,0,-7.679,1,0.0269,0.0373,0.00242,0.349,0.281,112.481,4,293410
4ppcgOLi8EVLxfYjWJaTol,His Last Painting - Air Version Home Cassette Demo - Remastered,4,False,4,3,2uH0RyPcX7fnCcT90HFDQX,Manic Street Preachers,3rTCCgFGBOc8iQ3yminJWL,Know Your Enemy (Deluxe Edition),2022-09-09,album,0.638,0.728,4,-5.826,0,0.0458,0.935,0.0585,0.298,0.347,118.852,4,245046
6ofPNoLEp9859i2h5aQST4,Let Robeson Sing - Home Cassette Demo - Remastered,4,False,5,3,2uH0RyPcX7fnCcT90HFDQX,Manic Street Preachers,3rTCCgFGBOc8iQ3yminJWL,Know Your Enemy (Deluxe Edition),2022-09-09,album,0.478,0.354,2,-9.562,1,0.0296,0.835,1.45e-06,0.252,0.219,93.282,4,157950
6s99i0jAsX4czPyjg1Ndlt,Groundhog Days - Home Cassette Demo - Remastered,3,False,6,3,2uH0RyPcX7fnCcT90HFDQX,Manic Street Preachers,3rTCCgFGBOc8iQ3yminJWL,Know Your Enemy (Deluxe Edition),2022-09-09,album,0.619,0.508,6,-9.007,1,0.0294,0.914,0.00163,0.109,0.383,110.154,4,181680
1ZkAHlVJW1dfdUb3FQNCvR,Epicentre - Cassette Demo - Remastered,4,False,7,3,2uH0RyPcX7fnCcT90HFDQX,Manic Street Preachers,3rTCCgFGBOc8iQ3yminJWL,Know Your Enemy (Deluxe Edition),2022-09-09,album,0.629,0.511,2,-9.5,1,0.0323,0.357,7.12e-06,0.0719,0.533,130.459,4,241593
2PeZwB1u8OKjx1rVqcDIIY,Intravenous Agnostic - Home Cassette Demo - Remastered,3,False,8,3,2uH0RyPcX7fnCcT90HFDQX,Manic Street Preachers,3rTCCgFGBOc8iQ3yminJWL,Know Your Enemy (Deluxe Edition),2022-09-09,album,0.621,0.61,7,-8.739,0,0.0331,0.839,0.786,0.126,0.356,146.492,4,146693
5EhxPMyPbjk6GqFrqgbIyQ,Freedom of Speech Won't Feed My Children - Studio Demo - Remastered,3,False,9,3,2uH0RyPcX7fnCcT90HFDQX,Manic Street Preachers,3rTCCgFGBOc8iQ3yminJWL,Know Your Enemy (Deluxe Edition),2022-09-09,album,0.447,0.531,3,-7.04,0,0.0298,0.583,3.94e-06,0.087,0.482,130.858,4,177303
5bkaOxNn7IHkStohopQyAC,The Convalescent - Studio Rehearsal Demo - Remastered,3,False,10,3,2uH0RyPcX7fnCcT90HFDQX,Manic Street Preachers,3rTCCgFGBOc8iQ3yminJWL,Know Your Enemy (Deluxe Edition),2022-09-09,album,0.21,0.762,4,-6.907,0,0.0397,0.00544,0.00465,0.0919,0.246,157.771,4,329617
6ynIB4JTiI6iFa3kVrBN0s,His Last Elian - Studio Demo - Remastered,3,False,11,3,2uH0RyPcX7fnCcT90HFDQX,Manic Street Preachers,3rTCCgFGBOc8iQ3yminJWL,Know Your Enemy (Deluxe Edition),2022-09-09,album,0.671,0.838,9,-6.748,1,0.0296,3.99e-05,0.522,0.0941,0.812,131.232,4,203701
48B4AwIyEcMHr7g6Nx3Pas,Masses Against the Classes - Studio Demo - Remastered,4,False,12,3,2uH0RyPcX7fnCcT90HFDQX,Manic Street Preachers,3rTCCgFGBOc8iQ3yminJWL,Know Your Enemy (Deluxe Edition),2022-09-09,album,0.756,0.305,11,-9.983,1,0.0302,0.194,4.25e-06,0.299,0.367,131.912,4,145219
7rDQcIzDY9a2GvG3Sq57j6,My Guernica No 1 - Home Acoustic Demo - Remastered,3,False,13,3,2uH0RyPcX7fnCcT90HFDQX,Manic Street Preachers,3rTCCgFGBOc8iQ3yminJWL,Know Your Enemy (Deluxe Edition),2022-09-09,album,0.609,0.516,0,-9.063,1,0.0987,0.797,0.529,0.113,0.693,130.41,4,265579
3NzjmL4qerMrQFFOYsEYAv,My Guernica - Studio Demo - Remastered,3,False,14,3,2uH0RyPcX7fnCcT90HFDQX,Manic Street Preachers,3rTCCgFGBOc8iQ3yminJWL,Know Your Enemy (Deluxe Edition),2022-09-09,album,0.579,0.777,5,-6.664,0,0.0317,0.00108,0.00018,0.221,0.418,130.61,4,250098
5CDjxElJvC1viZHjVozaY0,Dead Martyrs - Home Cassette Demo - Remastered,3,False,15,3,2uH0RyPcX7fnCcT90HFDQX,Manic Street Preachers,3rTCCgFGBOc8iQ3yminJWL,Know Your Enemy (Deluxe Edition),2022-09-09,album,0.388,0.897,5,-3.925,0,0.0813,0.0325,0.000971,0.656,0.271,134.995,4,208737
1MaureUaWuoChFDj8Fc9Ai,Wattsville Blues - Home Cassette Demo - Remastered,3,False,16,3,2uH0RyPcX7fnCcT90HFDQX,Manic Street Preachers,3rTCCgFGBOc8iQ3yminJWL,Know Your Enemy (Deluxe Edition),2022-09-09,album,0.524,0.678,8,-9.825,1,0.101,0.794,0.0352,0.176,0.702,106.921,4,162832
5Xs77IAYgh7l4P6DDbdErp,Sleepflower - Remastered,21,False,1,1,2uH0RyPcX7fnCcT90HFDQX,Manic Street Preachers,4QIAEm87hloNTUrYecuGQF,Gold Against the Soul (Remastered),2020-06-12,album,0.464,0.962,9,-2.595,0,0.0614,0.00014,0.00504,0.259,0.506,145.291,4,291173
7z3nkEOu2ZhBKlUsshzK1v,From Despair to Where - Remastered,21,False,2,1,2uH0RyPcX7fnCcT90HFDQX,Manic Street Preachers,4QIAEm87hloNTUrYecuGQF,Gold Against the Soul (Remastered),2020-06-12,album,0.325,0.915,7,-0.892,1,0.0475,0.00496,0.000108,0.139,0.465,131.959,4,214293
0Ne5BbGXiMWbmrZdB3j38b,La Tristesse Durera (Scream to a Sigh) - Remastered,34,False,3,1,2uH0RyPcX7fnCcT90HFDQX,Manic Street Preachers,4QIAEm87hloNTUrYecuGQF,Gold Against the Soul (Remastered),2020-06-12,album,0.52,0.897,7,-2.4,1,0.0349,0.00474,0.000459,0.0923,0.459,98.214,4,255067
1pqZXh53XAMWP5bRxxqiun,Yourself - Remastered,15,False,4,1,2uH0RyPcX7fnCcT90HFDQX,Manic Street Preachers,4QIAEm87hloNTUrYecuGQF,Gold Against the Soul (Remastered),2020-06-12,album,0.305,0.881,5,-1.796,0,0.0496,0.000109,1.09e-06,0.0665,0.34,125.053,4,249280
6AwBnt6YYel6z7FTZ0ErKp,Life Becoming a Landslide - Remastered,17,False,5,1,2uH0RyPcX7fnCcT90HFDQX,Manic Street Preachers,4QIAEm87hloNTUrYecuGQF,Gold Against the Soul (Remastered),2020-06-12,album,0.357,0.796,5,-1.993,1,0.0379,0.0451,1.44e-05,0.189,0.208,110.41,4,255560
7BgetAQA8XA5oof6k0wkc6,Drug Drug Druggy - Remastered,16,False,6,1,2uH0RyPcX7fnCcT90HFDQX,Manic Street Preachers,4QIAEm87hloNTUrYecuGQF,Gold Against the Soul (Remastered),2020-06-12,album,0.315,0.969,4,-1.015,1,0.104,0.000196,0.000815,0.121,0.384,120.076,4,206720
1DpfQnCWDj8XbRYIn3vGB7,Roses in the Hospital - Remastered,17,False,7,1,2uH0RyPcX7fnCcT90HFDQX,Manic Street Preachers,4QIAEm87hloNTUrYecuGQF,Gold Against the Soul (Remastered),2020-06-12,album,0.576,0.967,10,-1.528,1,0.0891,0.00171,6.92e-05,0.041,0.569,106.576,4,302560
30hHZsMClnFYGPVz60N5D0,Nostalgic Pushead - Remastered,13,False,8,1,2uH0RyPcX7fnCcT90HFDQX,Manic Street Preachers,4QIAEm87hloNTUrYecuGQF,Gold Against the Soul (Remastered),2020-06-12,album,0.542,0.933,2,-1.763,0,0.0621,3.49e-05,0.197,0.195,0.462,131.337,4,254640
2zsgFDyy58asugDYOVpHup,Symphony of Tourette - Remastered,12,False,9,1,2uH0RyPcX7fnCcT90HFDQX,Manic Street Preachers,4QIAEm87hloNTUrYecuGQF,Gold Against the Soul (Remastered),2020-06-12,album,0.404,0.979,4,-2.554,0,0.309,0.000136,0.0437,0.339,0.268,125.886,4,212507
5MOQhtNSelbIWM7FcNYXhL,Gold Against the Soul - Remastered,14,False,10,1,2uH0RyPcX7fnCcT90HFDQX,Manic Street Preachers,4QIAEm87hloNTUrYecuGQF,Gold Against the Soul (Remastered),2020-06-12,album,0.464,0.982,2,-2.042,1,0.05,6.81e-05,0.501,0.23,0.383,100.109,4,339787
1isPdp33OqTG57QbrCpU6F,Donkeys - Remastered,13,False,11,1,2uH0RyPcX7fnCcT90HFDQX,Manic Street Preachers,4QIAEm87hloNTUrYecuGQF,Gold Against the Soul (Remastered),2020-06-12,album,0.56,0.677,9,-3.829,1,0.0306,0.00377,6.54e-05,0.216,0.357,134.203,4,191200
1KnUAFECr2ZPAELwKa7YNy,Comfort Comes - Remastered,12,False,12,1,2uH0RyPcX7fnCcT90HFDQX,Manic Street Preachers,4QIAEm87hloNTUrYecuGQF,Gold Against the Soul (Remastered),2020-06-12,album,0.639,0.611,2,-4.171,1,0.0346,0.00113,0.00657,0.163,0.673,143.019,4,207267
4ghUL0WY2U25naGasu9qF7,Are Mothers Saints - Remastered,12,False,13,1,2uH0RyPcX7fnCcT90HFDQX,Manic Street Preachers,4QIAEm87hloNTUrYecuGQF,Gold Against the Soul (Remastered),2020-06-12,album,0.242,0.888,9,-1.841,1,0.0406,0.000309,0.0163,0.1,0.328,108.854,4,200880
1pCNYSEkuOCT93S10ktE49,Patrick Bateman - Remastered,13,False,14,1,2uH0RyPcX7fnCcT90HFDQX,Manic Street Preachers,4QIAEm87hloNTUrYecuGQF,Gold Against the Soul (Remastered),2020-06-12,album,0.427,0.957,7,-2.505,1,0.167,0.00716,0.00392,0.908,0.346,140.994,4,392800
1TdGaVJVoxKRN82OOyShh0,Hibernation - Remastered,9,False,15,1,2uH0RyPcX7fnCcT90HFDQX,Manic Street Preachers,4QIAEm87hloNTUrYecuGQF,Gold Against the Soul (Remastered),2020-06-12,album,0.641,0.523,2,-7.824,1,0.0279,0.139,2e-05,0.254,0.336,118.979,4,211653
30CAEtkx3FPPxoz8NvPbKP,Us Against You - Remastered,9,False,16,1,2uH0RyPcX7fnCcT90HFDQX,Manic Street Preachers,4QIAEm87hloNTUrYecuGQF,Gold Against the Soul (Remastered),2020-06-12,album,0.371,0.942,11,-0.992,0,0.0483,0.000185,0.0468,0.102,0.414,154.443,4,199427
39Olian2D1zata28RtzseY,Charles Windsor - Remastered,9,False,17,1,2uH0RyPcX7fnCcT90HFDQX,Manic Street Preachers,4QIAEm87hloNTUrYecuGQF,Gold Against the Soul (Remastered),2020-06-12,album,0.375,0.883,0,-1.993,1,0.0387,3.03e-05,0.82,0.308,0.423,126.318,4,99947
3gGyCDl5zcq1trqJtq3Yo7,Wrote for Luck - Remastered,8,False,18,1,2uH0RyPcX7fnCcT90HFDQX,Manic Street Preachers,4QIAEm87hloNTUrYecuGQF,Gold Against the Soul (Remastered),2020-06-12,album,0.513,0.915,2,-1.291,1,0.0363,0.000454,0.0637,0.251,0.796,113.161,4,162667
2uidk4qnJl0By0KssYsBMo,What's My Name (Live) [Remastered],5,False,19,1,2uH0RyPcX7fnCcT90HFDQX,Manic Street Preachers,4QIAEm87hloNTUrYecuGQF,Gold Against the Soul (Remastered),2020-06-12,album,0.0656,0.902,4,-2.356,1,0.086,5.26e-05,0.621,0.0968,0.225,188.496,4,122213
3Uwfoe6Tpo1wSpTBZRyTq9,Sleepflower (House in the Woods Demo) [Remastered],6,False,20,1,2uH0RyPcX7fnCcT90HFDQX,Manic Street Preachers,4QIAEm87hloNTUrYecuGQF,Gold Against the Soul (Remastered),2020-06-12,album,0.515,0.912,9,-5.517,0,0.0828,0.00697,0.00229,0.103,0.433,147.274,4,290680
2j1257D6nF7O5gPpi1KVd3,From Despair to Where (House in the Woods Demo) [Remastered],5,False,21,1,2uH0RyPcX7fnCcT90HFDQX,Manic Street Preachers,4QIAEm87hloNTUrYecuGQF,Gold Against the Soul (Remastered),2020-06-12,album,0.383,0.852,0,-4.369,1,0.0691,0.66,0.224,0.149,0.487,135.531,4,214267
4fuFUpzz2F3qDEyP08ycP6,La Tristesse Durera (Scream to a Sigh) (House in the Woods Demo) [Remastered],5,False,22,1,2uH0RyPcX7fnCcT90HFDQX,Manic Street Preachers,4QIAEm87hloNTUrYecuGQF,Gold Against the Soul (Remastered),2020-06-12,album,0.584,0.737,8,-6.024,1,0.0404,0.562,0.121,0.07,0.553,102.89,4,217920
7nOeBVHM05QIzkkGFcAMWC,Yourself (Live in Bangkok) [Remastered],4,False,23,1,2uH0RyPcX7fnCcT90HFDQX,Manic Street Preachers,4QIAEm87hloNTUrYecuGQF,Gold Against the Soul (Remastered),2020-06-12,album,0.318,0.933,2,-1.777,1,0.0739,0.0475,0.00603,0.408,0.3,135.017,4,225653
1zCDIDaMvGt9eyGc4H6TXG,Life Becoming a Landslide (House in the Woods Demo) [Remastered],4,False,24,1,2uH0RyPcX7fnCcT90HFDQX,Manic Street Preachers,4QIAEm87hloNTUrYecuGQF,Gold Against the Soul (Remastered),2020-06-12,album,0.42,0.673,0,-6.715,0,0.0601,0.747,0.0107,0.147,0.216,114.228,4,249467
3iLh8kACogmbAt4UMSEov2,Drug Drug Druggy (House in the Woods Demo) [Remastered],4,False,25,1,2uH0RyPcX7fnCcT90HFDQX,Manic Street Preachers,4QIAEm87hloNTUrYecuGQF,Gold Against the Soul (Remastered),2020-06-12,album,0.364,0.809,11,-5.727,0,0.102,0.148,0.000264,0.057,0.589,121.048,4,209360
7M8o0LUTQKEME8Iu32ZnHJ,Drug Drug Druggy (Impact Demo) [Remastered],3,False,26,1,2uH0RyPcX7fnCcT90HFDQX,Manic Street Preachers,4QIAEm87hloNTUrYecuGQF,Gold Against the Soul (Remastered),2020-06-12,album,0.449,0.863,11,-3.734,0,0.0446,0.0019,0.0391,0.0532,0.685,120.827,4,211733
0VVD52aEgFQLfb0PldTuRU,Roses in the Hospital (House in the Woods Demo) [Remastered],3,False,27,1,2uH0RyPcX7fnCcT90HFDQX,Manic Street Preachers,4QIAEm87hloNTUrYecuGQF,Gold Against the Soul (Remastered),2020-06-12,album,0.505,0.926,5,-5.834,1,0.0712,0.633,0.000496,0.263,0.413,119.892,4,294093
6jWtLUz0rgz50BJpLPtttM,Roses in the Hospital (Impact Demo) [Remastered],3,False,28,1,2uH0RyPcX7fnCcT90HFDQX,Manic Street Preachers,4QIAEm87hloNTUrYecuGQF,Gold Against the Soul (Remastered),2020-06-12,album,0.49,0.808,0,-4.906,1,0.0376,0.00448,0.00316,0.218,0.547,116.336,4,312333
4lQLFB0iVC0NKRiEEV95p9,Nostalgic Pushead (House in the Woods Demo) [Remastered],3,False,29,1,2uH0RyPcX7fnCcT90HFDQX,Manic Street Preachers,4QIAEm87hloNTUrYecuGQF,Gold Against the Soul (Remastered),2020-06-12,album,0.552,0.945,10,-3.711,1,0.159,0.289,0.000326,0.0738,0.359,139.33,4,243427
2dyhnluzQOUk3t9UyEquUg,Symphony of Tourette (House in the Woods Demo) [Remastered],2,True,30,1,2uH0RyPcX7fnCcT90HFDQX,Manic Street Preachers,4QIAEm87hloNTUrYecuGQF,Gold Against the Soul (Remastered),2020-06-12,album,0.428,0.974,3,-2.954,1,0.159,0.13,0.183,0.0945,0.216,126.323,4,201573
56uMEKHDeLsGNp57iANdxV,Gold Against the Soul (House in the Woods Demo) [Remastered],3,False,31,1,2uH0RyPcX7fnCcT90HFDQX,Manic Street Preachers,4QIAEm87hloNTUrYecuGQF,Gold Against the Soul (Remastered),2020-06-12,album,0.591,0.929,9,-5.673,1,0.0828,0.172,0.000166,0.0498,0.375,107.229,4,281280
4ov2nhg13V5Z4eKZNPag9C,Roses in the Hospital (OG Psychovocal Remix) [Remastered],2,False,32,1,2uH0RyPcX7fnCcT90HFDQX,Manic Street Preachers,4QIAEm87hloNTUrYecuGQF,Gold Against the Soul (Remastered),2020-06-12,album,0.705,0.971,0,-3.416,1,0.0545,0.000455,0.00077,0.0594,0.737,106.372,4,290493
5QSeaqqmp1Ph1nC2VAMWh1,Roses in the Hospital (51 Funk Salute) [Remastered],2,False,33,1,2uH0RyPcX7fnCcT90HFDQX,Manic Street Preachers,4QIAEm87hloNTUrYecuGQF,Gold Against the Soul (Remastered),2020-06-12,album,0.733,0.918,10,-4.426,0,0.051,3.48e-05,0.859,0.862,0.721,106.378,4,346040
0grBSBBA2WwLIAKudswCSo,Roses in the Hospital (Filet O Gang Remix) [Remastered],2,False,35,1,2uH0RyPcX7fnCcT90HFDQX,Manic Street Preachers,4QIAEm87hloNTUrYecuGQF,Gold Against the Soul (Remastered),2020-06-12,album,0.544,0.968,10,-4.726,0,0.0494,0.000183,0.806,0.122,0.474,105.892,4,383413
57ll26XZq251sKRrKLuzQi,Roses in the Hospital (ECG Remix) [Remastered],2,False,36,1,2uH0RyPcX7fnCcT90HFDQX,Manic Street Preachers,4QIAEm87hloNTUrYecuGQF,Gold Against the Soul (Remastered),2020-06-12,album,0.57,0.978,10,-4.036,0,0.185,0.00412,0.000268,0.33,0.283,105.914,4,287533
6s4yJdfkgOPrrtRNWpTp8P,Send Away the Tigers - Remastered,13,False,1,1,2uH0RyPcX7fnCcT90HFDQX,Manic Street Preachers,4BHLSWoYEXfvPdv1t349sF,Send Away the Tigers: 10 Year Collectors Edition,2007-05-07,album,0.427,0.897,6,-4.24,0,0.0452,0.000182,8.38e-05,0.349,0.203,96.101,4,217927
7AbO8jUtqeuCksSgVM9Mw1,Welcome to the Dead Zone - Remastered,15,False,2,1,2uH0RyPcX7fnCcT90HFDQX,Manic Street Preachers,4BHLSWoYEXfvPdv1t349sF,Send Away the Tigers: 10 Year Collectors Edition,2007-05-07,album,0.48,0.897,7,-1.785,1,0.0308,0.000464,6.85e-06,0.184,0.39,99.994,4,222207
46UFzaFgZ5j6Dd59RVmhxa,Your Love Alone Is Not Enough (feat. Nina Persson) - Remastered,18,False,3,1,2uH0RyPcX7fnCcT90HFDQX,Manic Street Preachers,4BHLSWoYEXfvPdv1t349sF,Send Away the Tigers: 10 Year Collectors Edition,2007-05-07,album,0.331,0.916,2,-2.277,1,0.0529,0.00136,4.17e-06,0.347,0.36,126.405,4,236911
76Ii43O9x6vp5oIN82YJtl,Indian Summer - Remastered,12,False,4,1,2uH0RyPcX7fnCcT90HFDQX,Manic Street Preachers,4BHLSWoYEXfvPdv1t349sF,Send Away the Tigers: 10 Year Collectors Edition,2007-05-07,album,0.397,0.936,11,-3.231,0,0.0703,0.000219,0.000367,0.117,0.2,135.029,3,234848
7681vh2PJyltY50efEJYcc,The Second Great Depression - Remastered,11,False,5,1,2uH0RyPcX7fnCcT90HFDQX,Manic Street Preachers,4BHLSWoYEXfvPdv1t349sF,Send Away the Tigers: 10 Year Collectors Edition,2007-05-07,album,0.487,0.931,4,-2.897,1,0.072,0.0204,0.000604,0.121,0.411,125.765,3,249411
53LGxbwOYBqK0r9nE3NkYf,Rendition - Remastered,9,False,6,1,2uH0RyPcX7fnCcT90HFDQX,Manic Street Preachers,4BHLSWoYEXfvPdv1t349sF,Send Away the Tigers: 10 Year Collectors Edition,2007-05-07,album,0.447,0.976,9,-3.2,1,0.0928,0.000399,0.00135,0.105,0.417,135.807,4,179763
1AQiAXm0mCAf6QGroVJ66P,Autumnsong - Remastered,16,False,7,1,2uH0RyPcX7fnCcT90HFDQX,Manic Street Preachers,4BHLSWoYEXfvPdv1t349sF,Send Away the Tigers: 10 Year Collectors Edition,2007-05-07,album,0.437,0.914,2,-2.176,1,0.0403,9.66e-05,1.25e-05,0.137,0.346,99.51,4,220332
6M2ufTkYp9nzlNKLARyBjo,I'm Just a Patsy - Remastered,12,False,8,1,2uH0RyPcX7fnCcT90HFDQX,Manic Street Preachers,4BHLSWoYEXfvPdv1t349sF,Send Away the Tigers: 10 Year Collectors Edition,2007-05-07,album,0.254,0.928,0,-2.206,1,0.0572,0.00431,0.000165,0.0884,0.372,187.813,4,191717
2wXnb6jhFMxZSkHH8xXfj8,Imperial Bodybags - Remastered,12,False,9,1,2uH0RyPcX7fnCcT90HFDQX,Manic Street Preachers,4BHLSWoYEXfvPdv1t349sF,Send Away the Tigers: 10 Year Collectors Edition,2007-05-07,album,0.347,0.979,4,-2.68,0,0.189,0.00117,4.31e-05,0.231,0.316,182.955,4,210779
0ByURmfURgg5wgawlD3ByN,Winterlovers - Remastered,8,False,10,1,2uH0RyPcX7fnCcT90HFDQX,Manic Street Preachers,4BHLSWoYEXfvPdv1t349sF,Send Away the Tigers: 10 Year Collectors Edition,2007-05-07,album,0.422,0.848,7,-3.11,1,0.0305,0.000436,0.017,0.312,0.424,94.954,4,192195
7jhjw9kRuKji3jiziBdkUL,Working Class Hero - Remastered,10,False,11,1,2uH0RyPcX7fnCcT90HFDQX,Manic Street Preachers,4BHLSWoYEXfvPdv1t349sF,Send Away the Tigers: 10 Year Collectors Edition,2007-05-07,album,0.459,0.913,1,-0.938,0,0.0384,0.0141,9.63e-05,0.117,0.614,113.718,3,172553
738zvKYihrvnON5XM9NwwV,Leviathan - Remastered,6,False,1,2,2uH0RyPcX7fnCcT90HFDQX,Manic Street Preachers,4BHLSWoYEXfvPdv1t349sF,Send Away the Tigers: 10 Year Collectors Edition,2007-05-07,album,0.456,0.794,2,-3.353,1,0.0407,0.000238,0.000787,0.148,0.409,135.992,4,160955
2QMppfjz0xf26nAhXaKMis,Umbrella - Remastered,23,False,2,2,2uH0RyPcX7fnCcT90HFDQX,Manic Street Preachers,4BHLSWoYEXfvPdv1t349sF,Send Away the Tigers: 10 Year Collectors Edition,2007-05-07,album,0.345,0.96,1,-3.787,1,0.0885,6.38e-05,0.0,0.165,0.336,182.251,4,219169
7CLYsd0L21GQigLZ9myRCo,Ghost of Christmas - Remastered,7,False,3,2,2uH0RyPcX7fnCcT90HFDQX,Manic Street Preachers,4BHLSWoYEXfvPdv1t349sF,Send Away the Tigers: 10 Year Collectors Edition,2007-05-07,album,0.405,0.972,2,-3.776,1,0.0599,0.00275,1.51e-05,0.248,0.421,152.911,4,222014
3TC0s5G7pDR3QwmOS23EA2,Boxes and Lists - Remastered,5,False,4,2,2uH0RyPcX7fnCcT90HFDQX,Manic Street Preachers,4BHLSWoYEXfvPdv1t349sF,Send Away the Tigers: 10 Year Collectors Edition,2007-05-07,album,0.263,0.911,2,-3.476,1,0.0566,1.26e-05,0.00567,0.342,0.438,149.949,4,238688
6fUKdiDSRmihIx08c7Ce1j,Love Letter to the Future - Remastered,5,False,5,2,2uH0RyPcX7fnCcT90HFDQX,Manic Street Preachers,4BHLSWoYEXfvPdv1t349sF,Send Away the Tigers: 10 Year Collectors Edition,2007-05-07,album,0.34,0.963,7,-2.04,1,0.0797,0.000638,0.0153,0.369,0.404,149.929,4,231741
2BLQhH3aKe7bp7XSrbHO6Y,Little Girl Lost - Remastered,4,False,6,2,2uH0RyPcX7fnCcT90HFDQX,Manic Street Preachers,4BHLSWoYEXfvPdv1t349sF,Send Away the Tigers: 10 Year Collectors Edition,2007-05-07,album,0.262,0.921,9,-3.266,1,0.0637,0.00189,0.000125,0.353,0.414,144.132,4,137081
6JsJzfOTUg2zbYjPjeUt9D,Fearless Punk Ballad - Remastered,6,False,7,2,2uH0RyPcX7fnCcT90HFDQX,Manic Street Preachers,4BHLSWoYEXfvPdv1t349sF,Send Away the Tigers: 10 Year Collectors Edition,2007-05-07,album,0.551,0.607,7,-4.842,1,0.0308,0.156,0.0104,0.108,0.17,129.924,4,248834
12RAMzACpqI6Oi87zUbi2w,Your Love Alone Is Not Enough (Nina Solo Acoustic) - Remastered,9,False,8,2,2uH0RyPcX7fnCcT90HFDQX,Manic Street Preachers,4BHLSWoYEXfvPdv1t349sF,Send Away the Tigers: 10 Year Collectors Edition,2007-05-07,album,0.591,0.382,2,-5.999,1,0.0286,0.662,0.0,0.265,0.241,126.984,4,240046
7GmxNNq9At3W8koLeXQ8Bi,Red Sleeping Beauty (McCarthy Cover) - Remastered,6,False,9,2,2uH0RyPcX7fnCcT90HFDQX,Manic Street Preachers,4BHLSWoYEXfvPdv1t349sF,Send Away the Tigers: 10 Year Collectors Edition,2007-05-07,album,0.391,0.924,9,-4.486,1,0.056,8.76e-05,0.00294,0.322,0.345,95.26,4,198204
1bJTpnHhBfMDfqz6syJmXe,The Long Goodbye - Remastered,3,False,10,2,2uH0RyPcX7fnCcT90HFDQX,Manic Street Preachers,4BHLSWoYEXfvPdv1t349sF,Send Away the Tigers: 10 Year Collectors Edition,2007-05-07,album,0.386,0.867,2,-3.805,1,0.0405,0.00209,0.000371,0.101,0.61,113.468,4,166385
1NWSTCbaYrBidqosFis1gv,Morning Comrade - Remastered,3,False,11,2,2uH0RyPcX7fnCcT90HFDQX,Manic Street Preachers,4BHLSWoYEXfvPdv1t349sF,Send Away the Tigers: 10 Year Collectors Edition,2007-05-07,album,0.752,0.301,2,-8.686,1,0.0368,0.863,0.0,0.088,0.43,142.966,4,195848
4vmsfYW7TUQm5hRkGlAQHn,1404 - Remastered,4,False,12,2,2uH0RyPcX7fnCcT90HFDQX,Manic Street Preachers,4BHLSWoYEXfvPdv1t349sF,Send Away the Tigers: 10 Year Collectors Edition,2007-05-07,album,0.734,0.386,2,-5.824,1,0.0292,0.809,0.0,0.15,0.534,85.94,4,149674
7AIaHyly7cQcO69u2Mh3WM,The Vortices - Remastered,6,False,13,2,2uH0RyPcX7fnCcT90HFDQX,Manic Street Preachers,4BHLSWoYEXfvPdv1t349sF,Send Away the Tigers: 10 Year Collectors Edition,2007-05-07,album,0.302,0.91,9,-4.449,1,0.0521,0.000349,0.856,0.371,0.162,77.973,4,202755
6mCDNTUMz475JhGC3fzHFD,Autumnsong (Acoustic Version) - Remastered,10,False,14,2,2uH0RyPcX7fnCcT90HFDQX,Manic Street Preachers,4BHLSWoYEXfvPdv1t349sF,Send Away the Tigers: 10 Year Collectors Edition,2007-05-07,album,0.498,0.523,2,-3.85,1,0.0258,0.479,0.0,0.11,0.346,99.495,4,223327
7evmHPGTtS905yDnGyabyB,Anorexic Rodin - Remastered,6,False,15,2,2uH0RyPcX7fnCcT90HFDQX,Manic Street Preachers,4BHLSWoYEXfvPdv1t349sF,Send Away the Tigers: 10 Year Collectors Edition,2007-05-07,album,0.688,0.679,4,-4.751,0,0.043,0.0199,1.59e-05,0.0883,0.687,144.026,4,192623
0fqFCpdQUk2NSCaTP4PPNA,Heyday of the Blood - Remastered,3,False,16,2,2uH0RyPcX7fnCcT90HFDQX,Manic Street Preachers,4BHLSWoYEXfvPdv1t349sF,Send Away the Tigers: 10 Year Collectors Edition,2007-05-07,album,0.465,0.964,2,-2.867,1,0.05,1.58e-05,0.309,0.118,0.302,137.942,4,164897
02o9FdztseyoI0Z4fgRoQy,Foggy Eyes - Remastered,4,False,17,2,2uH0RyPcX7fnCcT90HFDQX,Manic Street Preachers,4BHLSWoYEXfvPdv1t349sF,Send Away the Tigers: 10 Year Collectors Edition,2007-05-07,album,0.54,0.94,9,-3.185,1,0.0356,0.00118,0.183,0.407,0.682,136.966,4,174712
111hfbBXY0h4UhB3Nu5jbj,Lady Lazarus - Remastered,3,False,18,2,2uH0RyPcX7fnCcT90HFDQX,Manic Street Preachers,4BHLSWoYEXfvPdv1t349sF,Send Away the Tigers: 10 Year Collectors Edition,2007-05-07,album,0.629,0.765,0,-5.069,1,0.0324,7.37e-05,0.15,0.152,0.795,118.016,4,251329
72UQfoCacsj2ZkGvkMMVGO,You Know It's Going to Hurt (Instrumental) - Remastered,3,False,19,2,2uH0RyPcX7fnCcT90HFDQX,Manic Street Preachers,4BHLSWoYEXfvPdv1t349sF,Send Away the Tigers: 10 Year Collectors Edition,2007-05-07,album,0.45,0.692,0,-6.568,0,0.0314,0.529,0.938,0.223,0.378,144.331,4,169960
1CbGxgNrLgZS47NAzHXzPS,The Everlasting - Remastered,18,False,1,1,2uH0RyPcX7fnCcT90HFDQX,Manic Street Preachers,4VzCL9kjhgGQeKCiojK1YN,This Is My Truth Tell Me Yours: 20 Year Collectors' Edition (Remastered),1998-09-14,album,0.511,0.754,2,-5.895,0,0.0348,0.00145,5.87e-05,0.106,0.27,95.522,4,368625
0RbcNXEIVt4g78DXaHMFQV,If You Tolerate This Your Children Will Be Next - Remastered,20,False,2,1,2uH0RyPcX7fnCcT90HFDQX,Manic Street Preachers,4VzCL9kjhgGQeKCiojK1YN,This Is My Truth Tell Me Yours: 20 Year Collectors' Edition (Remastered),1998-09-14,album,0.234,0.891,0,-4.249,1,0.0421,9.99e-05,0.017,0.3,0.259,95.888,4,291023
5E4lgaMpUxjLzWPMvuj3zU,You Stole the Sun from My Heart - Remastered,18,False,3,1,2uH0RyPcX7fnCcT90HFDQX,Manic Street Preachers,4VzCL9kjhgGQeKCiojK1YN,This Is My Truth Tell Me Yours: 20 Year Collectors' Edition (Remastered),1998-09-14,album,0.628,0.911,9,-5.187,1,0.037,5.76e-05,4.68e-05,0.224,0.298,117.785,4,260422
1q14ESZW2kXDW3DIOIxaCA,Ready for Drowning - Remastered,14,False,4,1,2uH0RyPcX7fnCcT90HFDQX,Manic Street Preachers,4VzCL9kjhgGQeKCiojK1YN,This Is My Truth Tell Me Yours: 20 Year Collectors' Edition (Remastered),1998-09-14,album,0.273,0.691,7,-6.469,1,0.0374,8.27e-05,0.0673,0.0959,0.192,161.745,4,272738
4Et7wjmsqq2A25lWjfrk4e,Tsunami - Remastered,16,False,5,1,2uH0RyPcX7fnCcT90HFDQX,Manic Street Preachers,4VzCL9kjhgGQeKCiojK1YN,This Is My Truth Tell Me Yours: 20 Year Collectors' Edition (Remastered),1998-09-14,album,0.528,0.894,6,-4.254,1,0.0329,0.00446,4.77e-05,0.342,0.35,112.866,4,231319
4li4BkNjtpjVSFq8r8DSvn,My Little Empire - Remastered,13,False,6,1,2uH0RyPcX7fnCcT90HFDQX,Manic Street Preachers,4VzCL9kjhgGQeKCiojK1YN,This Is My Truth Tell Me Yours: 20 Year Collectors' Edition (Remastered),1998-09-14,album,0.457,0.532,5,-7.732,1,0.0255,3.32e-05,0.00789,0.105,0.219,175.817,4,249265
1zdu9ihlBzExZQ5b2csPbK,I'm Not Working - Remastered,10,False,7,1,2uH0RyPcX7fnCcT90HFDQX,Manic Street Preachers,4VzCL9kjhgGQeKCiojK1YN,This Is My Truth Tell Me Yours: 20 Year Collectors' Edition (Remastered),1998-09-14,album,0.543,0.674,0,-6.518,1,0.0445,0.016,0.000558,0.118,0.155,119.204,4,351522
2nHmnf7iDL300dFdwHTYai,You're Tender and You're Tired - Remastered,12,False,8,1,2uH0RyPcX7fnCcT90HFDQX,Manic Street Preachers,4VzCL9kjhgGQeKCiojK1YN,This Is My Truth Tell Me Yours: 20 Year Collectors' Edition (Remastered),1998-09-14,album,0.36,0.844,9,-4.269,0,0.0336,0.000723,1.76e-06,0.334,0.335,181.447,4,277771
4BAhX5VrDH6hQUdh9SqmvY,Born a Girl - Remastered,10,False,9,1,2uH0RyPcX7fnCcT90HFDQX,Manic Street Preachers,4VzCL9kjhgGQeKCiojK1YN,This Is My Truth Tell Me Yours: 20 Year Collectors' Edition (Remastered),1998-09-14,album,0.472,0.279,9,-10.962,0,0.0299,0.402,0.0,0.0648,0.113,111.572,4,252372
48DahUNoxTZpoQCWAEYYdX,Be Natural - Remastered,10,False,10,1,2uH0RyPcX7fnCcT90HFDQX,Manic Street Preachers,4VzCL9kjhgGQeKCiojK1YN,This Is My Truth Tell Me Yours: 20 Year Collectors' Edition (Remastered),1998-09-14,album,0.366,0.836,2,-3.986,0,0.0344,0.00015,0.000221,0.127,0.175,128.05,4,312798
6U26jhMVIVtKMus7eAYQKJ,Black Dog On My Shoulder - Remastered,12,False,11,1,2uH0RyPcX7fnCcT90HFDQX,Manic Street Preachers,4VzCL9kjhgGQeKCiojK1YN,This Is My Truth Tell Me Yours: 20 Year Collectors' Edition (Remastered),1998-09-14,album,0.22,0.73,2,-5.891,1,0.0564,0.0015,0.00116,0.0784,0.347,172.346,4,288373
3duLfgSxcCXajBfPmWHlFz,Prologue to History - Remastered,12,False,12,1,2uH0RyPcX7fnCcT90HFDQX,Manic Street Preachers,4VzCL9kjhgGQeKCiojK1YN,This Is My Truth Tell Me Yours: 20 Year Collectors' Edition (Remastered),1998-09-14,album,0.424,0.961,2,-3.136,1,0.0369,0.000116,0.00692,0.179,0.429,115.166,4,285082
6NeyEe40AcfsIgB8BzobA1,S.Y.M.M. - Remastered,8,False,13,1,2uH0RyPcX7fnCcT90HFDQX,Manic Street Preachers,4VzCL9kjhgGQeKCiojK1YN,This Is My Truth Tell Me Yours: 20 Year Collectors' Edition (Remastered),1998-09-14,album,0.284,0.802,2,-5.228,1,0.0568,0.000764,4.92e-05,0.0856,0.0608,139.435,4,366039
7gZ5AOSWFH1JCDAtsJEr10,Nobody Loved You - Remastered,11,False,14,1,2uH0RyPcX7fnCcT90HFDQX,Manic Street Preachers,4VzCL9kjhgGQeKCiojK1YN,This Is My Truth Tell Me Yours: 20 Year Collectors' Edition (Remastered),1998-09-14,album,0.381,0.736,0,-4.463,1,0.0435,2.24e-05,0.00656,0.365,0.277,174.111,4,283502
345aH9Jyo2mLFPzlCTG3Nc,The Everlasting (Live Rehearsal Demo) [Remastered],7,False,1,2,2uH0RyPcX7fnCcT90HFDQX,Manic Street Preachers,4VzCL9kjhgGQeKCiojK1YN,This Is My Truth Tell Me Yours: 20 Year Collectors' Edition (Remastered),1998-09-14,album,0.284,0.594,2,-6.893,0,0.0333,0.297,0.0823,0.343,0.203,111.471,4,337297
2oFQcbFRkzmSvON0vKU47w,If You Tolerate This Your Children Will Be Next (Dave Bascombe Mix) [Remastered],12,False,2,2,2uH0RyPcX7fnCcT90HFDQX,Manic Street Preachers,4VzCL9kjhgGQeKCiojK1YN,This Is My Truth Tell Me Yours: 20 Year Collectors' Edition (Remastered),1998-09-14,album,0.488,0.823,0,-5.582,1,0.0314,0.000654,0.000214,0.296,0.406,95.706,4,249359
3yGj3ZiMstZezclnO0rg47,You Stole the Sun from My Heart (Live Rehearsal Demo) [Remastered],6,False,3,2,2uH0RyPcX7fnCcT90HFDQX,Manic Street Preachers,4VzCL9kjhgGQeKCiojK1YN,This Is My Truth Tell Me Yours: 20 Year Collectors' Edition (Remastered),1998-09-14,album,0.281,0.769,4,-4.811,1,0.0396,0.234,1.23e-06,0.0904,0.14,130.435,4,228709
6ZH5nIUgmoSkGLBT4jXbIV,Ready for Drowning (Live Rehearsal Demo) [Remastered],4,False,4,2,2uH0RyPcX7fnCcT90HFDQX,Manic Street Preachers,4VzCL9kjhgGQeKCiojK1YN,This Is My Truth Tell Me Yours: 20 Year Collectors' Edition (Remastered),1998-09-14,album,0.365,0.734,7,-6.187,1,0.0275,0.00617,0.000187,0.161,0.293,91.555,4,228893
0RSCWwjjaC6yNtUjpMic7Z,Tsunami (Studio Demo) [Remastered],5,False,5,2,2uH0RyPcX7fnCcT90HFDQX,Manic Street Preachers,4VzCL9kjhgGQeKCiojK1YN,This Is My Truth Tell Me Yours: 20 Year Collectors' Edition (Remastered),1998-09-14,album,0.501,0.859,0,-5.449,1,0.0293,3.8e-05,0.000593,0.169,0.257,119.396,4,223027
7IencOCTwzuwX25W1kTB17,My Little Empire (Live Rehearsal Demo) [Remastered],4,False,6,2,2uH0RyPcX7fnCcT90HFDQX,Manic Street Preachers,4VzCL9kjhgGQeKCiojK1YN,This Is My Truth Tell Me Yours: 20 Year Collectors' Edition (Remastered),1998-09-14,album,0.682,0.286,10,-14.355,1,0.0315,0.874,0.676,0.112,0.289,92.635,4,254607
2IsW8u5ioVvDGKGDKE8ihq,I'm Not Working (Home Recording Demo) [Remastered],4,False,7,2,2uH0RyPcX7fnCcT90HFDQX,Manic Street Preachers,4VzCL9kjhgGQeKCiojK1YN,This Is My Truth Tell Me Yours: 20 Year Collectors' Edition (Remastered),1998-09-14,album,0.334,0.45,7,-12.049,1,0.0382,0.935,0.000801,0.424,0.495,137.884,4,260182
0AjIpfI2GDD8xOourJTkEr,You're Tender and You're Tired (Studio Demo) [Remastered],3,False,8,2,2uH0RyPcX7fnCcT90HFDQX,Manic Street Preachers,4VzCL9kjhgGQeKCiojK1YN,This Is My Truth Tell Me Yours: 20 Year Collectors' Edition (Remastered),1998-09-14,album,0.416,0.726,9,-5.815,0,0.0255,0.018,0.0,0.0937,0.571,103.377,4,231145
0fYNqZRuTVPpJPD6IIpilF,Born a Girl (Alternative Version) [Remastered],3,False,9,2,2uH0RyPcX7fnCcT90HFDQX,Manic Street Preachers,4VzCL9kjhgGQeKCiojK1YN,This Is My Truth Tell Me Yours: 20 Year Collectors' Edition (Remastered),1998-09-14,album,0.331,0.314,9,-11.083,0,0.0324,0.529,0.0,0.113,0.164,112.29,4,262131
3uF1rKLvWiBuJrIvLbQLen,Be Natural (Live Rehearsal Demo) [Remastered],3,False,10,2,2uH0RyPcX7fnCcT90HFDQX,Manic Street Preachers,4VzCL9kjhgGQeKCiojK1YN,This Is My Truth Tell Me Yours: 20 Year Collectors' Edition (Remastered),1998-09-14,album,0.257,0.644,2,-6.478,0,0.0304,0.0113,9.68e-06,0.229,0.211,97.481,5,262471
0kdcrzZor7hCfGossDm4Cb,Black Dog On My Shoulder (Live Rehearsal Demo) [Remastered],3,False,11,2,2uH0RyPcX7fnCcT90HFDQX,Manic Street Preachers,4VzCL9kjhgGQeKCiojK1YN,This Is My Truth Tell Me Yours: 20 Year Collectors' Edition (Remastered),1998-09-14,album,0.239,0.546,2,-5.988,1,0.0533,0.701,0.538,0.129,0.552,175.08,4,162211
5H5AHf26pTfHMsj43Rqgcv,Prologue to History (Live Rehearsal Demo) [Remastered],3,False,12,2,2uH0RyPcX7fnCcT90HFDQX,Manic Street Preachers,4VzCL9kjhgGQeKCiojK1YN,This Is My Truth Tell Me Yours: 20 Year Collectors' Edition (Remastered),1998-09-14,album,0.402,0.86,2,-4.634,1,0.0494,0.00869,0.0,0.105,0.492,114.68,4,228836
0FjEXPbR8YNWrXKynykwEa,S.Y.M.M. (Studio Demo) [Remastered],3,False,13,2,2uH0RyPcX7fnCcT90HFDQX,Manic Street Preachers,4VzCL9kjhgGQeKCiojK1YN,This Is My Truth Tell Me Yours: 20 Year Collectors' Edition (Remastered),1998-09-14,album,0.334,0.59,11,-5.878,0,0.0305,0.000187,0.00106,0.0847,0.151,74.067,4,332060
6ZncD58uiqk2fglvuvHeCl,Nobody Loved You (Live Rehearsal Demo) [Remastered],3,False,14,2,2uH0RyPcX7fnCcT90HFDQX,Manic Street Preachers,4VzCL9kjhgGQeKCiojK1YN,This Is My Truth Tell Me Yours: 20 Year Collectors' Edition (Remastered),1998-09-14,album,0.356,0.916,7,-5.226,1,0.19,0.00372,0.0167,0.077,0.378,152.56,4,327206
1aWm8LSlVjTWueMlM2aqqa,If You Tolerate This Your Children Will Be Next (Massive Attack Remix) [Remastered],7,False,1,3,2uH0RyPcX7fnCcT90HFDQX,Manic Street Preachers,4VzCL9kjhgGQeKCiojK1YN,This Is My Truth Tell Me Yours: 20 Year Collectors' Edition (Remastered),1998-09-14,album,0.535,0.596,7,-8.869,1,0.0344,1.91e-05,0.342,0.128,0.268,96.026,4,295872
1XI34ExkBzwgg1Xp7Yvuka,If You Tolerate This Your Children Will Be Next (David Holmes Remix) [Remastered],7,False,2,3,2uH0RyPcX7fnCcT90HFDQX,Manic Street Preachers,4VzCL9kjhgGQeKCiojK1YN,This Is My Truth Tell Me Yours: 20 Year Collectors' Edition (Remastered),1998-09-14,album,0.509,0.834,9,-7.836,0,0.0284,0.0447,0.944,0.105,0.147,95.987,4,604222
7LEQrVB9mlnNi3lgfZbyMe,The Everlasting (Deadly Avenger's Psalm 315) [Remastered],3,False,3,3,2uH0RyPcX7fnCcT90HFDQX,Manic Street Preachers,4VzCL9kjhgGQeKCiojK1YN,This Is My Truth Tell Me Yours: 20 Year Collectors' Edition (Remastered),1998-09-14,album,0.599,0.756,5,-6.831,1,0.0449,0.18,0.00277,0.125,0.15,95.896,4,343626
2UNixURgCMruBfpTJLxwgv,The Everlasting (Stealth Sonic Orchestra Remix) [Remastered],5,False,4,3,2uH0RyPcX7fnCcT90HFDQX,Manic Street Preachers,4VzCL9kjhgGQeKCiojK1YN,This Is My Truth Tell Me Yours: 20 Year Collectors' Edition (Remastered),1998-09-14,album,0.138,0.312,2,-10.577,0,0.0337,0.718,0.81,0.14,0.0362,92.474,4,313228
3y1RAwehdwK4Yko39ENBp5,You Stole the Sun from My Heart (David Holmes Remix) [Remastered],4,False,5,3,2uH0RyPcX7fnCcT90HFDQX,Manic Street Preachers,4VzCL9kjhgGQeKCiojK1YN,This Is My Truth Tell Me Yours: 20 Year Collectors' Edition (Remastered),1998-09-14,album,0.587,0.848,4,-4.835,1,0.0291,0.181,0.469,0.0712,0.476,117.766,4,314953
77hsBm89LcJ4e4NTAaO9sE,You Stole the Sun from My Heart (Mogwai Remix) [Remastered],4,False,6,3,2uH0RyPcX7fnCcT90HFDQX,Manic Street Preachers,4VzCL9kjhgGQeKCiojK1YN,This Is My Truth Tell Me Yours: 20 Year Collectors' Edition (Remastered),1998-09-14,album,0.588,0.591,4,-10.429,1,0.0351,0.784,0.759,0.354,0.187,117.975,4,376188
5NbjxSamNoX8RCk7D00IRk,Tsunami (Cornelius Remix) [Remastered],3,False,7,3,2uH0RyPcX7fnCcT90HFDQX,Manic Street Preachers,4VzCL9kjhgGQeKCiojK1YN,This Is My Truth Tell Me Yours: 20 Year Collectors' Edition (Remastered),1998-09-14,album,0.563,0.929,7,-6.028,1,0.0396,0.000374,0.526,0.305,0.567,140.03,4,248208
2u89CedA4kgXDmPntrsZ7M,Tsunami (Stereolab Remix) [Remastered],3,False,8,3,2uH0RyPcX7fnCcT90HFDQX,Manic Street Preachers,4VzCL9kjhgGQeKCiojK1YN,This Is My Truth Tell Me Yours: 20 Year Collectors' Edition (Remastered),1998-09-14,album,0.593,0.701,4,-7.812,0,0.0376,0.0383,0.021,0.282,0.654,116.003,4,408438
08WyszCyMfDQ8mKrnp5ynG,Montana / Autumn / 78 (B-Side) [Remastered],7,False,9,3,2uH0RyPcX7fnCcT90HFDQX,Manic Street Preachers,4VzCL9kjhgGQeKCiojK1YN,This Is My Truth Tell Me Yours: 20 Year Collectors' Edition (Remastered),1998-09-14,album,0.405,0.992,4,-3.061,1,0.091,4e-05,0.391,0.409,0.256,117.768,4,197709
1bddoD86wxb6zU5Y9UwTdq,Black Holes for the Young (B-Side) [Remastered],7,False,10,3,2uH0RyPcX7fnCcT90HFDQX,Manic Street Preachers,4VzCL9kjhgGQeKCiojK1YN,This Is My Truth Tell Me Yours: 20 Year Collectors' Edition (Remastered),1998-09-14,album,0.487,0.883,4,-3.515,0,0.0447,0.000163,0.0017,0.133,0.299,131.782,4,255796
1mdYsyMIfmFw0lpGMhsby3,Valley Boy (B-Side) [Remastered],5,False,11,3,2uH0RyPcX7fnCcT90HFDQX,Manic Street Preachers,4VzCL9kjhgGQeKCiojK1YN,This Is My Truth Tell Me Yours: 20 Year Collectors' Edition (Remastered),1998-09-14,album,0.277,0.736,4,-5.201,1,0.0362,0.000168,0.0657,0.305,0.351,132.488,4,314730
0DpoMT0MrwAVetngkS8hbZ,Socialist Serenade (B-Side) [Remastered],4,False,12,3,2uH0RyPcX7fnCcT90HFDQX,Manic Street Preachers,4VzCL9kjhgGQeKCiojK1YN,This Is My Truth Tell Me Yours: 20 Year Collectors' Edition (Remastered),1998-09-14,album,0.432,0.938,9,-3.174,1,0.0524,5.89e-06,0.0704,0.0529,0.744,150.971,4,257576
71SUtT7x1mi9Y5uUD4oVSY,Buildings for Dead People (B-Side) [Remastered],5,False,13,3,2uH0RyPcX7fnCcT90HFDQX,Manic Street Preachers,4VzCL9kjhgGQeKCiojK1YN,This Is My Truth Tell Me Yours: 20 Year Collectors' Edition (Remastered),1998-09-14,album,0.492,0.929,9,-4.939,1,0.0441,0.000136,0.00182,0.0751,0.627,106.305,4,333694
0z1TTE4vM5ADy2ddH7NxKA,Elvis Impersonator: Blackpool Pier - 2016 Remastered Version,18,False,1,1,2uH0RyPcX7fnCcT90HFDQX,Manic Street Preachers,0N5NWxZazrftwlXMOgHQrC,Everything Must Go 20 (Remastered),1996-05-20,album,0.468,0.613,11,-7.285,0,0.0399,0.125,1.18e-05,0.514,0.212,97.967,4,209160
7rIoot9qXXs4H3n1kH2V4F,A Design for Life - 2016 Remastered Version,40,False,2,1,2uH0RyPcX7fnCcT90HFDQX,Manic Street Preachers,0N5NWxZazrftwlXMOgHQrC,Everything Must Go 20 (Remastered),1996-05-20,album,0.406,0.849,0,-3.841,1,0.0391,8.08e-05,0.0,0.0421,0.312,88.05,4,257653
4CcaRViNfcjSSEQJY0XmcD,Kevin Carter - 2016 Remastered Version,21,False,3,1,2uH0RyPcX7fnCcT90HFDQX,Manic Street Preachers,0N5NWxZazrftwlXMOgHQrC,Everything Must Go 20 (Remastered),1996-05-20,album,0.421,0.793,0,-3.377,1,0.041,0.0265,5.82e-06,0.107,0.547,126.596,4,204840
6fAyJNE8E2G5m81aQXz9u3,Enola / Alone - 2016 Remastered Version,20,False,4,1,2uH0RyPcX7fnCcT90HFDQX,Manic Street Preachers,0N5NWxZazrftwlXMOgHQrC,Everything Must Go 20 (Remastered),1996-05-20,album,0.346,0.821,2,-3.724,1,0.0434,0.000805,0.0192,0.183,0.39,128.286,4,247547
3D63hicTizy3fOsGpRu2y9,Everything Must Go - 2016 Remastered Version,22,False,5,1,2uH0RyPcX7fnCcT90HFDQX,Manic Street Preachers,0N5NWxZazrftwlXMOgHQrC,Everything Must Go 20 (Remastered),1996-05-20,album,0.334,0.856,9,-2.019,1,0.0442,0.00402,0.035,0.371,0.478,135.105,4,221093
5n2iQoIOp0aXXuoDK6OgRx,Small Black Flowers That Grow in the Sky - 2016 Remastered Version,18,False,6,1,2uH0RyPcX7fnCcT90HFDQX,Manic Street Preachers,0N5NWxZazrftwlXMOgHQrC,Everything Must Go 20 (Remastered),1996-05-20,album,0.716,0.253,0,-13.429,1,0.0311,0.839,2.57e-06,0.112,0.351,116.832,4,183040
4AhSH3Soj1cFx8NEOsnwlK,The Girl Who Wanted to Be God - 2016 Remastered Version,18,False,7,1,2uH0RyPcX7fnCcT90HFDQX,Manic Street Preachers,0N5NWxZazrftwlXMOgHQrC,Everything Must Go 20 (Remastered),1996-05-20,album,0.41,0.918,0,-3.982,1,0.0615,0.0117,0.0226,0.304,0.392,109.891,4,215600
6WDdLcNnhVjr8IegwApQ1A,Removables - 2016 Remastered Version,16,False,8,1,2uH0RyPcX7fnCcT90HFDQX,Manic Street Preachers,0N5NWxZazrftwlXMOgHQrC,Everything Must Go 20 (Remastered),1996-05-20,album,0.62,0.758,0,-5.501,1,0.0252,0.00573,0.000185,0.169,0.494,111.047,4,211547
3GjGAq1fk9WvBWh3S2Op94,Australia - 2016 Remastered Version,36,False,9,1,2uH0RyPcX7fnCcT90HFDQX,Manic Street Preachers,0N5NWxZazrftwlXMOgHQrC,Everything Must Go 20 (Remastered),1996-05-20,album,0.385,0.936,4,-3.466,1,0.0535,9.92e-05,0.00969,0.0762,0.525,137.901,4,244907
7v9tjMt0SsvNCV8mD8IE04,Interiors (Song for Willem de Kooning) - 2016 Remastered Version,15,False,10,1,2uH0RyPcX7fnCcT90HFDQX,Manic Street Preachers,0N5NWxZazrftwlXMOgHQrC,Everything Must Go 20 (Remastered),1996-05-20,album,0.443,0.865,9,-4.183,1,0.0676,0.0257,0.0138,0.314,0.583,128.882,4,258333
0epvh2u7RxCFdyqbaP5kpn,Further Away - 2016 Remastered Version,15,False,11,1,2uH0RyPcX7fnCcT90HFDQX,Manic Street Preachers,0N5NWxZazrftwlXMOgHQrC,Everything Must Go 20 (Remastered),1996-05-20,album,0.425,0.941,9,-3.463,0,0.0517,0.000862,0.00153,0.189,0.464,133.988,4,219427
71xeNuKh2UGQ8nx5RuELHD,No Surface All Feeling - 2016 Remastered Version,20,False,12,1,2uH0RyPcX7fnCcT90HFDQX,Manic Street Preachers,0N5NWxZazrftwlXMOgHQrC,Everything Must Go 20 (Remastered),1996-05-20,album,0.39,0.706,4,-6.161,1,0.0347,0.000223,0.253,0.168,0.302,78.812,4,255113
3uHueDM0oiSUVOYKWUlo92,Elvis Impersonator: Blackpool Pier - Remastered Version,26,False,1,1,2uH0RyPcX7fnCcT90HFDQX,Manic Street Preachers,3jvKfPU4A2j7tVOFkhcEi2,Everything Must Go 10th Anniversary Edition,1996-05-20,album,0.289,0.609,11,-7.766,0,0.0458,0.136,2.17e-05,0.635,0.233,98.232,4,209173
0uJyE3M3ecGZgzltsQKs3a,A Design for Life - Remastered,53,False,2,1,2uH0RyPcX7fnCcT90HFDQX,Manic Street Preachers,3jvKfPU4A2j7tVOFkhcEi2,Everything Must Go 10th Anniversary Edition,1996-05-20,album,0.184,0.841,0,-4.723,1,0.0468,0.000811,4.47e-05,0.0422,0.349,88.224,4,257640
2a6owWVjP1AHZtowGgzJec,Kevin Carter - Remastered Version,34,False,3,1,2uH0RyPcX7fnCcT90HFDQX,Manic Street Preachers,3jvKfPU4A2j7tVOFkhcEi2,Everything Must Go 10th Anniversary Edition,1996-05-20,album,0.426,0.797,5,-4.268,0,0.0419,0.0478,1.1e-05,0.207,0.516,126.674,4,204867
2365Q0PQlSAzy9C7HwKZht,Enola / Alone - Remastered Version,30,False,4,1,2uH0RyPcX7fnCcT90HFDQX,Manic Street Preachers,3jvKfPU4A2j7tVOFkhcEi2,Everything Must Go 10th Anniversary Edition,1996-05-20,album,0.341,0.83,2,-3.619,1,0.0439,0.00506,0.135,0.303,0.317,128.33,4,247640
3VkzbJz9VrALHns67fJutN,Everything Must Go - Remastered Version,34,False,5,1,2uH0RyPcX7fnCcT90HFDQX,Manic Street Preachers,3jvKfPU4A2j7tVOFkhcEi2,Everything Must Go 10th Anniversary Edition,1996-05-20,album,0.328,0.892,9,-2.526,1,0.0459,0.0419,0.324,0.372,0.461,134.818,4,220773
773pRJP4K29kCTO2QaM7DD,Small Black Flowers That Grow In The Sky - Remastered Version,27,False,6,1,2uH0RyPcX7fnCcT90HFDQX,Manic Street Preachers,3jvKfPU4A2j7tVOFkhcEi2,Everything Must Go 10th Anniversary Edition,1996-05-20,album,0.722,0.285,0,-11.907,1,0.0302,0.847,2.32e-06,0.103,0.352,116.79,4,182840
7d8DTVuRpqgLA3Y1sAOAYJ,The Girl Who Wanted To Be God - Remastered Version,25,False,7,1,2uH0RyPcX7fnCcT90HFDQX,Manic Street Preachers,3jvKfPU4A2j7tVOFkhcEi2,Everything Must Go 10th Anniversary Edition,1996-05-20,album,0.427,0.903,0,-4.64,1,0.0605,0.0138,0.0262,0.293,0.401,109.824,4,215707
65V9tcOSzGLNT6b5Ikt5N7,Removables - Remastered Version,22,False,8,1,2uH0RyPcX7fnCcT90HFDQX,Manic Street Preachers,3jvKfPU4A2j7tVOFkhcEi2,Everything Must Go 10th Anniversary Edition,1996-05-20,album,0.631,0.753,0,-5.89,1,0.0256,0.00636,0.000117,0.257,0.503,111.029,4,211560
0EhVoKEr4kITiSbrdTpmKE,Australia - Remastered Version,28,False,9,1,2uH0RyPcX7fnCcT90HFDQX,Manic Street Preachers,3jvKfPU4A2j7tVOFkhcEi2,Everything Must Go 10th Anniversary Edition,1996-05-20,album,0.382,0.944,4,-3.091,1,0.0543,0.000139,0.0108,0.0749,0.54,137.968,4,244307
3KcAE1zXTdOiwf9nnbdbV7,Interiors (Song For Willem De Kooning) - Remastered Version,22,False,10,1,2uH0RyPcX7fnCcT90HFDQX,Manic Street Preachers,3jvKfPU4A2j7tVOFkhcEi2,Everything Must Go 10th Anniversary Edition,1996-05-20,album,0.449,0.89,9,-3.948,1,0.0644,0.0495,0.0427,0.265,0.613,128.864,4,258053
6OWUEDEOkWaAWooGjhBHq0,Further Away - Remastered Version,23,False,11,1,2uH0RyPcX7fnCcT90HFDQX,Manic Street Preachers,3jvKfPU4A2j7tVOFkhcEi2,Everything Must Go 10th Anniversary Edition,1996-05-20,album,0.43,0.952,9,-3.666,0,0.054,0.00187,0.0275,0.217,0.513,134.023,4,219093
6b9xJlwCiwv1lSncxIcZVf,No Surface All Feeling - Remastered Version,31,False,12,1,2uH0RyPcX7fnCcT90HFDQX,Manic Street Preachers,3jvKfPU4A2j7tVOFkhcEi2,Everything Must Go 10th Anniversary Edition,1996-05-20,album,0.395,0.711,6,-6.238,0,0.0352,0.000148,0.491,0.22,0.283,78.843,4,254907
7fMQWFjkx4TWo40rPRYRVG,Yes - Remastered,35,False,1,1,2uH0RyPcX7fnCcT90HFDQX,Manic Street Preachers,7FiPNXyrCGGWFqO4btxPEe,The Holy Bible 20 (Remastered),1994-08-29,album,0.507,0.862,4,-4.111,1,0.0315,0.000809,3.87e-05,0.393,0.585,140.984,4,300587
5Dcpl2k7kJzgZecHHeZiAu,Ifwhiteamericatoldthetruthforonedayit'sworldwouldfallapart - Remastered,31,False,2,1,2uH0RyPcX7fnCcT90HFDQX,Manic Street Preachers,7FiPNXyrCGGWFqO4btxPEe,The Holy Bible 20 (Remastered),1994-08-29,album,0.348,0.808,4,-4.562,0,0.0847,0.000326,0.0,0.201,0.469,147.998,4,219693
467TaQhUCDl3H27aE2zaio,Of Walking Abortion - Remastered,29,False,3,1,2uH0RyPcX7fnCcT90HFDQX,Manic Street Preachers,7FiPNXyrCGGWFqO4btxPEe,The Holy Bible 20 (Remastered),1994-08-29,album,0.511,0.94,2,-4.173,1,0.0801,0.000469,0.00313,0.441,0.366,139.032,4,241280
55ol0W7FtPHP3cC8qXm1xU,She Is Suffering - Remastered,32,False,4,1,2uH0RyPcX7fnCcT90HFDQX,Manic Street Preachers,7FiPNXyrCGGWFqO4btxPEe,The Holy Bible 20 (Remastered),1994-08-29,album,0.561,0.672,4,-5.921,1,0.0276,0.00646,0.0166,0.271,0.21,111.921,1,282093
34cbXKoeiguKS93VAhZoDo,Archives of Pain - Remastered,29,False,5,1,2uH0RyPcX7fnCcT90HFDQX,Manic Street Preachers,7FiPNXyrCGGWFqO4btxPEe,The Holy Bible 20 (Remastered),1994-08-29,album,0.37,0.757,10,-6.436,1,0.036,5.22e-05,0.517,0.149,0.28,126.445,4,328360
4LoYabgVCEMa4x6nwi89EN,Revol - Remastered,28,False,6,1,2uH0RyPcX7fnCcT90HFDQX,Manic Street Preachers,7FiPNXyrCGGWFqO4btxPEe,The Holy Bible 20 (Remastered),1994-08-29,album,0.415,0.943,7,-3.157,1,0.11,0.0011,0.0213,0.221,0.314,150.883,4,184347
6QJkYv3Cgr04n5vCBz2lrF,4st 7lb - Remastered,34,False,7,1,2uH0RyPcX7fnCcT90HFDQX,Manic Street Preachers,7FiPNXyrCGGWFqO4btxPEe,The Holy Bible 20 (Remastered),1994-08-29,album,0.363,0.92,7,-4.981,1,0.0712,0.0133,2.06e-06,0.375,0.21,146.944,4,305600
06NKSnEMiEJ9NSGRq54JfE,Mausoleum - Remastered,25,False,8,1,2uH0RyPcX7fnCcT90HFDQX,Manic Street Preachers,7FiPNXyrCGGWFqO4btxPEe,The Holy Bible 20 (Remastered),1994-08-29,album,0.491,0.931,8,-3.241,1,0.0396,0.00367,0.511,0.0388,0.416,124.338,4,253360
6iqctKUfABXqpJhE1fUiHy,Faster - Remastered,34,False,9,1,2uH0RyPcX7fnCcT90HFDQX,Manic Street Preachers,7FiPNXyrCGGWFqO4btxPEe,The Holy Bible 20 (Remastered),1994-08-29,album,0.433,0.976,9,-2.008,1,0.0807,0.0508,0.0088,0.168,0.363,151.967,4,235573
5BPJNHzRrdI2iQQb9VcCLM,This Is Yesterday - Remastered,30,False,10,1,2uH0RyPcX7fnCcT90HFDQX,Manic Street Preachers,7FiPNXyrCGGWFqO4btxPEe,The Holy Bible 20 (Remastered),1994-08-29,album,0.601,0.775,7,-7.957,1,0.0587,0.076,3.12e-05,0.108,0.34,115.088,4,238387
2KjsA4OKrvpQcsxcl1fg1i,Die in the Summertime - Remastered,27,False,11,1,2uH0RyPcX7fnCcT90HFDQX,Manic Street Preachers,7FiPNXyrCGGWFqO4btxPEe,The Holy Bible 20 (Remastered),1994-08-29,album,0.439,0.82,2,-5.279,1,0.0296,0.000165,0.00126,0.128,0.377,116.446,4,186080
67ilSU7Ryy6p6PJRU4jick,The Intense Humming of Evil - Remastered,23,False,12,1,2uH0RyPcX7fnCcT90HFDQX,Manic Street Preachers,7FiPNXyrCGGWFqO4btxPEe,The Holy Bible 20 (Remastered),1994-08-29,album,0.574,0.835,0,-5.902,1,0.084,0.000579,0.346,0.297,0.23,121.012,4,372960
0jWINAtES1tAvm0Kf9nnfb,P.C.P. - Remastered,25,False,13,1,2uH0RyPcX7fnCcT90HFDQX,Manic Street Preachers,7FiPNXyrCGGWFqO4btxPEe,The Holy Bible 20 (Remastered),1994-08-29,album,0.29,0.911,7,-3.347,1,0.0699,7.32e-05,0.15,0.275,0.436,173.151,4,237013
0iZCMWWZw5KAUuiJ8wQ4q4,Yes - Remastered,19,False,1,1,2uH0RyPcX7fnCcT90HFDQX,Manic Street Preachers,1nBOPldj3RnJJ2JN4a62v1,The Holy Bible 20 (Deluxe),1994-08-29,album,0.507,0.862,4,-4.111,1,0.0315,0.000809,3.87e-05,0.393,0.585,140.984,4,300587
41mjKQnqswpBjyLdioXFra,Ifwhiteamericatoldthetruthforonedayit'sworldwouldfallapart - Remastered,18,False,2,1,2uH0RyPcX7fnCcT90HFDQX,Manic Street Preachers,1nBOPldj3RnJJ2JN4a62v1,The Holy Bible 20 (Deluxe),1994-08-29,album,0.348,0.808,4,-4.562,0,0.0847,0.000326,0.0,0.201,0.469,147.998,4,219693
3DzBJe5NUoEzdrLG09CFrK,Of Walking Abortion - Remastered,15,False,3,1,2uH0RyPcX7fnCcT90HFDQX,Manic Street Preachers,1nBOPldj3RnJJ2JN4a62v1,The Holy Bible 20 (Deluxe),1994-08-29,album,0.511,0.94,2,-4.173,1,0.0801,0.000469,0.00313,0.441,0.366,139.032,4,241280
1Cq2AZPwdGdRlwrVqCTrac,She Is Suffering - Remastered,15,False,4,1,2uH0RyPcX7fnCcT90HFDQX,Manic Street Preachers,1nBOPldj3RnJJ2JN4a62v1,The Holy Bible 20 (Deluxe),1994-08-29,album,0.561,0.672,4,-5.921,1,0.0276,0.00646,0.0166,0.271,0.21,111.921,1,282093
573p6LY86zcY8262EwUDse,Archives of Pain - Remastered,16,False,5,1,2uH0RyPcX7fnCcT90HFDQX,Manic Street Preachers,1nBOPldj3RnJJ2JN4a62v1,The Holy Bible 20 (Deluxe),1994-08-29,album,0.37,0.757,10,-6.436,1,0.036,5.22e-05,0.517,0.149,0.28,126.445,4,328360
51fJr9Xs93FRV2t4qSblAz,Revol - Remastered,15,False,6,1,2uH0RyPcX7fnCcT90HFDQX,Manic Street Preachers,1nBOPldj3RnJJ2JN4a62v1,The Holy Bible 20 (Deluxe),1994-08-29,album,0.415,0.943,7,-3.157,1,0.11,0.0011,0.0213,0.221,0.314,150.883,4,184347
12CmD08ukCV7NYN8P1krn4,4st 7lb - Remastered,16,False,7,1,2uH0RyPcX7fnCcT90HFDQX,Manic Street Preachers,1nBOPldj3RnJJ2JN4a62v1,The Holy Bible 20 (Deluxe),1994-08-29,album,0.363,0.92,7,-4.981,1,0.0712,0.0133,2.06e-06,0.375,0.21,146.944,4,305600
38q7kekBgDcNv5dkh7o2u5,Mausoleum - Remastered,13,False,8,1,2uH0RyPcX7fnCcT90HFDQX,Manic Street Preachers,1nBOPldj3RnJJ2JN4a62v1,The Holy Bible 20 (Deluxe),1994-08-29,album,0.491,0.931,8,-3.241,1,0.0396,0.00367,0.511,0.0388,0.416,124.338,4,253360
5PYMjs9iyzDV4eFH7BFklJ,Faster - Remastered,19,False,9,1,2uH0RyPcX7fnCcT90HFDQX,Manic Street Preachers,1nBOPldj3RnJJ2JN4a62v1,The Holy Bible 20 (Deluxe),1994-08-29,album,0.433,0.976,9,-2.008,1,0.0807,0.0508,0.0088,0.168,0.363,151.967,4,235573
2Ne0hKEj1WZrhyHvM8rpih,This Is Yesterday - Remastered,14,False,10,1,2uH0RyPcX7fnCcT90HFDQX,Manic Street Preachers,1nBOPldj3RnJJ2JN4a62v1,The Holy Bible 20 (Deluxe),1994-08-29,album,0.601,0.775,7,-7.957,1,0.0587,0.076,3.12e-05,0.108,0.34,115.088,4,238387
4AwZJ3qNtjJMHnimvejTpg,Die in the Summertime - Remastered,14,False,11,1,2uH0RyPcX7fnCcT90HFDQX,Manic Street Preachers,1nBOPldj3RnJJ2JN4a62v1,The Holy Bible 20 (Deluxe),1994-08-29,album,0.439,0.82,2,-5.279,1,0.0296,0.000165,0.00126,0.128,0.377,116.446,4,186080
0apsseKQNE8WgUGp9RsIM6,The Intense Humming of Evil - Remastered,10,False,12,1,2uH0RyPcX7fnCcT90HFDQX,Manic Street Preachers,1nBOPldj3RnJJ2JN4a62v1,The Holy Bible 20 (Deluxe),1994-08-29,album,0.574,0.835,0,-5.902,1,0.084,0.000579,0.346,0.297,0.23,121.012,4,372960
647VC2xOpQjOQXpagLcwIo,P.C.P. - Remastered,13,False,13,1,2uH0RyPcX7fnCcT90HFDQX,Manic Street Preachers,1nBOPldj3RnJJ2JN4a62v1,The Holy Bible 20 (Deluxe),1994-08-29,album,0.29,0.911,7,-3.347,1,0.0699,7.32e-05,0.15,0.275,0.436,173.151,4,237013
11KBFJPdYdH8bD79FhvjYh,Yes - US Mix [Remastered],14,False,1,2,2uH0RyPcX7fnCcT90HFDQX,Manic Street Preachers,1nBOPldj3RnJJ2JN4a62v1,The Holy Bible 20 (Deluxe),1994-08-29,album,0.448,0.945,4,-5.322,1,0.0773,0.00251,4.94e-06,0.334,0.491,141.024,4,319373
6fDd4BmfwITxQvBO1QJTtJ,Ifwhiteamericatoldthetruthforonedayit'sworldwouldfallapart - US Mix [Remastered],13,False,2,2,2uH0RyPcX7fnCcT90HFDQX,Manic Street Preachers,1nBOPldj3RnJJ2JN4a62v1,The Holy Bible 20 (Deluxe),1994-08-29,album,0.333,0.883,9,-5.121,1,0.158,0.00034,0.0,0.177,0.44,147.93,4,223320
6l7N9O3YuhQFHyOIgo7Y0G,Of Walking Abortion - US Mix [Remastered],11,False,3,2,2uH0RyPcX7fnCcT90HFDQX,Manic Street Preachers,1nBOPldj3RnJJ2JN4a62v1,The Holy Bible 20 (Deluxe),1994-08-29,album,0.48,0.957,2,-5.001,1,0.083,0.000135,6.93e-05,0.336,0.257,139.133,4,247507
3edprYGLQ9lWpXvYL6GBeG,She Is Suffering - US Mix [Remastered],11,False,4,2,2uH0RyPcX7fnCcT90HFDQX,Manic Street Preachers,1nBOPldj3RnJJ2JN4a62v1,The Holy Bible 20 (Deluxe),1994-08-29,album,0.488,0.734,4,-6.234,0,0.0286,0.000512,0.00122,0.0928,0.273,111.732,4,297827
7FjPcNYwgh1ff6pFwQ9vko,Archives of Pain - US Mix [Remastered],12,False,5,2,2uH0RyPcX7fnCcT90HFDQX,Manic Street Preachers,1nBOPldj3RnJJ2JN4a62v1,The Holy Bible 20 (Deluxe),1994-08-29,album,0.351,0.856,7,-5.579,1,0.0719,0.000303,0.00209,0.112,0.327,126.374,4,330773
5xXXcSSHmkufpZGb8XWPFY,Revol - US Mix [Remastered],11,False,6,2,2uH0RyPcX7fnCcT90HFDQX,Manic Street Preachers,1nBOPldj3RnJJ2JN4a62v1,The Holy Bible 20 (Deluxe),1994-08-29,album,0.424,0.937,2,-5.453,1,0.0717,1.95e-05,0.0491,0.219,0.364,150.316,4,185413
08SZvAXMPwYonfyFIMmWXN,4st 7lb - US Mix [Remastered],10,False,7,2,2uH0RyPcX7fnCcT90HFDQX,Manic Street Preachers,1nBOPldj3RnJJ2JN4a62v1,The Holy Bible 20 (Deluxe),1994-08-29,album,0.314,0.946,5,-5.375,1,0.0855,0.00032,0.0,0.386,0.23,147.001,4,310200
27iboKTQLL6UPQqVa7kDps,Mausoleum - US Mix [Remastered],9,False,8,2,2uH0RyPcX7fnCcT90HFDQX,Manic Street Preachers,1nBOPldj3RnJJ2JN4a62v1,The Holy Bible 20 (Deluxe),1994-08-29,album,0.519,0.95,2,-4.349,1,0.0425,0.000373,9.1e-06,0.157,0.449,124.461,4,253867
2SV0yYsqNsRf1DY2QYQbRB,Faster - US Mix [Remastered],13,False,9,2,2uH0RyPcX7fnCcT90HFDQX,Manic Street Preachers,1nBOPldj3RnJJ2JN4a62v1,The Holy Bible 20 (Deluxe),1994-08-29,album,0.462,0.972,9,-3.86,1,0.087,3.64e-05,0.116,0.0738,0.376,152.007,4,232987
1qa1KS9J4xFiXSR0L78rtT,This Is Yesterday - US Mix [Remastered],9,False,10,2,2uH0RyPcX7fnCcT90HFDQX,Manic Street Preachers,1nBOPldj3RnJJ2JN4a62v1,The Holy Bible 20 (Deluxe),1994-08-29,album,0.587,0.711,7,-8.861,1,0.0331,0.00107,4.19e-05,0.178,0.258,114.837,4,238467
2fkdqmm8IpeHFz72nk2sBc,Die in the Summertime - US Mix [Remastered],10,False,11,2,2uH0RyPcX7fnCcT90HFDQX,Manic Street Preachers,1nBOPldj3RnJJ2JN4a62v1,The Holy Bible 20 (Deluxe),1994-08-29,album,0.447,0.822,2,-4.806,1,0.0346,0.000105,0.000337,0.098,0.345,116.476,4,187067
6bfGPFoVfCncbWWV4qJncx,The Intense Humming of Evil - US Mix [Remastered],7,False,12,2,2uH0RyPcX7fnCcT90HFDQX,Manic Street Preachers,1nBOPldj3RnJJ2JN4a62v1,The Holy Bible 20 (Deluxe),1994-08-29,album,0.578,0.892,11,-6.015,0,0.0535,0.000332,0.00371,0.133,0.154,121.046,4,373893
4P9ZV3V6nl8JLRgKQi6vEs,P.C.P. - US Mix [Remastered],10,False,13,2,2uH0RyPcX7fnCcT90HFDQX,Manic Street Preachers,1nBOPldj3RnJJ2JN4a62v1,The Holy Bible 20 (Deluxe),1994-08-29,album,0.307,0.959,7,-4.596,1,0.177,7.97e-05,0.000234,0.304,0.387,172.759,4,236200
4Pko624A5V72Afmm8N8JsX,Slash 'n' Burn - Remastered,31,False,1,1,2uH0RyPcX7fnCcT90HFDQX,Manic Street Preachers,5XV63qDoIC1z2Tb0EIMVua,Generation Terrorists (Legacy Edition) [Remastered],1992-02-10,album,0.582,0.782,6,-5.868,0,0.0305,9.62e-06,0.119,0.0831,0.481,137.962,4,239600
3Xcliyz5PgmOohCZmZgwTq,Nat West-Barclays-Midlands-Lloyds - Remastered,24,False,2,1,2uH0RyPcX7fnCcT90HFDQX,Manic Street Preachers,5XV63qDoIC1z2Tb0EIMVua,Generation Terrorists (Legacy Edition) [Remastered],1992-02-10,album,0.538,0.825,9,-5.621,1,0.0293,1.75e-05,0.838,0.0858,0.199,143.899,4,272960
0cq6wNpicuXYDz08rT5YH9,Born to End - Remastered,21,False,3,1,2uH0RyPcX7fnCcT90HFDQX,Manic Street Preachers,5XV63qDoIC1z2Tb0EIMVua,Generation Terrorists (Legacy Edition) [Remastered],1992-02-10,album,0.464,0.858,9,-4.308,1,0.0299,1.01e-05,0.836,0.148,0.279,144.929,4,235933
73kW4XDVEv9Vuv7eVN7BdP,Motorcycle Emptiness - Remastered,43,False,4,1,2uH0RyPcX7fnCcT90HFDQX,Manic Street Preachers,5XV63qDoIC1z2Tb0EIMVua,Generation Terrorists (Legacy Edition) [Remastered],1992-02-10,album,0.529,0.784,1,-5.288,0,0.0283,6.61e-06,0.142,0.135,0.253,112.461,4,368960
7v0BY9yiDJtNPoKx4JEULV,You Love Us - Remastered,32,False,5,1,2uH0RyPcX7fnCcT90HFDQX,Manic Street Preachers,5XV63qDoIC1z2Tb0EIMVua,Generation Terrorists (Legacy Edition) [Remastered],1992-02-10,album,0.0963,0.71,0,-5.567,1,0.0404,2.26e-06,0.727,0.101,0.257,75.663,4,258373
5KM6r2sybF2nYCPYNkENbs,Love's Sweet Exile - Remastered,24,False,6,1,2uH0RyPcX7fnCcT90HFDQX,Manic Street Preachers,5XV63qDoIC1z2Tb0EIMVua,Generation Terrorists (Legacy Edition) [Remastered],1992-02-10,album,0.587,0.981,9,-4.225,1,0.128,7.88e-05,0.000793,0.373,0.136,135.07,4,208760
4f3owYynBAy2g3bvs4GPYw,Little Baby Nothing - Remastered,32,False,7,1,2uH0RyPcX7fnCcT90HFDQX,Manic Street Preachers,5XV63qDoIC1z2Tb0EIMVua,Generation Terrorists (Legacy Edition) [Remastered],1992-02-10,album,0.584,0.568,2,-6.462,0,0.0268,2.15e-05,0.0806,0.338,0.158,132.912,4,300347
4l9Q4Gj4Q4C8otgr5kIPAd,Repeat (Stars and Stripes) - The Bomb Squad - Remastered,18,False,8,1,2uH0RyPcX7fnCcT90HFDQX,Manic Street Preachers,5XV63qDoIC1z2Tb0EIMVua,Generation Terrorists (Legacy Edition) [Remastered],1992-02-10,album,0.709,0.977,9,-5.345,0,0.111,0.0046,0.00301,0.31,0.327,140.754,4,249067
186bh9a4qVrSog3SzMNi38,Tennessee - Remastered,17,False,9,1,2uH0RyPcX7fnCcT90HFDQX,Manic Street Preachers,5XV63qDoIC1z2Tb0EIMVua,Generation Terrorists (Legacy Edition) [Remastered],1992-02-10,album,0.213,0.753,2,-7.445,1,0.041,2.86e-06,0.839,0.0891,0.23,151.832,4,186867
5baBC0wxieDh7oXFo29sAJ,Another Invented Disease - Remastered,20,False,10,1,2uH0RyPcX7fnCcT90HFDQX,Manic Street Preachers,5XV63qDoIC1z2Tb0EIMVua,Generation Terrorists (Legacy Edition) [Remastered],1992-02-10,album,0.637,0.885,10,-4.55,1,0.0323,2.12e-05,0.277,0.185,0.758,114.104,4,204813
0p99qc7fw9B2P47OvofJLf,Stay Beautiful - Remastered,24,False,11,1,2uH0RyPcX7fnCcT90HFDQX,Manic Street Preachers,5XV63qDoIC1z2Tb0EIMVua,Generation Terrorists (Legacy Edition) [Remastered],1992-02-10,album,0.526,0.967,7,-3.47,1,0.0424,0.000874,5.79e-05,0.352,0.66,147.947,4,190440
1VeqA0lj4uz3dStckJKHt9,So Dead - Remastered,19,False,12,1,2uH0RyPcX7fnCcT90HFDQX,Manic Street Preachers,5XV63qDoIC1z2Tb0EIMVua,Generation Terrorists (Legacy Edition) [Remastered],1992-02-10,album,0.519,0.924,9,-4.498,0,0.0309,8.2e-06,0.414,0.0948,0.557,144.915,4,269373
2RwoIJ6cbN6ppVXvvFAXVk,Spectators of Suicide - Remastered,17,False,14,1,2uH0RyPcX7fnCcT90HFDQX,Manic Street Preachers,5XV63qDoIC1z2Tb0EIMVua,Generation Terrorists (Legacy Edition) [Remastered],1992-02-10,album,0.575,0.795,2,-6.573,1,0.0307,0.00319,0.0136,0.134,0.437,130.875,4,280880
6Uq6kaJFZDRuUeDHhGdLGR,Damn Dog - Remastered,16,False,15,1,2uH0RyPcX7fnCcT90HFDQX,Manic Street Preachers,5XV63qDoIC1z2Tb0EIMVua,Generation Terrorists (Legacy Edition) [Remastered],1992-02-10,album,0.488,0.809,4,-4.851,0,0.0355,2.26e-05,0.118,0.147,0.756,150.521,4,113987
4nfyprJG2E933cTyS4OxXg,Crucifix Kiss - Remastered,18,False,16,1,2uH0RyPcX7fnCcT90HFDQX,Manic Street Preachers,5XV63qDoIC1z2Tb0EIMVua,Generation Terrorists (Legacy Edition) [Remastered],1992-02-10,album,0.323,0.893,0,-4.484,1,0.0505,0.000172,0.00148,0.246,0.281,156.087,4,219027
7ktawBKD3F7QgCFxIrUXmW,Methadone Pretty - Remastered,19,False,17,1,2uH0RyPcX7fnCcT90HFDQX,Manic Street Preachers,5XV63qDoIC1z2Tb0EIMVua,Generation Terrorists (Legacy Edition) [Remastered],1992-02-10,album,0.558,0.895,9,-4.938,1,0.0315,7.98e-06,0.669,0.0512,0.655,137.051,4,237547
1DWQS45jRtcwA03LWfSRVz,Condemned to Rock 'n' Roll - Remastered,18,False,18,1,2uH0RyPcX7fnCcT90HFDQX,Manic Street Preachers,5XV63qDoIC1z2Tb0EIMVua,Generation Terrorists (Legacy Edition) [Remastered],1992-02-10,album,0.547,0.88,7,-6.238,0,0.035,8.04e-06,0.934,0.117,0.536,128.882,4,376147
2Wx5tBC8sxVeqRwgI3uCJ2,Theme From M*A*S*H (Suicide Is Painless) - Remastered,35,False,19,1,2uH0RyPcX7fnCcT90HFDQX,Manic Street Preachers,5XV63qDoIC1z2Tb0EIMVua,Generation Terrorists (Legacy Edition) [Remastered],1992-02-10,album,0.32,0.748,7,-6.513,1,0.0448,0.00115,0.0,0.137,0.374,132.488,4,224627
5qEqmyi6PRzIX3dh87X57D,Slash 'n' Burn - House In The Woods Demo Remastered,12,False,1,2,2uH0RyPcX7fnCcT90HFDQX,Manic Street Preachers,5XV63qDoIC1z2Tb0EIMVua,Generation Terrorists (Legacy Edition) [Remastered],1992-02-10,album,0.699,0.907,11,-4.377,0,0.0348,0.013,0.23,0.0951,0.848,136.554,4,239147
0egPW11xtB5V1TgRTsG9W4,Nat West-Barclays-Midlands-Lloyds - Marcus Demo Remastered,9,False,2,2,2uH0RyPcX7fnCcT90HFDQX,Manic Street Preachers,5XV63qDoIC1z2Tb0EIMVua,Generation Terrorists (Legacy Edition) [Remastered],1992-02-10,album,0.244,0.897,4,-5.382,1,0.0544,0.000623,0.000117,0.377,0.328,155.669,4,241560
4PLpgtvzpT8TMRBHlXnkkR,Born to End - Marcus Demo Remastered,9,False,3,2,2uH0RyPcX7fnCcT90HFDQX,Manic Street Preachers,5XV63qDoIC1z2Tb0EIMVua,Generation Terrorists (Legacy Edition) [Remastered],1992-02-10,album,0.172,0.935,2,-4.275,1,0.0557,0.00204,0.0,0.344,0.307,158.138,4,174613
4oCDVXwQgh67vZvcjjoEo3,Motorcycle Emptiness - House In The Woods Demo Remastered,11,False,4,2,2uH0RyPcX7fnCcT90HFDQX,Manic Street Preachers,5XV63qDoIC1z2Tb0EIMVua,Generation Terrorists (Legacy Edition) [Remastered],1992-02-10,album,0.669,0.768,4,-4.835,0,0.0276,0.00036,0.00198,0.079,0.561,111.898,4,385960
0VWD7Ir7fXDUZTnCNfCtIo,You Love Us - Heavenly Version Remastered,11,False,5,2,2uH0RyPcX7fnCcT90HFDQX,Manic Street Preachers,5XV63qDoIC1z2Tb0EIMVua,Generation Terrorists (Legacy Edition) [Remastered],1992-02-10,album,0.342,0.9,7,-5.394,1,0.0562,2.39e-05,0.0953,0.401,0.406,153.686,4,266307
5mV6jhzmY2GeoslQ21JvWr,Love's Sweet Exile - House In The Woods Demo Remastered,7,False,6,2,2uH0RyPcX7fnCcT90HFDQX,Manic Street Preachers,5XV63qDoIC1z2Tb0EIMVua,Generation Terrorists (Legacy Edition) [Remastered],1992-02-10,album,0.569,0.905,2,-4.051,1,0.0537,0.0001,0.0749,0.108,0.441,135.477,4,195000
5iDG9d9FLuhQJeA2grf0fq,Little Baby Nothing - House In The Woods Demo Remastered,10,False,7,2,2uH0RyPcX7fnCcT90HFDQX,Manic Street Preachers,5XV63qDoIC1z2Tb0EIMVua,Generation Terrorists (Legacy Edition) [Remastered],1992-02-10,album,0.902,0.803,3,-4.374,0,0.0442,0.0318,0.375,0.0898,0.774,132.448,4,265413
3l46ON8jTbjCuoTVGOskH4,Repeat (Stars and Stripes) - Marcus Demo Remastered,6,False,8,2,2uH0RyPcX7fnCcT90HFDQX,Manic Street Preachers,5XV63qDoIC1z2Tb0EIMVua,Generation Terrorists (Legacy Edition) [Remastered],1992-02-10,album,0.32,0.878,9,-5.04,1,0.104,0.0261,0.00838,0.172,0.373,154.732,4,162387
0x82D2zlUL2KDYVkIxZsJc,Tennessee - House In The Woods Demo Remastered,6,False,9,2,2uH0RyPcX7fnCcT90HFDQX,Manic Street Preachers,5XV63qDoIC1z2Tb0EIMVua,Generation Terrorists (Legacy Edition) [Remastered],1992-02-10,album,0.444,0.984,4,-3.874,0,0.0548,5.28e-05,0.00507,0.0705,0.548,159.776,4,175720
0rQUGYEBJMqAMluJjLbk9N,Another Invented Disease - House In The Woods Demo Remastered,6,False,10,2,2uH0RyPcX7fnCcT90HFDQX,Manic Street Preachers,5XV63qDoIC1z2Tb0EIMVua,Generation Terrorists (Legacy Edition) [Remastered],1992-02-10,album,0.617,0.981,10,-2.723,1,0.0823,0.00483,0.132,0.0446,0.354,111.938,4,212400
5vufEe2fMDbiHluugsyF56,Stay Beautiful - Marcus Demo Remastered,8,False,11,2,2uH0RyPcX7fnCcT90HFDQX,Manic Street Preachers,5XV63qDoIC1z2Tb0EIMVua,Generation Terrorists (Legacy Edition) [Remastered],1992-02-10,album,0.235,0.94,2,-3.741,1,0.0601,0.00113,0.0,0.129,0.524,158.612,4,193840
6CdfPQiku4Po360przpYnr,So Dead - House In The Woods Demo Remastered,6,False,12,2,2uH0RyPcX7fnCcT90HFDQX,Manic Street Preachers,5XV63qDoIC1z2Tb0EIMVua,Generation Terrorists (Legacy Edition) [Remastered],1992-02-10,album,0.605,0.978,7,-3.672,1,0.0775,0.00412,0.0149,0.388,0.715,145.559,4,264400
1bBvu41dZLgH1oUWoFqyGJ,Repeat (UK) - House In The Woods Demo Remastered,5,False,13,2,2uH0RyPcX7fnCcT90HFDQX,Manic Street Preachers,5XV63qDoIC1z2Tb0EIMVua,Generation Terrorists (Legacy Edition) [Remastered],1992-02-10,album,0.578,0.966,9,-5.017,1,0.0431,0.00229,0.786,0.0616,0.865,157.68,4,191173
4RqUa7vxBH4ht4PB6url52,Spectators of Suicide - House In The Woods Demo Remastered,7,False,14,2,2uH0RyPcX7fnCcT90HFDQX,Manic Street Preachers,5XV63qDoIC1z2Tb0EIMVua,Generation Terrorists (Legacy Edition) [Remastered],1992-02-10,album,0.597,0.842,1,-4.935,1,0.0268,4.35e-05,0.738,0.0891,0.537,124.671,4,349547
5Pm7378zIcuV08XxaAiZmQ,Damn Dog - Live Remastered,5,False,15,2,2uH0RyPcX7fnCcT90HFDQX,Manic Street Preachers,5XV63qDoIC1z2Tb0EIMVua,Generation Terrorists (Legacy Edition) [Remastered],1992-02-10,album,0.0901,0.967,4,-1.988,1,0.176,0.81,0.58,0.872,0.0735,169.641,4,107840
4jlLVwB1MHEvwi11l4rea7,Crucifix Kiss - Marcus Demo Remastered,5,False,16,2,2uH0RyPcX7fnCcT90HFDQX,Manic Street Preachers,5XV63qDoIC1z2Tb0EIMVua,Generation Terrorists (Legacy Edition) [Remastered],1992-02-10,album,0.375,0.849,5,-4.798,1,0.0499,0.00367,0.0,0.163,0.405,75.664,4,221880
3Bffv58pXJEbmgUunpGHey,Methadone Pretty - House In The Woods Demo Remastered,6,False,17,2,2uH0RyPcX7fnCcT90HFDQX,Manic Street Preachers,5XV63qDoIC1z2Tb0EIMVua,Generation Terrorists (Legacy Edition) [Remastered],1992-02-10,album,0.728,0.9,4,-3.014,1,0.0414,0.116,0.0187,0.0837,0.711,133.457,4,251760
6PxCKW0lV2H9tYx0fHripr,Suicide Alley - South Wales Demo Remastered,8,False,18,2,2uH0RyPcX7fnCcT90HFDQX,Manic Street Preachers,5XV63qDoIC1z2Tb0EIMVua,Generation Terrorists (Legacy Edition) [Remastered],1992-02-10,album,0.508,0.96,4,-3.816,1,0.0957,0.0576,2.65e-05,0.0551,0.425,95.587,4,154880
6nJZtLMr2TLfZqhZ1rGXv3,New Art Riot - South Wales Demo Remastered,6,False,19,2,2uH0RyPcX7fnCcT90HFDQX,Manic Street Preachers,5XV63qDoIC1z2Tb0EIMVua,Generation Terrorists (Legacy Edition) [Remastered],1992-02-10,album,0.262,0.999,9,-2.228,1,0.134,0.601,0.687,0.389,0.0317,90.824,4,174627
58sN8xlRgfQbSTzTbxOJeX,Motown Junk - London Studio Demo Remastered,7,False,20,2,2uH0RyPcX7fnCcT90HFDQX,Manic Street Preachers,5XV63qDoIC1z2Tb0EIMVua,Generation Terrorists (Legacy Edition) [Remastered],1992-02-10,album,0.251,0.896,2,-6.504,1,0.0386,0.00913,0.0,0.372,0.63,154.731,4,173173
3yzlycv01O7AbGzpHtj7ii,Motown Junk - Remastered,22,False,21,2,2uH0RyPcX7fnCcT90HFDQX,Manic Street Preachers,5XV63qDoIC1z2Tb0EIMVua,Generation Terrorists (Legacy Edition) [Remastered],1992-02-10,album,0.18,0.95,2,-4.043,1,0.104,0.00134,0.836,0.817,0.137,169.139,4,239733
0Ha2fFbWzYOketFegKXNWh,Slash 'n' Burn - Remastered,0,False,1,1,2uH0RyPcX7fnCcT90HFDQX,Manic Street Preachers,1fVzZUFpX6m17ocSmzS3sf,Generation Terrorists (Remastered),1992-02-10,album,0.582,0.782,6,-5.868,0,0.0305,9.62e-06,0.119,0.0831,0.481,137.962,4,239600
3vFuSHqVflDAlz0kT2ASdQ,Nat West-Barclays-Midlands-Lloyds - Remastered,0,False,2,1,2uH0RyPcX7fnCcT90HFDQX,Manic Street Preachers,1fVzZUFpX6m17ocSmzS3sf,Generation Terrorists (Remastered),1992-02-10,album,0.538,0.825,9,-5.621,1,0.0293,1.75e-05,0.838,0.0858,0.199,143.899,4,272960
7hELXkU1jLlTWbXtWEtDch,Born to End - Remastered,0,False,3,1,2uH0RyPcX7fnCcT90HFDQX,Manic Street Preachers,1fVzZUFpX6m17ocSmzS3sf,Generation Terrorists (Remastered),1992-02-10,album,0.464,0.858,9,-4.308,1,0.0299,1.01e-05,0.836,0.148,0.279,144.929,4,235933
6ZxJi6RJ3KnRY9FHHZQwqt,Motorcycle Emptiness - Remastered,0,False,4,1,2uH0RyPcX7fnCcT90HFDQX,Manic Street Preachers,1fVzZUFpX6m17ocSmzS3sf,Generation Terrorists (Remastered),1992-02-10,album,0.529,0.784,1,-5.288,0,0.0283,6.61e-06,0.142,0.135,0.253,112.461,4,368960
5BKOb6yvJBJvaa44e6SvYa,You Love Us - Remastered,0,False,5,1,2uH0RyPcX7fnCcT90HFDQX,Manic Street Preachers,1fVzZUFpX6m17ocSmzS3sf,Generation Terrorists (Remastered),1992-02-10,album,0.0963,0.71,0,-5.567,1,0.0404,2.26e-06,0.727,0.101,0.257,75.663,4,258373
0YPfm9iOEMeqtjeAIBJ9M7,Love's Sweet Exile - Remastered,0,False,6,1,2uH0RyPcX7fnCcT90HFDQX,Manic Street Preachers,1fVzZUFpX6m17ocSmzS3sf,Generation Terrorists (Remastered),1992-02-10,album,0.587,0.981,9,-4.225,1,0.128,7.88e-05,0.000793,0.373,0.136,135.07,4,208760
0GDzrIdfSQdNc67KeVqj2v,Little Baby Nothing - Remastered,0,False,7,1,2uH0RyPcX7fnCcT90HFDQX,Manic Street Preachers,1fVzZUFpX6m17ocSmzS3sf,Generation Terrorists (Remastered),1992-02-10,album,0.584,0.568,2,-6.462,0,0.0268,2.15e-05,0.0806,0.338,0.158,132.912,4,300347
0m3PFUIh7WZIMtErRiWCXf,Repeat (Stars and Stripes) - The Bomb Squad - Remastered,0,False,8,1,2uH0RyPcX7fnCcT90HFDQX,Manic Street Preachers,1fVzZUFpX6m17ocSmzS3sf,Generation Terrorists (Remastered),1992-02-10,album,0.709,0.977,9,-5.345,0,0.111,0.0046,0.00301,0.31,0.327,140.754,4,249067
4cXcd4zP0JjFMQW4dNMBsC,Tennessee - Remastered,0,False,9,1,2uH0RyPcX7fnCcT90HFDQX,Manic Street Preachers,1fVzZUFpX6m17ocSmzS3sf,Generation Terrorists (Remastered),1992-02-10,album,0.213,0.753,2,-7.445,1,0.041,2.86e-06,0.839,0.0891,0.23,151.832,4,186867
11dFoExe6FldeOyk1BBaj1,Another Invented Disease - Remastered,0,False,10,1,2uH0RyPcX7fnCcT90HFDQX,Manic Street Preachers,1fVzZUFpX6m17ocSmzS3sf,Generation Terrorists (Remastered),1992-02-10,album,0.637,0.885,10,-4.55,1,0.0323,2.12e-05,0.277,0.185,0.758,114.104,4,204813
75wY94WEzSxrjevG1yKnea,Stay Beautiful - Remastered,0,False,11,1,2uH0RyPcX7fnCcT90HFDQX,Manic Street Preachers,1fVzZUFpX6m17ocSmzS3sf,Generation Terrorists (Remastered),1992-02-10,album,0.526,0.967,7,-3.47,1,0.0424,0.000874,5.79e-05,0.352,0.66,147.947,4,190440
3pAnuqETFupkc82hfaXQMR,So Dead - Remastered,0,False,12,1,2uH0RyPcX7fnCcT90HFDQX,Manic Street Preachers,1fVzZUFpX6m17ocSmzS3sf,Generation Terrorists (Remastered),1992-02-10,album,0.519,0.924,9,-4.498,0,0.0309,8.2e-06,0.414,0.0948,0.557,144.915,4,269373
41CywnApBe4BsbxMyrTSvc,Repeat (UK) [Remastered],0,False,13,1,2uH0RyPcX7fnCcT90HFDQX,Manic Street Preachers,1fVzZUFpX6m17ocSmzS3sf,Generation Terrorists (Remastered),1992-02-10,album,0.545,0.843,9,-5.925,1,0.032,0.000305,0.567,0.349,0.778,158.002,4,188853
7nyiRlXiiXbuIMExunUkBD,Spectators of Suicide - Remastered,0,False,14,1,2uH0RyPcX7fnCcT90HFDQX,Manic Street Preachers,1fVzZUFpX6m17ocSmzS3sf,Generation Terrorists (Remastered),1992-02-10,album,0.575,0.795,2,-6.573,1,0.0307,0.00319,0.0136,0.134,0.437,130.875,4,280880
4swzxrH3SjEOvWm3cQscAf,Damn Dog - Remastered,0,False,15,1,2uH0RyPcX7fnCcT90HFDQX,Manic Street Preachers,1fVzZUFpX6m17ocSmzS3sf,Generation Terrorists (Remastered),1992-02-10,album,0.488,0.809,4,-4.851,0,0.0355,2.26e-05,0.118,0.147,0.756,150.521,4,113987
1Z24Aag7rN7B6AduVL5Ret,Crucifix Kiss - Remastered,0,False,16,1,2uH0RyPcX7fnCcT90HFDQX,Manic Street Preachers,1fVzZUFpX6m17ocSmzS3sf,Generation Terrorists (Remastered),1992-02-10,album,0.323,0.893,0,-4.484,1,0.0505,0.000172,0.00148,0.246,0.281,156.087,4,219027
67OIEpW88P88UeFSg7cIPo,Methadone Pretty - Remastered,0,False,17,1,2uH0RyPcX7fnCcT90HFDQX,Manic Street Preachers,1fVzZUFpX6m17ocSmzS3sf,Generation Terrorists (Remastered),1992-02-10,album,0.558,0.895,9,-4.938,1,0.0315,7.98e-06,0.669,0.0512,0.655,137.051,4,237547
2JqleliQ8H8fv7wBYnVTRC,Condemned to Rock 'n' Roll - Remastered,0,False,18,1,2uH0RyPcX7fnCcT90HFDQX,Manic Street Preachers,1fVzZUFpX6m17ocSmzS3sf,Generation Terrorists (Remastered),1992-02-10,album,0.547,0.88,7,-6.238,0,0.035,8.04e-06,0.934,0.117,0.536,128.882,4,376147
1gl2DO2tuQiEJonyHn9sH0,Theme From M*A*S*H (Suicide Is Painless) - Remastered,0,False,19,1,2uH0RyPcX7fnCcT90HFDQX,Manic Street Preachers,1fVzZUFpX6m17ocSmzS3sf,Generation Terrorists (Remastered),1992-02-10,album,0.32,0.748,7,-6.513,1,0.0448,0.00115,0.0,0.137,0.374,132.488,4,224627
1U3XFBGSpc9sc57hzvIM6H,This Is Music - Remastered 2016,29,False,1,1,2cGwlqi3k18jFpUyTrsR84,The Verve,4hZJmZmLVyR7KE4CFyK9S3,This Is Music: The Singles,2025-01-24,album,0.276,0.863,11,-5.479,0,0.05,0.000191,0.0,0.128,0.354,141.046,4,215867
4Jb7NVqrttOLnx4mUpa6Lj,Slide Away - Remastered 2016,28,False,2,1,2cGwlqi3k18jFpUyTrsR84,The Verve,4hZJmZmLVyR7KE4CFyK9S3,This Is Music: The Singles,2025-01-24,album,0.304,0.67,2,-7.46,1,0.034,0.0165,0.468,0.079,0.241,149.624,4,243453
2vxDyo3vZbSSvQxthukjfW,Lucky Man - Remastered 2016,29,False,3,1,2cGwlqi3k18jFpUyTrsR84,The Verve,4hZJmZmLVyR7KE4CFyK9S3,This Is Music: The Singles,2025-01-24,album,0.408,0.66,2,-7.56,1,0.0297,0.295,0.00019,0.0916,0.205,76.027,4,293587
3GJm2I8WJi7KM1BJGJ1Eio,History - Remastered 2016,27,False,4,1,2cGwlqi3k18jFpUyTrsR84,The Verve,4hZJmZmLVyR7KE4CFyK9S3,This Is Music: The Singles,2025-01-24,album,0.332,0.653,2,-8.003,1,0.0332,0.112,0.0,0.0945,0.118,134.078,4,326093
41eABFed5JVl4lpYGhPTWI,She's A Superstar - Remastered 2016,29,False,5,1,2cGwlqi3k18jFpUyTrsR84,The Verve,4hZJmZmLVyR7KE4CFyK9S3,This Is Music: The Singles,2025-01-24,album,0.255,0.618,9,-8.448,1,0.037,0.0108,0.828,0.0935,0.168,149.96,3,533787
1GRzUAKwdZv5v97vrBIsC3,On Your Own - Remastered 2016,25,False,6,1,2cGwlqi3k18jFpUyTrsR84,The Verve,4hZJmZmLVyR7KE4CFyK9S3,This Is Music: The Singles,2025-01-24,album,0.45,0.73,4,-7.296,0,0.0248,0.338,2.85e-06,0.257,0.397,86.741,4,213733
4PUyLuc1j1szsKO3366nYR,Blue - Remastered 2016,27,False,7,1,2cGwlqi3k18jFpUyTrsR84,The Verve,4hZJmZmLVyR7KE4CFyK9S3,This Is Music: The Singles,2025-01-24,album,0.284,0.947,11,-6.01,0,0.0615,2.4e-05,0.0359,0.179,0.572,168.143,4,198613
1K3uWcrJeQcg090jj8DIAo,Sonnet - Remastered 2016,26,False,8,1,2cGwlqi3k18jFpUyTrsR84,The Verve,4hZJmZmLVyR7KE4CFyK9S3,This Is Music: The Singles,2025-01-24,album,0.428,0.723,0,-7.292,1,0.0248,0.136,5.91e-05,0.184,0.308,88.203,4,261360
21o9L6qNieLTFVQhYaHzSQ,All In The Mind - Remastered 2016,27,False,9,1,2cGwlqi3k18jFpUyTrsR84,The Verve,4hZJmZmLVyR7KE4CFyK9S3,This Is Music: The Singles,2025-01-24,album,0.284,0.768,7,-6.604,1,0.0361,0.00199,0.00315,0.0823,0.319,125.674,4,255280
5SeMBx0yHGlpkThSvD8gbr,The Drugs Don't Work - Remastered 2016,24,False,10,1,2cGwlqi3k18jFpUyTrsR84,The Verve,4hZJmZmLVyR7KE4CFyK9S3,This Is Music: The Singles,2025-01-24,album,0.407,0.516,0,-8.637,1,0.027,0.224,0.0,0.15,0.19,154.805,4,304880
4kmJZDbHe9UMw6r2GLfngh,Gravity Grave - Remastered 2004,26,False,11,1,2cGwlqi3k18jFpUyTrsR84,The Verve,4hZJmZmLVyR7KE4CFyK9S3,This Is Music: The Singles,2025-01-24,album,0.431,0.823,2,-7.809,1,0.0412,0.47,0.828,0.11,0.614,86.93,4,501973
2FMO73nyP3Eaf1jznnhIpg,Bitter Sweet Symphony - Remastered 2016,25,False,12,1,2cGwlqi3k18jFpUyTrsR84,The Verve,4hZJmZmLVyR7KE4CFyK9S3,This Is Music: The Singles,2025-01-24,album,0.356,0.922,9,-5.968,1,0.0625,0.0323,0.0,0.545,0.407,171.12,4,358267
0iqkwcmrOSMoRDO2NZ5Hjx,Bitter Sweet Symphony - Remastered 2016,39,False,1,1,2cGwlqi3k18jFpUyTrsR84,The Verve,4uWmfuW68AR0mGFpYlUDjL,Urban Hymns (Deluxe / Remastered 2016),1997-09-29,album,0.356,0.917,9,-6.006,1,0.0479,0.0335,0.0,0.406,0.518,171.176,4,357267
1zStzFRWUfUHpBbq7DniQh,This Could Be My Moment - Remastered 2004,0,False,2,3,2cGwlqi3k18jFpUyTrsR84,The Verve,4Wx07YW6hrwBSGOOPdDERt,Urban Hymns (Super Deluxe / Remastered 2016),1997-09-29,album,0.409,0.85,4,-5.899,1,0.0377,0.00295,1.89e-05,0.376,0.483,95.975,4,239733
4bXb6Nj2K4tgTwSZPGri6Y,A New Decade - Remastered 2016,26,False,1,1,2cGwlqi3k18jFpUyTrsR84,The Verve,4V8NUW8yUln846aiOZ8ANR,A Northern Soul (2016 Remastered / Deluxe),1995,album,0.293,0.809,9,-6.896,1,0.0558,0.0533,7.06e-06,0.136,0.202,126.47,4,253133
1mDzMUt9GRUs5oZRPZyk58,This Is Music - Remastered 2016,36,False,2,1,2cGwlqi3k18jFpUyTrsR84,The Verve,4V8NUW8yUln846aiOZ8ANR,A Northern Soul (2016 Remastered / Deluxe),1995,album,0.273,0.881,11,-5.538,0,0.0491,0.000143,0.0,0.153,0.301,141.087,4,215867
6KA7zkPJOGjFI4bmwm3la2,On Your Own - Remastered 2016,46,False,3,1,2cGwlqi3k18jFpUyTrsR84,The Verve,4V8NUW8yUln846aiOZ8ANR,A Northern Soul (2016 Remastered / Deluxe),1995,album,0.447,0.711,4,-7.291,0,0.0237,0.359,2.81e-06,0.247,0.379,86.217,4,213733
1lyU2NOWxZFGwOxF9YtX03,So It Goes - Remastered 2016,30,False,4,1,2cGwlqi3k18jFpUyTrsR84,The Verve,4V8NUW8yUln846aiOZ8ANR,A Northern Soul (2016 Remastered / Deluxe),1995,album,0.398,0.635,0,-7.427,1,0.0306,0.00945,0.000594,0.0865,0.346,123.462,4,371240
5KaEruo9xr6MnogR3XHQ4Z,A Northern Soul - Remastered 2016,22,False,5,1,2cGwlqi3k18jFpUyTrsR84,The Verve,4V8NUW8yUln846aiOZ8ANR,A Northern Soul (2016 Remastered / Deluxe),1995,album,0.383,0.935,1,-4.649,0,0.0578,0.0954,0.0,0.204,0.438,122.553,4,392840
57saOFsjiZZQM0caSEIQSx,Brainstorm Interlude - Remastered 2016,18,False,6,1,2cGwlqi3k18jFpUyTrsR84,The Verve,4V8NUW8yUln846aiOZ8ANR,A Northern Soul (2016 Remastered / Deluxe),1995,album,0.258,0.978,11,-5.503,0,0.152,0.189,0.000225,0.256,0.13,166.489,4,311387
6JsYBnmLYJU1DoMtJhgLNe,Drive You Home - Remastered 2016,20,False,7,1,2cGwlqi3k18jFpUyTrsR84,The Verve,4V8NUW8yUln846aiOZ8ANR,A Northern Soul (2016 Remastered / Deluxe),1995,album,0.5,0.368,4,-12.666,1,0.0285,0.759,0.178,0.113,0.127,113.934,4,401547
52p8lRbIrKYjzwDMXgBVFO,History - Remastered 2016,48,False,8,1,2cGwlqi3k18jFpUyTrsR84,The Verve,4V8NUW8yUln846aiOZ8ANR,A Northern Soul (2016 Remastered / Deluxe),1995,album,0.338,0.638,2,-7.989,1,0.0332,0.105,0.0,0.102,0.113,133.99,4,326093
5glsMqnJiM2lW9otrsiqbK,No Knock On My Door - Remastered 2016,20,False,9,1,2cGwlqi3k18jFpUyTrsR84,The Verve,4V8NUW8yUln846aiOZ8ANR,A Northern Soul (2016 Remastered / Deluxe),1995,album,0.279,0.769,0,-6.574,1,0.0424,0.159,0.709,0.252,0.456,138.537,4,311493
0f1BOtLNUSfO1Gg9KqFHfS,Life's An Ocean - Remastered 2016,30,False,10,1,2cGwlqi3k18jFpUyTrsR84,The Verve,4V8NUW8yUln846aiOZ8ANR,A Northern Soul (2016 Remastered / Deluxe),1995,album,0.377,0.562,11,-10.243,0,0.157,0.0421,0.00995,0.094,0.443,166.889,4,341240
4OCc6FzjriyTfTBA6EOhVi,Stormy Clouds - Remastered 2016,20,False,11,1,2cGwlqi3k18jFpUyTrsR84,The Verve,4V8NUW8yUln846aiOZ8ANR,A Northern Soul (2016 Remastered / Deluxe),1995,album,0.343,0.655,2,-9.052,1,0.048,0.662,1.72e-05,0.115,0.236,127.965,4,336693
3v7yJVhjO9EAiMp5UJdcdL,(Reprise) - Remastered 2016,18,False,12,1,2cGwlqi3k18jFpUyTrsR84,The Verve,4V8NUW8yUln846aiOZ8ANR,A Northern Soul (2016 Remastered / Deluxe),1995,album,0.185,0.67,2,-6.823,1,0.0408,0.377,0.535,0.205,0.122,136.654,4,373827
3OwMSe2UjNIdVj6PH302Od,Let The Damage Begin - 2016 Remastered,16,False,1,2,2cGwlqi3k18jFpUyTrsR84,The Verve,4V8NUW8yUln846aiOZ8ANR,A Northern Soul (2016 Remastered / Deluxe),1995,album,0.188,0.926,5,-5.07,1,0.0912,0.0452,0.000177,0.582,0.299,151.997,4,261507
1GmV9fbQEV3jpn5VCRblOf,You And Me - 2016 Remastered,17,False,2,2,2cGwlqi3k18jFpUyTrsR84,The Verve,4V8NUW8yUln846aiOZ8ANR,A Northern Soul (2016 Remastered / Deluxe),1995,album,0.432,0.618,4,-7.597,1,0.0402,0.354,5.25e-06,0.157,0.334,135.683,4,235293
24kTZyppAUgIqwtUy0foPN,I See The Door - 2016 Remastered,26,False,3,2,2cGwlqi3k18jFpUyTrsR84,The Verve,4V8NUW8yUln846aiOZ8ANR,A Northern Soul (2016 Remastered / Deluxe),1995,album,0.499,0.719,4,-7.993,0,0.0253,0.00425,0.00132,0.0701,0.558,151.934,4,320747
4eUaRYSs95Rna2oJ43iyxB,Little Gem - 2016 Remastered,15,False,4,2,2cGwlqi3k18jFpUyTrsR84,The Verve,4V8NUW8yUln846aiOZ8ANR,A Northern Soul (2016 Remastered / Deluxe),1995,album,0.447,0.741,2,-5.691,1,0.0334,0.00362,0.00127,0.131,0.165,120.753,4,231093
3iLgDGf987GwNCTmu2MQhe,Dance On Your Bones - 2016 Remastered,14,False,5,2,2cGwlqi3k18jFpUyTrsR84,The Verve,4V8NUW8yUln846aiOZ8ANR,A Northern Soul (2016 Remastered / Deluxe),1995,album,0.507,0.526,6,-10.52,1,0.0278,0.0317,0.00199,0.0747,0.177,134.499,4,447373
72QqnQTOK5XVrqomFYkVfo,History - Radio Edit / 2016 Remastered,18,False,6,2,2cGwlqi3k18jFpUyTrsR84,The Verve,4V8NUW8yUln846aiOZ8ANR,A Northern Soul (2016 Remastered / Deluxe),1995,album,0.291,0.734,2,-7.296,1,0.039,0.0116,0.0,0.072,0.182,133.89,4,241467
42J8OYN3gLdLaqWVyW0wRL,Back On My Feet Again - 2016 Remastered,14,False,7,2,2cGwlqi3k18jFpUyTrsR84,The Verve,4V8NUW8yUln846aiOZ8ANR,A Northern Soul (2016 Remastered / Deluxe),1995,album,0.332,0.455,9,-9.48,1,0.0253,0.478,0.00187,0.105,0.362,146.026,4,355227
4yAW34tIek5kMUzjgg1UOe,On Your Own - Acoustic / 2016 Remastered,24,False,8,2,2cGwlqi3k18jFpUyTrsR84,The Verve,4V8NUW8yUln846aiOZ8ANR,A Northern Soul (2016 Remastered / Deluxe),1995,album,0.468,0.449,4,-8.733,0,0.0243,0.715,0.00037,0.113,0.111,139.03,4,258120
6kowH8SsdqwGezRVH2veTd,Monkey Magic - Brainstorm Mix / 2016 Remastered,12,False,9,2,2cGwlqi3k18jFpUyTrsR84,The Verve,4V8NUW8yUln846aiOZ8ANR,A Northern Soul (2016 Remastered / Deluxe),1995,album,0.389,0.95,4,-8.023,0,0.0647,0.0553,0.312,0.105,0.554,166.691,4,301640
2C8a9jn200YIvY8Yoom0Tm,Grey Skies - 2016 Remastered,19,False,10,2,2cGwlqi3k18jFpUyTrsR84,The Verve,4V8NUW8yUln846aiOZ8ANR,A Northern Soul (2016 Remastered / Deluxe),1995,album,0.428,0.377,4,-9.394,1,0.0282,0.856,0.00133,0.104,0.137,123.929,4,287173
3oGLfacSyOmDjEdhuOMrRG,Life's Not A Rehearsal - 2016 Remastered,14,False,11,2,2cGwlqi3k18jFpUyTrsR84,The Verve,4V8NUW8yUln846aiOZ8ANR,A Northern Soul (2016 Remastered / Deluxe),1995,album,0.311,0.665,9,-9.832,1,0.0422,0.00806,0.0268,0.513,0.409,163.317,4,380587
3Vck9sfAjvBKQRzntN3giW,Brake Lights - Loco Studio Session / 2016 Remastered,13,False,1,3,2cGwlqi3k18jFpUyTrsR84,The Verve,4V8NUW8yUln846aiOZ8ANR,A Northern Soul (2016 Remastered / Deluxe),1995,album,0.102,0.843,2,-5.939,1,0.0598,0.0126,5.32e-06,0.149,0.341,168.463,4,238693
2rEyoROpE9otzXYnP4VY6n,Mover - Loco Studio Session / 2016 Remastered,13,False,2,3,2cGwlqi3k18jFpUyTrsR84,The Verve,4V8NUW8yUln846aiOZ8ANR,A Northern Soul (2016 Remastered / Deluxe),1995,album,0.202,0.836,2,-6.237,1,0.0456,0.00059,0.00534,0.101,0.32,141.35,4,250107
2GzJI3JRZb733DlIYz5gDY,Funky Jam (AKA The Rolling People) - Loco Studio Session / 2016 Remastered,11,False,3,3,2cGwlqi3k18jFpUyTrsR84,The Verve,4V8NUW8yUln846aiOZ8ANR,A Northern Soul (2016 Remastered / Deluxe),1995,album,0.178,0.931,7,-5.685,1,0.0953,0.00283,0.0,0.116,0.437,149.266,4,352293
1RVP5n4DKhAqetrg9Cmlxs,Echo Bass - Loco Studio Session / 2016 Remastered,11,False,4,3,2cGwlqi3k18jFpUyTrsR84,The Verve,4V8NUW8yUln846aiOZ8ANR,A Northern Soul (2016 Remastered / Deluxe),1995,album,0.573,0.893,2,-7.072,1,0.0368,0.0366,0.000783,0.142,0.923,149.553,4,390000
2R5e04Y2jhbrfQzCx0m1DW,Muhammad Ali - Loco Studio Session / 2016 Remastered,11,False,5,3,2cGwlqi3k18jFpUyTrsR84,The Verve,4V8NUW8yUln846aiOZ8ANR,A Northern Soul (2016 Remastered / Deluxe),1995,album,0.355,0.841,2,-7.527,1,0.0331,0.0197,0.121,0.0706,0.614,144.115,4,256213
0RMwZWtVWUbBCLgnMMpf0P,Come On - Loco Studio Session / 2016 Remastered,13,False,6,3,2cGwlqi3k18jFpUyTrsR84,The Verve,4V8NUW8yUln846aiOZ8ANR,A Northern Soul (2016 Remastered / Deluxe),1995,album,0.206,0.822,4,-6.19,1,0.047,0.0114,1.72e-06,0.201,0.536,154.009,4,312267
5azhVamYxlpm4p6QqGGjdO,King Riff (AKA This Is Music) - Loco Studio Session / 2016 Remastered,10,False,7,3,2cGwlqi3k18jFpUyTrsR84,The Verve,4V8NUW8yUln846aiOZ8ANR,A Northern Soul (2016 Remastered / Deluxe),1995,album,0.241,0.829,11,-6.202,0,0.0411,0.00177,0.00332,0.106,0.493,140.949,4,207333
4IVGJHxfSmmeUinPTGIEvz,On Your Own - Radio 1 Session / 1995 / 2016 Remastered,5,False,8,3,2cGwlqi3k18jFpUyTrsR84,The Verve,4V8NUW8yUln846aiOZ8ANR,A Northern Soul (2016 Remastered / Deluxe),1995,album,0.319,0.568,4,-7.788,0,0.0261,0.575,1.02e-05,0.11,0.367,77.744,3,241720
6iZiq1yCh4vm55b4uwcccO,So It Goes - Radio 1 Session / 1995 / 2016 Remastered,4,False,9,3,2cGwlqi3k18jFpUyTrsR84,The Verve,4V8NUW8yUln846aiOZ8ANR,A Northern Soul (2016 Remastered / Deluxe),1995,album,0.25,0.689,0,-7.206,1,0.0324,0.134,0.00285,0.114,0.426,134.867,4,342107
6VGrhflAk5vl4gMDbQ5jrn,A New Decade - Radio 1 Mark Radcliffe Session / 1995 / 2016 Remastered,5,False,10,3,2cGwlqi3k18jFpUyTrsR84,The Verve,4V8NUW8yUln846aiOZ8ANR,A Northern Soul (2016 Remastered / Deluxe),1995,album,0.326,0.547,9,-5.823,1,0.0293,0.294,0.0067,0.292,0.375,130.279,4,246333
1rxR9xVuZ0zqUcLxiXWdjW,This Is Music - Radio 1 Mark Radcliffe Session / 1995 / 2016 Remastered,3,False,11,3,2cGwlqi3k18jFpUyTrsR84,The Verve,4V8NUW8yUln846aiOZ8ANR,A Northern Soul (2016 Remastered / Deluxe),1995,album,0.347,0.738,2,-5.568,1,0.0342,0.134,0.00402,0.187,0.342,71.925,4,223880
41erwgXu3qMZ2nwY7l4MRJ,Life's An Ocean - Radio 1 Mark Radcliffe Session / 1995 / 2016 Remastered,5,False,12,3,2cGwlqi3k18jFpUyTrsR84,The Verve,4V8NUW8yUln846aiOZ8ANR,A Northern Soul (2016 Remastered / Deluxe),1995,album,0.396,0.674,2,-8.503,1,0.0332,0.318,0.0522,0.146,0.382,85.915,4,360533
0wkMRckxEuVgOQqLrLWEtE,Come On - Radio 1 Mark Radcliffe Session / 1995 / 2016 Remastered,3,False,13,3,2cGwlqi3k18jFpUyTrsR84,The Verve,4V8NUW8yUln846aiOZ8ANR,A Northern Soul (2016 Remastered / Deluxe),1995,album,0.19,0.844,4,-6.473,1,0.0453,0.116,0.469,0.363,0.548,156.264,4,319627
0WeKXRblcaNx8aSd0VnsAO,Star Sail - 2016 Remastered,29,False,1,1,2cGwlqi3k18jFpUyTrsR84,The Verve,02hoMMI8uT38gkU2mJN10t,A Storm In Heaven (2016 Remastered / Deluxe),1993-06-21,album,0.213,0.784,2,-7.722,1,0.0432,0.0027,0.583,0.193,0.286,158.319,4,240013
0Sr9uJqXFAvqHcgwg3UjY5,Slide Away - Remastered 2016,44,False,2,1,2cGwlqi3k18jFpUyTrsR84,The Verve,02hoMMI8uT38gkU2mJN10t,A Storm In Heaven (2016 Remastered / Deluxe),1993-06-21,album,0.306,0.635,2,-7.566,1,0.032,0.017,0.323,0.0769,0.221,150.1,4,243453
4dBMUFJCBxboT1AWYyTQ3Z,Already There - 2016 Remastered,32,False,3,1,2cGwlqi3k18jFpUyTrsR84,The Verve,02hoMMI8uT38gkU2mJN10t,A Storm In Heaven (2016 Remastered / Deluxe),1993-06-21,album,0.287,0.252,4,-11.408,1,0.0274,0.287,0.485,0.0753,0.0437,84.126,4,338093
3s1ndg6SgdpCAGuG0mRKJE,Beautiful Mind - 2016 Remastered,26,False,4,1,2cGwlqi3k18jFpUyTrsR84,The Verve,02hoMMI8uT38gkU2mJN10t,A Storm In Heaven (2016 Remastered / Deluxe),1993-06-21,album,0.286,0.497,11,-10.112,0,0.0307,0.183,0.74,0.116,0.117,78.222,4,328373
6UYW9ALdwBwgvPewwELaFZ,The Sun The Sea - 2016 Remastered,23,False,5,1,2cGwlqi3k18jFpUyTrsR84,The Verve,02hoMMI8uT38gkU2mJN10t,A Storm In Heaven (2016 Remastered / Deluxe),1993-06-21,album,0.242,0.588,7,-6.716,1,0.0345,0.0029,0.0997,0.186,0.111,167.673,4,316240
6LP75hC8hEcrH5QAJCRp3j,Virtual World - 2016 Remastered,23,False,6,1,2cGwlqi3k18jFpUyTrsR84,The Verve,02hoMMI8uT38gkU2mJN10t,A Storm In Heaven (2016 Remastered / Deluxe),1993-06-21,album,0.396,0.42,0,-11.246,1,0.0278,0.372,0.148,0.263,0.239,136.158,4,377160
4FsAXY0JQzETn5R5VM7wcj,Make It ‘Til Monday - 2016 Remastered,18,False,7,1,2cGwlqi3k18jFpUyTrsR84,The Verve,02hoMMI8uT38gkU2mJN10t,A Storm In Heaven (2016 Remastered / Deluxe),1993-06-21,album,0.23,0.484,7,-9.863,1,0.0329,0.284,0.891,0.0888,0.0452,78.949,4,192147
0VhB9Vnl7ecbI57qYWGsZ2,Blue - Remastered 2016,20,False,8,1,2cGwlqi3k18jFpUyTrsR84,The Verve,02hoMMI8uT38gkU2mJN10t,A Storm In Heaven (2016 Remastered / Deluxe),1993-06-21,album,0.285,0.947,11,-6.105,0,0.0536,2.21e-05,0.0956,0.19,0.5,168.078,4,198613
4cM5HTeYoqDRSFnbbchloH,Butterfly - 2016 Remastered,19,False,9,1,2cGwlqi3k18jFpUyTrsR84,The Verve,02hoMMI8uT38gkU2mJN10t,A Storm In Heaven (2016 Remastered / Deluxe),1993-06-21,album,0.328,0.67,2,-7.644,1,0.0344,0.00471,0.339,0.118,0.312,169.997,4,399573
7lgOR8CINy20ysyJv2Awn6,See You In The Next One (Have A Good Time) - 2016 Remastered,18,False,10,1,2cGwlqi3k18jFpUyTrsR84,The Verve,02hoMMI8uT38gkU2mJN10t,A Storm In Heaven (2016 Remastered / Deluxe),1993-06-21,album,0.395,0.32,0,-13.088,1,0.0327,0.289,0.0482,0.147,0.287,143.8,4,188560
4ZIDkocLpbKw2Fo8RM7i1t,All In The Mind - Remastered 2016,22,False,1,2,2cGwlqi3k18jFpUyTrsR84,The Verve,02hoMMI8uT38gkU2mJN10t,A Storm In Heaven (2016 Remastered / Deluxe),1993-06-21,album,0.298,0.761,7,-6.698,1,0.0361,0.00121,0.00463,0.0824,0.336,125.658,4,255280
1aSqQ5OGVtX1i3FF97WJsa,One Way To Go - 2016 Remastered,24,False,2,2,2cGwlqi3k18jFpUyTrsR84,The Verve,02hoMMI8uT38gkU2mJN10t,A Storm In Heaven (2016 Remastered / Deluxe),1993-06-21,album,0.246,0.469,2,-9.159,1,0.031,0.00205,0.447,0.0975,0.206,177.066,3,437200
3UmV7iGdLT6884zhj8uvQW,A Man Called Sun - 2016 Remastered,22,False,3,2,2cGwlqi3k18jFpUyTrsR84,The Verve,02hoMMI8uT38gkU2mJN10t,A Storm In Heaven (2016 Remastered / Deluxe),1993-06-21,album,0.331,0.694,4,-8.725,0,0.0307,0.161,0.807,0.325,0.471,112.065,4,347147
3zsU5yeDeCktQluEY3owVx,She's A Superstar - Remastered 2016,20,False,4,2,2cGwlqi3k18jFpUyTrsR84,The Verve,02hoMMI8uT38gkU2mJN10t,A Storm In Heaven (2016 Remastered / Deluxe),1993-06-21,album,0.253,0.618,9,-8.495,1,0.0376,0.0123,0.878,0.116,0.158,150.025,3,533787
7M5kv0rtQaI0v07K9kX9lE,Feel - 2016 Remastered,18,False,5,2,2cGwlqi3k18jFpUyTrsR84,The Verve,02hoMMI8uT38gkU2mJN10t,A Storm In Heaven (2016 Remastered / Deluxe),1993-06-21,album,0.515,0.46,9,-13.928,1,0.0289,0.234,0.843,0.233,0.348,150.088,4,638813
2ryjWq9xAzLN8UVFJ0jwyI,Gravity Grave - Extended Version / 2016 Remastered,20,False,6,2,2cGwlqi3k18jFpUyTrsR84,The Verve,02hoMMI8uT38gkU2mJN10t,A Storm In Heaven (2016 Remastered / Deluxe),1993-06-21,album,0.343,0.822,2,-7.821,1,0.0443,0.476,0.801,0.122,0.597,174.112,4,501973
1hgPeR9wqUAbRfWfFDT64o,Endless Life - 2016 Remastered,13,False,7,2,2cGwlqi3k18jFpUyTrsR84,The Verve,02hoMMI8uT38gkU2mJN10t,A Storm In Heaven (2016 Remastered / Deluxe),1993-06-21,album,0.163,0.384,4,-11.009,1,0.0366,0.468,0.958,0.112,0.0658,140.468,4,332827
1DtiMZM1YZpSIeaPMbm1vF,A Man Called Sun - Live / 2016 Remastered,12,False,8,2,2cGwlqi3k18jFpUyTrsR84,The Verve,02hoMMI8uT38gkU2mJN10t,A Storm In Heaven (2016 Remastered / Deluxe),1993-06-21,album,0.358,0.615,11,-9.001,0,0.0362,0.229,0.4,0.335,0.302,98.026,4,329920
5GcDauxvisqAKMy7eIMXsn,Gravity Grave - Live / 2016 Remastered,12,False,9,2,2cGwlqi3k18jFpUyTrsR84,The Verve,02hoMMI8uT38gkU2mJN10t,A Storm In Heaven (2016 Remastered / Deluxe),1993-06-21,album,0.205,0.891,2,-7.515,1,0.106,0.00253,0.158,0.711,0.343,89.396,4,152627
68fg91MdCzE0W470CL85UE,Twilight - 2016 Remastered,13,False,10,2,2cGwlqi3k18jFpUyTrsR84,The Verve,02hoMMI8uT38gkU2mJN10t,A Storm In Heaven (2016 Remastered / Deluxe),1993-06-21,album,0.472,0.335,9,-15.626,1,0.0311,0.71,0.539,0.107,0.266,137.118,4,182773
5OKYLm9ATkz331GRGP4as6,Where The Geese Go - 2016 Remastered,21,False,11,2,2cGwlqi3k18jFpUyTrsR84,The Verve,02hoMMI8uT38gkU2mJN10t,A Storm In Heaven (2016 Remastered / Deluxe),1993-06-21,album,0.35,0.306,2,-12.093,1,0.0319,0.244,0.0829,0.171,0.105,120.107,4,193427
6yuT1KzZL1mwliN8pvgUbi,No Come Down - 2016 Remastered,12,False,12,2,2cGwlqi3k18jFpUyTrsR84,The Verve,02hoMMI8uT38gkU2mJN10t,A Storm In Heaven (2016 Remastered / Deluxe),1993-06-21,album,0.508,0.577,11,-11.333,0,0.0268,0.373,0.646,0.0772,0.64,96.322,4,205973
6lwSkwtZhj1lu5JP0Oab9u,Blue - USA Mix / 2016 Remastered,13,False,13,2,2cGwlqi3k18jFpUyTrsR84,The Verve,02hoMMI8uT38gkU2mJN10t,A Storm In Heaven (2016 Remastered / Deluxe),1993-06-21,album,0.3,0.947,9,-6.265,1,0.0859,6.93e-05,0.000342,0.282,0.391,168.147,4,195320
5uTL2l3W4DBjJns7Bz3zy1,6 O'Clock - 2016 Remastered,14,False,14,2,2cGwlqi3k18jFpUyTrsR84,The Verve,02hoMMI8uT38gkU2mJN10t,A Storm In Heaven (2016 Remastered / Deluxe),1993-06-21,album,0.455,0.246,7,-11.329,1,0.0285,0.3,0.756,0.362,0.0473,135.945,4,272813
529NhTgxCiJwPDN6BaK3CZ,Make It ‘Til Monday - Acoustic / 2016 Remastered,13,False,1,3,2cGwlqi3k18jFpUyTrsR84,The Verve,02hoMMI8uT38gkU2mJN10t,A Storm In Heaven (2016 Remastered / Deluxe),1993-06-21,album,0.499,0.359,7,-9.592,1,0.0323,0.78,3.59e-05,0.0941,0.115,134.338,4,164733
6fi9O8UvZNCGpZfnq8TUR7,Virtual World - Acoustic / 2016 Remastered,11,False,2,3,2cGwlqi3k18jFpUyTrsR84,The Verve,02hoMMI8uT38gkU2mJN10t,A Storm In Heaven (2016 Remastered / Deluxe),1993-06-21,album,0.261,0.543,2,-8.708,1,0.0344,0.416,0.0148,0.302,0.0933,84.154,4,283613
4W1cd43xEm5hCN0GD3QHvB,Gravity Grave - Live At Glastonbury / 1993 / 2016 Remastered,13,False,3,3,2cGwlqi3k18jFpUyTrsR84,The Verve,02hoMMI8uT38gkU2mJN10t,A Storm In Heaven (2016 Remastered / Deluxe),1993-06-21,album,0.352,0.814,2,-8.773,1,0.0668,0.0785,0.661,0.977,0.314,87.754,4,563427
5Ze6BI3iOAOGH4oTuZDLEE,Butterfly - Acoustic / 2016 Remastered,10,False,4,3,2cGwlqi3k18jFpUyTrsR84,The Verve,02hoMMI8uT38gkU2mJN10t,A Storm In Heaven (2016 Remastered / Deluxe),1993-06-21,album,0.489,0.793,2,-8.188,1,0.0342,0.00548,0.085,0.0673,0.618,169.997,4,456360
2Og4pUO2pqZBKFWBZI5XXd,Slide Away - Radio 1 Session / 1992 / 2016 Remastered,5,False,5,3,2cGwlqi3k18jFpUyTrsR84,The Verve,02hoMMI8uT38gkU2mJN10t,A Storm In Heaven (2016 Remastered / Deluxe),1993-06-21,album,0.375,0.547,2,-9.451,1,0.0279,0.0193,0.194,0.123,0.329,149.551,4,352013
2lSW43cMTk0q2yTad9gd5z,She's A Superstar - Radio 1 Session / 1992 / 2016 Remastered,4,False,6,3,2cGwlqi3k18jFpUyTrsR84,The Verve,02hoMMI8uT38gkU2mJN10t,A Storm In Heaven (2016 Remastered / Deluxe),1993-06-21,album,0.137,0.482,9,-7.475,1,0.0319,0.041,0.00213,0.353,0.187,171.432,3,301867
12330uzJ3mYvT7mu45yEpW,Already There - Radio 1 Session / 1992 / 2016 Remastered,4,False,7,3,2cGwlqi3k18jFpUyTrsR84,The Verve,02hoMMI8uT38gkU2mJN10t,A Storm In Heaven (2016 Remastered / Deluxe),1993-06-21,album,0.145,0.486,4,-8.414,1,0.0391,0.0141,0.776,0.112,0.0629,204.318,4,264947
0FfDaQR90BKalBICID5eeH,Brake Lights - Radio 1 Session / 1992 / 2016 Remastered,5,False,8,3,2cGwlqi3k18jFpUyTrsR84,The Verve,02hoMMI8uT38gkU2mJN10t,A Storm In Heaven (2016 Remastered / Deluxe),1993-06-21,album,0.273,0.683,2,-6.761,1,0.0381,0.000185,0.118,0.102,0.372,93.045,4,195467
7p1BphLVYs6e91SXaQbNcf,Star Sail - Radio 1 Mark Radcliffe Session / 1993 / 2016 Remastered,6,False,9,3,2cGwlqi3k18jFpUyTrsR84,The Verve,02hoMMI8uT38gkU2mJN10t,A Storm In Heaven (2016 Remastered / Deluxe),1993-06-21,album,0.146,0.681,2,-7.727,1,0.0344,0.00397,0.519,0.111,0.193,145.279,4,250973
5wJWDotSmv89mxuzFv9FJd,A Man Called Sun - Radio 1 Mark Radcliffe Session / 1993 / 2016 Remastered,5,False,10,3,2cGwlqi3k18jFpUyTrsR84,The Verve,02hoMMI8uT38gkU2mJN10t,A Storm In Heaven (2016 Remastered / Deluxe),1993-06-21,album,0.403,0.455,9,-11.103,1,0.0299,0.677,0.782,0.102,0.316,96.514,4,279360
2xoHhTovRq7ISXQyqAFeTa,6 O'Clock - Radio 1 Mark Radcliffe Session / 1993 / 2016 Remastered,4,False,11,3,2cGwlqi3k18jFpUyTrsR84,The Verve,02hoMMI8uT38gkU2mJN10t,A Storm In Heaven (2016 Remastered / Deluxe),1993-06-21,album,0.296,0.341,2,-7.87,1,0.0351,0.0158,0.16,0.133,0.0393,127.688,4,283627
1ZMrvOmYTcmqVjA9Q61rnV,Gravity Grave - Radio 1 Mark Radcliffe Session / 1993 / Extended Version / 2016 Remastered,4,False,12,3,2cGwlqi3k18jFpUyTrsR84,The Verve,02hoMMI8uT38gkU2mJN10t,A Storm In Heaven (2016 Remastered / Deluxe),1993-06-21,album,0.321,0.884,2,-6.265,1,0.0497,0.00128,0.126,0.117,0.341,83.423,4,507747
4YzG7Muz7v0ts59C1wzBfn,Shoeshine Girl - Sawmills Session / Remastered 2016,13,False,13,3,2cGwlqi3k18jFpUyTrsR84,The Verve,02hoMMI8uT38gkU2mJN10t,A Storm In Heaven (2016 Remastered / Deluxe),1993-06-21,album,0.735,0.495,4,-12.071,0,0.0315,0.508,0.00286,0.117,0.42,122.921,4,239800
4xXaO9ix8OAFjGlAAdE4qT,South Pacific - Sawmills Session / 2016 Remastered,23,False,14,3,2cGwlqi3k18jFpUyTrsR84,The Verve,02hoMMI8uT38gkU2mJN10t,A Storm In Heaven (2016 Remastered / Deluxe),1993-06-21,album,0.378,0.397,2,-13.272,1,0.0278,0.273,0.0321,0.104,0.0735,134.008,4,228960
3EX7UAT5QjDndfR7DCofbb,Star Sail - 2016 Remastered,0,False,1,1,2cGwlqi3k18jFpUyTrsR84,The Verve,449S1nM8l4FrxmwbI6wIvw,A Storm In Heaven,1993-06-21,album,0.208,0.792,2,-7.677,1,0.0439,0.00243,0.534,0.218,0.282,158.097,4,240013
4CsjqVIv3b2VyVmIDV6lRk,Slide Away - 2016 Remastered,0,False,2,1,2cGwlqi3k18jFpUyTrsR84,The Verve,449S1nM8l4FrxmwbI6wIvw,A Storm In Heaven,1993-06-21,album,0.316,0.647,2,-7.442,1,0.0326,0.0154,0.49,0.0796,0.274,149.368,4,243453
2gUHPvvcmDUzhvkG6sVZ82,Already There - 2016 Remastered,0,False,3,1,2cGwlqi3k18jFpUyTrsR84,The Verve,449S1nM8l4FrxmwbI6wIvw,A Storm In Heaven,1993-06-21,album,0.321,0.256,4,-11.407,1,0.0269,0.281,0.405,0.0703,0.0581,83.774,4,338093
0H014aegBBS1JxCglM7Cy9,Beautiful Mind - 2016 Remastered,0,False,4,1,2cGwlqi3k18jFpUyTrsR84,The Verve,449S1nM8l4FrxmwbI6wIvw,A Storm In Heaven,1993-06-21,album,0.311,0.5,11,-10.085,0,0.0311,0.16,0.752,0.115,0.129,78.173,4,328373
7ETGjj0DfPqxTFH4FRkXFQ,The Sun The Sea - 2016 Remastered,0,False,5,1,2cGwlqi3k18jFpUyTrsR84,The Verve,449S1nM8l4FrxmwbI6wIvw,A Storm In Heaven,1993-06-21,album,0.24,0.601,7,-6.733,1,0.0343,0.0027,0.126,0.177,0.106,165.543,4,316240
1skMxWBq5LD1rWuuZE2PLk,Virtual World - 2016 Remastered,0,False,6,1,2cGwlqi3k18jFpUyTrsR84,The Verve,449S1nM8l4FrxmwbI6wIvw,A Storm In Heaven,1993-06-21,album,0.396,0.436,0,-11.168,1,0.0279,0.347,0.234,0.215,0.249,136.16,4,377160
1b3yStKIOlMR1fyLHjrydu,Make It ‘Til Monday - 2016 Remastered,0,False,7,1,2cGwlqi3k18jFpUyTrsR84,The Verve,449S1nM8l4FrxmwbI6wIvw,A Storm In Heaven,1993-06-21,album,0.224,0.524,7,-9.773,1,0.0351,0.312,0.912,0.0894,0.0542,78.935,4,192147
58oJYqTJNZZZy1pxl8hCWK,Blue - 2016 Remastered,0,False,8,1,2cGwlqi3k18jFpUyTrsR84,The Verve,449S1nM8l4FrxmwbI6wIvw,A Storm In Heaven,1993-06-21,album,0.278,0.952,11,-5.965,0,0.0561,3.13e-05,0.054,0.19,0.512,168.207,4,198613
4ki5anKuB9dVlOgLeLFlvv,Butterfly - 2016 Remastered,0,False,9,1,2cGwlqi3k18jFpUyTrsR84,The Verve,449S1nM8l4FrxmwbI6wIvw,A Storm In Heaven,1993-06-21,album,0.341,0.674,2,-7.582,1,0.0336,0.00521,0.266,0.121,0.307,169.886,4,399573
6Me9asAmQndhSoyUgzRddl,See You In The Next One (Have A Good Time) - 2016 Remastered,0,False,10,1,2cGwlqi3k18jFpUyTrsR84,The Verve,449S1nM8l4FrxmwbI6wIvw,A Storm In Heaven,1993-06-21,album,0.406,0.309,0,-13.019,1,0.0323,0.256,0.0197,0.134,0.271,143.736,4,188560
4pRFn1u6nC75msoNaQpFZu,The Only One I Know - Remastered,0,False,1,1,5fScAXreYFnuqwOgBsJgSd,The Charlatans,635zMYbfMaEJx8YgPliLaV,Melting Pot,1997-09-29,album,0.596,0.854,5,-5.025,1,0.0316,0.00482,0.000178,0.0651,0.438,113.217,4,240400
3XUKEM684oIk6Iujw3sJdT,With No Shoes - Remastered,6,False,1,1,5fScAXreYFnuqwOgBsJgSd,The Charlatans,4BL0hmHMlSyBr3d3gn5y6O,Tellin' Stories (Expanded Edition),1997-04-21,album,0.3,0.88,2,-6.79,1,0.04,0.0,0.0,0.09,0.54,186.14,4,283000
02iL5wTUBcEaEiSdij2dy5,North Country Boy - Remastered,9,False,2,1,5fScAXreYFnuqwOgBsJgSd,The Charlatans,4BL0hmHMlSyBr3d3gn5y6O,Tellin' Stories (Expanded Edition),1997-04-21,album,0.4,0.88,11,-7.2,0,0.04,0.0,0.0,0.26,0.52,85.52,4,242000
2C7KR4eqtp0WNVNtvWjYk6,Tellin' Stories - Remastered,8,False,3,1,5fScAXreYFnuqwOgBsJgSd,The Charlatans,4BL0hmHMlSyBr3d3gn5y6O,Tellin' Stories (Expanded Edition),1997-04-21,album,0.43,0.83,0,-6.1,1,0.03,0.0,0.0,0.14,0.53,96.09,4,313000
4JPBG92z5rFHpNwF7lD511,One to Another - Remastered,15,False,4,1,5fScAXreYFnuqwOgBsJgSd,The Charlatans,4BL0hmHMlSyBr3d3gn5y6O,Tellin' Stories (Expanded Edition),1997-04-21,album,0.46,0.87,10,-6.34,1,0.04,0.0,0.0,0.43,0.33,102.61,4,270000
5PhR45E7fNZDMDZ6LuRwUC,You're a Big Girl Now - Remastered,7,False,5,1,5fScAXreYFnuqwOgBsJgSd,The Charlatans,4BL0hmHMlSyBr3d3gn5y6O,Tellin' Stories (Expanded Edition),1997-04-21,album,0.651,0.537,0,-9.196,1,0.0307,0.054,0.0,0.132,0.283,108.105,4,188213
2LaAlbKNqvGKLL50aeG2jK,How Can You Leave Us - Remastered,6,False,6,1,5fScAXreYFnuqwOgBsJgSd,The Charlatans,4BL0hmHMlSyBr3d3gn5y6O,Tellin' Stories (Expanded Edition),1997-04-21,album,0.28,0.892,2,-5.824,1,0.0505,0.0087,9.54e-06,0.212,0.612,208.347,4,244133
4VR5y8t9XNmO6BwNzmcTuI,Area 51 - Remastered,6,False,7,1,5fScAXreYFnuqwOgBsJgSd,The Charlatans,4BL0hmHMlSyBr3d3gn5y6O,Tellin' Stories (Expanded Edition),1997-04-21,album,0.599,0.912,9,-8.855,1,0.0317,0.000158,0.899,0.425,0.368,104.21,4,216720
7x8Z11gQRe2iyv6xTJ6isZ,How High - Remastered,7,False,8,1,5fScAXreYFnuqwOgBsJgSd,The Charlatans,4BL0hmHMlSyBr3d3gn5y6O,Tellin' Stories (Expanded Edition),1997-04-21,album,0.19,0.84,0,-5.26,1,0.05,0.0,0.0,0.31,0.67,198.96,4,186000
67N496g7weYPlwNowkTDgZ,Only Teethin' - Remastered,7,False,9,1,5fScAXreYFnuqwOgBsJgSd,The Charlatans,4BL0hmHMlSyBr3d3gn5y6O,Tellin' Stories (Expanded Edition),1997-04-21,album,0.615,0.716,7,-8.657,1,0.029,0.019,0.000254,0.0427,0.815,93.683,4,322973
1R1q4ZSlZ4kvgenqCjyiMO,Get On It - Remastered,4,False,10,1,5fScAXreYFnuqwOgBsJgSd,The Charlatans,4BL0hmHMlSyBr3d3gn5y6O,Tellin' Stories (Expanded Edition),1997-04-21,album,0.27,0.87,7,-5.14,1,0.04,0.01,0.02,0.17,0.38,94.36,4,358000
26TMdWpM4EpXxMrC3hIxxj,Rob's Theme - Remastered,2,False,11,1,5fScAXreYFnuqwOgBsJgSd,The Charlatans,4BL0hmHMlSyBr3d3gn5y6O,Tellin' Stories (Expanded Edition),1997-04-21,album,0.58,0.42,2,-18.18,1,0.27,0.19,0.53,0.28,0.2,166.51,4,235000
0DD52wUp2IVZ6vKU4ZOosd,With No Shoes (remastered),0,False,1,1,5fScAXreYFnuqwOgBsJgSd,The Charlatans,62am3NUQVvmFOqLNy4EMBw,Tellin' Stories - Expanded Edition,1997-04-21,album,0.3,0.88,2,-6.79,1,0.04,0.0,0.0,0.09,0.54,186.14,4,283000
14KZSrPmnLV3zFRxddFGor,North Country Boy (remastered),0,False,2,1,5fScAXreYFnuqwOgBsJgSd,The Charlatans,62am3NUQVvmFOqLNy4EMBw,Tellin' Stories - Expanded Edition,1997-04-21,album,0.4,0.88,11,-7.2,0,0.04,0.0,0.0,0.26,0.52,85.52,4,242000
3zEM2QyuTQHm8o20Qinu00,Tellin' Stories (remastered),0,False,3,1,5fScAXreYFnuqwOgBsJgSd,The Charlatans,62am3NUQVvmFOqLNy4EMBw,Tellin' Stories - Expanded Edition,1997-04-21,album,0.43,0.83,0,-6.1,1,0.03,0.0,0.0,0.14,0.53,96.09,4,313000
162e4fP8KdgImeIOp15CRg,One To Another (remastered),0,False,4,1,5fScAXreYFnuqwOgBsJgSd,The Charlatans,62am3NUQVvmFOqLNy4EMBw,Tellin' Stories - Expanded Edition,1997-04-21,album,0.46,0.87,10,-6.34,1,0.04,0.0,0.0,0.43,0.33,102.61,4,270000
7M4amiTUgYuMDVNlEiHvh4,You're A Big Girl Now (remastered),0,False,5,1,5fScAXreYFnuqwOgBsJgSd,The Charlatans,62am3NUQVvmFOqLNy4EMBw,Tellin' Stories - Expanded Edition,1997-04-21,album,0.645,0.537,0,-9.172,1,0.0308,0.0553,0.0,0.12,0.282,108.132,4,188213
0ctiGxyV08rkRi9ERCXRUc,How Can You Leave Us (remastered),0,False,6,1,5fScAXreYFnuqwOgBsJgSd,The Charlatans,62am3NUQVvmFOqLNy4EMBw,Tellin' Stories - Expanded Edition,1997-04-21,album,0.28,0.892,2,-5.824,1,0.0505,0.0087,9.71e-06,0.212,0.612,208.345,4,244133
7eXIyNa5jcuDLCqHRFUp4k,Area 51 (remastered),0,False,7,1,5fScAXreYFnuqwOgBsJgSd,The Charlatans,62am3NUQVvmFOqLNy4EMBw,Tellin' Stories - Expanded Edition,1997-04-21,album,0.6,0.912,9,-8.855,1,0.0317,0.000155,0.902,0.425,0.368,104.211,4,216720
0YlcvnrV7tMVX1LNBojag4,How High (remastered),0,False,8,1,5fScAXreYFnuqwOgBsJgSd,The Charlatans,62am3NUQVvmFOqLNy4EMBw,Tellin' Stories - Expanded Edition,1997-04-21,album,0.19,0.84,0,-5.26,1,0.05,0.0,0.0,0.31,0.67,198.96,4,186000
5YgEYtDLyQbPpqRWzRzRTU,Only Teethin' (remastered),0,False,9,1,5fScAXreYFnuqwOgBsJgSd,The Charlatans,62am3NUQVvmFOqLNy4EMBw,Tellin' Stories - Expanded Edition,1997-04-21,album,0.615,0.715,7,-8.654,1,0.029,0.0199,0.000273,0.0427,0.808,93.682,4,322973
6iGDAyjn4uIdYguKwCYADt,Get On It (remastered),0,False,10,1,5fScAXreYFnuqwOgBsJgSd,The Charlatans,62am3NUQVvmFOqLNy4EMBw,Tellin' Stories - Expanded Edition,1997-04-21,album,0.269,0.868,7,-5.136,1,0.0373,0.0135,0.0199,0.167,0.383,94.36,4,358333
3M7BqhcBITDrW5pPR5reg7,Rob's Theme (remastered),0,False,11,1,5fScAXreYFnuqwOgBsJgSd,The Charlatans,62am3NUQVvmFOqLNy4EMBw,Tellin' Stories - Expanded Edition,1997-04-21,album,0.584,0.42,2,-18.18,1,0.27,0.193,0.528,0.283,0.197,166.514,4,235293
1QwbogEttJ7r8PfuywxWoV,You're Not Very Well - Remastered,0,False,1,1,5fScAXreYFnuqwOgBsJgSd,The Charlatans,0wry4K6QwzIIAgCXzede2Y,Some Friendly - Expanded Edition,1990-10-08,album,0.574,0.947,6,-8.187,0,0.038,0.000531,0.207,0.181,0.861,113.703,4,211293
2haevAvCHMBvrKI5vxHn2Y,White Shirt - Remastered,0,False,2,1,5fScAXreYFnuqwOgBsJgSd,The Charlatans,0wry4K6QwzIIAgCXzede2Y,Some Friendly - Expanded Edition,1990-10-08,album,0.462,0.729,7,-7.518,1,0.0369,0.00321,0.0112,0.132,0.608,141.655,4,205120
6hX3TcgjuvJufvq279rDrX,Opportunity - Remastered,0,False,3,1,5fScAXreYFnuqwOgBsJgSd,The Charlatans,0wry4K6QwzIIAgCXzede2Y,Some Friendly - Expanded Edition,1990-10-08,album,0.374,0.783,3,-10.376,1,0.0385,0.0445,0.839,0.23,0.646,195.096,4,401507
1IgGynKdu1KOeWNDHcUO2W,Then - Remastered,0,False,4,1,5fScAXreYFnuqwOgBsJgSd,The Charlatans,0wry4K6QwzIIAgCXzede2Y,Some Friendly - Expanded Edition,1990-10-08,album,0.407,0.785,9,-8.066,1,0.0462,0.0119,0.878,0.0536,0.51,111.451,4,251013
6FurtVF8M4Q0p3LFPDA0Vl,109 Pt. 2 - Remastered,0,False,5,1,5fScAXreYFnuqwOgBsJgSd,The Charlatans,0wry4K6QwzIIAgCXzede2Y,Some Friendly - Expanded Edition,1990-10-08,album,0.512,0.707,5,-12.044,0,0.0493,0.381,0.815,0.0845,0.236,134.902,4,197467
1XYwJSFYANzBTDaHDpIUFX,Polar Bear - Remastered,0,False,6,1,5fScAXreYFnuqwOgBsJgSd,The Charlatans,0wry4K6QwzIIAgCXzede2Y,Some Friendly - Expanded Edition,1990-10-08,album,0.295,0.91,0,-10.364,1,0.0455,0.00102,0.689,0.287,0.812,115.859,4,296453
6npmHWo6TaBv4NkuGWE6Er,Believe You Me - Remastered,0,False,7,1,5fScAXreYFnuqwOgBsJgSd,The Charlatans,0wry4K6QwzIIAgCXzede2Y,Some Friendly - Expanded Edition,1990-10-08,album,0.638,0.733,10,-9.093,1,0.0559,0.000713,0.374,0.0958,0.883,114.638,4,221653
2J6OQ35BZPFd9yvUm9bnbo,Flower - Remastered,0,False,8,1,5fScAXreYFnuqwOgBsJgSd,The Charlatans,0wry4K6QwzIIAgCXzede2Y,Some Friendly - Expanded Edition,1990-10-08,album,0.587,0.592,0,-9.585,1,0.0233,2.13e-05,0.246,0.715,0.428,97.709,4,327813
1E7hK0HkxtcNiS6QGmxKdN,Sonic - Remastered,0,False,9,1,5fScAXreYFnuqwOgBsJgSd,The Charlatans,0wry4K6QwzIIAgCXzede2Y,Some Friendly - Expanded Edition,1990-10-08,album,0.63,0.798,0,-7.962,1,0.0295,0.0126,0.629,0.0969,0.965,110.752,4,212880
0otjDkq5xPjU1uwOhWTjR8,Sproston Green - Remastered,0,False,10,1,5fScAXreYFnuqwOgBsJgSd,The Charlatans,0wry4K6QwzIIAgCXzede2Y,Some Friendly - Expanded Edition,1990-10-08,album,0.43,0.82,9,-8.564,1,0.0386,0.002,0.657,0.0722,0.14,139.3,4,313360
13xcyh4ksDVDZbX4AoxtSz,The Only One I Know - Remastered,0,False,1,2,5fScAXreYFnuqwOgBsJgSd,The Charlatans,0wry4K6QwzIIAgCXzede2Y,Some Friendly - Expanded Edition,1990-10-08,album,0.61,0.789,5,-6.65,1,0.0302,0.0136,0.000178,0.0885,0.43,113.445,4,237920
5RrB0EfSz3gPYajWiinZUn,Imperial 109 - Remastered,0,False,2,2,5fScAXreYFnuqwOgBsJgSd,The Charlatans,0wry4K6QwzIIAgCXzede2Y,Some Friendly - Expanded Edition,1990-10-08,album,0.559,0.723,7,-10.501,1,0.0286,2.53e-05,0.846,0.0611,0.17,134.226,4,221200
6S2MD1vtu4Lgt7gpLgSBGJ,Everything Changed - Remastered,0,False,3,2,5fScAXreYFnuqwOgBsJgSd,The Charlatans,0wry4K6QwzIIAgCXzede2Y,Some Friendly - Expanded Edition,1990-10-08,album,0.502,0.818,9,-5.503,0,0.0359,0.0219,0.192,0.128,0.587,133.251,4,202627
1KvI7ciwBAladrF8c9KQVo,Then - Alternate Take Remastered,0,False,4,2,5fScAXreYFnuqwOgBsJgSd,The Charlatans,0wry4K6QwzIIAgCXzede2Y,Some Friendly - Expanded Edition,1990-10-08,album,0.797,0.7,9,-9.62,1,0.0496,1.44e-05,0.855,0.14,0.48,112.002,4,338080
1r0pkJd1KysVTDokPXEK6R,Taurus Moaner - Remastered,0,False,5,2,5fScAXreYFnuqwOgBsJgSd,The Charlatans,0wry4K6QwzIIAgCXzede2Y,Some Friendly - Expanded Edition,1990-10-08,album,0.642,0.705,10,-6.886,1,0.0292,0.00354,0.0141,0.205,0.791,121.804,4,150587
192BiQmMLep1SyK7O1BUcA,Over Rising - Remastered,0,False,7,2,5fScAXreYFnuqwOgBsJgSd,The Charlatans,0wry4K6QwzIIAgCXzede2Y,Some Friendly - Expanded Edition,1990-10-08,album,0.542,0.742,9,-6.966,1,0.0261,0.0338,0.0139,0.231,0.664,99.857,4,218240
001Z0YpBiBfQ5bn58wsubM,Way Up There - Remastered,0,False,8,2,5fScAXreYFnuqwOgBsJgSd,The Charlatans,0wry4K6QwzIIAgCXzede2Y,Some Friendly - Expanded Edition,1990-10-08,album,0.325,0.876,11,-7.109,0,0.0444,0.000456,0.000581,0.0985,0.825,123.31,4,276853
3Q7RKl6f9dlvAHscpxbptq,Happen To Die - Long Version Remastered,0,False,9,2,5fScAXreYFnuqwOgBsJgSd,The Charlatans,0wry4K6QwzIIAgCXzede2Y,Some Friendly - Expanded Edition,1990-10-08,album,0.509,0.793,10,-8.732,1,0.0426,0.00243,0.865,0.226,0.561,121.657,4,297440
3Qfqape1HJNYiAebinfhum,Opportunity Three - Remastered,0,False,10,2,5fScAXreYFnuqwOgBsJgSd,The Charlatans,0wry4K6QwzIIAgCXzede2Y,Some Friendly - Expanded Edition,1990-10-08,album,0.467,0.734,5,-10.706,0,0.0345,0.0543,0.744,0.109,0.95,195.904,4,449000
51okWYoVRR43Z8Bmz6Z5Bg,Taurus Moaner - Instrumental Remastered,0,False,13,2,5fScAXreYFnuqwOgBsJgSd,The Charlatans,0wry4K6QwzIIAgCXzede2Y,Some Friendly - Expanded Edition,1990-10-08,album,0.652,0.665,5,-8.598,0,0.0315,0.00294,0.864,0.151,0.748,121.813,4,150467
6MyKTx58MqjzhoL9Cm7elG,Walking Barefoot - 2022 Remaster,0,False,1,1,2evydP72Z45DouM4uMGsIE,Ash,17s43FCHR7RnrXuZJM0xjK,Free All Angels (2022 Remaster),2022-09-16,album,0.273,0.901,6,-5.628,1,0.0664,2.14e-05,0.647,0.16,0.495,169.0,4,252667
58Ag0LvXFtc9KBqS3HMevs,Shining Light - 2022 Remaster,0,False,2,1,2evydP72Z45DouM4uMGsIE,Ash,17s43FCHR7RnrXuZJM0xjK,Free All Angels (2022 Remaster),2022-09-16,album,0.248,0.879,2,-6.189,1,0.0459,5.77e-06,0.114,0.12,0.511,107.004,4,308907
2SCdErVHEUm9U5DFXKyOoL,Burn Baby Burn - 2022 Remaster,0,False,3,1,2evydP72Z45DouM4uMGsIE,Ash,17s43FCHR7RnrXuZJM0xjK,Free All Angels (2022 Remaster),2022-09-16,album,0.378,0.967,4,-5.177,1,0.136,1.32e-05,0.0577,0.0841,0.484,156.143,4,208387
6zN9CfKmuvIYfa0373oGQ4,Candy - 2022 Remaster,0,False,4,1,2evydP72Z45DouM4uMGsIE,Ash,17s43FCHR7RnrXuZJM0xjK,Free All Angels (2022 Remaster),2022-09-16,album,0.446,0.734,4,-6.356,0,0.0302,0.000188,0.27,0.0976,0.703,164.024,4,291787
2FyU0NLWotQWRqfqJGhmHX,Cherry Bomb - 2022 Remaster,0,False,5,1,2evydP72Z45DouM4uMGsIE,Ash,17s43FCHR7RnrXuZJM0xjK,Free All Angels (2022 Remaster),2022-09-16,album,0.351,0.965,0,-4.784,0,0.0601,7.25e-06,0.707,0.237,0.444,74.094,4,196813
7netbh1jyDeqFCNRekcYPz,Submission - 2022 Remaster,0,False,6,1,2evydP72Z45DouM4uMGsIE,Ash,17s43FCHR7RnrXuZJM0xjK,Free All Angels (2022 Remaster),2022-09-16,album,0.474,0.923,2,-6.584,1,0.0674,0.000216,0.577,0.539,0.24,103.093,4,212720
3tqseDLjdj7htJYX0GVNhX,Someday - 2022 Remaster,0,False,7,1,2evydP72Z45DouM4uMGsIE,Ash,17s43FCHR7RnrXuZJM0xjK,Free All Angels (2022 Remaster),2022-09-16,album,0.447,0.687,7,-6.503,1,0.0337,0.000749,0.000356,0.313,0.0739,121.036,4,272147
4DD57iQoSqbhh6a160xwk4,Pacific Palisades - 2022 Remaster,0,False,8,1,2evydP72Z45DouM4uMGsIE,Ash,17s43FCHR7RnrXuZJM0xjK,Free All Angels (2022 Remaster),2022-09-16,album,0.361,0.978,2,-4.635,1,0.0892,3.95e-06,7.26e-05,0.326,0.584,168.52,4,116827
0ehXujJRSyZ1tsoTBmBosz,Shark - 2022 Remaster,0,False,9,1,2evydP72Z45DouM4uMGsIE,Ash,17s43FCHR7RnrXuZJM0xjK,Free All Angels (2022 Remaster),2022-09-16,album,0.403,0.937,11,-5.954,0,0.0586,2.02e-06,0.382,0.351,0.318,96.085,4,198147
6WEvMqIWuWN6dmyTp1byQ4,Sometimes - 2022 Remaster,0,False,10,1,2evydP72Z45DouM4uMGsIE,Ash,17s43FCHR7RnrXuZJM0xjK,Free All Angels (2022 Remaster),2022-09-16,album,0.454,0.76,9,-5.481,1,0.0308,2.81e-05,0.00216,0.31,0.435,93.91,4,247240
0RHflWC0rXJknZhf9AEHKX,Nicole - 2022 Remaster,0,False,11,1,2evydP72Z45DouM4uMGsIE,Ash,17s43FCHR7RnrXuZJM0xjK,Free All Angels (2022 Remaster),2022-09-16,album,0.399,0.957,7,-5.07,0,0.0644,9.1e-06,0.0829,0.455,0.628,160.996,4,204400
1oyXNUe96tX5N1Zc8lP5Mv,There's a Star - 2022 Remaster,0,False,12,1,2evydP72Z45DouM4uMGsIE,Ash,17s43FCHR7RnrXuZJM0xjK,Free All Angels (2022 Remaster),2022-09-16,album,0.432,0.78,5,-5.023,1,0.0286,0.0004,0.0231,0.31,0.257,105.809,4,259827
4FCR1dtpPLT0Q9RhHyv4TC,World Domination - 2022 Remaster,0,True,13,1,2evydP72Z45DouM4uMGsIE,Ash,17s43FCHR7RnrXuZJM0xjK,Free All Angels (2022 Remaster),2022-09-16,album,0.22,0.977,2,-4.792,1,0.0625,6.44e-05,0.325,0.336,0.459,182.725,4,137387
6ZNdRkonqExq4Ugw8lyVkK,Lose Control - 2022 Remaster,10,False,1,1,2evydP72Z45DouM4uMGsIE,Ash,6Zj0LtkX3xTnaNwO1Bia3Z,1977 (2022 Remaster),2022-07-29,album,0.229,0.998,9,-4.772,1,0.125,4.09e-05,0.412,0.226,0.0535,183.977,4,213333
5xFcjSK4B5YVopIe4vkwVj,Goldfinger - 2022 Remaster,13,False,2,1,2evydP72Z45DouM4uMGsIE,Ash,6Zj0LtkX3xTnaNwO1Bia3Z,1977 (2022 Remaster),2022-07-29,album,0.209,0.909,10,-4.363,1,0.0562,0.00229,0.664,0.371,0.392,188.113,4,271333
1GJdNKJ4zjCmRTpWspr2zv,Girl from Mars - 2022 Remaster,18,False,3,1,2evydP72Z45DouM4uMGsIE,Ash,6Zj0LtkX3xTnaNwO1Bia3Z,1977 (2022 Remaster),2022-07-29,album,0.33,0.774,9,-6.22,1,0.0414,0.0146,0.0,0.274,0.522,77.52,4,205280
4Nsso4sZ0o50CGX3Ke60NT,I'd Give You Anything - 2022 Remaster,7,False,4,1,2evydP72Z45DouM4uMGsIE,Ash,6Zj0LtkX3xTnaNwO1Bia3Z,1977 (2022 Remaster),2022-07-29,album,0.109,0.914,9,-4.275,1,0.0571,0.000249,0.132,0.597,0.641,200.391,3,276920
1g1iuSiVCaYL8pYb6gUm9c,Gone the Dream - 2022 Remaster,5,False,5,1,2evydP72Z45DouM4uMGsIE,Ash,6Zj0LtkX3xTnaNwO1Bia3Z,1977 (2022 Remaster),2022-07-29,album,0.418,0.725,0,-5.503,1,0.0318,0.00728,0.0372,0.459,0.204,103.178,4,210013
2ZcOjevjokzmPiNIKfBGTn,Kung Fu - 2022 Remaster,13,False,6,1,2evydP72Z45DouM4uMGsIE,Ash,6Zj0LtkX3xTnaNwO1Bia3Z,1977 (2022 Remaster),2022-07-29,album,0.254,0.954,9,-4.969,1,0.151,0.00499,1.97e-05,0.345,0.533,176.065,4,139187
0NWuRRNvDmydDBXlxk56Rt,Oh Yeah (2022 Remaster),7,False,7,1,2evydP72Z45DouM4uMGsIE,Ash,6Zj0LtkX3xTnaNwO1Bia3Z,1977 (2022 Remaster),2022-07-29,album,0.304,0.729,9,-4.981,1,0.0292,0.00683,0.077,0.079,0.124,90.47,4,285440
26TToWjwSQb39DhrzMZmq1,Let It Flow - 2022 Remaster,4,False,8,1,2evydP72Z45DouM4uMGsIE,Ash,6Zj0LtkX3xTnaNwO1Bia3Z,1977 (2022 Remaster),2022-07-29,album,0.334,0.957,9,-4.826,1,0.0661,0.00196,0.000235,0.709,0.482,137.541,4,282973
39V73pYe9ncxia5ifU6EKs,Innocent Smile - 2022 Remaster,4,False,9,1,2evydP72Z45DouM4uMGsIE,Ash,6Zj0LtkX3xTnaNwO1Bia3Z,1977 (2022 Remaster),2022-07-29,album,0.101,0.976,9,-3.908,1,0.0967,0.00605,0.781,0.598,0.105,160.411,4,351467
1tmCi9OrjgCjuuufpxjjH1,Angel Interceptor - 2022 Remaster,9,False,10,1,2evydP72Z45DouM4uMGsIE,Ash,6Zj0LtkX3xTnaNwO1Bia3Z,1977 (2022 Remaster),2022-07-29,album,0.213,0.877,4,-6.516,1,0.0654,0.254,0.139,0.344,0.297,167.511,4,244333
5Klbw3jLNWbkLPeH8wBfd5,Lost in You - 2022 Remaster,6,False,11,1,2evydP72Z45DouM4uMGsIE,Ash,6Zj0LtkX3xTnaNwO1Bia3Z,1977 (2022 Remaster),2022-07-29,album,0.485,0.734,9,-6.01,1,0.0311,0.00517,0.0,0.136,0.176,86.198,4,265533
2yB7UP2AV2hdgcJmfx7jHc,Darkside Lightside - 2022 Remaster,3,False,12,1,2evydP72Z45DouM4uMGsIE,Ash,6Zj0LtkX3xTnaNwO1Bia3Z,1977 (2022 Remaster),2022-07-29,album,0.144,0.948,7,-6.738,1,0.144,0.00182,0.616,0.129,0.0737,163.65,4,305293
6J7ePsfWTFUgXNrG62snbq,Kung Fu - 2019 - Remaster,0,False,4,1,2evydP72Z45DouM4uMGsIE,Ash,4Rxm9U0KKKcc3qxFhHPM9N,Teenage Wildlife: 25 Years of Ash,2020-02-14,album,0.393,0.972,9,-2.731,1,0.108,0.00633,2.56e-05,0.365,0.543,88.086,4,137075
1h3928HfRzl5DcadIgJYMV,You Can't Have It All - 2020 - Remaster,0,False,6,1,2evydP72Z45DouM4uMGsIE,Ash,4Rxm9U0KKKcc3qxFhHPM9N,Teenage Wildlife: 25 Years of Ash,2020-02-14,album,0.417,0.943,0,-5.379,1,0.0736,9.52e-06,0.00404,0.296,0.264,131.431,4,215333
0xa3MnHMDD12gzZwdylcOY,Girl from Mars - 2020 - Remaster,0,False,7,1,2evydP72Z45DouM4uMGsIE,Ash,4Rxm9U0KKKcc3qxFhHPM9N,Teenage Wildlife: 25 Years of Ash,2020-02-14,album,0.168,0.746,9,-5.043,1,0.0443,0.00959,0.0,0.176,0.539,78.461,4,208480
4RfYytVLZVug49iuNMojuu,Shining Light - 2020 - Remaster,0,False,12,1,2evydP72Z45DouM4uMGsIE,Ash,4Rxm9U0KKKcc3qxFhHPM9N,Teenage Wildlife: 25 Years of Ash,2020-02-14,album,0.47,0.898,2,-5.001,1,0.0415,5.79e-06,0.204,0.122,0.543,106.975,4,309440
6eOUsKLZBZsOLESehmUYOJ,Starcrossed - 2011 - Remaster,0,False,13,1,2evydP72Z45DouM4uMGsIE,Ash,4Rxm9U0KKKcc3qxFhHPM9N,Teenage Wildlife: 25 Years of Ash,2020-02-14,album,0.345,0.727,0,-5.956,1,0.0332,9.38e-05,0.000225,0.329,0.278,161.394,4,290027
6F7SSRzMNjiUZUalZyw1uX,Return Of White Rabbit - 2011 - Remaster,0,False,15,1,2evydP72Z45DouM4uMGsIE,Ash,4Rxm9U0KKKcc3qxFhHPM9N,Teenage Wildlife: 25 Years of Ash,2020-02-14,album,0.555,0.901,4,-3.793,0,0.0477,0.000424,0.0554,0.2,0.773,125.002,4,234040
4y4okFiVQwfKteASrN5v03,Burn Baby Burn - 2020 - Remaster,0,False,20,1,2evydP72Z45DouM4uMGsIE,Ash,4Rxm9U0KKKcc3qxFhHPM9N,Teenage Wildlife: 25 Years of Ash,2020-02-14,album,0.307,0.943,4,-3.789,1,0.112,1.57e-05,0.0796,0.106,0.296,156.11,4,207120
0y069jft8vt9CAIUfO9T0v,Clones - 2020 - Remaster,0,False,23,1,2evydP72Z45DouM4uMGsIE,Ash,4Rxm9U0KKKcc3qxFhHPM9N,Teenage Wildlife: 25 Years of Ash,2020-02-14,album,0.486,0.926,10,-6.014,0,0.122,8.28e-06,0.654,0.364,0.343,114.37,4,240413
4PzmcIv5LB6iqPIOTWX9zz,Projects - 2020 - Remaster,0,False,26,1,2evydP72Z45DouM4uMGsIE,Ash,4Rxm9U0KKKcc3qxFhHPM9N,Teenage Wildlife: 25 Years of Ash,2020-02-14,album,0.361,0.97,2,-4.617,0,0.064,2.33e-05,0.424,0.0928,0.315,132.219,3,233293
006UObYqbCtgt2DRLWqvKX,Petrol - 2019 - Remaster,0,False,31,1,2evydP72Z45DouM4uMGsIE,Ash,4Rxm9U0KKKcc3qxFhHPM9N,Teenage Wildlife: 25 Years of Ash,2020-02-14,album,0.399,0.93,4,-2.496,1,0.0788,0.145,0.735,0.106,0.62,151.28,4,250371
59002qbl9aAYFrQTOS94fs,Orpheus - 2020 - Remaster,0,False,33,1,2evydP72Z45DouM4uMGsIE,Ash,4Rxm9U0KKKcc3qxFhHPM9N,Teenage Wildlife: 25 Years of Ash,2020-02-14,album,0.442,0.934,11,-5.898,0,0.18,0.000305,0.0414,0.202,0.284,148.938,4,255613
29TyiQk8IyvFdjPbeYuRge,Jack Names the Planets - 2019 - Remaster,0,False,35,1,2evydP72Z45DouM4uMGsIE,Ash,4Rxm9U0KKKcc3qxFhHPM9N,Teenage Wildlife: 25 Years of Ash,2020-02-14,album,0.275,0.972,9,-2.178,1,0.0748,0.00154,0.747,0.443,0.336,151.607,4,172540
5PHJb7ZjYZgSlbgIyaNrMA,Twilight of the Innocents - 2020 - Remaster,0,False,36,1,2evydP72Z45DouM4uMGsIE,Ash,4Rxm9U0KKKcc3qxFhHPM9N,Teenage Wildlife: 25 Years of Ash,2020-02-14,album,0.497,0.722,5,-8.771,1,0.0395,0.00452,0.00456,0.113,0.187,96.966,4,381587
0iQJ77oAtAjS77w6zhCfMe,T Rex - 2008 - Remaster,0,False,43,1,2evydP72Z45DouM4uMGsIE,Ash,4Rxm9U0KKKcc3qxFhHPM9N,Teenage Wildlife: 25 Years of Ash,2020-02-14,album,0.207,0.979,9,-2.763,1,0.083,3.59e-05,0.382,0.0296,0.336,167.157,4,143987
3LPOBs5dpYL9MjQGkeykgl,"Jack Names the Planets - La La Land 7"" Version - 2008 Remaster",10,False,1,1,2evydP72Z45DouM4uMGsIE,Ash,0uV5GeV3nhXpRJon6fAFwS,’94 - ’04: The Singles,2019-05-31,album,0.356,0.956,9,-4.593,1,0.248,0.00359,0.00612,0.299,0.536,159.917,4,173480
03Q2wXrblA4y4poB7KEreG,Petrol (2008 Remaster),9,False,2,1,2evydP72Z45DouM4uMGsIE,Ash,0uV5GeV3nhXpRJon6fAFwS,’94 - ’04: The Singles,2019-05-31,album,0.457,0.955,9,-3.674,1,0.0574,0.0254,0.793,0.106,0.763,151.287,4,251400
1yAZ49czOb96ncGV7meqQf,Uncle Pat - 2008 Remaster,9,False,3,1,2evydP72Z45DouM4uMGsIE,Ash,0uV5GeV3nhXpRJon6fAFwS,’94 - ’04: The Singles,2019-05-31,album,0.499,0.751,9,-3.273,1,0.0339,0.0446,0.0187,0.22,0.736,99.066,4,192467
4wMnKAKdh3GP8MjO7XGqjK,Kung Fu - 2011 Remaster,11,False,4,1,2evydP72Z45DouM4uMGsIE,Ash,0uV5GeV3nhXpRJon6fAFwS,’94 - ’04: The Singles,2019-05-31,album,0.257,0.975,9,-4.066,1,0.177,0.0048,6.71e-06,0.403,0.526,176.233,4,136927
3JTXFEvgr6MM1s3TE6mEJN,Girl from Mars - 2008 Remaster,11,False,5,1,2evydP72Z45DouM4uMGsIE,Ash,0uV5GeV3nhXpRJon6fAFwS,’94 - ’04: The Singles,2019-05-31,album,0.229,0.798,9,-4.408,1,0.0407,0.00378,0.0,0.192,0.504,154.309,4,209507
48Hljq2AfPE8f1AGJ6icbD,Angel Interceptor - 2011 Remaster,10,False,6,1,2evydP72Z45DouM4uMGsIE,Ash,0uV5GeV3nhXpRJon6fAFwS,’94 - ’04: The Singles,2019-05-31,album,0.226,0.907,4,-6.45,1,0.0709,0.241,0.0306,0.381,0.294,168.136,4,248000
6JiQIacBLlqizVvlPJsJ77,Goldfinger - 2011 Remaster,23,False,7,1,2evydP72Z45DouM4uMGsIE,Ash,0uV5GeV3nhXpRJon6fAFwS,’94 - ’04: The Singles,2019-05-31,album,0.224,0.926,6,-4.672,1,0.0551,0.00309,0.208,0.377,0.389,188.206,4,273947
4u0ZxQUPvktqlH17lvStZb,Oh Yeah - 2011 Remaster,11,False,8,1,2evydP72Z45DouM4uMGsIE,Ash,0uV5GeV3nhXpRJon6fAFwS,’94 - ’04: The Singles,2019-05-31,album,0.118,0.69,9,-4.889,1,0.0336,0.0189,0.0635,0.292,0.132,181.967,4,286387
0R9kzxELIjM21HyfN8v2cG,A Life Less Ordinary - 2011 Remaster,41,False,9,1,2evydP72Z45DouM4uMGsIE,Ash,0uV5GeV3nhXpRJon6fAFwS,’94 - ’04: The Singles,2019-05-31,album,0.294,0.969,7,-5.415,1,0.0562,0.0226,3.47e-05,0.619,0.226,157.284,4,256653
1x3WOGemX3pLqUVhywtjav,Wild Surf - 2011 Remaster,10,False,11,1,2evydP72Z45DouM4uMGsIE,Ash,0uV5GeV3nhXpRJon6fAFwS,’94 - ’04: The Singles,2019-05-31,album,0.451,0.93,4,-4.849,1,0.0547,0.00428,0.00247,0.573,0.344,123.347,4,208867
6TIiD3aO6aHglR3VwpbHJW,Shining Light - 2011 Remaster,10,False,13,1,2evydP72Z45DouM4uMGsIE,Ash,0uV5GeV3nhXpRJon6fAFwS,’94 - ’04: The Singles,2019-05-31,album,0.475,0.907,2,-4.858,1,0.0428,1.4e-05,0.00316,0.106,0.54,106.592,4,310280
4KcFo9ryUqJ2GsTueqxuZX,Burn Baby Burn - 2011 Remaster,11,False,14,1,2evydP72Z45DouM4uMGsIE,Ash,0uV5GeV3nhXpRJon6fAFwS,’94 - ’04: The Singles,2019-05-31,album,0.389,0.981,4,-4.522,1,0.117,1.41e-05,0.113,0.18,0.526,155.626,4,209360
2iCTpJ0ZV7L38YIhxW1fE6,Sometimes - 2011 Remaster,9,False,15,1,2evydP72Z45DouM4uMGsIE,Ash,0uV5GeV3nhXpRJon6fAFwS,’94 - ’04: The Singles,2019-05-31,album,0.478,0.712,9,-6.815,1,0.0278,7.66e-05,0.00481,0.13,0.462,94.015,4,249613
3bdRgBzpFFbTZbEvEuY9Na,Clones - 2011 Remaster,6,False,19,1,2evydP72Z45DouM4uMGsIE,Ash,0uV5GeV3nhXpRJon6fAFwS,’94 - ’04: The Singles,2019-05-31,album,0.476,0.916,8,-6.055,1,0.152,8.08e-06,0.494,0.376,0.335,114.284,4,240533
0sOwPvvKzzp3r12fuGjgxX,Orpheus (2011 Remaster),7,False,20,1,2evydP72Z45DouM4uMGsIE,Ash,0uV5GeV3nhXpRJon6fAFwS,’94 - ’04: The Singles,2019-05-31,album,0.45,0.944,11,-5.431,0,0.185,0.000286,0.0277,0.26,0.258,148.963,4,256160
6oxJ74Q8D7nZhTbub2YlPl,"Jack Names the Planets (La La Land 7"" Version) - 2008 Remaster",0,False,1,1,2evydP72Z45DouM4uMGsIE,Ash,1FWpoIInryCkeXYR1MldlO,'94 - '04: The Singles,2019-05-31,album,0.356,0.956,9,-4.593,1,0.248,0.00359,0.00612,0.299,0.536,159.917,4,173480
3nTuHjv9De8HcuxEp5l4Dy,Petrol - 2008 Remaster,0,False,2,1,2evydP72Z45DouM4uMGsIE,Ash,1FWpoIInryCkeXYR1MldlO,'94 - '04: The Singles,2019-05-31,album,0.446,0.954,9,-5.24,1,0.121,0.0364,0.732,0.294,0.665,151.464,4,263893
2auAS4vFpcN4dwE7o5sYgJ,Uncle Pat - 2008 Remaster,0,False,3,1,2evydP72Z45DouM4uMGsIE,Ash,1FWpoIInryCkeXYR1MldlO,'94 - '04: The Singles,2019-05-31,album,0.499,0.751,9,-3.273,1,0.0339,0.0446,0.0187,0.22,0.736,99.066,4,192467
6L6sf5LbxmnqpHm4ZHg1YN,Kung Fu - 2011 Remaster,0,False,4,1,2evydP72Z45DouM4uMGsIE,Ash,1FWpoIInryCkeXYR1MldlO,'94 - '04: The Singles,2019-05-31,album,0.277,0.969,9,-4.101,1,0.17,0.00609,2.81e-06,0.388,0.452,176.251,4,137267
2cB0tPTD5cq9NkYEIoCZP3,Girl From Mars - 2008 Remastered Version,0,False,5,1,2evydP72Z45DouM4uMGsIE,Ash,1FWpoIInryCkeXYR1MldlO,'94 - '04: The Singles,2019-05-31,album,0.329,0.793,9,-7.115,1,0.046,0.0071,0.0,0.261,0.467,76.616,4,210200
5VfQScsOvr1fUpMM2UeO5T,Angel Interceptor - 2011 Remaster,0,False,6,1,2evydP72Z45DouM4uMGsIE,Ash,1FWpoIInryCkeXYR1MldlO,'94 - '04: The Singles,2019-05-31,album,0.226,0.907,4,-6.45,1,0.0709,0.241,0.0306,0.381,0.294,168.136,4,248000
1FB1Y222VpuXP9aFglnAPn,Goldfinger - 2011 Remaster,0,False,7,1,2evydP72Z45DouM4uMGsIE,Ash,1FWpoIInryCkeXYR1MldlO,'94 - '04: The Singles,2019-05-31,album,0.224,0.926,6,-4.672,1,0.0551,0.00309,0.208,0.377,0.389,188.206,4,273947
3e0PafTJoQqkK7bigt1YUz,Oh Yeah - 2011 Remaster,0,False,8,1,2evydP72Z45DouM4uMGsIE,Ash,1FWpoIInryCkeXYR1MldlO,'94 - '04: The Singles,2019-05-31,album,0.118,0.69,9,-4.889,1,0.0336,0.0189,0.0635,0.292,0.132,181.967,4,286387
2m32D6hNPShTIrTjZSJdaB,A Life Less Ordinary - 2011 Remaster,0,False,9,1,2evydP72Z45DouM4uMGsIE,Ash,1FWpoIInryCkeXYR1MldlO,'94 - '04: The Singles,2019-05-31,album,0.294,0.969,7,-5.415,1,0.0562,0.0226,3.47e-05,0.619,0.226,157.284,4,256653
60mHM1xPAomHmmvBCumwmx,Wild Surf - 2011 Remaster,0,False,11,1,2evydP72Z45DouM4uMGsIE,Ash,1FWpoIInryCkeXYR1MldlO,'94 - '04: The Singles,2019-05-31,album,0.451,0.93,4,-4.849,1,0.0547,0.00428,0.00247,0.573,0.344,123.347,4,208867
23jqjyuydvf6OJD1AS9UAo,Shining Light - 2011 Remaster,0,False,13,1,2evydP72Z45DouM4uMGsIE,Ash,1FWpoIInryCkeXYR1MldlO,'94 - '04: The Singles,2019-05-31,album,0.475,0.907,2,-4.858,1,0.0428,1.4e-05,0.00316,0.106,0.54,106.592,4,310280
40Ivq9mBszyfDV93BM0w5I,Burn Baby Burn - 2011 Remaster,0,False,14,1,2evydP72Z45DouM4uMGsIE,Ash,1FWpoIInryCkeXYR1MldlO,'94 - '04: The Singles,2019-05-31,album,0.389,0.981,4,-4.522,1,0.117,1.41e-05,0.113,0.18,0.526,155.626,4,209360
42LrVjJIhaVKPFOH1MIAQt,Sometimes - 2011 Remaster,0,False,15,1,2evydP72Z45DouM4uMGsIE,Ash,1FWpoIInryCkeXYR1MldlO,'94 - '04: The Singles,2019-05-31,album,0.478,0.712,9,-6.815,1,0.0278,7.66e-05,0.00481,0.13,0.462,94.015,4,249613
1ZrPK5z5QZbRM28QKKlxFX,Clones - 2011 Remaster,0,False,19,1,2evydP72Z45DouM4uMGsIE,Ash,1FWpoIInryCkeXYR1MldlO,'94 - '04: The Singles,2019-05-31,album,0.476,0.916,8,-6.055,1,0.152,8.08e-06,0.494,0.376,0.335,114.284,4,240533
5J46YSDishotNr4PJ5i5RD,Orpheus - 2011 Remaster,0,False,20,1,2evydP72Z45DouM4uMGsIE,Ash,1FWpoIInryCkeXYR1MldlO,'94 - '04: The Singles,2019-05-31,album,0.45,0.944,11,-5.431,0,0.185,0.000286,0.0277,0.26,0.258,148.963,4,256160
7c5kHNMPuFPznvFLsfWozE,Girl from Mars - 4 Track Demo - 2008 Remaster,2,False,1,1,2evydP72Z45DouM4uMGsIE,Ash,68eBpWexm6UuS61J9remnn,Rarities & B-sides,2009-09-22,album,0.334,0.298,2,-14.238,1,0.036,0.953,0.943,0.371,0.164,105.038,4,150573
6jIJbtTJiW9OzgAMPIEq8n,"Jack Names the Planets - La La Land 7"" Version - 2008 Remaster",1,False,2,1,2evydP72Z45DouM4uMGsIE,Ash,68eBpWexm6UuS61J9remnn,Rarities & B-sides,2009-09-22,album,0.356,0.956,9,-4.593,1,0.248,0.00359,0.00612,0.299,0.536,159.917,4,173480
2p8ecDPMRlZP8SSAtnERFz,"Don't Know - La La Land 7"" Version - 2008 Remaster",1,False,3,1,2evydP72Z45DouM4uMGsIE,Ash,68eBpWexm6UuS61J9remnn,Rarities & B-sides,2009-09-22,album,0.266,0.952,7,-4.467,1,0.0937,0.0031,0.109,0.354,0.638,159.663,4,176947
7IXBGCKC3s0wrrDWCAV09E,Punk Boy - 2008 Remaster,2,False,4,1,2evydP72Z45DouM4uMGsIE,Ash,68eBpWexm6UuS61J9remnn,Rarities & B-sides,2009-09-22,album,0.311,0.975,7,-2.43,1,0.147,0.0379,0.0,0.336,0.658,185.227,4,125747
517QveVKpCCiIcdw2qziPz,Different Today - 2008 Remaster,1,False,5,1,2evydP72Z45DouM4uMGsIE,Ash,68eBpWexm6UuS61J9remnn,Rarities & B-sides,2009-09-22,album,0.277,0.986,9,-3.17,1,0.0882,0.127,0.666,0.363,0.321,155.071,4,172813
3sLDf7bgUQ0q1blMzWt1GU,Hulk Hogan Bubblebath - 2008 Remaster,1,False,6,1,2evydP72Z45DouM4uMGsIE,Ash,68eBpWexm6UuS61J9remnn,Rarities & B-sides,2009-09-22,album,0.258,0.86,0,-5.612,1,0.0634,0.252,0.515,0.0905,0.337,96.803,4,309067
5JaQpmlpwMfQHh1d4hfllT,Day of the Triffids - 2008 Remaster,1,False,7,1,2evydP72Z45DouM4uMGsIE,Ash,68eBpWexm6UuS61J9remnn,Rarities & B-sides,2009-09-22,album,0.368,0.996,11,-3.767,0,0.238,0.0186,0.52,0.3,0.0195,109.484,4,107347
41yNRbSyO4p4V78Cn9bjI5,Astral Conversations with Toulouse Lautrec - 2008 Remaster,0,False,8,1,2evydP72Z45DouM4uMGsIE,Ash,68eBpWexm6UuS61J9remnn,Rarities & B-sides,2009-09-22,album,0.246,0.97,2,-5.324,1,0.315,8.13e-05,0.173,0.126,0.0995,142.334,4,367493
7L7d2aiQks0XwJ9X2I4ZdL,Luther Ingo's Star Cruiser - 2008 Remaster,0,True,9,1,2evydP72Z45DouM4uMGsIE,Ash,68eBpWexm6UuS61J9remnn,Rarities & B-sides,2009-09-22,album,0.259,0.988,4,-1.876,1,0.0851,4.92e-06,0.818,0.0914,0.151,87.337,4,214653
5vHFVP9MBqrir5xeCRCIuk,Cantina Band - 2008 Remaster,1,False,10,1,2evydP72Z45DouM4uMGsIE,Ash,68eBpWexm6UuS61J9remnn,Rarities & B-sides,2009-09-22,album,0.233,0.945,9,-6.107,0,0.0974,0.468,0.816,0.259,0.286,131.522,4,206720
6biMl3HvEGz4YszRte82ft,5am Eternal - 2008 Remaster,0,False,11,1,2evydP72Z45DouM4uMGsIE,Ash,68eBpWexm6UuS61J9remnn,Rarities & B-sides,2009-09-22,album,0.167,0.96,2,-4.5,1,0.12,5.13e-06,0.849,0.315,0.112,172.76,4,241973
18ByKFoPUCymvqsH2S2biQ,Gimme Some Truth - 2008 Remaster,0,False,12,1,2evydP72Z45DouM4uMGsIE,Ash,68eBpWexm6UuS61J9remnn,Rarities & B-sides,2009-09-22,album,0.592,0.622,5,-7.967,0,0.0316,7.84e-05,0.939,0.397,0.358,116.165,4,325520
1rZlpy21H0rUrfK5K9l763,I Need Somebody - 2008 Remaster,0,False,13,1,2evydP72Z45DouM4uMGsIE,Ash,68eBpWexm6UuS61J9remnn,Rarities & B-sides,2009-09-22,album,0.246,0.584,4,-6.3,1,0.0348,0.0259,0.00201,0.81,0.413,102.577,4,157813
3LoVbOmsFKexhibFQ0ewUE,Sneaker - 2008 Remaster,1,False,14,1,2evydP72Z45DouM4uMGsIE,Ash,68eBpWexm6UuS61J9remnn,Rarities & B-sides,2009-09-22,album,0.39,1.0,9,-2.213,1,0.0962,0.00155,0.614,0.259,0.0341,100.056,4,196013
7sSv4cjGP4mYyEFQKwutsz,Get Ready - 2008 Remaster,1,False,15,1,2evydP72Z45DouM4uMGsIE,Ash,68eBpWexm6UuS61J9remnn,Rarities & B-sides,2009-09-22,album,0.404,0.901,1,-2.873,0,0.0507,0.508,0.651,0.154,0.73,139.848,4,169307
1KqWOsvjxHbQ7tT7HRfv71,T Rex - 2008 Remaster,0,False,16,1,2evydP72Z45DouM4uMGsIE,Ash,68eBpWexm6UuS61J9remnn,Rarities & B-sides,2009-09-22,album,0.208,0.985,9,-1.774,1,0.0807,4.23e-05,0.416,0.065,0.379,167.143,4,143200
38fN2TXIoUNwjhmh19e0dF,Everywhere Is All Around - 2008 Remaster,0,False,17,1,2evydP72Z45DouM4uMGsIE,Ash,68eBpWexm6UuS61J9remnn,Rarities & B-sides,2009-09-22,album,0.0773,0.984,5,-1.617,1,0.112,0.00113,0.783,0.393,0.0744,173.262,4,151413
3pltNNkUYZ3UkXIsachSFX,Does Your Mother Know - 2008 Remaster,3,False,18,1,2evydP72Z45DouM4uMGsIE,Ash,68eBpWexm6UuS61J9remnn,Rarities & B-sides,2009-09-22,album,0.503,0.975,7,-3.611,1,0.0373,0.000267,1.04e-05,0.0628,0.784,141.178,4,180867
4QvmCesiM39fqrXbttKVqD,I Only Want to Be with You - 2008 Remaster,2,False,19,1,2evydP72Z45DouM4uMGsIE,Ash,68eBpWexm6UuS61J9remnn,Rarities & B-sides,2009-09-22,album,0.502,0.965,10,-2.868,1,0.0687,0.0549,0.000303,0.0944,0.674,135.564,4,155360
3auqQJqsZvEM7V5BnLT3to,A Life Less Ordinary - Tim Simeon Version - 2008 Remaster,2,False,20,1,2evydP72Z45DouM4uMGsIE,Ash,68eBpWexm6UuS61J9remnn,Rarities & B-sides,2009-09-22,album,0.317,0.945,7,-4.705,1,0.0569,0.000187,0.61,0.287,0.271,154.887,4,222240
2PaiUHZGGPV2zSnweHEB1D,Sick Party - 2008 Remaster,0,False,21,1,2evydP72Z45DouM4uMGsIE,Ash,68eBpWexm6UuS61J9remnn,Rarities & B-sides,2009-09-22,album,0.573,0.586,1,-12.25,1,0.619,0.602,0.0,0.108,0.273,111.933,3,341533
056OCMkeBNhmldZVKdK9qC,The Scream - 2008 Remaster,0,False,22,1,2evydP72Z45DouM4uMGsIE,Ash,68eBpWexm6UuS61J9remnn,Rarities & B-sides,2009-09-22,album,0.14,0.897,1,-14.153,1,0.179,0.819,0.0621,0.378,0.034,87.135,4,261493
3zxQVES19gDwfsguJkESRu,"A Clear Invitation to Dance, Pt. 1 - Live at The Wireless - 2008 Remaster",1,False,1,1,2evydP72Z45DouM4uMGsIE,Ash,0RUT1XoK3VdxyG5SiCxzLo,Live 1996 (2008 Remaster),2009-09-22,album,0.4,0.723,1,-3.918,0,0.059,0.000649,0.00398,0.0774,0.917,175.697,4,60413
6GGPuDqpDp8FLQtX4ixflp,Girl from Mars - Live at the Wireless - 2008 Remaster,3,False,3,1,2evydP72Z45DouM4uMGsIE,Ash,0RUT1XoK3VdxyG5SiCxzLo,Live 1996 (2008 Remaster),2009-09-22,album,0.344,0.965,9,-3.372,1,0.0565,0.000115,0.0263,0.155,0.646,92.505,4,178760
6vFmdz8lZje2rN5K6bkGr4,Oh Yeah - Live at the Wireless - 2008 Remaster,2,False,4,1,2evydP72Z45DouM4uMGsIE,Ash,0RUT1XoK3VdxyG5SiCxzLo,Live 1996 (2008 Remaster),2009-09-22,album,0.377,0.825,9,-3.251,1,0.0313,7.86e-05,0.458,0.0969,0.216,95.931,4,262147
4nyXqaGDV1IYprrR05Ypkn,T Rex - Live at the Wireless - 2008 Remaster,1,False,5,1,2evydP72Z45DouM4uMGsIE,Ash,0RUT1XoK3VdxyG5SiCxzLo,Live 1996 (2008 Remaster),2009-09-22,album,0.228,0.996,9,-2.956,1,0.0853,2.47e-06,0.897,0.258,0.415,199.087,4,128867
79hkxPybjo4cRvweUvOicq,Kung Fu - Live at the Wireless - 2008 Remaster,2,False,7,1,2evydP72Z45DouM4uMGsIE,Ash,0RUT1XoK3VdxyG5SiCxzLo,Live 1996 (2008 Remaster),2009-09-22,album,0.384,0.974,9,-3.774,1,0.0704,2.99e-05,0.179,0.0801,0.295,102.71,4,145227
5ZlGjzjn6K92bg6BxYXuqU,What Deaner Was Talking About - Live at the Wireless - 2008 Remaster,2,False,8,1,2evydP72Z45DouM4uMGsIE,Ash,0RUT1XoK3VdxyG5SiCxzLo,Live 1996 (2008 Remaster),2009-09-22,album,0.359,0.712,7,-3.822,1,0.0438,7.22e-06,0.578,0.037,0.539,129.151,4,137040
39SL7GxdVtI9XhS6AE4D5O,Goldfinger - Live at the Wireless - 2008 Remaster,2,False,9,1,2evydP72Z45DouM4uMGsIE,Ash,0RUT1XoK3VdxyG5SiCxzLo,Live 1996 (2008 Remaster),2009-09-22,album,0.415,0.924,10,-2.627,1,0.0385,8.27e-06,0.774,0.125,0.627,99.853,4,257080
34gHz3DoggAwLged1XJXgJ,Petrol - Live at the Wireless - 2008 Remaster,2,False,10,1,2evydP72Z45DouM4uMGsIE,Ash,0RUT1XoK3VdxyG5SiCxzLo,Live 1996 (2008 Remaster),2009-09-22,album,0.242,0.963,9,-3.775,1,0.115,1.36e-05,0.168,0.163,0.599,169.797,4,251813
1f9SiG4zMdUTrrfkvMmlbl,"A Clear Invitation to Dance, Pt. 2 - Live at The Wireless - 2008 Remaster",0,False,11,1,2evydP72Z45DouM4uMGsIE,Ash,0RUT1XoK3VdxyG5SiCxzLo,Live 1996 (2008 Remaster),2009-09-22,album,0.432,0.839,6,-4.689,0,0.104,0.000359,0.000791,0.101,0.609,83.69,4,64387
75TLQqQCuXpGkU3ZvkPO8A,Lose Control - Live at Reading 1996 - 2008 Remaster,1,False,12,1,2evydP72Z45DouM4uMGsIE,Ash,0RUT1XoK3VdxyG5SiCxzLo,Live 1996 (2008 Remaster),2009-09-22,album,0.0793,0.999,4,-2.938,0,0.343,2.71e-05,0.541,0.975,0.0329,202.222,4,214893
5jyy0vwI7AwGIgCzdEz2ne,Goldfinger - Live at Reading 1996 - 2008 Remaster,1,False,15,1,2evydP72Z45DouM4uMGsIE,Ash,0RUT1XoK3VdxyG5SiCxzLo,Live 1996 (2008 Remaster),2009-09-22,album,0.168,0.992,1,-2.417,1,0.129,0.001,0.00335,0.702,0.229,203.431,4,268480
3nzuvlUkYCxatpVCFseDPi,Oh Yeah - Live at Reading 1996 - 2008 Remaster,1,False,18,1,2evydP72Z45DouM4uMGsIE,Ash,0RUT1XoK3VdxyG5SiCxzLo,Live 1996 (2008 Remaster),2009-09-22,album,0.301,0.945,2,-3.021,1,0.0581,0.000782,0.00148,0.993,0.182,97.201,4,268973
24g6gn3OiGdNhCDOJRrJ62,Innocent Smile - Live at Reading 1996 - 2008 Remaster,0,False,19,1,2evydP72Z45DouM4uMGsIE,Ash,0RUT1XoK3VdxyG5SiCxzLo,Live 1996 (2008 Remaster),2009-09-22,album,0.171,0.999,9,-2.578,1,0.192,5.13e-06,0.845,0.78,0.0476,114.698,4,285933
3YWlyxZTomdM7Y9QL0H3Vk,Lost in You - Live at Reading 1996 - 2008 Remaster,0,False,20,1,2evydP72Z45DouM4uMGsIE,Ash,0RUT1XoK3VdxyG5SiCxzLo,Live 1996 (2008 Remaster),2009-09-22,album,0.419,0.931,9,-3.116,1,0.0385,0.00367,0.0,0.791,0.381,91.206,4,239560
3fW7kS61yL8Rx3sG7iRJ7G,Petrol - Live at Reading 1996 - 2008 Remaster,1,False,21,1,2evydP72Z45DouM4uMGsIE,Ash,0RUT1XoK3VdxyG5SiCxzLo,Live 1996 (2008 Remaster),2009-09-22,album,0.176,0.995,9,-2.689,1,0.387,4.57e-05,0.0525,0.986,0.329,169.901,1,237227
6sFl0L4hMt2e0C58fntgGW,Gone the Dream - Live at Reading 1996 - 2008 Remaster,0,False,22,1,2evydP72Z45DouM4uMGsIE,Ash,0RUT1XoK3VdxyG5SiCxzLo,Live 1996 (2008 Remaster),2009-09-22,album,0.136,0.973,7,-2.953,1,0.075,0.000307,0.00436,0.981,0.416,208.345,3,217480
2ZE1HgKDTBTOojZH9qt0Mx,Girl from Mars - Live at Reading 1996 - 2008 Remaster,1,False,23,1,2evydP72Z45DouM4uMGsIE,Ash,0RUT1XoK3VdxyG5SiCxzLo,Live 1996 (2008 Remaster),2009-09-22,album,0.136,0.997,9,-2.94,1,0.382,0.0033,0.00189,0.952,0.123,183.443,4,211067
6rmKHhsd9ZWW7siULCVKUd,Kung Fu - Live at Reading 1996 - 2008 Remaster,1,False,24,1,2evydP72Z45DouM4uMGsIE,Ash,0RUT1XoK3VdxyG5SiCxzLo,Live 1996 (2008 Remaster),2009-09-22,album,0.368,0.998,9,-3.602,1,0.179,4.74e-05,0.0168,0.406,0.144,101.758,4,185293
61orG4vb4fg1Wud2EHesR9,A Clear Invitation To Dance Part 1 - 2008 Remastered Version,0,False,1,1,2evydP72Z45DouM4uMGsIE,Ash,23FvN0oS0Bes29PWdnXtuv,Live 1996 (Remastered Version),2009-09-22,album,0.4,0.723,1,-3.918,0,0.059,0.000649,0.00398,0.0774,0.917,175.697,4,60413
7Bl58zFKyzCOwHV041XTPJ,Darkside Lightside - 2008 Remastered Version,0,False,2,1,2evydP72Z45DouM4uMGsIE,Ash,23FvN0oS0Bes29PWdnXtuv,Live 1996 (Remastered Version),2009-09-22,album,0.244,0.992,7,-2.814,1,0.0822,1.85e-06,0.548,0.306,0.18,110.014,4,184147
2M2OjBrRW17xYIeI2N67s0,Girl From Mars - Live At The Wireless 2008 Remastered Version,0,False,3,1,2evydP72Z45DouM4uMGsIE,Ash,23FvN0oS0Bes29PWdnXtuv,Live 1996 (Remastered Version),2009-09-22,album,0.344,0.965,9,-3.372,1,0.0565,0.000115,0.0263,0.155,0.646,92.505,4,178760
2HmoIh5cHSKXkAbtyzCjBQ,Oh Yeah - Live At The Wireless 2008 Remastered Version,0,False,4,1,2evydP72Z45DouM4uMGsIE,Ash,23FvN0oS0Bes29PWdnXtuv,Live 1996 (Remastered Version),2009-09-22,album,0.377,0.825,9,-3.251,1,0.0313,7.86e-05,0.458,0.0969,0.216,95.931,4,262147
5RQrBH4JEOe9l3FBT91zGl,T Rex - Live At The Wireless 2008 Remastered Version,0,False,5,1,2evydP72Z45DouM4uMGsIE,Ash,23FvN0oS0Bes29PWdnXtuv,Live 1996 (Remastered Version),2009-09-22,album,0.228,0.996,9,-2.956,1,0.0853,2.47e-06,0.897,0.258,0.415,199.087,4,128867
2mtPgsu0wkevOPxlIj9hja,I'd Give You Anything - Live At The Wireless 2008 Remastered Version,0,False,6,1,2evydP72Z45DouM4uMGsIE,Ash,23FvN0oS0Bes29PWdnXtuv,Live 1996 (Remastered Version),2009-09-22,album,0.241,0.988,9,-2.531,0,0.0648,1.74e-06,0.7,0.115,0.54,127.568,4,190387
4UhtLLRqHTwlGe7tSJYp00,Kung Fu - Live At The Wireless 2008 Remastered Version,0,False,7,1,2evydP72Z45DouM4uMGsIE,Ash,23FvN0oS0Bes29PWdnXtuv,Live 1996 (Remastered Version),2009-09-22,album,0.384,0.974,9,-3.774,1,0.0704,2.99e-05,0.179,0.0801,0.295,102.71,4,145227
7b7B0XCNCxWxiUvvgOJybx,What Deaner Was Talking About - Live At The Wireless 2008 Remastered Version,0,False,8,1,2evydP72Z45DouM4uMGsIE,Ash,23FvN0oS0Bes29PWdnXtuv,Live 1996 (Remastered Version),2009-09-22,album,0.359,0.712,7,-3.822,1,0.0438,7.22e-06,0.578,0.037,0.539,129.151,4,137040
4flN9Nj8NKNorw5Nw9C8ye,Goldfinger - Live At The Wireless 2008 Remastered Version,0,False,9,1,2evydP72Z45DouM4uMGsIE,Ash,23FvN0oS0Bes29PWdnXtuv,Live 1996 (Remastered Version),2009-09-22,album,0.415,0.924,10,-2.627,1,0.0385,8.27e-06,0.774,0.125,0.627,99.853,4,257080
39hHeKMEG564pMle5VfSEG,Petrol - Live At The Wireless 2008 Remastered Version,0,False,10,1,2evydP72Z45DouM4uMGsIE,Ash,23FvN0oS0Bes29PWdnXtuv,Live 1996 (Remastered Version),2009-09-22,album,0.242,0.963,9,-3.775,1,0.115,1.36e-05,0.168,0.163,0.599,169.797,4,251813
5EwDECCkuLG67tEGpgQOUt,A Clear Invitation To Dance Part 2 - 2008 Remastered Version,0,False,11,1,2evydP72Z45DouM4uMGsIE,Ash,23FvN0oS0Bes29PWdnXtuv,Live 1996 (Remastered Version),2009-09-22,album,0.432,0.839,6,-4.689,0,0.104,0.000359,0.000791,0.101,0.609,83.69,4,64387
278X6bQ4ODNjT7V9F1nidd,Lose Control - Live At Reading 1996 2008 Remastered Version,0,False,12,1,2evydP72Z45DouM4uMGsIE,Ash,23FvN0oS0Bes29PWdnXtuv,Live 1996 (Remastered Version),2009-09-22,album,0.0793,0.999,4,-2.938,0,0.343,2.71e-05,0.541,0.975,0.0329,202.222,4,214893
0lhRIeEJI7vVaKOHrSFjU7,Jack Names The Planets - Live At Reading 1996 2008 Remastered Version,0,False,13,1,2evydP72Z45DouM4uMGsIE,Ash,23FvN0oS0Bes29PWdnXtuv,Live 1996 (Remastered Version),2009-09-22,album,0.162,0.999,7,-2.581,1,0.296,2.22e-05,0.177,0.955,0.0359,186.891,4,141427
1Qw6knn7G9MZnLd3sUXJNl,T Rex - Live At Reading 1996 2008 Remastered Version,0,False,14,1,2evydP72Z45DouM4uMGsIE,Ash,23FvN0oS0Bes29PWdnXtuv,Live 1996 (Remastered Version),2009-09-22,album,0.142,0.999,2,-2.257,1,0.18,0.000113,0.142,0.931,0.0544,194.168,4,147840
79Yz2Sf8d0tib9r7s02x8k,Goldfinger - Live At Reading 1996 2008 Remastered Version,0,False,15,1,2evydP72Z45DouM4uMGsIE,Ash,23FvN0oS0Bes29PWdnXtuv,Live 1996 (Remastered Version),2009-09-22,album,0.168,0.992,1,-2.417,1,0.129,0.001,0.00335,0.702,0.229,203.431,4,268480
5dNiioV24NuMUFIP9tVlcP,Angel Interceptor - Live At Reading 1996 2008 Remastered Version,0,False,16,1,2evydP72Z45DouM4uMGsIE,Ash,23FvN0oS0Bes29PWdnXtuv,Live 1996 (Remastered Version),2009-09-22,album,0.137,0.996,11,-2.767,0,0.288,5.12e-05,0.0921,0.421,0.0508,191.965,4,196667
0J1nRZQ2rcGAkZPPr1XngF,Darkside Lightside - Live At Reading 1996 2008 Remastered Version,0,False,17,1,2evydP72Z45DouM4uMGsIE,Ash,23FvN0oS0Bes29PWdnXtuv,Live 1996 (Remastered Version),2009-09-22,album,0.285,0.996,1,-2.791,1,0.147,9.35e-06,0.442,0.772,0.0624,105.153,4,189027
6VN1S6FKZ564jEXSJyPT7x,Oh Yeah - Live At Reading 1996 2008 Remastered Version,0,False,18,1,2evydP72Z45DouM4uMGsIE,Ash,23FvN0oS0Bes29PWdnXtuv,Live 1996 (Remastered Version),2009-09-22,album,0.301,0.945,2,-3.021,1,0.0581,0.000782,0.00148,0.993,0.182,97.201,4,268973
4hO4st1aD8z5lOOlHZLWeX,Innocent Smile - Live At Reading 1996 2008 Remastered Version,0,False,19,1,2evydP72Z45DouM4uMGsIE,Ash,23FvN0oS0Bes29PWdnXtuv,Live 1996 (Remastered Version),2009-09-22,album,0.171,0.999,9,-2.578,1,0.192,5.13e-06,0.845,0.78,0.0476,114.698,4,285933
3gnqHGVcjKj5WV9bDtUkX2,Lost In You - Live At Reading 1996 2008 Remastered Version,0,False,20,1,2evydP72Z45DouM4uMGsIE,Ash,23FvN0oS0Bes29PWdnXtuv,Live 1996 (Remastered Version),2009-09-22,album,0.419,0.931,9,-3.116,1,0.0385,0.00367,0.0,0.791,0.381,91.206,4,239560
0mNYRU0CTPLBUQTtIvDgGS,Petrol - Live At Reading 1996 2008 Remastered Version,0,False,21,1,2evydP72Z45DouM4uMGsIE,Ash,23FvN0oS0Bes29PWdnXtuv,Live 1996 (Remastered Version),2009-09-22,album,0.176,0.995,9,-2.689,1,0.387,4.57e-05,0.0525,0.986,0.329,169.901,1,237227
4VtuQ8POXHpuePRvQuw75j,Gone The Dream - Live At Reading 1996 2008 Remastered Version,0,False,22,1,2evydP72Z45DouM4uMGsIE,Ash,23FvN0oS0Bes29PWdnXtuv,Live 1996 (Remastered Version),2009-09-22,album,0.136,0.973,7,-2.953,1,0.075,0.000307,0.00436,0.981,0.416,208.345,3,217480
6NxyMHxXom7FUVzAECoDq5,Girl From Mars - Live At Reading 1996 2008 Remastered Version,0,False,23,1,2evydP72Z45DouM4uMGsIE,Ash,23FvN0oS0Bes29PWdnXtuv,Live 1996 (Remastered Version),2009-09-22,album,0.136,0.997,9,-2.94,1,0.382,0.0033,0.00189,0.952,0.123,183.443,4,211067
6f0H52oPL1jdPWPppgPrkj,Kung Fu - Live At Reading 1996 2008 Remastered Version,0,False,24,1,2evydP72Z45DouM4uMGsIE,Ash,23FvN0oS0Bes29PWdnXtuv,Live 1996 (Remastered Version),2009-09-22,album,0.368,0.998,9,-3.602,1,0.179,4.74e-05,0.0168,0.406,0.144,101.758,4,185293
3aVVVpqUtqWN4PtekwrXZl,Girl From Mars 4 Track Demo - 2008 Remastered Version,0,False,1,1,2evydP72Z45DouM4uMGsIE,Ash,5Rxzf3LCiBtSg01KCS2ddf,Rarities & B-sides (Remastered Version),2009-09-22,album,0.334,0.298,2,-14.238,1,0.036,0.953,0.943,0.371,0.164,105.038,4,150573
7BGx1D12tg5DmmDItCHiBU,"Jack Names the Planets (La La Land 7"" Version) - 2008 Remaster",0,False,2,1,2evydP72Z45DouM4uMGsIE,Ash,5Rxzf3LCiBtSg01KCS2ddf,Rarities & B-sides (Remastered Version),2009-09-22,album,0.356,0.956,9,-4.593,1,0.248,0.00359,0.00612,0.299,0.536,159.917,4,173480
2xGujRGYzruSr682YaVVq7,"Don't Know - La La Land 7"" Version 2008 Remastered Version",0,False,3,1,2evydP72Z45DouM4uMGsIE,Ash,5Rxzf3LCiBtSg01KCS2ddf,Rarities & B-sides (Remastered Version),2009-09-22,album,0.266,0.952,7,-4.467,1,0.0937,0.0031,0.109,0.354,0.638,159.663,4,176947
6OIcMmWwh2fmBvVccm8CbV,Punk Boy - 2008 Remastered Version,0,False,4,1,2evydP72Z45DouM4uMGsIE,Ash,5Rxzf3LCiBtSg01KCS2ddf,Rarities & B-sides (Remastered Version),2009-09-22,album,0.311,0.975,7,-2.43,1,0.147,0.0379,0.0,0.336,0.658,185.227,4,125747
0q0pb8DoxBMyxFWQqNGiXR,Different Today - 2008 Remastered Version,0,False,5,1,2evydP72Z45DouM4uMGsIE,Ash,5Rxzf3LCiBtSg01KCS2ddf,Rarities & B-sides (Remastered Version),2009-09-22,album,0.277,0.986,9,-3.17,1,0.0882,0.127,0.666,0.363,0.321,155.071,4,172813
1D6ZxA6tcjRJPrzCrfF5ul,Hulk Hogan Bubblebath - 2008 Remastered Version,0,False,6,1,2evydP72Z45DouM4uMGsIE,Ash,5Rxzf3LCiBtSg01KCS2ddf,Rarities & B-sides (Remastered Version),2009-09-22,album,0.258,0.86,0,-5.612,1,0.0634,0.252,0.515,0.0905,0.337,96.803,4,309067
450iBKlhPr9fzCRLMOX5KC,Day Of the Triffids - 2008 Remastered Version,0,False,7,1,2evydP72Z45DouM4uMGsIE,Ash,5Rxzf3LCiBtSg01KCS2ddf,Rarities & B-sides (Remastered Version),2009-09-22,album,0.368,0.996,11,-3.767,0,0.238,0.0186,0.52,0.3,0.0195,109.484,4,107347
2YvRyOyaTLyyDhQNIUe5jM,Astral Conversations With Toulouse Lautrec - 2008 Remastered Version,0,False,8,1,2evydP72Z45DouM4uMGsIE,Ash,5Rxzf3LCiBtSg01KCS2ddf,Rarities & B-sides (Remastered Version),2009-09-22,album,0.246,0.97,2,-5.324,1,0.315,8.13e-05,0.173,0.126,0.0995,142.334,4,367493
1lh6d18etme2bAJdaG1ua3,Luther Ingo's Star Cruiser - 2008 Remastered Version,0,True,9,1,2evydP72Z45DouM4uMGsIE,Ash,5Rxzf3LCiBtSg01KCS2ddf,Rarities & B-sides (Remastered Version),2009-09-22,album,0.259,0.988,4,-1.876,1,0.0851,4.92e-06,0.818,0.0914,0.151,87.337,4,214653
1dXEbSyFDL4m64lKkfJtUi,Cantina Band - 2008 Remastered Version,0,False,10,1,2evydP72Z45DouM4uMGsIE,Ash,5Rxzf3LCiBtSg01KCS2ddf,Rarities & B-sides (Remastered Version),2009-09-22,album,0.233,0.945,9,-6.107,0,0.0974,0.468,0.816,0.259,0.286,131.522,4,206720
3IssDHlt0sGYbcPHhdltBl,5am Eternal - 2008 Remastered Version,0,False,11,1,2evydP72Z45DouM4uMGsIE,Ash,5Rxzf3LCiBtSg01KCS2ddf,Rarities & B-sides (Remastered Version),2009-09-22,album,0.167,0.96,2,-4.5,1,0.12,5.13e-06,0.849,0.315,0.112,172.76,4,241973
2YGXowqTG6zhbCp8KT5wOa,Gimme Some Truth - 2008 Remastered Version,0,False,12,1,2evydP72Z45DouM4uMGsIE,Ash,5Rxzf3LCiBtSg01KCS2ddf,Rarities & B-sides (Remastered Version),2009-09-22,album,0.592,0.622,5,-7.967,0,0.0316,7.84e-05,0.939,0.397,0.358,116.165,4,325520
6rxJ5vx7h7hueLDytoCe60,I Need Somebody - 2008 Remastered Version,0,False,13,1,2evydP72Z45DouM4uMGsIE,Ash,5Rxzf3LCiBtSg01KCS2ddf,Rarities & B-sides (Remastered Version),2009-09-22,album,0.246,0.584,4,-6.3,1,0.0348,0.0259,0.00201,0.81,0.413,102.577,4,157813
5kxanz0pWQBmMRzhDNoH3C,Sneaker - 2008 Remastered Version,0,False,14,1,2evydP72Z45DouM4uMGsIE,Ash,5Rxzf3LCiBtSg01KCS2ddf,Rarities & B-sides (Remastered Version),2009-09-22,album,0.39,1.0,9,-2.213,1,0.0962,0.00155,0.614,0.259,0.0341,100.056,4,196013
0phlb1ir9RzSVCs2Pdq4XM,Get Ready - 2008 Remastered Version,0,False,15,1,2evydP72Z45DouM4uMGsIE,Ash,5Rxzf3LCiBtSg01KCS2ddf,Rarities & B-sides (Remastered Version),2009-09-22,album,0.404,0.901,1,-2.873,0,0.0507,0.508,0.651,0.154,0.73,139.848,4,169307
6kvFqYtM9MRk7NREyx5cex,T Rex - 2008 - Remaster,0,False,16,1,2evydP72Z45DouM4uMGsIE,Ash,5Rxzf3LCiBtSg01KCS2ddf,Rarities & B-sides (Remastered Version),2009-09-22,album,0.207,0.979,9,-2.763,1,0.083,3.59e-05,0.382,0.0296,0.336,167.157,4,143987
0V4Vl0QCffFLdYvgDuppEW,Everywhere Is All Around - 2008 Remastered Version,0,False,17,1,2evydP72Z45DouM4uMGsIE,Ash,5Rxzf3LCiBtSg01KCS2ddf,Rarities & B-sides (Remastered Version),2009-09-22,album,0.0773,0.984,5,-1.617,1,0.112,0.00113,0.783,0.393,0.0744,173.262,4,151413
4wxAMzpVSHyeibn4VaNaiZ,Does Your Mother Know - 2008 Remastered Version,0,False,18,1,2evydP72Z45DouM4uMGsIE,Ash,5Rxzf3LCiBtSg01KCS2ddf,Rarities & B-sides (Remastered Version),2009-09-22,album,0.503,0.975,7,-3.611,1,0.0373,0.000267,1.04e-05,0.0628,0.784,141.178,4,180867
3oiSUiBXoYXi0mZwNOyjrR,I Only Want To Be With You - 2008 Remastered Version,0,False,19,1,2evydP72Z45DouM4uMGsIE,Ash,5Rxzf3LCiBtSg01KCS2ddf,Rarities & B-sides (Remastered Version),2009-09-22,album,0.502,0.965,10,-2.868,1,0.0687,0.0549,0.000303,0.0944,0.674,135.564,4,155360
3rSsKk4f1u8rGBRhusJQO2,A Life Less Ordinary - Tim Simeon Version 2008 Remastered Version,0,False,20,1,2evydP72Z45DouM4uMGsIE,Ash,5Rxzf3LCiBtSg01KCS2ddf,Rarities & B-sides (Remastered Version),2009-09-22,album,0.317,0.945,7,-4.705,1,0.0569,0.000187,0.61,0.287,0.271,154.887,4,222240
2wJjL57x4kPp4xO1uciAtt,Sick Party - 2008 Remastered Version,0,False,21,1,2evydP72Z45DouM4uMGsIE,Ash,5Rxzf3LCiBtSg01KCS2ddf,Rarities & B-sides (Remastered Version),2009-09-22,album,0.573,0.586,1,-12.25,1,0.619,0.602,0.0,0.108,0.273,111.933,3,341533
0WjVSpZ9bJ7sAYtPL99r4a,The Scream - 2008 Remastered Version,0,False,22,1,2evydP72Z45DouM4uMGsIE,Ash,5Rxzf3LCiBtSg01KCS2ddf,Rarities & B-sides (Remastered Version),2009-09-22,album,0.14,0.897,1,-14.153,1,0.179,0.819,0.0621,0.378,0.034,87.135,4,261493
6S27Ppwt7V9nKuBSclQ9nw,Meltdown - 2022 Remaster,34,False,1,1,2evydP72Z45DouM4uMGsIE,Ash,1nGT7br1yNbcuXATNe2K7N,Meltdown (2022 Remaster),2004-05-17,album,0.447,0.849,9,-5.304,0,0.0808,0.000153,0.0575,0.0624,0.476,152.09,4,203800
0RCWL7E2mDyx4Nm5QqGoPE,Orpheus (2022 Remaster),41,False,2,1,2evydP72Z45DouM4uMGsIE,Ash,1nGT7br1yNbcuXATNe2K7N,Meltdown (2022 Remaster),2004-05-17,album,0.45,0.939,11,-5.653,0,0.195,0.000421,0.0919,0.159,0.234,148.917,4,255813
1rX7oAxXszZczFwUTLQNFj,Evil Eye - 2022 Remaster,22,False,3,1,2evydP72Z45DouM4uMGsIE,Ash,1nGT7br1yNbcuXATNe2K7N,Meltdown (2022 Remaster),2004-05-17,album,0.377,0.93,5,-5.921,1,0.187,0.000166,2.24e-05,0.384,0.0777,130.416,4,206760
2VmbTOY6TRhc4P1T9eaMUa,Clones - 2022 Remaster,36,False,4,1,2evydP72Z45DouM4uMGsIE,Ash,1nGT7br1yNbcuXATNe2K7N,Meltdown (2022 Remaster),2004-05-17,album,0.499,0.92,10,-7.48,0,0.0982,9.62e-06,0.759,0.43,0.379,114.554,4,240440
0Axu55Bv7xUrMeT9QQsMCG,Starcrossed (2022 Remaster),25,False,5,1,2evydP72Z45DouM4uMGsIE,Ash,1nGT7br1yNbcuXATNe2K7N,Meltdown (2022 Remaster),2004-05-17,album,0.433,0.74,0,-5.748,1,0.0293,0.000136,0.000375,0.275,0.278,80.691,4,290693
5nFwGSB6yva0BbWKzEzzU2,Out of the Blue - 2022 Remaster,15,False,6,1,2evydP72Z45DouM4uMGsIE,Ash,1nGT7br1yNbcuXATNe2K7N,Meltdown (2022 Remaster),2004-05-17,album,0.389,0.963,2,-5.323,1,0.152,8.1e-05,0.00419,0.0844,0.442,153.062,4,204240
2lzFMgclG8PKZqenWPR7Cf,Renegade Cavalcade - 2022 Remaster,16,False,7,1,2evydP72Z45DouM4uMGsIE,Ash,1nGT7br1yNbcuXATNe2K7N,Meltdown (2022 Remaster),2004-05-17,album,0.567,0.675,11,-6.294,0,0.0612,0.000473,0.418,0.0804,0.509,118.933,4,207267
3lvSCYlomX3BetJEaDr46t,Detonator - 2022 Remaster,15,False,8,1,2evydP72Z45DouM4uMGsIE,Ash,1nGT7br1yNbcuXATNe2K7N,Meltdown (2022 Remaster),2004-05-17,album,0.555,0.871,7,-5.15,1,0.0581,7.4e-05,0.193,0.461,0.521,127.937,4,218813
75lUbAYTUlTAXIKr0OHW1T,On a Wave - 2022 Remaster,12,False,9,1,2evydP72Z45DouM4uMGsIE,Ash,1nGT7br1yNbcuXATNe2K7N,Meltdown (2022 Remaster),2004-05-17,album,0.241,0.912,9,-5.043,1,0.105,4.52e-05,0.0201,0.354,0.249,146.41,4,267840
1FGcvlq7bz3Em1xw9Bo5M0,Won't Be Saved (2022 Remaster),12,False,10,1,2evydP72Z45DouM4uMGsIE,Ash,1nGT7br1yNbcuXATNe2K7N,Meltdown (2022 Remaster),2004-05-17,album,0.509,0.888,10,-5.24,1,0.0631,0.000236,4.68e-05,0.467,0.376,126.407,4,222000
2jKk4HRUO4uiLqwEL2QG5C,Vampire Love - 2022 Remaster,25,False,11,1,2evydP72Z45DouM4uMGsIE,Ash,1nGT7br1yNbcuXATNe2K7N,Meltdown (2022 Remaster),2004-05-17,album,0.488,0.948,7,-5.321,1,0.139,0.000764,0.00478,0.377,0.316,121.242,4,226960
1oVKWOhtrqgkTXDXsgMdll,Projects - 2023 Remaster,0,False,1,1,2evydP72Z45DouM4uMGsIE,Ash,6YBfl9pDhbJupFpy8ma7Lq,Nu-Clear Sounds (2023 Remaster),1998-10-01,album,0.356,0.976,10,-4.09,1,0.0658,0.00016,0.648,0.0654,0.26,132.465,3,233427
2SdbGDjJTHIeEoGRXCDRT8,Low Ebb - 2023 Remaster,0,False,2,1,2evydP72Z45DouM4uMGsIE,Ash,6YBfl9pDhbJupFpy8ma7Lq,Nu-Clear Sounds (2023 Remaster),1998-10-01,album,0.381,0.69,4,-5.705,0,0.0282,0.0112,0.54,0.211,0.451,76.668,4,300000
6MLhlx1UREMd6PFKAFMbcd,Jesus Says - 2023 Remaster,0,True,3,1,2evydP72Z45DouM4uMGsIE,Ash,6YBfl9pDhbJupFpy8ma7Lq,Nu-Clear Sounds (2023 Remaster),1998-10-01,album,0.318,0.895,2,-4.492,1,0.0466,0.000588,0.878,0.183,0.616,141.356,4,283867
04c3TM8PfmuXVV4PyYUNOA,Wildsurf - 2023 Remaster,0,False,4,1,2evydP72Z45DouM4uMGsIE,Ash,6YBfl9pDhbJupFpy8ma7Lq,Nu-Clear Sounds (2023 Remaster),1998-10-01,album,0.448,0.921,4,-3.302,1,0.0573,0.0118,0.00236,0.465,0.466,123.376,4,204253
3iWpj7QW080aSTQYSc3on4,Death Trip 21 - 2023 Remaster,0,True,5,1,2evydP72Z45DouM4uMGsIE,Ash,6YBfl9pDhbJupFpy8ma7Lq,Nu-Clear Sounds (2023 Remaster),1998-10-01,album,0.418,0.981,5,-4.48,0,0.0673,1.03e-05,0.0195,0.119,0.403,113.206,4,251573
0AkDQYmTBq8z9JG70eU6cB,Folk Song - 2023 Remaster,0,False,6,1,2evydP72Z45DouM4uMGsIE,Ash,6YBfl9pDhbJupFpy8ma7Lq,Nu-Clear Sounds (2023 Remaster),1998-10-01,album,0.501,0.723,4,-6.579,1,0.026,0.0395,0.381,0.394,0.273,107.849,4,294493
7Af8lv7qO0LCx5dUsPMbPx,Numbskull - 2023 Remaster,0,True,7,1,2evydP72Z45DouM4uMGsIE,Ash,6YBfl9pDhbJupFpy8ma7Lq,Nu-Clear Sounds (2023 Remaster),1998-10-01,album,0.542,0.908,6,-4.503,1,0.0531,0.00642,0.0,0.314,0.576,122.304,4,189307
50gxZIzrTbbc9xYjOUNozn,Burn Out - 2023 Remaster,0,False,8,1,2evydP72Z45DouM4uMGsIE,Ash,6YBfl9pDhbJupFpy8ma7Lq,Nu-Clear Sounds (2023 Remaster),1998-10-01,album,0.316,0.557,9,-6.154,1,0.0286,0.0287,0.00102,0.105,0.317,77.872,4,242640
5ZGfcjCdFLML7M201QR8DN,Aphrodite - 2023 Remaster,0,False,9,1,2evydP72Z45DouM4uMGsIE,Ash,6YBfl9pDhbJupFpy8ma7Lq,Nu-Clear Sounds (2023 Remaster),1998-10-01,album,0.372,0.627,0,-8.034,1,0.0294,0.269,0.0285,0.259,0.198,175.613,4,258400
0zvkz5d95vxbwkRDajHL0G,Fortune Teller - 2023 Remaster,0,True,10,1,2evydP72Z45DouM4uMGsIE,Ash,6YBfl9pDhbJupFpy8ma7Lq,Nu-Clear Sounds (2023 Remaster),1998-10-01,album,0.324,0.98,11,-4.278,0,0.0901,3.4e-05,0.00119,0.343,0.315,139.225,4,200173
0szubfOIjluHOcxaWGfQdE,I'm Gonna Fall - 2023 Remaster,0,False,11,1,2evydP72Z45DouM4uMGsIE,Ash,6YBfl9pDhbJupFpy8ma7Lq,Nu-Clear Sounds (2023 Remaster),1998-10-01,album,0.496,0.504,2,-8.49,1,0.0272,0.247,0.862,0.214,0.362,79.275,4,314507
1kxHqRNxLWtOuWEpxL64Pp,Lose Control - 2008 Remaster,5,False,1,1,2evydP72Z45DouM4uMGsIE,Ash,5MrIBMRh9FJf1iB2LGeMeS,1977 (Collectors Edition),1996-05-06,album,0.233,0.998,9,-4.233,1,0.124,7.35e-05,0.326,0.354,0.0687,184.271,4,216600
2gC2z4CMK39nHtszAcbxQy,Goldfinger - 2008 Remaster,6,False,2,1,2evydP72Z45DouM4uMGsIE,Ash,5MrIBMRh9FJf1iB2LGeMeS,1977 (Collectors Edition),1996-05-06,album,0.253,0.964,6,-2.791,1,0.0559,0.0201,0.273,0.369,0.347,187.951,4,271787
2INz1ddvZEjyiTZH2QkdvS,Girl from Mars - 2008 Remaster,8,False,3,1,2evydP72Z45DouM4uMGsIE,Ash,5MrIBMRh9FJf1iB2LGeMeS,1977 (Collectors Edition),1996-05-06,album,0.329,0.793,9,-7.115,1,0.046,0.0071,0.0,0.261,0.467,76.616,4,210200
1qMsqRrIlLgqimywhN5r8H,I'd Give You Anything - 2008 Remaster,3,False,4,1,2evydP72Z45DouM4uMGsIE,Ash,5MrIBMRh9FJf1iB2LGeMeS,1977 (Collectors Edition),1996-05-06,album,0.0879,0.978,9,-1.588,1,0.0675,5.4e-05,0.767,0.45,0.408,200.458,4,271840
0F2xrTDSJkye2Xyw6B9rZx,Gone the Dream - 2008 Remaster,2,False,5,1,2evydP72Z45DouM4uMGsIE,Ash,5MrIBMRh9FJf1iB2LGeMeS,1977 (Collectors Edition),1996-05-06,album,0.433,0.7,0,-5.174,1,0.0298,0.0185,0.0248,0.384,0.331,103.14,4,209867
1DWxtHNcRXRSkfPmrF2s9M,Kung Fu - 2008 Remaster,4,False,6,1,2evydP72Z45DouM4uMGsIE,Ash,5MrIBMRh9FJf1iB2LGeMeS,1977 (Collectors Edition),1996-05-06,album,0.262,0.963,9,-3.948,1,0.163,0.00798,6.09e-06,0.346,0.49,176.226,4,137347
3K2QGuTRUiKA3AQN4V24Em,Oh Yeah - 2008 Remaster,5,False,7,1,2evydP72Z45DouM4uMGsIE,Ash,5MrIBMRh9FJf1iB2LGeMeS,1977 (Collectors Edition),1996-05-06,album,0.12,0.727,9,-4.036,1,0.034,0.0202,0.0541,0.242,0.141,181.226,4,285467
01WncDAqyndtdK3y39KEXR,Let It Flow - 2008 Remaster,2,False,8,1,2evydP72Z45DouM4uMGsIE,Ash,5MrIBMRh9FJf1iB2LGeMeS,1977 (Collectors Edition),1996-05-06,album,0.362,0.965,9,-4.098,1,0.0609,0.000459,0.0019,0.919,0.406,137.316,4,282547
27XRTybVKsNn6q6JbjAYGC,Innocent Smile - 2008 Remaster,2,False,9,1,2evydP72Z45DouM4uMGsIE,Ash,5MrIBMRh9FJf1iB2LGeMeS,1977 (Collectors Edition),1996-05-06,album,0.111,0.977,9,-3.93,1,0.0893,0.0009,0.706,0.595,0.128,160.46,4,352040
1W7UCz9kgi5qiKpnL5Rmie,Angel Interceptor - 2008 Remaster,3,False,10,1,2evydP72Z45DouM4uMGsIE,Ash,5MrIBMRh9FJf1iB2LGeMeS,1977 (Collectors Edition),1996-05-06,album,0.211,0.924,4,-4.217,1,0.0825,0.238,0.329,0.408,0.25,168.105,4,244307
1J2t9Zwwoszj0heUmLCtmR,Lost in You - 2008 Remaster,2,False,11,1,2evydP72Z45DouM4uMGsIE,Ash,5MrIBMRh9FJf1iB2LGeMeS,1977 (Collectors Edition),1996-05-06,album,0.491,0.7,9,-3.896,1,0.0268,0.00178,1.01e-06,0.181,0.236,86.211,4,259200
0T9g10yWgJbanm3cIPXJ5n,Darkside Lightside - 2008 Remaster,4,False,12,1,2evydP72Z45DouM4uMGsIE,Ash,5MrIBMRh9FJf1iB2LGeMeS,1977 (Collectors Edition),1996-05-06,album,0.184,0.945,7,-5.382,1,0.129,0.00309,0.435,0.282,0.0987,96.517,4,305467
7zGOHfc5jJQwhlb1Rwvk3R,Season - 2008 Remaster,1,False,13,1,2evydP72Z45DouM4uMGsIE,Ash,5MrIBMRh9FJf1iB2LGeMeS,1977 (Collectors Edition),1996-05-06,album,0.224,0.996,0,-2.447,1,0.143,0.000266,0.818,0.569,0.229,171.988,4,180187
0WxJheb5s1XBWyTwUqnSnC,Jack Names the Planets - 2008 Remaster,1,False,14,1,2evydP72Z45DouM4uMGsIE,Ash,5MrIBMRh9FJf1iB2LGeMeS,1977 (Collectors Edition),1996-05-06,album,0.385,0.953,9,-3.392,1,0.125,0.00905,0.234,0.633,0.374,151.463,4,190293
2rgC13CWJqqmktWQkxGEAm,Intense Thing - 2008 Remaster,1,False,15,1,2evydP72Z45DouM4uMGsIE,Ash,5MrIBMRh9FJf1iB2LGeMeS,1977 (Collectors Edition),1996-05-06,album,0.401,0.992,9,-1.942,0,0.0617,0.00109,0.883,0.361,0.341,98.833,4,274187
1dZipStzIlBFG21UkcjInk,Uncle Pat - 2008 Remaster,1,False,16,1,2evydP72Z45DouM4uMGsIE,Ash,5MrIBMRh9FJf1iB2LGeMeS,1977 (Collectors Edition),1996-05-06,album,0.499,0.751,9,-3.273,1,0.0339,0.0446,0.0187,0.22,0.736,99.066,4,192467
1oolkHIw28ysfjhw3XKu27,Get Out - 2008 Remaster,2,False,17,1,2evydP72Z45DouM4uMGsIE,Ash,5MrIBMRh9FJf1iB2LGeMeS,1977 (Collectors Edition),1996-05-06,album,0.379,0.993,11,-1.357,1,0.113,0.0991,0.461,0.191,0.323,155.709,4,89187
2LSwIQLxbf7iX504iFXPzM,Petrol - 2008 Remaster,5,False,18,1,2evydP72Z45DouM4uMGsIE,Ash,5MrIBMRh9FJf1iB2LGeMeS,1977 (Collectors Edition),1996-05-06,album,0.446,0.954,9,-5.24,1,0.121,0.0364,0.732,0.294,0.665,151.464,4,263893
7DHQXJIRT0X08QGtX35fz9,Obscure Thing - 2008 Remaster,1,False,19,1,2evydP72Z45DouM4uMGsIE,Ash,5MrIBMRh9FJf1iB2LGeMeS,1977 (Collectors Edition),1996-05-06,album,0.377,0.995,9,-3.6,0,0.199,0.0389,0.869,0.0923,0.0915,105.454,4,261667
3sc68cG4kQ7YjFBVjpqGCD,"A Clear Invitation to Dance, Pt. 1 - Live at The Wireless - 2008 Remaster",2,False,1,2,2evydP72Z45DouM4uMGsIE,Ash,5MrIBMRh9FJf1iB2LGeMeS,1977 (Collectors Edition),1996-05-06,album,0.4,0.723,1,-3.918,0,0.059,0.000649,0.00398,0.0774,0.917,175.697,4,60413
0Us5IRCAkGgwHsPm25fe2x,Darkside Lightside - Live at the Wireless - 2008 Remaster,2,False,2,2,2evydP72Z45DouM4uMGsIE,Ash,5MrIBMRh9FJf1iB2LGeMeS,1977 (Collectors Edition),1996-05-06,album,0.244,0.992,7,-2.814,1,0.0822,1.85e-06,0.548,0.306,0.18,110.014,4,184147
1vf5NgOWUzFYbadZN6lcu7,Girl from Mars - Live at the Wireless - 2008 Remaster,6,False,3,2,2evydP72Z45DouM4uMGsIE,Ash,5MrIBMRh9FJf1iB2LGeMeS,1977 (Collectors Edition),1996-05-06,album,0.344,0.965,9,-3.372,1,0.0565,0.000115,0.0263,0.155,0.646,92.505,4,178760
6Q2FGx0sWmXmvfULd0tdrh,Oh Yeah - Live at the Wireless - 2008 Remaster,4,False,4,2,2evydP72Z45DouM4uMGsIE,Ash,5MrIBMRh9FJf1iB2LGeMeS,1977 (Collectors Edition),1996-05-06,album,0.377,0.825,9,-3.251,1,0.0313,7.86e-05,0.458,0.0969,0.216,95.931,4,262147
5SkF3VUU6o1P5wn1ZImn2J,T Rex - Live at the Wireless - 2008 Remaster,1,False,5,2,2evydP72Z45DouM4uMGsIE,Ash,5MrIBMRh9FJf1iB2LGeMeS,1977 (Collectors Edition),1996-05-06,album,0.228,0.996,9,-2.956,1,0.0853,2.47e-06,0.897,0.258,0.415,199.087,4,128867
1Qgnu8sKODlXz24Zyi4J4n,I'd Give You Anything - Live at the Wireless - 2008 Remaster,1,False,6,2,2evydP72Z45DouM4uMGsIE,Ash,5MrIBMRh9FJf1iB2LGeMeS,1977 (Collectors Edition),1996-05-06,album,0.241,0.988,9,-2.531,0,0.0648,1.74e-06,0.7,0.115,0.54,127.568,4,190387
2QWFsCQs08vLDyfSKPHum4,Kung Fu - Live at the Wireless - 2008 Remaster,4,False,7,2,2evydP72Z45DouM4uMGsIE,Ash,5MrIBMRh9FJf1iB2LGeMeS,1977 (Collectors Edition),1996-05-06,album,0.384,0.974,9,-3.774,1,0.0704,2.99e-05,0.179,0.0801,0.295,102.71,4,145227
11w026mGXWtulHFD6lH97A,What Deaner Was Talking About - Live at the Wireless - 2008 Remaster,4,False,8,2,2evydP72Z45DouM4uMGsIE,Ash,5MrIBMRh9FJf1iB2LGeMeS,1977 (Collectors Edition),1996-05-06,album,0.359,0.712,7,-3.822,1,0.0438,7.22e-06,0.578,0.037,0.539,129.151,4,137040
6n22gooGE6cKV3Qxry1csn,Goldfinger - Live at the Wireless - 2008 Remaster,4,False,9,2,2evydP72Z45DouM4uMGsIE,Ash,5MrIBMRh9FJf1iB2LGeMeS,1977 (Collectors Edition),1996-05-06,album,0.415,0.924,10,-2.627,1,0.0385,8.27e-06,0.774,0.125,0.627,99.853,4,257080
6MNKJUdImq3c9OOdQMkuHY,Petrol - Live at the Wireless - 2008 Remaster,2,False,10,2,2evydP72Z45DouM4uMGsIE,Ash,5MrIBMRh9FJf1iB2LGeMeS,1977 (Collectors Edition),1996-05-06,album,0.242,0.963,9,-3.775,1,0.115,1.36e-05,0.168,0.163,0.599,169.797,4,251813
5W4jCCOvrGG5JlmDh0gmXe,"A Clear Invitation to Dance, Pt. 2 - Live at The Wireless - 2008 Remaster",1,False,11,2,2evydP72Z45DouM4uMGsIE,Ash,5MrIBMRh9FJf1iB2LGeMeS,1977 (Collectors Edition),1996-05-06,album,0.432,0.839,6,-4.689,0,0.104,0.000359,0.000791,0.101,0.609,83.69,4,64387
6awbosvOPm7dLUNCxS5je6,Lose Control - Live at Reading 1996 - 2008 Remaster,2,False,12,2,2evydP72Z45DouM4uMGsIE,Ash,5MrIBMRh9FJf1iB2LGeMeS,1977 (Collectors Edition),1996-05-06,album,0.0793,0.999,4,-2.938,0,0.343,2.71e-05,0.541,0.975,0.0329,202.222,4,214893
1E2Rc19Gvt3lXNYgj5Jt2r,Jack Names the Planets - Live at Reading 1996 - 2008 Remaster,1,False,13,2,2evydP72Z45DouM4uMGsIE,Ash,5MrIBMRh9FJf1iB2LGeMeS,1977 (Collectors Edition),1996-05-06,album,0.162,0.999,7,-2.581,1,0.296,2.22e-05,0.177,0.955,0.0359,186.891,4,141427
3hgC9OLSFkMYfaYupn4TTM,T Rex - Live at Reading 1996 - 2008 Remaster,1,False,14,2,2evydP72Z45DouM4uMGsIE,Ash,5MrIBMRh9FJf1iB2LGeMeS,1977 (Collectors Edition),1996-05-06,album,0.142,0.999,2,-2.257,1,0.18,0.000113,0.142,0.931,0.0544,194.168,4,147840
1kYpq4BizFIF66EQ1D0lO3,Goldfinger - Live at Reading 1996 - 2008 Remaster,2,False,15,2,2evydP72Z45DouM4uMGsIE,Ash,5MrIBMRh9FJf1iB2LGeMeS,1977 (Collectors Edition),1996-05-06,album,0.168,0.992,1,-2.417,1,0.129,0.001,0.00335,0.702,0.229,203.431,4,268480
2VtxylnGxMvtOTUiNLgrcp,Angel Interceptor - Live at Reading 1996 - 2008 Remaster,2,False,16,2,2evydP72Z45DouM4uMGsIE,Ash,5MrIBMRh9FJf1iB2LGeMeS,1977 (Collectors Edition),1996-05-06,album,0.137,0.996,11,-2.767,0,0.288,5.12e-05,0.0921,0.421,0.0508,191.965,4,196667
0H2dwGqITB5rbCDyzNHLQl,Darkside Lightside - Live at Reading 1996 - 2008 Remaster,1,False,17,2,2evydP72Z45DouM4uMGsIE,Ash,5MrIBMRh9FJf1iB2LGeMeS,1977 (Collectors Edition),1996-05-06,album,0.285,0.996,1,-2.791,1,0.147,9.35e-06,0.442,0.772,0.0624,105.153,4,189027
5OquCuA4FvJy8z4yhlgTq2,Oh Yeah - Live at Reading 1996 - 2008 Remaster,2,False,18,2,2evydP72Z45DouM4uMGsIE,Ash,5MrIBMRh9FJf1iB2LGeMeS,1977 (Collectors Edition),1996-05-06,album,0.301,0.945,2,-3.021,1,0.0581,0.000782,0.00148,0.993,0.182,97.201,4,268973
6XCR47XC5SatCM7MHBQ7f3,Innocent Smile - Live at Reading 1996 - 2008 Remaster,1,False,19,2,2evydP72Z45DouM4uMGsIE,Ash,5MrIBMRh9FJf1iB2LGeMeS,1977 (Collectors Edition),1996-05-06,album,0.171,0.999,9,-2.578,1,0.192,5.13e-06,0.845,0.78,0.0476,114.698,4,285933
6fIHkFREO9N3sNx7U8kQPp,Lost in You - Live at Reading 1996 - 2008 Remaster,2,False,20,2,2evydP72Z45DouM4uMGsIE,Ash,5MrIBMRh9FJf1iB2LGeMeS,1977 (Collectors Edition),1996-05-06,album,0.419,0.931,9,-3.116,1,0.0385,0.00367,0.0,0.791,0.381,91.206,4,239560
3XA53foZ7FpdRTLH4mXyl8,Petrol - Live at Reading 1996 - 2008 Remaster,1,False,21,2,2evydP72Z45DouM4uMGsIE,Ash,5MrIBMRh9FJf1iB2LGeMeS,1977 (Collectors Edition),1996-05-06,album,0.176,0.995,9,-2.689,1,0.387,4.57e-05,0.0525,0.986,0.329,169.901,1,237227
7bEfITGqLDhHuKu5fdJgKq,Gone the Dream - Live at Reading 1996 - 2008 Remaster,1,False,22,2,2evydP72Z45DouM4uMGsIE,Ash,5MrIBMRh9FJf1iB2LGeMeS,1977 (Collectors Edition),1996-05-06,album,0.136,0.973,7,-2.953,1,0.075,0.000307,0.00436,0.981,0.416,208.345,3,217480
0wyVDcU094sbPb0qquNobq,Girl from Mars - Live at Reading 1996 - 2008 Remaster,2,False,23,2,2evydP72Z45DouM4uMGsIE,Ash,5MrIBMRh9FJf1iB2LGeMeS,1977 (Collectors Edition),1996-05-06,album,0.136,0.997,9,-2.94,1,0.382,0.0033,0.00189,0.952,0.123,183.443,4,211067
33zLnvxoaA2Vq1QVgWvDgz,Kung Fu - Live at Reading 1996 - 2008 Remaster,2,False,24,2,2evydP72Z45DouM4uMGsIE,Ash,5MrIBMRh9FJf1iB2LGeMeS,1977 (Collectors Edition),1996-05-06,album,0.368,0.998,9,-3.602,1,0.179,4.74e-05,0.0168,0.406,0.144,101.758,4,185293
78RvHXPLgV9PLqjWSwMvCe,Girl from Mars - 4 Track Demo - 2008 Remaster,2,False,1,3,2evydP72Z45DouM4uMGsIE,Ash,5MrIBMRh9FJf1iB2LGeMeS,1977 (Collectors Edition),1996-05-06,album,0.334,0.298,2,-14.238,1,0.036,0.953,0.943,0.371,0.164,105.038,4,150573
5eq3ldWIMf86RGn814UzY9,"Jack Names the Planets - La La Land 7"" Version - 2008 Remaster",5,False,2,3,2evydP72Z45DouM4uMGsIE,Ash,5MrIBMRh9FJf1iB2LGeMeS,1977 (Collectors Edition),1996-05-06,album,0.356,0.956,9,-4.593,1,0.248,0.00359,0.00612,0.299,0.536,159.917,4,173480
326PelkFw7iHvUulTg3dfL,"Don't Know - La La Land 7"" Version - 2008 Remaster",2,False,3,3,2evydP72Z45DouM4uMGsIE,Ash,5MrIBMRh9FJf1iB2LGeMeS,1977 (Collectors Edition),1996-05-06,album,0.266,0.952,7,-4.467,1,0.0937,0.0031,0.109,0.354,0.638,159.663,4,176947
3KI4iFZjCizF0c1N0rjtzu,Punk Boy - 2008 Remaster,3,False,4,3,2evydP72Z45DouM4uMGsIE,Ash,5MrIBMRh9FJf1iB2LGeMeS,1977 (Collectors Edition),1996-05-06,album,0.311,0.975,7,-2.43,1,0.147,0.0379,0.0,0.336,0.658,185.227,4,125747
66elNYFuOCUBEgLYbOz84c,Different Today - 2008 Remaster,2,False,5,3,2evydP72Z45DouM4uMGsIE,Ash,5MrIBMRh9FJf1iB2LGeMeS,1977 (Collectors Edition),1996-05-06,album,0.277,0.986,9,-3.17,1,0.0882,0.127,0.666,0.363,0.321,155.071,4,172813
0zCOjneTcboOF6yel1ctkD,Hulk Hogan Bubblebath - 2008 Remaster,1,False,6,3,2evydP72Z45DouM4uMGsIE,Ash,5MrIBMRh9FJf1iB2LGeMeS,1977 (Collectors Edition),1996-05-06,album,0.258,0.86,0,-5.612,1,0.0634,0.252,0.515,0.0905,0.337,96.803,4,309067
61ifMRfP9Gn1LSler0WCUU,Day of the Triffids - 2008 Remaster,1,False,7,3,2evydP72Z45DouM4uMGsIE,Ash,5MrIBMRh9FJf1iB2LGeMeS,1977 (Collectors Edition),1996-05-06,album,0.368,0.996,11,-3.767,0,0.238,0.0186,0.52,0.3,0.0195,109.484,4,107347
6GGaH9DJXRg4bQNR4OBTZ4,Lose Control - 2008 Remastered Version,0,False,1,1,2evydP72Z45DouM4uMGsIE,Ash,1XZ0Qb4Rrz0j2SMFmELVRH,1977 [Collectors Edition],1996-05-06,album,0.233,0.998,9,-4.233,1,0.124,7.35e-05,0.326,0.354,0.0687,184.271,4,216600
0rTHrqFmPj9bFrs6dMeImX,Goldfinger - 2008 Remastered Version,0,False,2,1,2evydP72Z45DouM4uMGsIE,Ash,1XZ0Qb4Rrz0j2SMFmELVRH,1977 [Collectors Edition],1996-05-06,album,0.253,0.964,6,-2.791,1,0.0559,0.0201,0.273,0.369,0.347,187.951,4,271787
5JF3nZVj146b99HyfxAGnp,Girl From Mars - 2008 Remastered Version,0,False,3,1,2evydP72Z45DouM4uMGsIE,Ash,1XZ0Qb4Rrz0j2SMFmELVRH,1977 [Collectors Edition],1996-05-06,album,0.33,0.79,9,-7.12,1,0.05,0.01,0.0,0.26,0.47,76.62,4,205000
01C8PZl2lhRINVmYtGerJC,I'd Give You Anything - 2008 Remastered Version,0,False,4,1,2evydP72Z45DouM4uMGsIE,Ash,1XZ0Qb4Rrz0j2SMFmELVRH,1977 [Collectors Edition],1996-05-06,album,0.0879,0.978,9,-1.588,1,0.0675,5.4e-05,0.767,0.45,0.408,200.458,4,271840
6wbgmZwz3oHT6Ki4Le1BzX,Gone The Dream - 2008 Remastered Version,0,False,5,1,2evydP72Z45DouM4uMGsIE,Ash,1XZ0Qb4Rrz0j2SMFmELVRH,1977 [Collectors Edition],1996-05-06,album,0.433,0.7,0,-5.174,1,0.0298,0.0185,0.0248,0.384,0.331,103.14,4,209867
4OgddGIGNBt21f6t7b649r,Kung Fu - 2008 Remastered Version,0,False,6,1,2evydP72Z45DouM4uMGsIE,Ash,1XZ0Qb4Rrz0j2SMFmELVRH,1977 [Collectors Edition],1996-05-06,album,0.26,0.96,9,-3.95,1,0.16,0.01,0.0,0.35,0.49,176.23,4,137000
3zafqYYcOMboHD4m8Kustq,Oh Yeah - 2008 Remastered Version,0,False,7,1,2evydP72Z45DouM4uMGsIE,Ash,1XZ0Qb4Rrz0j2SMFmELVRH,1977 [Collectors Edition],1996-05-06,album,0.12,0.73,9,-4.04,1,0.03,0.02,0.05,0.24,0.14,181.23,4,285000
0AtIoWzQ6mVOAFSZAzbOSJ,Let It Flow - 2008 Remastered Version,0,False,8,1,2evydP72Z45DouM4uMGsIE,Ash,1XZ0Qb4Rrz0j2SMFmELVRH,1977 [Collectors Edition],1996-05-06,album,0.362,0.965,9,-4.098,1,0.0609,0.000459,0.0019,0.919,0.406,137.316,4,282547
6RwDtRlZsx2t1T69cNzQQw,Innocent Smile - 2008 Remastered Version,0,False,9,1,2evydP72Z45DouM4uMGsIE,Ash,1XZ0Qb4Rrz0j2SMFmELVRH,1977 [Collectors Edition],1996-05-06,album,0.111,0.977,9,-3.93,1,0.0893,0.0009,0.706,0.595,0.128,160.46,4,352040
4rl80BQuP9VNo4rVmlawIj,Angel Interceptor - 2008 Remastered Version,0,False,10,1,2evydP72Z45DouM4uMGsIE,Ash,1XZ0Qb4Rrz0j2SMFmELVRH,1977 [Collectors Edition],1996-05-06,album,0.21,0.92,4,-4.22,1,0.08,0.24,0.33,0.41,0.25,168.11,4,244000
56sLNDMV3ptGqopFuTyf0h,Lost In You - 2008 Remastered Version,0,False,11,1,2evydP72Z45DouM4uMGsIE,Ash,1XZ0Qb4Rrz0j2SMFmELVRH,1977 [Collectors Edition],1996-05-06,album,0.491,0.7,9,-3.896,1,0.0268,0.00178,1.01e-06,0.181,0.236,86.211,4,259200
2iMIhEBxbsQ9S0t66M9aoV,Darkside Lightside - 2008 Remastered Version,0,False,12,1,2evydP72Z45DouM4uMGsIE,Ash,1XZ0Qb4Rrz0j2SMFmELVRH,1977 [Collectors Edition],1996-05-06,album,0.184,0.945,7,-5.382,1,0.129,0.00309,0.435,0.282,0.0987,96.517,4,305467
1HBo8yW3Pg7ITBbCFkiNgv,Season - 2008 Remastered Version,0,False,13,1,2evydP72Z45DouM4uMGsIE,Ash,1XZ0Qb4Rrz0j2SMFmELVRH,1977 [Collectors Edition],1996-05-06,album,0.224,0.996,0,-2.447,1,0.143,0.000266,0.818,0.569,0.229,171.988,4,180187
1h8GmBZWA6uRmmzOdxxA8Q,Jack Names The Planets - 2008 Remastered Version,0,False,14,1,2evydP72Z45DouM4uMGsIE,Ash,1XZ0Qb4Rrz0j2SMFmELVRH,1977 [Collectors Edition],1996-05-06,album,0.385,0.953,9,-3.392,1,0.125,0.00905,0.234,0.633,0.374,151.463,4,190293
4fwnb3w2ICc6S69kwj8icu,Intense Thing - 2008 Remastered Version,0,False,15,1,2evydP72Z45DouM4uMGsIE,Ash,1XZ0Qb4Rrz0j2SMFmELVRH,1977 [Collectors Edition],1996-05-06,album,0.401,0.992,9,-1.942,0,0.0617,0.00109,0.883,0.361,0.341,98.833,4,274187
5FGVzJRe9KqPCM4SKa3px6,Uncle Pat - 2008 Remaster,0,False,16,1,2evydP72Z45DouM4uMGsIE,Ash,1XZ0Qb4Rrz0j2SMFmELVRH,1977 [Collectors Edition],1996-05-06,album,0.5,0.75,9,-3.27,1,0.03,0.04,0.02,0.22,0.74,99.07,4,192000
3nctiEomaxGNlDyr6fLOjL,Get Out - 2008 Remastered Version,0,False,17,1,2evydP72Z45DouM4uMGsIE,Ash,1XZ0Qb4Rrz0j2SMFmELVRH,1977 [Collectors Edition],1996-05-06,album,0.379,0.993,11,-1.357,1,0.113,0.0991,0.461,0.191,0.323,155.709,4,89187
0L3m1xkEgFm2kmKA7qdEKt,Petrol - 2008 Remaster,0,False,18,1,2evydP72Z45DouM4uMGsIE,Ash,1XZ0Qb4Rrz0j2SMFmELVRH,1977 [Collectors Edition],1996-05-06,album,0.446,0.954,9,-5.24,1,0.121,0.0364,0.732,0.294,0.665,151.464,4,263893
0ZCsdLqJHeENmtGCSHXyyt,Obscure Thing - 2008 Remastered Version,0,False,19,1,2evydP72Z45DouM4uMGsIE,Ash,1XZ0Qb4Rrz0j2SMFmELVRH,1977 [Collectors Edition],1996-05-06,album,0.377,0.995,9,-3.6,0,0.199,0.0389,0.869,0.0923,0.0915,105.454,4,261667
73Wk8hAzxsXe9q9LMBuBRY,A Clear Invitation To Dance Part 1 - 2008 Remastered Version,0,False,1,2,2evydP72Z45DouM4uMGsIE,Ash,1XZ0Qb4Rrz0j2SMFmELVRH,1977 [Collectors Edition],1996-05-06,album,0.4,0.723,1,-3.918,0,0.059,0.000649,0.00398,0.0774,0.917,175.697,4,60413
5QZUvMzd2gyZ1d53FscKAZ,Darkside Lightside - 2008 Remastered Version,0,False,2,2,2evydP72Z45DouM4uMGsIE,Ash,1XZ0Qb4Rrz0j2SMFmELVRH,1977 [Collectors Edition],1996-05-06,album,0.244,0.992,7,-2.814,1,0.0822,1.85e-06,0.548,0.306,0.18,110.014,4,184147
5Rod9wSyh8Qp0I4QQZvCWo,Girl From Mars - Live At The Wireless 2008 Remastered Version,0,False,3,2,2evydP72Z45DouM4uMGsIE,Ash,1XZ0Qb4Rrz0j2SMFmELVRH,1977 [Collectors Edition],1996-05-06,album,0.344,0.965,9,-3.372,1,0.0565,0.000115,0.0263,0.155,0.646,92.505,4,178760
5luQZ0X0iTIIO8B1s7DFnN,Oh Yeah - Live At The Wireless 2008 Remastered Version,0,False,4,2,2evydP72Z45DouM4uMGsIE,Ash,1XZ0Qb4Rrz0j2SMFmELVRH,1977 [Collectors Edition],1996-05-06,album,0.377,0.825,9,-3.251,1,0.0313,7.86e-05,0.458,0.0969,0.216,95.931,4,262147
4zVWWPpGw1cFenZSGUL4qT,T Rex - Live At The Wireless 2008 Remastered Version,0,False,5,2,2evydP72Z45DouM4uMGsIE,Ash,1XZ0Qb4Rrz0j2SMFmELVRH,1977 [Collectors Edition],1996-05-06,album,0.228,0.996,9,-2.956,1,0.0853,2.47e-06,0.897,0.258,0.415,199.087,4,128867
0t5FH2xDam0ydDP6WSmWxh,I'd Give You Anything - Live At The Wireless 2008 Remastered Version,0,False,6,2,2evydP72Z45DouM4uMGsIE,Ash,1XZ0Qb4Rrz0j2SMFmELVRH,1977 [Collectors Edition],1996-05-06,album,0.241,0.988,9,-2.531,0,0.0648,1.74e-06,0.7,0.115,0.54,127.568,4,190387
4Srb9ykp0TpZuHwitrdCnZ,Kung Fu - Live At The Wireless 2008 Remastered Version,0,False,7,2,2evydP72Z45DouM4uMGsIE,Ash,1XZ0Qb4Rrz0j2SMFmELVRH,1977 [Collectors Edition],1996-05-06,album,0.384,0.974,9,-3.774,1,0.0704,2.99e-05,0.179,0.0801,0.295,102.71,4,145227
6lmZfyrqFvT8STRNYL6YF2,What Deaner Was Talking About - Live At The Wireless 2008 Remastered Version,0,False,8,2,2evydP72Z45DouM4uMGsIE,Ash,1XZ0Qb4Rrz0j2SMFmELVRH,1977 [Collectors Edition],1996-05-06,album,0.359,0.712,7,-3.822,1,0.0438,7.22e-06,0.578,0.037,0.539,129.151,4,137040
65SPO9QhdbK096zQBVklhq,Goldfinger - Live At The Wireless 2008 Remastered Version,0,False,9,2,2evydP72Z45DouM4uMGsIE,Ash,1XZ0Qb4Rrz0j2SMFmELVRH,1977 [Collectors Edition],1996-05-06,album,0.415,0.924,10,-2.627,1,0.0385,8.27e-06,0.774,0.125,0.627,99.853,4,257080
0lmT8crEnK444rKIp8VRca,Petrol - Live At The Wireless 2008 Remastered Version,0,False,10,2,2evydP72Z45DouM4uMGsIE,Ash,1XZ0Qb4Rrz0j2SMFmELVRH,1977 [Collectors Edition],1996-05-06,album,0.242,0.963,9,-3.775,1,0.115,1.36e-05,0.168,0.163,0.599,169.797,4,251813
15QGTvWrOixFSHaUObEwlu,A Clear Invitation To Dance Part 2 - 2008 Remastered Version,0,False,11,2,2evydP72Z45DouM4uMGsIE,Ash,1XZ0Qb4Rrz0j2SMFmELVRH,1977 [Collectors Edition],1996-05-06,album,0.432,0.839,6,-4.689,0,0.104,0.000359,0.000791,0.101,0.609,83.69,4,64387
73CB51NQq8GM6kEWLLvNjy,Lose Control - Live At Reading 1996 2008 Remastered Version,0,False,12,2,2evydP72Z45DouM4uMGsIE,Ash,1XZ0Qb4Rrz0j2SMFmELVRH,1977 [Collectors Edition],1996-05-06,album,0.0793,0.999,4,-2.938,0,0.343,2.71e-05,0.541,0.975,0.0329,202.222,4,214893
34q85ZyLnLsIohZXf0OK06,Jack Names The Planets - Live At Reading 1996 2008 Remastered Version,0,False,13,2,2evydP72Z45DouM4uMGsIE,Ash,1XZ0Qb4Rrz0j2SMFmELVRH,1977 [Collectors Edition],1996-05-06,album,0.162,0.999,7,-2.581,1,0.296,2.22e-05,0.177,0.955,0.0359,186.891,4,141427
5nFUY7Xix4eGpvoiBQS1JT,T Rex - Live At Reading 1996 2008 Remastered Version,0,False,14,2,2evydP72Z45DouM4uMGsIE,Ash,1XZ0Qb4Rrz0j2SMFmELVRH,1977 [Collectors Edition],1996-05-06,album,0.142,0.999,2,-2.257,1,0.18,0.000113,0.142,0.931,0.0544,194.168,4,147840
3KaeG404nxXqHtgexntWAX,Goldfinger - Live At Reading 1996 2008 Remastered Version,0,False,15,2,2evydP72Z45DouM4uMGsIE,Ash,1XZ0Qb4Rrz0j2SMFmELVRH,1977 [Collectors Edition],1996-05-06,album,0.168,0.992,1,-2.417,1,0.129,0.001,0.00335,0.702,0.229,203.431,4,268480
7t6EogBSe1iWHQkArcL6aF,Angel Interceptor - Live At Reading 1996 2008 Remastered Version,0,False,16,2,2evydP72Z45DouM4uMGsIE,Ash,1XZ0Qb4Rrz0j2SMFmELVRH,1977 [Collectors Edition],1996-05-06,album,0.137,0.996,11,-2.767,0,0.288,5.12e-05,0.0921,0.421,0.0508,191.965,4,196667
42SzSMAfSP4ZevFzKPMLZe,Darkside Lightside - Live At Reading 1996 2008 Remastered Version,0,False,17,2,2evydP72Z45DouM4uMGsIE,Ash,1XZ0Qb4Rrz0j2SMFmELVRH,1977 [Collectors Edition],1996-05-06,album,0.285,0.996,1,-2.791,1,0.147,9.35e-06,0.442,0.772,0.0624,105.153,4,189027
7bHMbDPNkBjRpf5FzbNRo6,Oh Yeah - Live At Reading 1996 2008 Remastered Version,0,False,18,2,2evydP72Z45DouM4uMGsIE,Ash,1XZ0Qb4Rrz0j2SMFmELVRH,1977 [Collectors Edition],1996-05-06,album,0.301,0.945,2,-3.021,1,0.0581,0.000782,0.00148,0.993,0.182,97.201,4,268973
54V3CVqHWTNKyQTK644pga,Innocent Smile - Live At Reading 1996 2008 Remastered Version,0,False,19,2,2evydP72Z45DouM4uMGsIE,Ash,1XZ0Qb4Rrz0j2SMFmELVRH,1977 [Collectors Edition],1996-05-06,album,0.171,0.999,9,-2.578,1,0.192,5.13e-06,0.845,0.78,0.0476,114.698,4,285933
6cXSHZwjJinFkT6So7FUs3,Lost In You - Live At Reading 1996 2008 Remastered Version,0,False,20,2,2evydP72Z45DouM4uMGsIE,Ash,1XZ0Qb4Rrz0j2SMFmELVRH,1977 [Collectors Edition],1996-05-06,album,0.419,0.931,9,-3.116,1,0.0385,0.00367,0.0,0.791,0.381,91.206,4,239560
1Sfpibt4wsShcVqDoVTGue,Petrol - Live At Reading 1996 2008 Remastered Version,0,False,21,2,2evydP72Z45DouM4uMGsIE,Ash,1XZ0Qb4Rrz0j2SMFmELVRH,1977 [Collectors Edition],1996-05-06,album,0.176,0.995,9,-2.689,1,0.387,4.57e-05,0.0525,0.986,0.329,169.901,1,237227
6IpQoZRZ4sbS38t9v3jYDA,Gone The Dream - Live At Reading 1996 2008 Remastered Version,0,False,22,2,2evydP72Z45DouM4uMGsIE,Ash,1XZ0Qb4Rrz0j2SMFmELVRH,1977 [Collectors Edition],1996-05-06,album,0.136,0.973,7,-2.953,1,0.075,0.000307,0.00436,0.981,0.416,208.345,3,217480
49sMJFXubitAPBxRpGoG09,Girl From Mars - Live At Reading 1996 2008 Remastered Version,0,False,23,2,2evydP72Z45DouM4uMGsIE,Ash,1XZ0Qb4Rrz0j2SMFmELVRH,1977 [Collectors Edition],1996-05-06,album,0.136,0.997,9,-2.94,1,0.382,0.0033,0.00189,0.952,0.123,183.443,4,211067
34b4Dh7QzisbSKT2bFzKE7,Kung Fu - Live At Reading 1996 2008 Remastered Version,0,False,24,2,2evydP72Z45DouM4uMGsIE,Ash,1XZ0Qb4Rrz0j2SMFmELVRH,1977 [Collectors Edition],1996-05-06,album,0.368,0.998,9,-3.602,1,0.179,4.74e-05,0.0168,0.406,0.144,101.758,4,185293
3uYm7dY7jnRdjTPw9CJ3mv,Girl From Mars 4 Track Demo - 2008 Remastered Version,0,False,1,3,2evydP72Z45DouM4uMGsIE,Ash,1XZ0Qb4Rrz0j2SMFmELVRH,1977 [Collectors Edition],1996-05-06,album,0.334,0.298,2,-14.238,1,0.036,0.953,0.943,0.371,0.164,105.038,4,150573
7kVOuDF31lJBtfyKCXg9Hl,"Jack Names the Planets (La La Land 7"" Version) - 2008 Remaster",0,False,2,3,2evydP72Z45DouM4uMGsIE,Ash,1XZ0Qb4Rrz0j2SMFmELVRH,1977 [Collectors Edition],1996-05-06,album,0.356,0.956,9,-4.593,1,0.248,0.00359,0.00612,0.299,0.536,159.917,4,173480
0YaAIEaWwrMKZ8MUqDM9y9,"Don't Know - La La Land 7"" Version 2008 Remastered Version",0,False,3,3,2evydP72Z45DouM4uMGsIE,Ash,1XZ0Qb4Rrz0j2SMFmELVRH,1977 [Collectors Edition],1996-05-06,album,0.266,0.952,7,-4.467,1,0.0937,0.0031,0.109,0.354,0.638,159.663,4,176947
5gJq8OzR20js4mI1qxSyRX,Punk Boy - 2008 Remastered Version,0,False,4,3,2evydP72Z45DouM4uMGsIE,Ash,1XZ0Qb4Rrz0j2SMFmELVRH,1977 [Collectors Edition],1996-05-06,album,0.311,0.975,7,-2.43,1,0.147,0.0379,0.0,0.336,0.658,185.227,4,125747
7oJ6KDoyW9KKDoM8mFjRuG,Different Today - 2008 Remastered Version,0,False,5,3,2evydP72Z45DouM4uMGsIE,Ash,1XZ0Qb4Rrz0j2SMFmELVRH,1977 [Collectors Edition],1996-05-06,album,0.277,0.986,9,-3.17,1,0.0882,0.127,0.666,0.363,0.321,155.071,4,172813
6xDd6eFKDbTNEmKE86cBJ3,Hulk Hogan Bubblebath - 2008 Remastered Version,0,False,6,3,2evydP72Z45DouM4uMGsIE,Ash,1XZ0Qb4Rrz0j2SMFmELVRH,1977 [Collectors Edition],1996-05-06,album,0.258,0.86,0,-5.612,1,0.0634,0.252,0.515,0.0905,0.337,96.803,4,309067
3murMo2ZBWZzhHOoNCFaBP,Day Of the Triffids - 2008 Remastered Version,0,False,7,3,2evydP72Z45DouM4uMGsIE,Ash,1XZ0Qb4Rrz0j2SMFmELVRH,1977 [Collectors Edition],1996-05-06,album,0.368,0.996,11,-3.767,0,0.238,0.0186,0.52,0.3,0.0195,109.484,4,107347
5colQN0fI1NyJyupDlVC5R,Lose Control - 2008 Remaster,0,False,1,1,2evydP72Z45DouM4uMGsIE,Ash,5wfea7phosWLUdzv5bVGxz,1977 Plus Trailer,1996-05-06,album,0.234,0.998,9,-4.234,1,0.125,7.27e-05,0.332,0.354,0.07,184.271,4,216600
3LOFrFQBAgtUIzbTUguEkW,Goldfinger - 2008 Remaster,0,False,2,1,2evydP72Z45DouM4uMGsIE,Ash,5wfea7phosWLUdzv5bVGxz,1977 Plus Trailer,1996-05-06,album,0.258,0.964,6,-2.796,1,0.0554,0.0202,0.279,0.369,0.351,187.937,4,271787
77u1zj87UePcU8iRipj5uO,Girl from Mars - 2008 Remaster,0,False,3,1,2evydP72Z45DouM4uMGsIE,Ash,5wfea7phosWLUdzv5bVGxz,1977 Plus Trailer,1996-05-06,album,0.336,0.793,9,-7.113,1,0.0451,0.00688,0.0,0.261,0.451,76.622,4,210200
2m3GeZaRAMQXzlp4oE8EOg,I'd Give You Anything - 2008 Remaster,0,False,4,1,2evydP72Z45DouM4uMGsIE,Ash,5wfea7phosWLUdzv5bVGxz,1977 Plus Trailer,1996-05-06,album,0.088,0.978,9,-1.588,1,0.0678,5.4e-05,0.768,0.449,0.403,200.481,4,271840
5iZUZMDBYk8aMH9lZiGW9i,Gone the Dream - 2008 Remaster,0,False,5,1,2evydP72Z45DouM4uMGsIE,Ash,5wfea7phosWLUdzv5bVGxz,1977 Plus Trailer,1996-05-06,album,0.434,0.7,0,-5.173,1,0.0298,0.0185,0.0215,0.384,0.336,103.136,4,209867
3yknGcTIS1iTCLKCyrwUG3,Kung Fu - 2008 Remaster,0,False,6,1,2evydP72Z45DouM4uMGsIE,Ash,5wfea7phosWLUdzv5bVGxz,1977 Plus Trailer,1996-05-06,album,0.263,0.963,9,-3.948,1,0.163,0.00798,6.09e-06,0.346,0.49,176.221,4,137347
6ToBiydoa1ipajNbqs5xo6,Oh Yeah - 2008 Remaster,0,False,7,1,2evydP72Z45DouM4uMGsIE,Ash,5wfea7phosWLUdzv5bVGxz,1977 Plus Trailer,1996-05-06,album,0.119,0.727,9,-4.036,1,0.0342,0.0202,0.0543,0.242,0.141,182.928,4,285467
7JxPON7otQLrPcAdIeAZNw,Let It Flow - 2008 Remaster,0,False,8,1,2evydP72Z45DouM4uMGsIE,Ash,5wfea7phosWLUdzv5bVGxz,1977 Plus Trailer,1996-05-06,album,0.361,0.966,9,-4.098,1,0.0609,0.000455,0.00183,0.919,0.411,137.317,4,282547
2oZo3yn4DSXC2SyWWh94lf,Innocent Smile - 2008 Remaster,0,False,9,1,2evydP72Z45DouM4uMGsIE,Ash,5wfea7phosWLUdzv5bVGxz,1977 Plus Trailer,1996-05-06,album,0.11,0.977,9,-3.928,1,0.0897,0.000872,0.709,0.596,0.126,160.466,4,352040
4BOr6EaM4Rf0EpyjVETV2V,Angel Interceptor - 2008 Remaster,0,False,10,1,2evydP72Z45DouM4uMGsIE,Ash,5wfea7phosWLUdzv5bVGxz,1977 Plus Trailer,1996-05-06,album,0.211,0.924,4,-4.217,1,0.0824,0.244,0.324,0.408,0.249,168.12,4,244307
0fPZPehaOZhE8sJ93Hp9nR,Lost in You - 2008 Remaster,0,False,11,1,2evydP72Z45DouM4uMGsIE,Ash,5wfea7phosWLUdzv5bVGxz,1977 Plus Trailer,1996-05-06,album,0.491,0.7,9,-3.896,1,0.0268,0.00178,0.0,0.181,0.238,86.211,4,259200
4CZttPDq3EmF6Lm0D4hr7L,Darkside Lightside - 2008 Remaster,0,False,12,1,2evydP72Z45DouM4uMGsIE,Ash,5wfea7phosWLUdzv5bVGxz,1977 Plus Trailer,1996-05-06,album,0.185,0.944,7,-5.385,1,0.131,0.00308,0.418,0.282,0.0939,96.79,4,305467
2Z3wHrEDhuxdScouRl6YPX,Season - 2008 Remaster,0,False,13,1,2evydP72Z45DouM4uMGsIE,Ash,5wfea7phosWLUdzv5bVGxz,1977 Plus Trailer,1996-05-06,album,0.223,0.996,0,-2.447,1,0.143,0.000266,0.818,0.569,0.229,172.001,4,180187
2iCOD64azOz8Jcwcb2KYL8,Jack Names the Planets - 2008 Remaster,0,False,14,1,2evydP72Z45DouM4uMGsIE,Ash,5wfea7phosWLUdzv5bVGxz,1977 Plus Trailer,1996-05-06,album,0.384,0.953,9,-3.392,1,0.125,0.00944,0.228,0.633,0.373,151.482,4,190293
0hRrAd01jse8moDGpU2e6q,Intense Thing - 2008 Remaster,0,False,15,1,2evydP72Z45DouM4uMGsIE,Ash,5wfea7phosWLUdzv5bVGxz,1977 Plus Trailer,1996-05-06,album,0.403,0.992,9,-1.942,0,0.0624,0.00109,0.881,0.361,0.343,98.707,4,274187
5sp0t8jiKEaC2rH20e0T0L,Uncle Pat - 2008 Remaster,0,False,16,1,2evydP72Z45DouM4uMGsIE,Ash,5wfea7phosWLUdzv5bVGxz,1977 Plus Trailer,1996-05-06,album,0.499,0.751,9,-3.273,1,0.0339,0.0437,0.0187,0.22,0.728,99.066,4,192467
7sHKn3zWxDKa1aHlgeSqmF,Get Out - 2008 Remaster,0,False,17,1,2evydP72Z45DouM4uMGsIE,Ash,5wfea7phosWLUdzv5bVGxz,1977 Plus Trailer,1996-05-06,album,0.378,0.993,11,-1.357,1,0.115,0.0993,0.465,0.191,0.323,155.699,4,89187
6ZTCWfIOgah7vnXKvUsfJJ,Petrol - 2008 Remaster,0,False,18,1,2evydP72Z45DouM4uMGsIE,Ash,5wfea7phosWLUdzv5bVGxz,1977 Plus Trailer,1996-05-06,album,0.445,0.955,9,-5.238,1,0.119,0.036,0.732,0.294,0.667,151.463,4,263893
4BhmZSJVUJhq4BNAjP60HW,Obscure Thing - 2008 Remaster,0,False,19,1,2evydP72Z45DouM4uMGsIE,Ash,5wfea7phosWLUdzv5bVGxz,1977 Plus Trailer,1996-05-06,album,0.377,0.995,9,-3.601,0,0.2,0.0389,0.87,0.0923,0.0894,105.453,4,261667
5piQ88bmoBsw7pKbtijywO,Sweetness and Light - 2025 Remaster,0,False,1,1,3ysp8GwsheDcBxP9q65lBg,Lush,499ZNd9InZYcJJM38UXeVP,Gala (2025 Remaster),2025-11-14,album,0.441,0.867,4,-8.724,1,0.0457,0.0662,0.815,0.124,0.382,109.923,4,319067
7ATm6OvSVFvSx6feFJNkMo,Sunbathing - 2025 Remaster,0,False,2,1,3ysp8GwsheDcBxP9q65lBg,Lush,499ZNd9InZYcJJM38UXeVP,Gala (2025 Remaster),2025-11-14,album,0.448,0.26,7,-17.345,1,0.0291,0.921,0.933,0.237,0.194,101.612,4,189360
14BFmXu3x7UMLohaR4wyqo,Breeze - 2025 Remaster,0,False,3,1,3ysp8GwsheDcBxP9q65lBg,Lush,499ZNd9InZYcJJM38UXeVP,Gala (2025 Remaster),2025-11-14,album,0.426,0.921,11,-9.039,0,0.0427,3.65e-05,0.39,0.167,0.41,131.499,4,167733
4Wsll967moM7kEgOMHtiuO,De-Luxe - 2025 Remaster,0,False,4,1,3ysp8GwsheDcBxP9q65lBg,Lush,499ZNd9InZYcJJM38UXeVP,Gala (2025 Remaster),2025-11-14,album,0.411,0.937,9,-8.498,1,0.052,0.000101,0.113,0.125,0.33,108.582,3,211467
4DvjZcoteOTJRIQG3c1VFV,Leaves Me Cold - 2025 Remaster,0,False,5,1,3ysp8GwsheDcBxP9q65lBg,Lush,499ZNd9InZYcJJM38UXeVP,Gala (2025 Remaster),2025-11-14,album,0.346,0.946,4,-8.406,0,0.065,2.13e-06,0.822,0.0715,0.63,134.856,4,176533
1mP51R8tM4UXoH1e8jFNZ3,Downer - 2025 Remaster,0,False,6,1,3ysp8GwsheDcBxP9q65lBg,Lush,499ZNd9InZYcJJM38UXeVP,Gala (2025 Remaster),2025-11-14,album,0.39,0.905,2,-8.681,1,0.0503,1.9e-06,0.821,0.305,0.373,110.405,4,160800
2PBhAdz1ralP0XySK8vIBL,Thoughtforms - Mad Love Version - 2025 Remaster,0,False,7,1,3ysp8GwsheDcBxP9q65lBg,Lush,499ZNd9InZYcJJM38UXeVP,Gala (2025 Remaster),2025-11-14,album,0.366,0.858,11,-8.065,0,0.0497,0.00129,0.868,0.36,0.264,105.135,3,165000
5Qr8NvCdeMEGXQ4gW0t8Oa,Baby Talk - 2025 Remaster,0,False,8,1,3ysp8GwsheDcBxP9q65lBg,Lush,499ZNd9InZYcJJM38UXeVP,Gala (2025 Remaster),2025-11-14,album,0.153,0.964,9,-9.015,0,0.116,5.68e-05,0.672,0.0687,0.19,167.137,4,138373
2fsP0XXCI9aG2IeM3uJ3Fd,Thoughtforms - Scar Version - 2025 Remaster,0,False,9,1,3ysp8GwsheDcBxP9q65lBg,Lush,499ZNd9InZYcJJM38UXeVP,Gala (2025 Remaster),2025-11-14,album,0.36,0.901,11,-8.101,0,0.0403,0.0482,0.879,0.308,0.684,96.5,3,165533
5bUZS82IRZAu7V6hBRjsAg,Scarlet - Scar Version - 2025 Remaster,0,False,10,1,3ysp8GwsheDcBxP9q65lBg,Lush,499ZNd9InZYcJJM38UXeVP,Gala (2025 Remaster),2025-11-14,album,0.158,0.619,9,-10.005,1,0.0388,0.0372,0.449,0.344,0.148,141.738,4,207227
2rKBclZRpKvs5cc4Ps3fQq,Bitter - 2025 Remaster,0,False,11,1,3ysp8GwsheDcBxP9q65lBg,Lush,499ZNd9InZYcJJM38UXeVP,Gala (2025 Remaster),2025-11-14,album,0.443,0.957,11,-8.764,0,0.0641,7.12e-05,0.805,0.0915,0.852,137.461,4,122773
5lkIFeSOXA7IRmQu44NJIK,Second Sight - 2025 Remaster,0,False,12,1,3ysp8GwsheDcBxP9q65lBg,Lush,499ZNd9InZYcJJM38UXeVP,Gala (2025 Remaster),2025-11-14,album,0.11,0.961,4,-10.357,1,0.162,5.26e-06,0.742,0.268,0.155,168.405,4,160267
13fsHGCOnNrl6EGHrKSUda,Etheriel - 2025 Remaster,0,False,13,1,3ysp8GwsheDcBxP9q65lBg,Lush,499ZNd9InZYcJJM38UXeVP,Gala (2025 Remaster),2025-11-14,album,0.25,0.852,4,-10.715,1,0.061,0.000245,0.712,0.148,0.637,185.252,4,205600
7f7TJ3eOFsUWiS068stRXB,Hey Hey Helen - 2025 Remaster,0,False,14,1,3ysp8GwsheDcBxP9q65lBg,Lush,499ZNd9InZYcJJM38UXeVP,Gala (2025 Remaster),2025-11-14,album,0.308,0.708,2,-9.049,1,0.0429,4.11e-05,2.45e-05,0.289,0.91,143.219,4,149333
2tzJofx4sURnA0KrBoDlts,Scarlet - Robin Guthrie Version - 2025 Remaster,0,False,15,1,3ysp8GwsheDcBxP9q65lBg,Lush,499ZNd9InZYcJJM38UXeVP,Gala (2025 Remaster),2025-11-14,album,0.516,0.594,9,-10.069,1,0.0327,0.262,0.163,0.175,0.436,123.007,4,234200
2wNRphaITEi5UK0KpCB7sf,Light From A Dead Star - 2023 Remaster,14,False,1,1,3ysp8GwsheDcBxP9q65lBg,Lush,51Ft0ePLPivBXO8PyWyLWB,Split (2023 Remaster),2023-08-11,album,0.491,0.666,9,-8.139,0,0.0283,0.0551,9.64e-05,0.071,0.133,108.74,4,197293
1TNJYlWGgzvht1CJXf5kcy,Kiss Chase - 2023 Remaster,12,False,2,1,3ysp8GwsheDcBxP9q65lBg,Lush,51Ft0ePLPivBXO8PyWyLWB,Split (2023 Remaster),2023-08-11,album,0.467,0.794,9,-4.88,0,0.0329,0.000463,0.00634,0.191,0.478,124.67,4,197573
5YmwdHMKg6VFxgu6GwLX60,Blackout - 2023 Remaster,11,False,3,1,3ysp8GwsheDcBxP9q65lBg,Lush,51Ft0ePLPivBXO8PyWyLWB,Split (2023 Remaster),2023-08-11,album,0.38,0.883,4,-5.207,0,0.0388,7.49e-05,0.0136,0.125,0.2,90.594,4,186533
4UMtDlDphzQYHagm8MRirM,Hypocrite - 2023 Remaster,12,False,4,1,3ysp8GwsheDcBxP9q65lBg,Lush,51Ft0ePLPivBXO8PyWyLWB,Split (2023 Remaster),2023-08-11,album,0.331,0.886,4,-4.567,0,0.0448,0.0124,0.944,0.185,0.531,156.331,4,173467
5fYFuMh3PcSUORFvkflbbr,Lovelife - 2023 Remaster,13,False,5,1,3ysp8GwsheDcBxP9q65lBg,Lush,51Ft0ePLPivBXO8PyWyLWB,Split (2023 Remaster),2023-08-11,album,0.539,0.824,0,-4.73,1,0.0278,0.00147,0.000878,0.0966,0.586,108.536,4,236360
6cEnBrkfWeHtSx1HI89E55,Desire Lines - 2023 Remaster,15,False,6,1,3ysp8GwsheDcBxP9q65lBg,Lush,51Ft0ePLPivBXO8PyWyLWB,Split (2023 Remaster),2023-08-11,album,0.362,0.658,9,-6.029,0,0.0326,6.13e-05,0.0177,0.077,0.102,121.168,4,459507
5xUwvc5uB36BkaiwGm9cjV,The Invisible Man - 2023 Remaster,10,False,7,1,3ysp8GwsheDcBxP9q65lBg,Lush,51Ft0ePLPivBXO8PyWyLWB,Split (2023 Remaster),2023-08-11,album,0.516,0.648,4,-5.716,0,0.0415,8.26e-05,0.699,0.167,0.613,120.841,4,136200
412iljuKeDthPBIEyE6L59,Undertow - 2023 Remaster,11,False,8,1,3ysp8GwsheDcBxP9q65lBg,Lush,51Ft0ePLPivBXO8PyWyLWB,Split (2023 Remaster),2023-08-11,album,0.37,0.756,9,-5.703,1,0.0388,0.000252,0.729,0.124,0.644,93.156,4,298093
30bMDO2rEYJmt67yxHxaB7,Never-Never - 2023 Remaster,11,False,9,1,3ysp8GwsheDcBxP9q65lBg,Lush,51Ft0ePLPivBXO8PyWyLWB,Split (2023 Remaster),2023-08-11,album,0.441,0.634,6,-7.374,1,0.0275,0.000715,0.103,0.214,0.301,109.978,4,485373
07PyO2flfZRufGbyX9tsxa,Lit Up - 2023 Remaster,10,False,10,1,3ysp8GwsheDcBxP9q65lBg,Lush,51Ft0ePLPivBXO8PyWyLWB,Split (2023 Remaster),2023-08-11,album,0.564,0.914,9,-3.884,1,0.029,0.000398,0.0408,0.0653,0.936,123.641,4,241000
4dt18qn6nv1uNamRNZ1h3B,Starlust - 2023 Remaster,10,False,11,1,3ysp8GwsheDcBxP9q65lBg,Lush,51Ft0ePLPivBXO8PyWyLWB,Split (2023 Remaster),2023-08-11,album,0.306,0.935,4,-4.331,0,0.0425,3.92e-05,0.839,0.209,0.144,150.556,4,272027
2lo3f78cpcFXwTtssaABbe,When I Die - 2023 Remaster,9,False,12,1,3ysp8GwsheDcBxP9q65lBg,Lush,51Ft0ePLPivBXO8PyWyLWB,Split (2023 Remaster),2023-08-11,album,0.349,0.535,9,-7.739,0,0.0286,0.0171,1.96e-06,0.0685,0.14,162.914,4,259133
12Eklgucr7tHqybGA8QK7e,Ladykillers - 2023 Remaster,16,False,1,1,3ysp8GwsheDcBxP9q65lBg,Lush,5N4gfH4wcLUNN1NJvfmamw,Lovelife (2023 Remaster),2023-08-11,album,0.43,0.89,4,-5.422,0,0.114,0.00305,0.0,0.141,0.812,157.339,4,194160
4Dn7VQBBZ4GffESMez4EZi,Heavenly Nobodies - 2023 Remaster,11,False,2,1,3ysp8GwsheDcBxP9q65lBg,Lush,5N4gfH4wcLUNN1NJvfmamw,Lovelife (2023 Remaster),2023-08-11,album,0.317,0.934,9,-5.276,0,0.0583,0.00491,0.0,0.33,0.808,165.485,4,179067
2IjnIQbHzafNBUwB8aW6KT,500 - 2023 Remaster,9,False,3,1,3ysp8GwsheDcBxP9q65lBg,Lush,5N4gfH4wcLUNN1NJvfmamw,Lovelife (2023 Remaster),2023-08-11,album,0.492,0.882,9,-6.519,1,0.0397,0.00503,0.0,0.124,0.634,132.482,4,209800
1hWa9nN1wLlDHduIwc3aLD,I've Been Here Before - 2023 Remaster,9,False,4,1,3ysp8GwsheDcBxP9q65lBg,Lush,5N4gfH4wcLUNN1NJvfmamw,Lovelife (2023 Remaster),2023-08-11,album,0.568,0.783,3,-6.448,1,0.0282,0.136,1.91e-06,0.141,0.446,129.456,4,276373
42xqwEjV4rEzWH9d5qognK,Papasan - 2023 Remaster,9,False,5,1,3ysp8GwsheDcBxP9q65lBg,Lush,5N4gfH4wcLUNN1NJvfmamw,Lovelife (2023 Remaster),2023-08-11,album,0.625,0.193,10,-12.85,1,0.033,0.905,0.0,0.122,0.208,115.615,4,155960
3gqw4V5wAS2o6lPyWDfrpP,Single Girl - 2023 Remaster,10,False,6,1,3ysp8GwsheDcBxP9q65lBg,Lush,5N4gfH4wcLUNN1NJvfmamw,Lovelife (2023 Remaster),2023-08-11,album,0.266,0.907,2,-5.974,1,0.0681,0.0056,0.00148,0.0971,0.487,90.393,4,155133
7FiK79GYLZKfxQQfkiCTXx,Ciao! - 2023 Remaster,11,False,7,1,3ysp8GwsheDcBxP9q65lBg,Lush,5N4gfH4wcLUNN1NJvfmamw,Lovelife (2023 Remaster),2023-08-11,album,0.437,0.799,4,-6.515,0,0.0567,0.015,0.0,0.0596,0.625,187.346,4,210640
4ASBacIMPZ6NYmVhExIHnK,Tralala - 2023 Remaster,8,False,8,1,3ysp8GwsheDcBxP9q65lBg,Lush,5N4gfH4wcLUNN1NJvfmamw,Lovelife (2023 Remaster),2023-08-11,album,0.485,0.34,6,-9.064,0,0.0314,0.761,0.091,0.0468,0.0769,114.542,4,334560
6E86NPDbslk6nZJIqMRrRG,Last Night - 2023 Remaster,12,False,9,1,3ysp8GwsheDcBxP9q65lBg,Lush,5N4gfH4wcLUNN1NJvfmamw,Lovelife (2023 Remaster),2023-08-11,album,0.574,0.698,9,-7.739,1,0.0291,0.00114,0.408,0.158,0.491,137.56,4,323573
1yYDaVzmIK1trlB6XX5d9N,Runaway - 2023 Remaster,7,False,10,1,3ysp8GwsheDcBxP9q65lBg,Lush,5N4gfH4wcLUNN1NJvfmamw,Lovelife (2023 Remaster),2023-08-11,album,0.476,0.941,6,-5.05,0,0.0431,0.000548,0.00119,0.239,0.656,131.599,4,216493
0ZPEnxNOz6csEp2u6e8M8m,The Childcatcher - 2023 Remaster,7,False,11,1,3ysp8GwsheDcBxP9q65lBg,Lush,5N4gfH4wcLUNN1NJvfmamw,Lovelife (2023 Remaster),2023-08-11,album,0.448,0.898,4,-5.177,0,0.0449,0.00348,0.0,0.113,0.753,104.551,4,197440
4MnIlH0FfEhy1Ucktjj6ww,Olympia - 2023 Remaster,7,False,12,1,3ysp8GwsheDcBxP9q65lBg,Lush,5N4gfH4wcLUNN1NJvfmamw,Lovelife (2023 Remaster),2023-08-11,album,0.288,0.676,4,-8.226,0,0.0382,0.116,0.0,0.287,0.077,112.435,4,304333
4uevAmGvpXTSqGhcIWiC46,Stray - 2023 Remaster,11,False,1,1,3ysp8GwsheDcBxP9q65lBg,Lush,5rg6Ysh7j32HKihjsYRAF2,Spooky (2023 Remaster),2023-08-11,album,0.352,0.537,4,-9.328,0,0.0306,0.00387,0.0355,0.123,0.256,107.776,4,127867
0PyTvxdBRWG8kZT8REadCd,Nothing Natural - 2023 Remaster,14,False,2,1,3ysp8GwsheDcBxP9q65lBg,Lush,5rg6Ysh7j32HKihjsYRAF2,Spooky (2023 Remaster),2023-08-11,album,0.436,0.909,11,-7.776,0,0.0367,0.00279,0.721,0.109,0.866,106.039,4,354627
2D7uI7flfn27KYx2ZUizOK,Tiny Smiles - 2023 Remaster,10,False,3,1,3ysp8GwsheDcBxP9q65lBg,Lush,5rg6Ysh7j32HKihjsYRAF2,Spooky (2023 Remaster),2023-08-11,album,0.496,0.776,6,-7.802,1,0.0321,0.00284,0.0,0.294,0.691,119.988,4,266933
5CdGIzW0vLWxVRRESEMgOD,Covert - 2023 Remaster,9,False,4,1,3ysp8GwsheDcBxP9q65lBg,Lush,5rg6Ysh7j32HKihjsYRAF2,Spooky (2023 Remaster),2023-08-11,album,0.35,0.828,0,-5.974,1,0.0287,0.0842,0.584,0.104,0.476,164.153,3,214173
0jKYWjmPK0R5ecwAHQWnzB,Ocean - 2023 Remaster,10,False,5,1,3ysp8GwsheDcBxP9q65lBg,Lush,5rg6Ysh7j32HKihjsYRAF2,Spooky (2023 Remaster),2023-08-11,album,0.445,0.766,9,-6.255,0,0.0264,2.05e-05,0.0188,0.203,0.877,100.006,4,289293
1bZd3LMPW4h6spWKbZVlNP,For Love - 2023 Remaster,16,False,6,1,3ysp8GwsheDcBxP9q65lBg,Lush,5rg6Ysh7j32HKihjsYRAF2,Spooky (2023 Remaster),2023-08-11,album,0.499,0.751,6,-6.031,0,0.0307,0.115,0.0,0.364,0.876,129.986,4,209133
2bWAaUEFxIgE4GvyyCZk1T,Superblast! - 2023 Remaster,11,False,7,1,3ysp8GwsheDcBxP9q65lBg,Lush,5rg6Ysh7j32HKihjsYRAF2,Spooky (2023 Remaster),2023-08-11,album,0.303,0.936,4,-4.534,1,0.0802,0.0124,6.35e-05,0.441,0.453,96.99,4,247507
0WnDZcEAiLwXCpCh9CCxIh,Untogether - 2023 Remaster,10,False,8,1,3ysp8GwsheDcBxP9q65lBg,Lush,5rg6Ysh7j32HKihjsYRAF2,Spooky (2023 Remaster),2023-08-11,album,0.612,0.882,4,-6.526,0,0.0308,0.109,5.47e-06,0.188,0.874,121.07,4,213467
51KaecLsH6uQM4uBGPeT1R,Fantasy - 2023 Remaster,9,False,9,1,3ysp8GwsheDcBxP9q65lBg,Lush,5rg6Ysh7j32HKihjsYRAF2,Spooky (2023 Remaster),2023-08-11,album,0.499,0.616,2,-7.399,1,0.0267,0.00794,3.73e-05,0.116,0.691,97.002,4,267293
6Kjc0qBXiUUR3cmdhboFbd,Take - 2023 Remaster,8,False,10,1,3ysp8GwsheDcBxP9q65lBg,Lush,5rg6Ysh7j32HKihjsYRAF2,Spooky (2023 Remaster),2023-08-11,album,0.271,0.775,11,-6.499,0,0.0328,5.01e-05,1.28e-05,0.0904,0.628,187.971,4,208440
5VtWooTanuWvrLAaDm4RJK,Laura - 2023 Remaster,8,False,11,1,3ysp8GwsheDcBxP9q65lBg,Lush,5rg6Ysh7j32HKihjsYRAF2,Spooky (2023 Remaster),2023-08-11,album,0.512,0.963,7,-3.128,1,0.0818,0.00252,0.163,0.174,0.889,106.982,3,202093
6ui2lq6yVYhgyAZdxZBNNZ,Monochrome - 2023 Remaster,9,False,12,1,3ysp8GwsheDcBxP9q65lBg,Lush,5rg6Ysh7j32HKihjsYRAF2,Spooky (2023 Remaster),2023-08-11,album,0.421,0.859,4,-6.061,0,0.031,0.319,0.00274,0.146,0.566,149.957,3,306173
6ACZwr5dU5wWeW4TwEh3Hx,"""Further Complications."" - 2020 Remaster",0,False,1,1,13W7XLRXdWeLmIu9vacE1w,Jarvis Cocker,289bsNEFw1RxCO4bkw1hs7,Further Complications (2020 Remaster),2020-11-26,album,0.541,0.823,9,-6.649,1,0.0338,0.0236,0.000419,0.333,0.696,122.743,4,197160
156YJcnbkiGhXCzGpFtRke,Angela - 2020 Remaster,0,False,2,1,13W7XLRXdWeLmIu9vacE1w,Jarvis Cocker,289bsNEFw1RxCO4bkw1hs7,Further Complications (2020 Remaster),2020-11-26,album,0.453,0.741,9,-5.904,1,0.0339,0.234,0.0,0.116,0.472,133.98,4,176507
4YxFbKN29Glry00sOLQTdv,Pilchard - 2020 Remaster,0,False,3,1,13W7XLRXdWeLmIu9vacE1w,Jarvis Cocker,289bsNEFw1RxCO4bkw1hs7,Further Complications (2020 Remaster),2020-11-26,album,0.361,0.807,4,-7.785,1,0.0375,0.000634,0.837,0.0939,0.6,164.075,4,242400
33SB905QXzhYOQO4KzdA4U,Leftovers - 2020 Remaster,0,False,4,1,13W7XLRXdWeLmIu9vacE1w,Jarvis Cocker,289bsNEFw1RxCO4bkw1hs7,Further Complications (2020 Remaster),2020-11-26,album,0.607,0.437,0,-8.541,1,0.0399,0.0654,9.21e-05,0.049,0.365,137.482,4,367187
0ppKnbU4rJ6CnYpX2TuBWD,I Never Said I Was Deep - 2020 Remaster,0,False,5,1,13W7XLRXdWeLmIu9vacE1w,Jarvis Cocker,289bsNEFw1RxCO4bkw1hs7,Further Complications (2020 Remaster),2020-11-26,album,0.488,0.526,9,-7.155,1,0.0307,0.292,0.0,0.0816,0.289,79.577,4,285667
6AevX3z9rdxBcSyPUBwiFt,Homewrecker! - 2020 Remaster,0,False,6,1,13W7XLRXdWeLmIu9vacE1w,Jarvis Cocker,289bsNEFw1RxCO4bkw1hs7,Further Complications (2020 Remaster),2020-11-26,album,0.416,0.794,7,-5.302,1,0.049,0.0612,0.000131,0.264,0.637,139.714,4,198107
6nPSH5wyfos5nEvZMYyvzN,Hold Still - 2020 Remaster,0,False,7,1,13W7XLRXdWeLmIu9vacE1w,Jarvis Cocker,289bsNEFw1RxCO4bkw1hs7,Further Complications (2020 Remaster),2020-11-26,album,0.691,0.505,0,-11.903,1,0.046,0.686,0.0612,0.101,0.322,121.646,4,217267
1a6UaM2AFmjEUYmNSIBi4v,Fuckingsong - 2020 Remaster,0,True,8,1,13W7XLRXdWeLmIu9vacE1w,Jarvis Cocker,289bsNEFw1RxCO4bkw1hs7,Further Complications (2020 Remaster),2020-11-26,album,0.63,0.776,4,-6.469,1,0.09,0.174,6.05e-06,0.386,0.648,110.188,4,180667
3OyWjhrSZDxziqIMHDqODG,Caucasian Blues - 2020 Remaster,0,False,9,1,13W7XLRXdWeLmIu9vacE1w,Jarvis Cocker,289bsNEFw1RxCO4bkw1hs7,Further Complications (2020 Remaster),2020-11-26,album,0.254,0.953,2,-6.101,1,0.093,0.00356,0.00102,0.289,0.343,149.545,4,188947
5tGzM5Rv4IsZcbGqVW3c5r,Slush - 2020 Remaster,0,False,10,1,13W7XLRXdWeLmIu9vacE1w,Jarvis Cocker,289bsNEFw1RxCO4bkw1hs7,Further Complications (2020 Remaster),2020-11-26,album,0.29,0.661,2,-8.597,1,0.0368,0.473,0.282,0.112,0.17,116.318,4,390493
3CGptc3HK6JtCyTw8kgq05,You're In My Eyes (Discosong) - 2020 Remaster,0,False,11,1,13W7XLRXdWeLmIu9vacE1w,Jarvis Cocker,289bsNEFw1RxCO4bkw1hs7,Further Complications (2020 Remaster),2020-11-26,album,0.469,0.774,9,-9.01,1,0.0458,0.0169,0.0629,0.312,0.258,108.047,4,529053
4x20BMBf9KTMsFaFCoaUPr,All The Young Dudes - Live At Barrowlands / 2001 / Remastered 2021,0,False,3,1,3bUwxJgNakzYKkqAVgZLlh,Travis,3Grn9dglgFwXrVK6A5wdp3,TRAVIS COVERS,2023-11-06,album,0.281,0.85,2,-4.383,1,0.0391,0.113,0.00106,0.869,0.36,151.039,4,240507
6I6J43RmvzKYVdfqb8rrpU,Here Comes The Sun - Live At The Top Of The Pop Awards / 2001 / Remastered 2021,0,False,12,1,3bUwxJgNakzYKkqAVgZLlh,Travis,3Grn9dglgFwXrVK6A5wdp3,TRAVIS COVERS,2023-11-06,album,0.478,0.629,7,-8.206,1,0.0303,0.763,0.0876,0.933,0.251,117.73,4,198720
6gOwJhBeVvTVhpfDyoLhEO,Sing - Remastered 2021,19,False,1,1,3bUwxJgNakzYKkqAVgZLlh,Travis,0Cay7fyNMzir6ozkTHhxwA,The Invisible Band (Deluxe Edition),2021-12-03,album,0.323,0.91,9,-4.457,1,0.0464,0.000482,3.97e-05,0.0661,0.208,163.033,4,228627
2oPCP4nSGdIkmKTWjFsIHM,Dear Diary - Remastered 2021,11,False,2,1,3bUwxJgNakzYKkqAVgZLlh,Travis,0Cay7fyNMzir6ozkTHhxwA,The Invisible Band (Deluxe Edition),2021-12-03,album,0.247,0.329,4,-9.515,1,0.032,0.806,0.00785,0.115,0.0914,148.001,4,177333
4XHcqmmnxddfgW5LIzsd6S,Side - Remastered 2021,23,False,3,1,3bUwxJgNakzYKkqAVgZLlh,Travis,0Cay7fyNMzir6ozkTHhxwA,The Invisible Band (Deluxe Edition),2021-12-03,album,0.454,0.869,7,-4.996,0,0.029,0.000586,1.34e-05,0.314,0.5,90.856,4,239240
4s7Y9kE8PyL2qxttkgX0Qs,Pipe Dreams - Remastered 2021,14,False,4,1,3bUwxJgNakzYKkqAVgZLlh,Travis,0Cay7fyNMzir6ozkTHhxwA,The Invisible Band (Deluxe Edition),2021-12-03,album,0.387,0.815,4,-4.296,1,0.0306,0.0222,0.00467,0.0987,0.281,79.137,4,246213
6P2Lf8iX5apUHU9SY3tGrd,Flowers In The Window - Remastered 2021,18,False,5,1,3bUwxJgNakzYKkqAVgZLlh,Travis,0Cay7fyNMzir6ozkTHhxwA,The Invisible Band (Deluxe Edition),2021-12-03,album,0.384,0.747,0,-4.925,1,0.0273,0.0717,0.0,0.144,0.415,98.124,4,221867
37us2RvXiY7o5aDosLB3SH,The Cage - Remastered 2021,12,False,6,1,3bUwxJgNakzYKkqAVgZLlh,Travis,0Cay7fyNMzir6ozkTHhxwA,The Invisible Band (Deluxe Edition),2021-12-03,album,0.216,0.559,5,-7.213,1,0.0309,0.149,0.0,0.149,0.311,82.291,4,185973
1y4yGIPOViPtuvwq15d35B,Safe - Remastered 2021,11,False,7,1,3bUwxJgNakzYKkqAVgZLlh,Travis,0Cay7fyNMzir6ozkTHhxwA,The Invisible Band (Deluxe Edition),2021-12-03,album,0.307,0.534,7,-7.26,1,0.0308,0.0126,8.42e-05,0.163,0.155,82.894,4,263507
2vK8aGMGKusWd51KC2JYTP,Follow The Light - Remastered 2021,12,False,8,1,3bUwxJgNakzYKkqAVgZLlh,Travis,0Cay7fyNMzir6ozkTHhxwA,The Invisible Band (Deluxe Edition),2021-12-03,album,0.519,0.721,9,-6.294,1,0.0277,0.000191,1.73e-05,0.12,0.314,111.413,4,189187
1DIvUTlixaXFpO49uUcI4G,Last Train - Remastered 2021,11,False,9,1,3bUwxJgNakzYKkqAVgZLlh,Travis,0Cay7fyNMzir6ozkTHhxwA,The Invisible Band (Deluxe Edition),2021-12-03,album,0.414,0.457,6,-8.14,0,0.0254,0.614,0.00207,0.0997,0.369,83.981,4,196280
0igDpmBc6u3a0XewjyLZcH,Afterglow - Remastered 2021,11,False,10,1,3bUwxJgNakzYKkqAVgZLlh,Travis,0Cay7fyNMzir6ozkTHhxwA,The Invisible Band (Deluxe Edition),2021-12-03,album,0.235,0.521,7,-6.559,1,0.0298,0.0819,0.172,0.345,0.121,108.198,4,246227
4Bn55YBMxMG3WWY99uXOIw,Indefinitely - Remastered 2021,11,False,11,1,3bUwxJgNakzYKkqAVgZLlh,Travis,0Cay7fyNMzir6ozkTHhxwA,The Invisible Band (Deluxe Edition),2021-12-03,album,0.483,0.5,6,-12.362,0,0.0323,0.337,0.217,0.0852,0.259,130.669,3,231013
6DFNnUhm2sQNGiWf3t2SvS,The Humpty Dumpty Love Song - Remastered 2021,12,False,12,1,3bUwxJgNakzYKkqAVgZLlh,Travis,0Cay7fyNMzir6ozkTHhxwA,The Invisible Band (Deluxe Edition),2021-12-03,album,0.148,0.405,3,-10.164,1,0.0359,0.484,0.328,0.0994,0.0909,205.588,4,303813
7ERxIWqFezCcPCbl0fZvZn,Ring Out The Bell - Remastered 2021,11,False,13,1,3bUwxJgNakzYKkqAVgZLlh,Travis,0Cay7fyNMzir6ozkTHhxwA,The Invisible Band (Deluxe Edition),2021-12-03,album,0.266,0.566,8,-6.488,1,0.0308,0.335,3.61e-06,0.0608,0.606,166.288,3,224867
0485HxmD4V9bL6DHDN6tds,Killer Queen - Preamble / Remastered 2021,10,False,14,1,3bUwxJgNakzYKkqAVgZLlh,Travis,0Cay7fyNMzir6ozkTHhxwA,The Invisible Band (Deluxe Edition),2021-12-03,album,0.615,0.497,10,-5.457,1,0.0488,0.139,0.0,0.135,0.48,113.885,4,231453
1EouAP1cC0kkF7iXes6GCW,You Don't Know What I'm Like - Remastered 2021,9,False,15,1,3bUwxJgNakzYKkqAVgZLlh,Travis,0Cay7fyNMzir6ozkTHhxwA,The Invisible Band (Deluxe Edition),2021-12-03,album,0.625,0.773,7,-4.991,1,0.0251,0.32,0.000195,0.104,0.799,106.749,4,178240
2QhcgrAvhb88vpv9Q4bSxZ,Beautiful - Remastered 2021,8,False,16,1,3bUwxJgNakzYKkqAVgZLlh,Travis,0Cay7fyNMzir6ozkTHhxwA,The Invisible Band (Deluxe Edition),2021-12-03,album,0.32,0.445,2,-8.266,1,0.0316,0.862,0.162,0.104,0.486,205.141,4,225827
5MvwYkNHF07Xy4YBWSm1iy,Driftwood - Live At Barrowlands / 2001 / Remastered 2021,10,False,17,1,3bUwxJgNakzYKkqAVgZLlh,Travis,0Cay7fyNMzir6ozkTHhxwA,The Invisible Band (Deluxe Edition),2021-12-03,album,0.277,0.816,9,-6.117,1,0.0432,0.388,3.42e-06,0.967,0.528,85.052,4,235813
2cwaYPTX9qfei0by4Hdi9K,All The Young Dudes - Live At Barrowlands / 2001 / Remastered 2021,8,False,18,1,3bUwxJgNakzYKkqAVgZLlh,Travis,0Cay7fyNMzir6ozkTHhxwA,The Invisible Band (Deluxe Edition),2021-12-03,album,0.281,0.85,2,-4.383,1,0.0391,0.113,0.00106,0.869,0.36,151.039,4,240507
5JYwMlGSjHSvK0jXoRQSm2,You're A Big Girl Now - Remastered 2021,9,False,19,1,3bUwxJgNakzYKkqAVgZLlh,Travis,0Cay7fyNMzir6ozkTHhxwA,The Invisible Band (Deluxe Edition),2021-12-03,album,0.488,0.481,10,-8.853,1,0.0264,0.246,0.301,0.108,0.217,142.143,4,286053
7IylEtUW9dnsEmo9r2Kw4N,Ancient Train - Remastered 2021,7,False,20,1,3bUwxJgNakzYKkqAVgZLlh,Travis,0Cay7fyNMzir6ozkTHhxwA,The Invisible Band (Deluxe Edition),2021-12-03,album,0.297,0.457,7,-9.548,1,0.0341,0.491,0.0011,0.613,0.382,151.837,4,154640
5rQg6J6A66raHTwURZlUmh,Here Comes The Sun - Live At The Top Of The Pop Awards / 2001 / Remastered 2021,11,False,21,1,3bUwxJgNakzYKkqAVgZLlh,Travis,0Cay7fyNMzir6ozkTHhxwA,The Invisible Band (Deluxe Edition),2021-12-03,album,0.478,0.629,7,-8.206,1,0.0303,0.763,0.0876,0.933,0.251,117.73,4,198720
4rrrNNiajLhIjA6vV2ew25,A Little Bit Of Soul - Remastered 2021,8,False,22,1,3bUwxJgNakzYKkqAVgZLlh,Travis,0Cay7fyNMzir6ozkTHhxwA,The Invisible Band (Deluxe Edition),2021-12-03,album,0.456,0.563,9,-10.58,1,0.029,0.171,0.0256,0.114,0.426,94.091,4,205693
6ZJFU2WkwyTpdW9NUz0xna,Central Station - Remastered 2021,7,False,23,1,3bUwxJgNakzYKkqAVgZLlh,Travis,0Cay7fyNMzir6ozkTHhxwA,The Invisible Band (Deluxe Edition),2021-12-03,album,0.495,0.772,2,-5.643,1,0.0298,0.00129,0.00012,0.303,0.502,131.99,4,195880
5wpcCfB68BDFiafuc4q9xz,No Cigar - Remastered 2021,6,False,24,1,3bUwxJgNakzYKkqAVgZLlh,Travis,0Cay7fyNMzir6ozkTHhxwA,The Invisible Band (Deluxe Edition),2021-12-03,album,0.752,0.465,5,-7.228,1,0.069,0.545,0.000875,0.422,0.388,88.304,4,138067
295FuScM6Fch1DsTvyd0JH,Swing - Remastered 2021,8,False,25,1,3bUwxJgNakzYKkqAVgZLlh,Travis,0Cay7fyNMzir6ozkTHhxwA,The Invisible Band (Deluxe Edition),2021-12-03,album,0.5,0.685,9,-8.225,1,0.0282,0.076,0.393,0.116,0.702,155.452,4,285960
65MJ7PxGcBk6hIYBrRrHVr,Flowers In The Window - Acoustic / Remastered 2021,9,False,26,1,3bUwxJgNakzYKkqAVgZLlh,Travis,0Cay7fyNMzir6ozkTHhxwA,The Invisible Band (Deluxe Edition),2021-12-03,album,0.55,0.5,0,-6.769,1,0.0294,0.77,0.0,0.097,0.591,94.427,4,221213
6kj7HbVqZD3OBcoEd7yvZT,Dear Diary - Demo / Remastered 2021,6,False,27,1,3bUwxJgNakzYKkqAVgZLlh,Travis,0Cay7fyNMzir6ozkTHhxwA,The Invisible Band (Deluxe Edition),2021-12-03,album,0.362,0.162,0,-13.068,1,0.0311,0.833,0.259,0.319,0.159,147.779,4,126893
7KDD3ZE1OBCv84I9EwTMFv,Last Train - Demo / Remastered 2021,6,False,28,1,3bUwxJgNakzYKkqAVgZLlh,Travis,0Cay7fyNMzir6ozkTHhxwA,The Invisible Band (Deluxe Edition),2021-12-03,album,0.389,0.399,6,-11.813,0,0.0553,0.874,0.0726,0.108,0.474,168.467,4,168000
2DmFXu4rbysRefUMzuUTRi,Sing - BBC Session / 2002 / Remastered 2021,23,False,29,1,3bUwxJgNakzYKkqAVgZLlh,Travis,0Cay7fyNMzir6ozkTHhxwA,The Invisible Band (Deluxe Edition),2021-12-03,album,0.397,0.594,6,-10.295,0,0.0313,0.136,0.00165,0.71,0.44,160.198,4,228733
2xJLXTF4GGYERB3kGitIoK,Flowers In The Window - BBC Session / 2002 / Remastered 2021,8,False,30,1,3bUwxJgNakzYKkqAVgZLlh,Travis,0Cay7fyNMzir6ozkTHhxwA,The Invisible Band (Deluxe Edition),2021-12-03,album,0.455,0.54,0,-9.769,1,0.0304,0.466,0.0,0.756,0.596,99.232,4,205360
