track_id,track_name,track_number,disc_number,artist_id,artist_name,album_id,album_name,album_type,release_date,duration_ms,duration_s,popularity,explicit,danceability,energy,key,loudness,mode,speechiness,acousticness,instrumentalness,liveness,valence,tempo,time_signature
4Kucn8p48pDkoZdIRCOB01,Season,1,1,2evydP72Z45DouM4uMGsIE,Ash,0pkWCNA261tGf3nhmptU34,Trailer,album,1994-10-01,181040,181.04,0,False,0.209,0.992,0,-6.059,1,0.109,0.000896,0.84,0.517,0.207,171.929,4
0boNKrTLvgY200vkhmfkrl,Jack Names The Planets,2,1,2evydP72Z45DouM4uMGsIE,Ash,0pkWCNA261tGf3nhmptU34,Trailer,album,1994-10-01,190360,190.36,0,False,0.397,0.889,9,-7.034,1,0.106,0.00647,0.206,0.443,0.516,151.514,4
3dvxpgCNCgZqSqAdnSNU7n,Intense Thing,3,1,2evydP72Z45DouM4uMGsIE,Ash,0pkWCNA261tGf3nhmptU34,Trailer,album,1994-10-01,274200,274.2,0,False,0.412,0.979,9,-4.714,0,0.0549,0.000661,0.886,0.362,0.364,98.908,4
1o5gIYys3cw11Ryur8GrND,Uncle Pat,4,1,2evydP72Z45DouM4uMGsIE,Ash,0pkWCNA261tGf3nhmptU34,Trailer,album,1994-10-01,192133,192.13,0,False,0.506,0.715,9,-5.216,1,0.0331,0.032,0.0411,0.249,0.78,98.929,4
37LhwN5oJmvVmhBpl4MpSA,Get Out,5,1,2evydP72Z45DouM4uMGsIE,Ash,0pkWCNA261tGf3nhmptU34,Trailer,album,1994-10-01,103200,103.2,0,False,0.368,0.993,11,-4.658,0,0.188,0.351,0.189,0.716,0.107,155.621,4
1ghYcDSNQofy8I5IjX0Eq4,Petrol,6,1,2evydP72Z45DouM4uMGsIE,Ash,0pkWCNA261tGf3nhmptU34,Trailer,album,1994-10-01,250800,250.8,0,False,0.457,0.942,4,-6.007,1,0.0744,0.0451,0.771,0.351,0.705,151.424,4
7zDKcvQ2LdmbAxDrVv1bFw,Obscure Thing,7,1,2evydP72Z45DouM4uMGsIE,Ash,0pkWCNA261tGf3nhmptU34,Trailer,album,1994-10-01,262400,262.4,0,False,0.381,0.989,9,-5.206,0,0.111,0.108,0.871,0.116,0.156,105.508,4
0cA41ydiosNCgmmGiCST65,Girl from Mars,3,1,2evydP72Z45DouM4uMGsIE,Ash,1fxOFs3nc2mGf69PEbEQbf,1977,album,1996-05-06,210200,210.2,56,False,0.247,0.764,9,-7.718,1,0.0472,0.00542,0.0,0.16,0.503,154.707,4
7npgVYPIv7jzYC9yFKKHig,Goldfinger,2,1,2evydP72Z45DouM4uMGsIE,Ash,1fxOFs3nc2mGf69PEbEQbf,1977,album,1996-05-06,271733,271.73,45,False,0.253,0.957,6,-3.399,1,0.0558,0.0221,0.11,0.366,0.33,188.013,4
3wUtrrnRvFEv3JTFYDqucE,Oh Yeah,7,1,2evydP72Z45DouM4uMGsIE,Ash,1fxOFs3nc2mGf69PEbEQbf,1977,album,1996-05-06,285467,285.47,42,False,0.122,0.692,9,-4.677,1,0.0336,0.0193,0.0494,0.245,0.149,179.155,4
3uxzoRjrJ6YzantwTtWlSb,Kung Fu,6,1,2evydP72Z45DouM4uMGsIE,Ash,1fxOFs3nc2mGf69PEbEQbf,1977,album,1996-05-06,137307,137.31,40,False,0.254,0.959,9,-4.527,1,0.191,0.00613,7.42e-06,0.337,0.493,176.273,4
0piEd5VtQCA9UOcfef0g3Z,Angel Interceptor,10,1,2evydP72Z45DouM4uMGsIE,Ash,1fxOFs3nc2mGf69PEbEQbf,1977,album,1996-05-06,244333,244.33,36,False,0.219,0.903,4,-4.83,1,0.0754,0.221,0.206,0.373,0.254,167.401,4
5OuSVkR7jty26vnV79AfbQ,Lose Control,1,1,2evydP72Z45DouM4uMGsIE,Ash,1fxOFs3nc2mGf69PEbEQbf,1977,album,1996-05-06,217600,217.6,34,False,0.234,0.998,9,-4.86,1,0.131,6.72e-05,0.253,0.324,0.047,184.204,4
1hl4IbHsB8JGQwQVafwMPW,Lost in You,11,1,2evydP72Z45DouM4uMGsIE,Ash,1fxOFs3nc2mGf69PEbEQbf,1977,album,1996-05-06,259173,259.17,26,False,0.487,0.7,9,-4.507,1,0.0288,0.0023,1.43e-06,0.18,0.197,86.237,4
7JXiWo2TQnM50jBJcyLioK,I'd Give You Anything,4,1,2evydP72Z45DouM4uMGsIE,Ash,1fxOFs3nc2mGf69PEbEQbf,1977,album,1996-05-06,271827,271.83,24,False,0.0874,0.975,9,-2.234,1,0.0681,6.11e-05,0.688,0.442,0.428,200.595,3
60FteVr8AUPzZmoGqYW61r,Gone the Dream,5,1,2evydP72Z45DouM4uMGsIE,Ash,1fxOFs3nc2mGf69PEbEQbf,1977,album,1996-05-06,209933,209.93,24,False,0.434,0.683,0,-5.813,1,0.0292,0.0184,0.0314,0.412,0.325,103.094,4
4ZlsMi2Ho5MaF8nZnX1fE6,Let It Flow,8,1,2evydP72Z45DouM4uMGsIE,Ash,1fxOFs3nc2mGf69PEbEQbf,1977,album,1996-05-06,282600,282.6,22,False,0.362,0.963,9,-4.684,1,0.0612,0.000481,0.0012,0.9,0.377,137.25,4
4oBvbRyTJFti3adfoz2B3W,Darkside Lightside,12,1,2evydP72Z45DouM4uMGsIE,Ash,1fxOFs3nc2mGf69PEbEQbf,1977,album,1996-05-06,282355,282.36,20,False,0.15,0.949,7,-5.426,1,0.121,0.00131,0.413,0.197,0.115,161.515,4
0JztoNJFzqdDUb9lQjtF1F,Innocent Smile,9,1,2evydP72Z45DouM4uMGsIE,Ash,1fxOFs3nc2mGf69PEbEQbf,1977,album,1996-05-06,352093,352.09,18,False,0.111,0.973,9,-4.547,1,0.0838,0.000773,0.814,0.601,0.105,160.55,4
3fHVOcAV12GY8nOjWA8OUh,Walking Barefoot,1,1,2evydP72Z45DouM4uMGsIE,Ash,1V9N1HV53xOfL2ebYXxkOu,Free All Angels,album,1998-01-01,254027,254.03,0,False,0.241,0.895,6,-5.051,1,0.0784,2.22e-05,0.108,0.165,0.467,168.555,4
4daraBRKwKGEA6dwom2DqG,Shining Light,2,1,2evydP72Z45DouM4uMGsIE,Ash,1V9N1HV53xOfL2ebYXxkOu,Free All Angels,album,1998-01-01,309000,309.0,0,False,0.48,0.93,2,-3.49,1,0.05,0.0,0.0,0.11,0.53,106.62,4
0XRONzbNix2Dnlx4SUzQVC,Burn Baby Burn,3,1,2evydP72Z45DouM4uMGsIE,Ash,1V9N1HV53xOfL2ebYXxkOu,Free All Angels,album,1998-01-01,208000,208.0,0,False,0.39,0.98,4,-4.06,1,0.12,0.0,0.07,0.1,0.52,155.63,4
2nHD2mLdFDGjHZOEoXsefb,Candy,4,1,2evydP72Z45DouM4uMGsIE,Ash,1V9N1HV53xOfL2ebYXxkOu,Free All Angels,album,1998-01-01,291133,291.13,0,False,0.396,0.847,4,-4.2,0,0.032,4.62e-05,0.0734,0.178,0.62,163.72,4
3gXrK7e5IjeXTImmmxyLuJ,Cherry Bomb,5,1,2evydP72Z45DouM4uMGsIE,Ash,1V9N1HV53xOfL2ebYXxkOu,Free All Angels,album,1998-01-01,196000,196.0,0,False,0.35,0.97,0,-3.67,0,0.06,0.0,0.01,0.43,0.51,73.87,4
3ktT5lFYscuRKnoVLq5V3h,Submission,6,1,2evydP72Z45DouM4uMGsIE,Ash,1V9N1HV53xOfL2ebYXxkOu,Free All Angels,album,1998-01-01,212800,212.8,0,False,0.491,0.955,2,-4.649,1,0.074,5.2e-05,0.829,0.387,0.261,102.754,4
1I42Fx04lhFWTCqogmFDUd,Someday,7,1,2evydP72Z45DouM4uMGsIE,Ash,1V9N1HV53xOfL2ebYXxkOu,Free All Angels,album,1998-01-01,272000,272.0,0,False,0.46,0.72,7,-5.32,1,0.03,0.0,0.0,0.32,0.08,120.71,4
5tvLu5uwx0ObRyJgOCZjX5,Pacific Palisades,8,1,2evydP72Z45DouM4uMGsIE,Ash,1V9N1HV53xOfL2ebYXxkOu,Free All Angels,album,1998-01-01,116760,116.76,0,False,0.356,0.976,2,-4.356,1,0.0927,3.8e-06,0.000122,0.359,0.566,168.428,4
3GkWiscerLJlHVxlSzAhoI,Shark,9,1,2evydP72Z45DouM4uMGsIE,Ash,1V9N1HV53xOfL2ebYXxkOu,Free All Angels,album,1998-01-01,198000,198.0,0,False,0.4,0.98,11,-3.36,0,0.06,0.0,0.12,0.35,0.3,95.74,4
48B8CIq0L9jc21pxJfYdGs,Sometimes,10,1,2evydP72Z45DouM4uMGsIE,Ash,1V9N1HV53xOfL2ebYXxkOu,Free All Angels,album,1998-01-01,248000,248.0,0,False,0.46,0.76,9,-4.72,1,0.03,0.0,0.0,0.11,0.48,93.91,4
4yM1MItEmpi1pSrqMx20oN,Nicole,11,1,2evydP72Z45DouM4uMGsIE,Ash,1V9N1HV53xOfL2ebYXxkOu,Free All Angels,album,1998-01-01,204000,204.0,0,False,0.41,0.96,7,-4.17,0,0.06,0.0,0.27,0.36,0.63,160.41,4
6IZvpP8V2FqP7kcowjpEc6,Theres A Star,12,1,2evydP72Z45DouM4uMGsIE,Ash,1V9N1HV53xOfL2ebYXxkOu,Free All Angels,album,1998-01-01,262440,262.44,0,False,0.406,0.846,5,-2.507,1,0.0314,0.000124,0.766,0.354,0.289,105.675,4
5KeIi5MrEIDK64BJL7lvx4,World Domination,13,1,2evydP72Z45DouM4uMGsIE,Ash,1V9N1HV53xOfL2ebYXxkOu,Free All Angels,album,1998-01-01,137000,137.0,0,True,0.21,0.98,2,-3.36,1,0.06,0.0,0.68,0.31,0.51,181.89,4
5bIGlppeo6NT1kudUwCZ0Q,Projects,1,1,2evydP72Z45DouM4uMGsIE,Ash,5kmCKSF2yJO7ORmUDyK9pd,Nu-Clear Sounds,album,1998-10-05,234000,234.0,0,False,0.36,0.97,2,-4.13,0,0.06,0.0,0.36,0.09,0.35,132.21,3
0sf5O76JG3DbVRDYEZBWD8,Low Ebb,2,1,2evydP72Z45DouM4uMGsIE,Ash,5kmCKSF2yJO7ORmUDyK9pd,Nu-Clear Sounds,album,1998-10-05,300000,300.0,0,False,0.39,0.72,4,-5.6,0,0.03,0.01,0.24,0.57,0.52,76.67,4
2yt29X77A6VuKd1lZvJgBI,Jesus Says,3,1,2evydP72Z45DouM4uMGsIE,Ash,5kmCKSF2yJO7ORmUDyK9pd,Nu-Clear Sounds,album,1998-10-05,283000,283.0,0,True,0.33,0.9,2,-4.47,1,0.05,0.0,0.8,0.14,0.61,141.08,4
0R7jH53mst2DmGjKQ2aVzn,Wild Surf,4,1,2evydP72Z45DouM4uMGsIE,Ash,5kmCKSF2yJO7ORmUDyK9pd,Nu-Clear Sounds,album,1998-10-05,206000,206.0,0,False,0.39,0.92,9,-3.8,1,0.06,0.0,0.65,0.47,0.43,123.45,4
1NfsPqz7RI3T6kfFMmYnXw,Death Trip 21,5,1,2evydP72Z45DouM4uMGsIE,Ash,5kmCKSF2yJO7ORmUDyK9pd,Nu-Clear Sounds,album,1998-10-05,248000,248.0,0,True,0.43,0.99,0,-3.37,1,0.08,0.0,0.0,0.3,0.33,112.99,4
60DElPW33xO8N5cRwo4J8Y,Folk Song,6,1,2evydP72Z45DouM4uMGsIE,Ash,5kmCKSF2yJO7ORmUDyK9pd,Nu-Clear Sounds,album,1998-10-05,294000,294.0,0,False,0.51,0.72,4,-6.47,1,0.03,0.08,0.85,0.32,0.32,107.69,4
5szhxXNaliZRyZ5Y57dhAb,Numbskull,7,1,2evydP72Z45DouM4uMGsIE,Ash,5kmCKSF2yJO7ORmUDyK9pd,Nu-Clear Sounds,album,1998-10-05,190760,190.76,0,True,0.519,0.939,11,-2.465,0,0.0529,0.00147,0.0,0.153,0.488,122.243,4
4HH3HfY0s3gz4NeJxx58AF,Burn Out,8,1,2evydP72Z45DouM4uMGsIE,Ash,5kmCKSF2yJO7ORmUDyK9pd,Nu-Clear Sounds,album,1998-10-05,242000,242.0,0,False,0.32,0.58,9,-6.03,1,0.03,0.05,0.0,0.12,0.31,77.71,4
0hiLCA00nwUBABrS8fo8FL,Aphrodite,9,1,2evydP72Z45DouM4uMGsIE,Ash,5kmCKSF2yJO7ORmUDyK9pd,Nu-Clear Sounds,album,1998-10-05,258000,258.0,0,False,0.39,0.61,0,-8.13,1,0.03,0.37,0.01,0.38,0.19,175.24,4
6ZAdDVonM8vVGX2JdxAN6K,Fortune Teller,10,1,2evydP72Z45DouM4uMGsIE,Ash,5kmCKSF2yJO7ORmUDyK9pd,Nu-Clear Sounds,album,1998-10-05,202000,202.0,0,True,0.3,0.98,11,-3.32,0,0.08,0.0,0.0,0.12,0.34,138.85,4
4pq17B30spbG2ca344Zntv,I'm Gonna Fall,11,1,2evydP72Z45DouM4uMGsIE,Ash,5kmCKSF2yJO7ORmUDyK9pd,Nu-Clear Sounds,album,1998-10-05,313000,313.0,0,False,0.5,0.48,2,-9.41,1,0.03,0.28,0.78,0.13,0.4,79.72,4
2OUykB2hSKjw2ueY1uaU4n,Envy,2,1,2evydP72Z45DouM4uMGsIE,Ash,6tGm811DLIyaso8RrMGrWc,Intergalactic Sonic Sevens,album,2002-09-09,215000,215.0,0,False,0.42,0.97,4,-3.06,1,0.06,0.0,0.71,0.1,0.59,131.59,4
1XfdRLyKALlyuSeisvzvdJ,A Life Less Ordinary,5,1,2evydP72Z45DouM4uMGsIE,Ash,6tGm811DLIyaso8RrMGrWc,Intergalactic Sonic Sevens,album,2002-09-09,255000,255.0,0,False,0.3,0.97,7,-3.03,1,0.05,0.01,0.0,0.81,0.23,157.28,4
08qjaQGPFFGXXQpM0krRDF,No Place To Hide,20,1,2evydP72Z45DouM4uMGsIE,Ash,6tGm811DLIyaso8RrMGrWc,Intergalactic Sonic Sevens,album,2002-09-09,216000,216.0,0,False,0.17,0.96,7,-4.25,1,0.11,0.0,0.0,0.28,0.35,160.36,4
1iuZGd244aoBpi2J6GTPpr,Warmer Than Fire,21,1,2evydP72Z45DouM4uMGsIE,Ash,6tGm811DLIyaso8RrMGrWc,Intergalactic Sonic Sevens,album,2002-09-09,187000,187.0,0,False,0.55,0.89,0,-3.34,1,0.03,0.0,0.0,0.23,0.4,105.12,4
723aiNf3l1zNcupzO886LK,Where Is Our Love Going?,22,1,2evydP72Z45DouM4uMGsIE,Ash,6tGm811DLIyaso8RrMGrWc,Intergalactic Sonic Sevens,album,2002-09-09,207000,207.0,0,False,0.24,0.99,9,-2.47,1,0.07,0.0,0.0,0.24,0.28,162.19,4
2KTawcYv5UuYOxEw6hJgz7,Taken Out,23,1,2evydP72Z45DouM4uMGsIE,Ash,6tGm811DLIyaso8RrMGrWc,Intergalactic Sonic Sevens,album,2002-09-09,173000,173.0,0,False,0.38,0.94,2,-3.96,0,0.18,0.07,0.0,0.03,0.33,127.67,4
6A5S5RDcrChBuYlfGRPRjR,13th Floor,24,1,2evydP72Z45DouM4uMGsIE,Ash,6tGm811DLIyaso8RrMGrWc,Intergalactic Sonic Sevens,album,2002-09-09,183733,183.73,0,False,0.149,0.976,9,-2.921,1,0.134,0.000646,0.0,0.266,0.339,174.987,4
2YMr0U2v4d1MRbnNQeJhwS,Stormy Waters,25,1,2evydP72Z45DouM4uMGsIE,Ash,6tGm811DLIyaso8RrMGrWc,Intergalactic Sonic Sevens,album,2002-09-09,283000,283.0,0,False,0.283,0.904,2,-1.725,0,0.0491,0.00582,5.04e-05,0.358,0.383,152.427,4
6TsnTjnXgvUDe3mxXlKHCg,Message From Oscar Wilde And Patrick The Brewer,26,1,2evydP72Z45DouM4uMGsIE,Ash,6tGm811DLIyaso8RrMGrWc,Intergalactic Sonic Sevens,album,2002-09-09,30067,30.07,0,False,0.675,0.334,0,-12.69,1,0.467,0.924,0.0,0.792,0.901,61.622,5
7tTRlxMUhuCmM4hDDTj1yI,Who You Drivin' Now?,27,1,2evydP72Z45DouM4uMGsIE,Ash,6tGm811DLIyaso8RrMGrWc,Intergalactic Sonic Sevens,album,2002-09-09,122160,122.16,0,False,0.126,0.994,9,-1.607,1,0.223,2.29e-05,0.00162,0.0499,0.063,158.498,4
5AMaOED96iOFNXqoZPXTW5,Stay In Love Forever,28,1,2evydP72Z45DouM4uMGsIE,Ash,6tGm811DLIyaso8RrMGrWc,Intergalactic Sonic Sevens,album,2002-09-09,221107,221.11,0,False,0.376,0.872,6,-4.303,1,0.0457,0.0105,0.239,0.348,0.694,110.86,4
3MYauUkbTrU41MmuqmLHQi,The Sweetness Of Death By The Obsidian Knife,29,1,2evydP72Z45DouM4uMGsIE,Ash,6tGm811DLIyaso8RrMGrWc,Intergalactic Sonic Sevens,album,2002-09-09,209533,209.53,0,False,0.3,0.783,4,-4.793,1,0.0432,0.000743,0.00411,0.126,0.159,146.536,4
6xm01I1Wz8rzU0WPGhhxhU,Melon Farmer,30,1,2evydP72Z45DouM4uMGsIE,Ash,6tGm811DLIyaso8RrMGrWc,Intergalactic Sonic Sevens,album,2002-09-09,121333,121.33,0,True,0.0905,0.965,4,-1.996,0,0.102,0.00818,3.09e-05,0.272,0.192,165.545,4
0JJ5InyP9Ca0zo2e9JFDcK,Nocturne,31,1,2evydP72Z45DouM4uMGsIE,Ash,6tGm811DLIyaso8RrMGrWc,Intergalactic Sonic Sevens,album,2002-09-09,211600,211.6,0,False,0.207,0.449,2,-7.121,1,0.0314,0.0321,0.679,0.129,0.132,145.549,4
03pHq7w5h7W2mCYPysvJ5Y,Gabriel,32,1,2evydP72Z45DouM4uMGsIE,Ash,6tGm811DLIyaso8RrMGrWc,Intergalactic Sonic Sevens,album,2002-09-09,329000,329.0,0,False,0.0809,0.941,11,-3.418,1,0.062,3.22e-05,0.647,0.102,0.107,172.144,4
1ntS2VwnzUDy0SHvNy4XzK,Coasting,33,1,2evydP72Z45DouM4uMGsIE,Ash,6tGm811DLIyaso8RrMGrWc,Intergalactic Sonic Sevens,album,2002-09-09,210627,210.63,0,False,0.362,0.797,2,-4.426,1,0.045,0.00298,2.97e-05,0.101,0.478,203.932,4
3uSqbBtWKTuRHr8ph6ssR5,I Need Somebody,35,1,2evydP72Z45DouM4uMGsIE,Ash,6tGm811DLIyaso8RrMGrWc,Intergalactic Sonic Sevens,album,2002-09-09,157307,157.31,0,False,0.423,0.582,4,-6.45,1,0.0319,0.0233,0.00345,0.885,0.447,102.787,4
1omqLbPuJu3m8zm1lQGTwB,Sneaker,36,1,2evydP72Z45DouM4uMGsIE,Ash,6tGm811DLIyaso8RrMGrWc,Intergalactic Sonic Sevens,album,2002-09-09,195827,195.83,0,False,0.374,0.999,9,-2.296,1,0.112,0.000546,0.54,0.176,0.0392,99.876,4
3sj7IzHcArYEZKy7T9W0E2,Cantina Band,37,1,2evydP72Z45DouM4uMGsIE,Ash,6tGm811DLIyaso8RrMGrWc,Intergalactic Sonic Sevens,album,2002-09-09,174000,174.0,0,False,0.34,0.93,9,-2.48,0,0.07,0.45,0.83,0.26,0.56,131.28,4
7i1NcCBjU56m9ca9p7XcQv,Astral Conversations With Toulouse Lautrec,38,1,2evydP72Z45DouM4uMGsIE,Ash,6tGm811DLIyaso8RrMGrWc,Intergalactic Sonic Sevens,album,2002-09-09,365240,365.24,0,False,0.26,0.976,2,-4.998,1,0.362,7.75e-05,0.463,0.254,0.0577,141.66,4
1oLN8ZmxioTQvNH74PThsV,Day Of The Triffids,39,1,2evydP72Z45DouM4uMGsIE,Ash,6tGm811DLIyaso8RrMGrWc,Intergalactic Sonic Sevens,album,2002-09-09,214000,214.0,0,False,0.25,0.99,1,-2.09,0,0.09,0.0,0.07,0.1,0.32,87.65,4
6CQD6GXozJq2Q1J7qo1ZZB,Halloween,40,1,2evydP72Z45DouM4uMGsIE,Ash,6tGm811DLIyaso8RrMGrWc,Intergalactic Sonic Sevens,album,2002-09-09,210067,210.07,0,False,0.611,0.863,9,-4.278,1,0.0288,0.025,7.73e-06,0.271,0.842,129.728,4
0nUL2eIfYWH3iw6DA51AxD,Thinking About You,41,1,2evydP72Z45DouM4uMGsIE,Ash,6tGm811DLIyaso8RrMGrWc,Intergalactic Sonic Sevens,album,2002-09-09,230533,230.53,0,False,0.397,0.253,2,-11.462,1,0.0293,0.851,0.000377,0.126,0.238,143.86,4
3mfoqLP28cp76zxKMBdRSp,Meltdown,1,1,2evydP72Z45DouM4uMGsIE,Ash,0QA6JfgosoZfr8fXba4OiO,Meltdown,album,2004-05-17,204200,204.2,0,False,0.459,0.869,2,-4.72,0,0.0875,0.000254,0.0887,0.0568,0.527,152.269,4
1LrOWxO1rhyg0gQXglHEj4,Orpheus,2,1,2evydP72Z45DouM4uMGsIE,Ash,0QA6JfgosoZfr8fXba4OiO,Meltdown,album,2004-05-17,257733,257.73,0,False,0.461,0.964,11,-4.627,0,0.186,0.000638,0.0275,0.267,0.274,149.1,4
0oooTKa5bzppmVTBADJqLB,Evil Eye,3,1,2evydP72Z45DouM4uMGsIE,Ash,0QA6JfgosoZfr8fXba4OiO,Meltdown,album,2004-05-17,206867,206.87,0,False,0.419,0.949,5,-4.986,1,0.119,0.000338,9.39e-06,0.383,0.107,130.653,4
546GcfU8TYMoqKrALp8knd,Clones,4,1,2evydP72Z45DouM4uMGsIE,Ash,0QA6JfgosoZfr8fXba4OiO,Meltdown,album,2004-05-17,239973,239.97,0,False,0.506,0.948,5,-6.183,0,0.141,1.43e-05,0.601,0.412,0.32,114.763,4
2OMClcWKyIPea8OwqPLOsr,Starcrossed,5,1,2evydP72Z45DouM4uMGsIE,Ash,0QA6JfgosoZfr8fXba4OiO,Meltdown,album,2004-05-17,292267,292.27,0,False,0.354,0.776,0,-4.913,1,0.033,0.000207,8.22e-05,0.216,0.311,161.681,4
2tMCkzuAzKu9qis47x7b1A,Out Of The Blue,6,1,2evydP72Z45DouM4uMGsIE,Ash,0QA6JfgosoZfr8fXba4OiO,Meltdown,album,2004-05-17,203573,203.57,0,False,0.396,0.971,2,-4.521,1,0.158,6.3e-05,0.0137,0.0817,0.423,153.252,4
2c83O5J7Sjiqb7GkumZ40T,Renegade Cavalcade,7,1,2evydP72Z45DouM4uMGsIE,Ash,0QA6JfgosoZfr8fXba4OiO,Meltdown,album,2004-05-17,206760,206.76,0,False,0.585,0.684,11,-6.266,0,0.0603,0.000396,0.289,0.0893,0.476,119.075,4
3vPkRkd2ouHaELMSx8I0gR,Detonator,8,1,2evydP72Z45DouM4uMGsIE,Ash,0QA6JfgosoZfr8fXba4OiO,Meltdown,album,2004-05-17,218280,218.28,0,False,0.566,0.885,2,-4.745,0,0.0528,6.77e-05,0.0888,0.484,0.496,128.082,4
1IFG4fZDjAPzHzMKGGoMgN,On A Wave,9,1,2evydP72Z45DouM4uMGsIE,Ash,0QA6JfgosoZfr8fXba4OiO,Meltdown,album,2004-05-17,267133,267.13,0,False,0.26,0.908,9,-5.289,1,0.0967,6.24e-05,0.0348,0.259,0.288,146.454,4
4y5MdHpaTQk1wGqOA45izF,Won't Be Saved,10,1,2evydP72Z45DouM4uMGsIE,Ash,0QA6JfgosoZfr8fXba4OiO,Meltdown,album,2004-05-17,221973,221.97,0,False,0.512,0.913,10,-5.013,1,0.0617,0.000232,0.000282,0.353,0.397,126.587,4
2lY20nLvKO2MhsMxZeRotH,Vampire Love,11,1,2evydP72Z45DouM4uMGsIE,Ash,0QA6JfgosoZfr8fXba4OiO,Meltdown,album,2004-05-17,225933,225.93,0,False,0.495,0.943,7,-6.165,1,0.136,0.000583,0.021,0.37,0.327,121.217,4
4rnyY7Ah4bjrcuLnJNoui6,Shockwave,12,1,2evydP72Z45DouM4uMGsIE,Ash,0QA6JfgosoZfr8fXba4OiO,Meltdown,album,2004-05-17,196453,196.45,0,False,0.512,0.906,5,-7.486,1,0.107,0.00147,0.306,0.716,0.228,135.145,4
4WSWzINkkrkbxYgdXbz8aq,Solace,13,1,2evydP72Z45DouM4uMGsIE,Ash,0QA6JfgosoZfr8fXba4OiO,Meltdown,album,2004-05-17,291813,291.81,0,False,0.419,0.581,0,-5.02,1,0.0291,7.32e-05,0.00534,0.0701,0.376,165.86,4
6GrphMzcCItyDFQEiZx5YK,Cool It Down,14,1,2evydP72Z45DouM4uMGsIE,Ash,0QA6JfgosoZfr8fXba4OiO,Meltdown,album,2004-05-17,179933,179.93,0,False,0.502,0.962,5,-4.69,1,0.0575,0.000352,0.199,0.226,0.556,95.928,4
0A9AXLTam469VpUBcyZUJM,Polaris,4,1,2evydP72Z45DouM4uMGsIE,Ash,10FJo145TWWXDbjG6vmzml,Twilight of the Innocents,album,2007-06-30,272080,272.08,17,False,0.476,0.793,5,-5.785,1,0.0434,0.0108,0.0188,0.0723,0.185,114.015,4
3RqY2Ks7kvsObFHnjyth9V,Twilight of the Innocents,12,1,2evydP72Z45DouM4uMGsIE,Ash,10FJo145TWWXDbjG6vmzml,Twilight of the Innocents,album,2007-06-30,381946,381.95,17,False,0.49,0.714,5,-8.524,1,0.0383,0.00964,0.0209,0.105,0.193,97.011,4
02t6dVN4uWDmw9wSx9k4p3,You Can't Have It All,2,1,2evydP72Z45DouM4uMGsIE,Ash,10FJo145TWWXDbjG6vmzml,Twilight of the Innocents,album,2007-06-30,216947,216.95,16,False,0.412,0.938,0,-4.926,1,0.0826,2.07e-05,0.00375,0.16,0.273,131.44,4
6JvKmAgvtwkVLM3cAi9UN2,I Started a Fire,1,1,2evydP72Z45DouM4uMGsIE,Ash,10FJo145TWWXDbjG6vmzml,Twilight of the Innocents,album,2007-06-30,266746,266.75,10,False,0.312,0.978,9,-5.066,1,0.103,5.09e-05,9.64e-05,0.133,0.179,153.954,4
5F1jiABQZ1aNW00ocALvQ9,Blacklisted,3,1,2evydP72Z45DouM4uMGsIE,Ash,10FJo145TWWXDbjG6vmzml,Twilight of the Innocents,album,2007-06-30,226906,226.91,10,False,0.475,0.954,9,-5.491,1,0.109,0.000128,0.00392,0.137,0.307,128.001,4
6O8lvAw7cVpYdZwGCnGraY,End of the World,6,1,2evydP72Z45DouM4uMGsIE,Ash,10FJo145TWWXDbjG6vmzml,Twilight of the Innocents,album,2007-06-30,260773,260.77,8,False,0.439,0.79,7,-6.767,1,0.0458,0.000861,0.0284,0.14,0.366,82.001,4
7vHRhIu9msHNZINF1tbrn5,Princess Six,9,1,2evydP72Z45DouM4uMGsIE,Ash,10FJo145TWWXDbjG6vmzml,Twilight of the Innocents,album,2007-06-30,234600,234.6,8,False,0.333,0.91,9,-5.155,1,0.0562,1.31e-05,0.00183,0.32,0.508,153.916,4
3r0a6TlpRT4vwm5XyRUDFH,Shadows,8,1,2evydP72Z45DouM4uMGsIE,Ash,10FJo145TWWXDbjG6vmzml,Twilight of the Innocents,album,2007-06-30,235706,235.71,7,False,0.49,0.895,2,-5.893,1,0.0323,1.46e-05,0.000424,0.11,0.797,116.308,4
1kAh8MCvyi0GkrbJm8BdHe,Ritual,7,1,2evydP72Z45DouM4uMGsIE,Ash,10FJo145TWWXDbjG6vmzml,Twilight of the Innocents,album,2007-06-30,223773,223.77,6,False,0.559,0.732,0,-6.566,1,0.0494,0.00159,0.0243,0.0986,0.56,151.911,4
2tGJqNOi9AGlzB9mAY269i,Dark and Stormy,10,1,2evydP72Z45DouM4uMGsIE,Ash,10FJo145TWWXDbjG6vmzml,Twilight of the Innocents,album,2007-06-30,255480,255.48,6,False,0.451,0.888,5,-5.56,0,0.0363,2.28e-05,0.00358,0.128,0.588,146.013,4
0Ubsh5wTWIOmbG6cVQGX0m,Palace of Excess,5,1,2evydP72Z45DouM4uMGsIE,Ash,10FJo145TWWXDbjG6vmzml,Twilight of the Innocents,album,2007-06-30,218320,218.32,5,False,0.377,0.93,2,-5.411,1,0.086,0.000619,0.012,0.378,0.292,153.898,4
2QbCgig3v2SEHpwvExeHwO,Shattered Glass,11,1,2evydP72Z45DouM4uMGsIE,Ash,10FJo145TWWXDbjG6vmzml,Twilight of the Innocents,album,2007-06-30,302920,302.92,4,False,0.498,0.937,0,-6.716,1,0.0959,0.00032,0.00527,0.257,0.291,123.845,4
1AofM2rYZyuzDWolKFHj8n,Return of White Rabbit,1,1,2evydP72Z45DouM4uMGsIE,Ash,5vmpybdKMNFKVDrPz2mjll,A-Z Vol. 1,album,2010-04-18,235453,235.45,0,False,0.545,0.913,4,-3.294,0,0.0522,0.000388,0.0671,0.215,0.774,124.974,4
3lHW7CCa4A5hcqG5Scry7F,True Love 1980,2,1,2evydP72Z45DouM4uMGsIE,Ash,5vmpybdKMNFKVDrPz2mjll,A-Z Vol. 1,album,2010-04-18,246760,246.76,0,False,0.514,0.759,0,-3.462,1,0.0387,0.000366,2.55e-06,0.0919,0.594,119.984,4
5kUNKD6zEy0Ia2UM3hop0F,Joy Kicks Darkness,3,1,2evydP72Z45DouM4uMGsIE,Ash,5vmpybdKMNFKVDrPz2mjll,A-Z Vol. 1,album,2010-04-18,355000,355.0,0,False,0.354,0.91,7,-3.559,1,0.158,0.00268,4.33e-05,0.104,0.113,138.206,4
7eYigglevsTbNIwrq8gVu3,Arcadia,4,1,2evydP72Z45DouM4uMGsIE,Ash,5vmpybdKMNFKVDrPz2mjll,A-Z Vol. 1,album,2010-04-18,242493,242.49,0,False,0.358,0.926,0,-2.82,1,0.0622,0.00203,5.05e-06,0.108,0.257,150.081,4
7K8bV3DdWLFVgpLg7ClALK,Tracers,5,1,2evydP72Z45DouM4uMGsIE,Ash,5vmpybdKMNFKVDrPz2mjll,A-Z Vol. 1,album,2010-04-18,211573,211.57,0,False,0.669,0.654,4,-6.805,0,0.0463,0.012,0.018,0.146,0.246,134.995,4
490xan2Vx0IDkAxXR8FIE8,The Dead Disciples,6,1,2evydP72Z45DouM4uMGsIE,Ash,5vmpybdKMNFKVDrPz2mjll,A-Z Vol. 1,album,2010-04-18,226693,226.69,0,False,0.362,0.911,6,-2.708,0,0.0545,0.000103,5.26e-05,0.169,0.265,141.919,4
12hu1nq0PDy7t4sQuoP6IW,Pripyat,7,1,2evydP72Z45DouM4uMGsIE,Ash,5vmpybdKMNFKVDrPz2mjll,A-Z Vol. 1,album,2010-04-18,261373,261.37,0,False,0.35,0.774,0,-4.588,1,0.0429,0.011,1.27e-05,0.114,0.408,116.541,4
4fmfmZaMiDzAxuxVsSGE81,Ichiban,8,1,2evydP72Z45DouM4uMGsIE,Ash,5vmpybdKMNFKVDrPz2mjll,A-Z Vol. 1,album,2010-04-18,190440,190.44,0,False,0.507,0.847,2,-3.39,1,0.0394,0.000751,9.05e-06,0.0616,0.42,109.579,4
2eyaNsa1tLor96jDoKOWdZ,Space Shot,9,1,2evydP72Z45DouM4uMGsIE,Ash,5vmpybdKMNFKVDrPz2mjll,A-Z Vol. 1,album,2010-04-18,255520,255.52,0,False,0.546,0.961,10,-3.061,1,0.0568,0.000421,9.15e-05,0.326,0.772,139.971,4
1swBh1BhvyigT7BiANFPqO,Neon,10,1,2evydP72Z45DouM4uMGsIE,Ash,5vmpybdKMNFKVDrPz2mjll,A-Z Vol. 1,album,2010-04-18,248453,248.45,0,False,0.467,0.856,0,-3.82,1,0.0382,0.00658,0.0374,0.169,0.254,127.944,4
44WuZMMV7pgkiwpC1YF251,Command,11,1,2evydP72Z45DouM4uMGsIE,Ash,5vmpybdKMNFKVDrPz2mjll,A-Z Vol. 1,album,2010-04-18,156800,156.8,0,False,0.246,0.877,4,-3.102,0,0.042,4.72e-06,0.504,0.0427,0.447,175.147,4
3ecPqLWjicAoB8fGl1TcCo,Song Of Your Desire,12,1,2evydP72Z45DouM4uMGsIE,Ash,5vmpybdKMNFKVDrPz2mjll,A-Z Vol. 1,album,2010-04-18,215880,215.88,0,False,0.552,0.662,0,-5.108,1,0.028,0.0107,1.44e-05,0.365,0.586,119.962,4
1vlcwKmAV1UAqXzbaCYdzc,Dionysian Urge,13,1,2evydP72Z45DouM4uMGsIE,Ash,5vmpybdKMNFKVDrPz2mjll,A-Z Vol. 1,album,2010-04-18,246507,246.51,0,False,0.311,0.941,7,-2.832,1,0.0611,0.00128,2.8e-05,0.329,0.398,157.666,4
1u5UEUje9O9cqDYC9ppRre,War With Me,14,1,2evydP72Z45DouM4uMGsIE,Ash,5vmpybdKMNFKVDrPz2mjll,A-Z Vol. 1,album,2010-04-18,210613,210.61,0,False,0.494,0.859,0,-2.326,1,0.0526,0.00443,0.000234,0.185,0.458,124.039,4
6vtGOiu1fkmvKcpxYrOolH,Coming Around Again,15,1,2evydP72Z45DouM4uMGsIE,Ash,5vmpybdKMNFKVDrPz2mjll,A-Z Vol. 1,album,2010-04-18,286387,286.39,0,False,0.191,0.937,5,-3.613,1,0.0811,0.000156,1.13e-05,0.187,0.178,151.672,4
49SITyuDjcudYLPf8OXWkT,The Creeps,16,1,2evydP72Z45DouM4uMGsIE,Ash,5vmpybdKMNFKVDrPz2mjll,A-Z Vol. 1,album,2010-04-18,160827,160.83,0,False,0.315,0.963,2,-2.817,1,0.0598,0.000444,0.000789,0.408,0.34,157.637,4
7p70pyxFBIHkfzRYeA7Qo9,CTRL-ALT-DEL,17,1,2evydP72Z45DouM4uMGsIE,Ash,5vmpybdKMNFKVDrPz2mjll,A-Z Vol. 1,album,2010-04-18,202627,202.63,0,False,0.361,0.911,7,-2.845,1,0.0489,4.2e-05,2.28e-06,0.214,0.421,141.983,4
0H32UqGj175jgXkWSrJVQP,Do You Feel It?,18,1,2evydP72Z45DouM4uMGsIE,Ash,5vmpybdKMNFKVDrPz2mjll,A-Z Vol. 1,album,2010-04-18,242040,242.04,0,False,0.398,0.614,0,-4.68,1,0.0258,0.133,1.37e-05,0.0832,0.419,102.598,4
2kNkNAUcLiF5OcbEwJYz6h,Dare To Dream,1,1,2evydP72Z45DouM4uMGsIE,Ash,0PBVlruQjjmiiPZyNkfvHK,A-Z (Vol. 2),album,2010-04-20,305481,305.48,0,False,0.337,0.845,4,-3.959,1,0.0661,0.000194,0.0434,0.178,0.108,122.043,4
5pgFkBN9nzWUzRDkJPbuOt,Mind Control,2,1,2evydP72Z45DouM4uMGsIE,Ash,0PBVlruQjjmiiPZyNkfvHK,A-Z (Vol. 2),album,2010-04-20,172137,172.14,0,False,0.533,0.697,10,-3.52,1,0.054,0.00577,0.0,0.0795,0.504,129.878,4
3cDh2GWRKDioKuE0IKgtxF,Insects,3,1,2evydP72Z45DouM4uMGsIE,Ash,0PBVlruQjjmiiPZyNkfvHK,A-Z (Vol. 2),album,2010-04-20,229020,229.02,0,False,0.18,0.843,4,-3.028,1,0.0598,0.00302,0.000259,0.131,0.339,178.902,4
1mW2gO6IHKhe1Wnoq3Bvid,Binary,4,1,2evydP72Z45DouM4uMGsIE,Ash,0PBVlruQjjmiiPZyNkfvHK,A-Z (Vol. 2),album,2010-04-20,245601,245.6,0,False,0.454,0.962,0,-2.858,1,0.0705,0.00642,2.03e-06,0.315,0.315,121.947,4
0ODJgxkcAeShlIia4gt630,Physical World,5,1,2evydP72Z45DouM4uMGsIE,Ash,0PBVlruQjjmiiPZyNkfvHK,A-Z (Vol. 2),album,2010-04-20,169312,169.31,0,False,0.44,0.932,4,-2.42,1,0.0624,0.00366,0.000423,0.0809,0.546,151.131,4
4GwpdEe02KKu5ZHTvgGfHO,Spheres,6,1,2evydP72Z45DouM4uMGsIE,Ash,0PBVlruQjjmiiPZyNkfvHK,A-Z (Vol. 2),album,2010-04-20,367296,367.3,0,False,0.533,0.924,7,-3.93,1,0.0387,0.000831,0.00599,0.0892,0.295,137.996,4
4E34FpAkHo0QgOraabJ4zq,Instinct,7,1,2evydP72Z45DouM4uMGsIE,Ash,0PBVlruQjjmiiPZyNkfvHK,A-Z (Vol. 2),album,2010-04-20,231924,231.92,0,False,0.443,0.898,0,-2.377,1,0.0446,0.000979,8.59e-06,0.147,0.252,125.969,4
1VDjgCrNFI1CFjMQn9S73v,Summer Snow,8,1,2evydP72Z45DouM4uMGsIE,Ash,0PBVlruQjjmiiPZyNkfvHK,A-Z (Vol. 2),album,2010-04-20,210596,210.6,0,False,0.403,0.939,0,-2.08,1,0.0613,0.000212,0.000297,0.154,0.357,119.819,4
4W1JmWb5rIDYDJv4MOAp8T,Carnal Love,9,1,2evydP72Z45DouM4uMGsIE,Ash,0PBVlruQjjmiiPZyNkfvHK,A-Z (Vol. 2),album,2010-04-20,240379,240.38,0,False,0.51,0.667,11,-4.35,0,0.0293,0.0139,0.000324,0.0983,0.413,80.983,4
4pzwEJsgBplNKV8k4rjOAC,Embers,10,1,2evydP72Z45DouM4uMGsIE,Ash,0PBVlruQjjmiiPZyNkfvHK,A-Z (Vol. 2),album,2010-04-20,259861,259.86,0,False,0.21,0.988,6,-2.813,0,0.119,9.13e-05,0.0771,0.109,0.163,171.497,4
6xjCyL7jII6YbBduoT7ecs,Change Your Name,11,1,2evydP72Z45DouM4uMGsIE,Ash,0PBVlruQjjmiiPZyNkfvHK,A-Z (Vol. 2),album,2010-04-20,200107,200.11,0,False,0.509,0.637,9,-5.163,1,0.0265,0.305,0.0,0.156,0.442,89.972,4
4Hj0kGqGn5VNRIfvcKZY1y,Sky Burial,12,1,2evydP72Z45DouM4uMGsIE,Ash,0PBVlruQjjmiiPZyNkfvHK,A-Z (Vol. 2),album,2010-04-20,617200,617.2,0,False,0.236,0.834,4,-4.687,1,0.0723,0.000506,0.767,0.0823,0.0897,131.999,4
53V41AKrJ74xOdHNjTQIS6,There Is Hope Again,13,1,2evydP72Z45DouM4uMGsIE,Ash,0PBVlruQjjmiiPZyNkfvHK,A-Z (Vol. 2),album,2010-04-20,227427,227.43,0,False,0.521,0.977,0,-3.597,0,0.0961,4.48e-05,4.99e-06,0.168,0.499,125.936,4
5qZzcC2OdJyDPTvlEqZjDe,Teenage Wildlife,14,1,2evydP72Z45DouM4uMGsIE,Ash,0PBVlruQjjmiiPZyNkfvHK,A-Z (Vol. 2),album,2010-04-20,240449,240.45,0,False,0.415,0.894,1,-2.9,1,0.0493,0.000738,0.00116,0.354,0.39,131.036,4
5lYP8lOUact4e0kEHZU29W,Spellbound,15,1,2evydP72Z45DouM4uMGsIE,Ash,0PBVlruQjjmiiPZyNkfvHK,A-Z (Vol. 2),album,2010-04-20,199480,199.48,0,False,0.676,0.642,7,-4.237,1,0.0303,0.0196,0.0,0.0915,0.929,115.956,4
6y9slxSceTjVD4vcP9Z0Wv,Nightfall,16,1,2evydP72Z45DouM4uMGsIE,Ash,0PBVlruQjjmiiPZyNkfvHK,A-Z (Vol. 2),album,2010-04-20,163560,163.56,0,False,0.0799,0.395,2,-6.185,1,0.0341,0.00342,1.61e-05,0.092,0.0438,82.897,4
0O4E6VBHJ0uY9RNEhIqVce,Do You Wanna Dance,1,1,2evydP72Z45DouM4uMGsIE,Ash,1T8TkdOpbDatM7lvWuAlvD,Little Infinity,album,2012-06-25,169768,169.77,0,False,0.228,0.908,10,-1.957,1,0.0434,0.00138,0.0,0.339,0.552,148.108,4
6f949yg0coDIIjDfrgJwqN,Lay All Your Love On Me,3,1,2evydP72Z45DouM4uMGsIE,Ash,1T8TkdOpbDatM7lvWuAlvD,Little Infinity,album,2012-06-25,290227,290.23,0,False,0.46,0.82,2,-4.058,0,0.0388,0.0034,4.15e-05,0.407,0.312,133.968,4
42puFxeBbxQGgYpU3BQJ7D,Hello Goodbye,4,1,2evydP72Z45DouM4uMGsIE,Ash,1T8TkdOpbDatM7lvWuAlvD,Little Infinity,album,2012-06-25,209513,209.51,0,False,0.477,0.911,0,-3.798,1,0.0325,0.0223,0.0,0.0917,0.581,99.943,4
2NH3QMcNUOFBcSMIaGdejk,Pledging My Love,5,1,2evydP72Z45DouM4uMGsIE,Ash,1T8TkdOpbDatM7lvWuAlvD,Little Infinity,album,2012-06-25,127338,127.34,0,False,0.48,0.833,1,-4.832,1,0.0355,0.237,0.000114,0.0802,0.493,140.015,4
0o9zTMyMQbrn3DbQl2mIx5,What Ever Happened,6,1,2evydP72Z45DouM4uMGsIE,Ash,1T8TkdOpbDatM7lvWuAlvD,Little Infinity,album,2012-06-25,155509,155.51,0,False,0.681,0.533,11,-7.684,1,0.0327,0.833,0.0,0.138,0.392,127.135,4
3Zddbt7FC8wiZTcFfvzdio,Kamakura,32,1,2evydP72Z45DouM4uMGsIE,Ash,08ywJotdX99KOcZjhpTZNI,The A-Z Series,album,2012-11-06,149289,149.29,0,False,0.325,0.94,0,-3.349,1,0.0555,0.00163,0.0,0.22,0.305,161.257,4
0nLzpyzCjZOYQlIIHkBGCw,Disenchanted,33,1,2evydP72Z45DouM4uMGsIE,Ash,08ywJotdX99KOcZjhpTZNI,The A-Z Series,album,2012-11-06,186823,186.82,0,False,0.443,0.739,9,-4.065,1,0.0357,0.000841,0.000471,0.0772,0.58,139.959,4
6CHzPaWwrYcccKQR3toNVf,Midnight in the Garden,37,1,2evydP72Z45DouM4uMGsIE,Ash,08ywJotdX99KOcZjhpTZNI,The A-Z Series,album,2012-11-06,141158,141.16,0,False,0.633,0.735,10,-4.728,1,0.0445,0.0318,5.25e-05,0.119,0.494,120.275,4
7GH9xk9xRS8QsxvFov96F7,Running to the Ocean,38,1,2evydP72Z45DouM4uMGsIE,Ash,08ywJotdX99KOcZjhpTZNI,The A-Z Series,album,2012-11-06,243249,243.25,0,False,0.226,0.879,0,-3.593,1,0.0656,0.00365,0.0,0.0939,0.26,162.98,4
6qREz748IUlVpdziMyhFCc,Lay Down Your Arms,39,1,2evydP72Z45DouM4uMGsIE,Ash,08ywJotdX99KOcZjhpTZNI,The A-Z Series,album,2012-11-06,223163,223.16,0,False,0.223,0.95,0,-2.703,1,0.15,0.00423,6.56e-05,0.113,0.0876,162.557,4
5iD7WgG4qTZJuX1PSXN852,Gallows Hill,40,1,2evydP72Z45DouM4uMGsIE,Ash,08ywJotdX99KOcZjhpTZNI,The A-Z Series,album,2012-11-06,222774,222.77,0,False,0.243,0.882,5,-3.976,0,0.0443,3.5e-06,0.000769,0.287,0.448,169.961,4
7L066slhC7AtmDAUXX0wI7,Night Terrors,41,1,2evydP72Z45DouM4uMGsIE,Ash,08ywJotdX99KOcZjhpTZNI,The A-Z Series,album,2012-11-06,230056,230.06,0,False,0.329,0.954,6,-3.725,0,0.167,0.000679,2.71e-06,0.0482,0.439,154.954,4
2KQJoQVlXXRlg4dokTNDww,Empire of Sand,42,1,2evydP72Z45DouM4uMGsIE,Ash,08ywJotdX99KOcZjhpTZNI,The A-Z Series,album,2012-11-06,197926,197.93,0,False,0.528,0.872,5,-4.335,1,0.0998,0.00255,0.000175,0.0925,0.151,138.072,4
6M2Rv9o3wjbWEwgzXWcTcT,Pirates Are So 2004,43,1,2evydP72Z45DouM4uMGsIE,Ash,08ywJotdX99KOcZjhpTZNI,The A-Z Series,album,2012-11-06,215335,215.34,0,False,0.464,0.944,0,-1.894,1,0.057,0.000164,0.0235,0.313,0.312,129.039,3
3FFEG5Y11tOPNxvtqq2DrN,No Heartbreaker,44,1,2evydP72Z45DouM4uMGsIE,Ash,08ywJotdX99KOcZjhpTZNI,The A-Z Series,album,2012-11-06,276581,276.58,0,False,0.48,0.759,9,-3.857,1,0.0296,0.0105,2.84e-05,0.326,0.407,152.11,4
5Kwl65e6VIHS7pom22eVWZ,Lights Out,45,1,2evydP72Z45DouM4uMGsIE,Ash,08ywJotdX99KOcZjhpTZNI,The A-Z Series,album,2012-11-06,268012,268.01,0,False,0.428,0.942,6,-3.906,0,0.0973,8.58e-05,1.6e-06,0.069,0.0745,127.86,4
5Z5rUS0kFPDHc332bsjOyi,Midnight Militia,46,1,2evydP72Z45DouM4uMGsIE,Ash,08ywJotdX99KOcZjhpTZNI,The A-Z Series,album,2012-11-06,259081,259.08,0,False,0.312,0.826,4,-3.407,1,0.0625,0.00563,1.24e-06,0.407,0.355,136.278,5
16HT1jjDcLiaUfhP0eBTlT,Replicants,47,1,2evydP72Z45DouM4uMGsIE,Ash,08ywJotdX99KOcZjhpTZNI,The A-Z Series,album,2012-11-06,218261,218.26,0,False,0.498,0.964,9,-3.572,0,0.0427,0.000933,0.000284,0.45,0.68,138.025,4
3uKI7mkW5fvLFAYQJrRoMt,Nouvelles Aventures,48,1,2evydP72Z45DouM4uMGsIE,Ash,08ywJotdX99KOcZjhpTZNI,The A-Z Series,album,2012-11-06,257038,257.04,0,False,0.427,0.986,10,-3.669,1,0.106,0.0011,0.0238,0.164,0.456,187.022,4
6N1WWbo0EJkLi0T23nT6gV,Cocoon,1,1,2evydP72Z45DouM4uMGsIE,Ash,2Z8biSfp6WRceFCHHicFFb,Kablammo!,album,2015-05-22,147826,147.83,0,False,0.15,0.905,4,-4.155,1,0.0543,0.0016,0.0155,0.168,0.437,167.875,4
3DRRIxgVYFYtcBjSS06RYJ,Let's Ride,2,1,2evydP72Z45DouM4uMGsIE,Ash,2Z8biSfp6WRceFCHHicFFb,Kablammo!,album,2015-05-22,171972,171.97,0,False,0.418,0.691,2,-3.794,1,0.0505,5.1e-05,2.76e-05,0.044,0.536,108.037,4
4ubB8l3F3EmF9OXmgt3Cs1,Machinery,3,1,2evydP72Z45DouM4uMGsIE,Ash,2Z8biSfp6WRceFCHHicFFb,Kablammo!,album,2015-05-22,238906,238.91,0,False,0.244,0.843,10,-2.315,1,0.0449,0.0184,0.00126,0.131,0.511,164.017,4
6cboOO5gFswMOqCpayfR98,Free,4,1,2evydP72Z45DouM4uMGsIE,Ash,2Z8biSfp6WRceFCHHicFFb,Kablammo!,album,2015-05-22,237092,237.09,0,False,0.603,0.764,0,-5.896,1,0.0341,0.0963,0.000616,0.0938,0.191,119.924,4
3hD2bPO4r6SRvvMpvkeT8o,Go! Fight! Win!,5,1,2evydP72Z45DouM4uMGsIE,Ash,2Z8biSfp6WRceFCHHicFFb,Kablammo!,album,2015-05-22,238252,238.25,0,False,0.439,0.963,0,-3.383,0,0.061,0.000419,0.000346,0.107,0.384,142.109,4
1Eqsv6lsji0LrQNrZKZmmX,Moondust,6,1,2evydP72Z45DouM4uMGsIE,Ash,2Z8biSfp6WRceFCHHicFFb,Kablammo!,album,2015-05-22,244826,244.83,0,False,0.411,0.612,0,-4.624,1,0.0284,0.0215,0.0,0.0977,0.137,104.01,4
64MJbaSCMQpNQgVGQMAvFS,Evel Knievel,7,1,2evydP72Z45DouM4uMGsIE,Ash,2Z8biSfp6WRceFCHHicFFb,Kablammo!,album,2015-05-22,105119,105.12,0,False,0.307,0.811,9,-3.537,0,0.0551,0.000337,0.72,0.0917,0.305,131.907,4
1yEYXbcpPcCePN7UgjMGwp,Hedonism,8,1,2evydP72Z45DouM4uMGsIE,Ash,2Z8biSfp6WRceFCHHicFFb,Kablammo!,album,2015-05-22,219439,219.44,0,False,0.325,0.808,4,-3.716,1,0.0421,2.08e-05,0.0,0.0911,0.451,140.106,4
4dEz0afcWC3ZsyFWDYyrVN,Dispatch,9,1,2evydP72Z45DouM4uMGsIE,Ash,2Z8biSfp6WRceFCHHicFFb,Kablammo!,album,2015-05-22,235386,235.39,0,False,0.529,0.798,2,-5.36,1,0.0557,0.00201,0.000413,0.079,0.485,116.002,4
7tLd9oFvHM0xHdjdQB0LDo,Shutdown,10,1,2evydP72Z45DouM4uMGsIE,Ash,2Z8biSfp6WRceFCHHicFFb,Kablammo!,album,2015-05-22,139252,139.25,0,False,0.361,0.961,7,-2.786,1,0.0633,0.00143,0.0,0.344,0.445,107.963,4
4n3aLoRQhHkNJ7qXSmTMd5,For Eternity,11,1,2evydP72Z45DouM4uMGsIE,Ash,2Z8biSfp6WRceFCHHicFFb,Kablammo!,album,2015-05-22,250932,250.93,0,False,0.29,0.439,0,-5.053,1,0.0299,0.168,0.0,0.115,0.193,143.48,4
4mZIZUXK4HdnSvjIiPxKTY,Bring Back the Summer,12,1,2evydP72Z45DouM4uMGsIE,Ash,2Z8biSfp6WRceFCHHicFFb,Kablammo!,album,2015-05-22,166679,166.68,0,False,0.622,0.43,9,-6.796,1,0.0326,0.00131,2.26e-06,0.109,0.489,117.97,4
3KBjR0Mb2Xdrvm7wN1LQ57,True Story,1,1,2evydP72Z45DouM4uMGsIE,Ash,1G2mVqVpvFyOBAtdio5eSc,Islands,album,2018-05-18,199093,199.09,0,False,0.396,0.989,10,-2.847,1,0.104,3.24e-05,0.00409,0.153,0.141,133.814,4
5wPecrMtA8wqQdLImYcNXO,Annabel,2,1,2evydP72Z45DouM4uMGsIE,Ash,1G2mVqVpvFyOBAtdio5eSc,Islands,album,2018-05-18,192733,192.73,0,False,0.27,0.948,7,-2.46,1,0.0746,0.000505,0.000579,0.114,0.314,144.29,4
3vMV9P7rSy5brnnMwGeLTf,Buzzkill,3,1,2evydP72Z45DouM4uMGsIE,Ash,1G2mVqVpvFyOBAtdio5eSc,Islands,album,2018-05-18,150773,150.77,0,True,0.339,0.975,10,-1.771,1,0.052,5.06e-06,0.000458,0.191,0.368,145.08,4
4kgvqHa6ucwrqGUYehqfbp,Confessions in the Pool,4,1,2evydP72Z45DouM4uMGsIE,Ash,1G2mVqVpvFyOBAtdio5eSc,Islands,album,2018-05-18,263227,263.23,0,False,0.63,0.863,11,-3.725,0,0.0417,0.000349,0.1,0.101,0.509,118.939,4
0lRJwEH1VDr83tEEx0yDFC,All That I Have Left,5,1,2evydP72Z45DouM4uMGsIE,Ash,1G2mVqVpvFyOBAtdio5eSc,Islands,album,2018-05-18,212160,212.16,0,False,0.49,0.847,5,-2.883,1,0.066,0.000144,0.000576,0.114,0.613,122.078,4
24pWJCVkkKlBCxHUjpnP88,Don't Need Your Love,6,1,2evydP72Z45DouM4uMGsIE,Ash,1G2mVqVpvFyOBAtdio5eSc,Islands,album,2018-05-18,235373,235.37,0,False,0.424,0.729,8,-4.999,1,0.0367,0.00545,7.21e-06,0.119,0.511,175.816,4
4l8D9d5Fn3fJrZlP2kp9yn,Somersault,7,1,2evydP72Z45DouM4uMGsIE,Ash,1G2mVqVpvFyOBAtdio5eSc,Islands,album,2018-05-18,185347,185.35,0,False,0.405,0.944,6,-3.218,0,0.0803,1.93e-05,9.48e-05,0.0647,0.845,150.117,4
4zdvnfrFSGX6kMkqp7cQ4n,Silver Suit,9,1,2evydP72Z45DouM4uMGsIE,Ash,1G2mVqVpvFyOBAtdio5eSc,Islands,album,2018-05-18,253280,253.28,0,False,0.373,0.933,9,-2.264,1,0.0586,0.000325,0.00127,0.096,0.422,128.004,4
0g0vIcgseGiSscqhdR4kci,It's a Trap,10,1,2evydP72Z45DouM4uMGsIE,Ash,1G2mVqVpvFyOBAtdio5eSc,Islands,album,2018-05-18,267493,267.49,0,False,0.383,0.673,4,-4.447,1,0.0291,0.001,0.00208,0.109,0.0822,80.018,4
0poUp5ZD4ep7hT4OGGHX4s,Is It True?,11,1,2evydP72Z45DouM4uMGsIE,Ash,1G2mVqVpvFyOBAtdio5eSc,Islands,album,2018-05-18,242573,242.57,0,False,0.608,0.91,9,-3.365,0,0.0395,0.00131,0.0144,0.0695,0.669,131.984,4
0NMQKhVOAHtNmR4PCMjkE2,Incoming Waves,12,1,2evydP72Z45DouM4uMGsIE,Ash,1G2mVqVpvFyOBAtdio5eSc,Islands,album,2018-05-18,277333,277.33,0,False,0.319,0.572,9,-5.489,1,0.0349,0.0747,0.00668,0.0935,0.264,159.868,4
1pLwfuhQRE0WjOhJhB4Gzc,Darkest Hour of the Night,3,1,2evydP72Z45DouM4uMGsIE,Ash,4Rxm9U0KKKcc3qxFhHPM9N,Teenage Wildlife: 25 Years of Ash,album,2020-02-14,229987,229.99,0,False,0.634,0.791,0,-5.037,1,0.0316,0.000646,0.00944,0.397,0.71,113.951,4
11J3yQJJFGwEm9mJkaSgbw,Here Comes the Music,37,1,2evydP72Z45DouM4uMGsIE,Ash,4Rxm9U0KKKcc3qxFhHPM9N,Teenage Wildlife: 25 Years of Ash,album,2020-02-14,191280,191.28,0,False,0.485,0.887,0,-4.262,1,0.0332,0.000279,6.21e-06,0.395,0.556,127.055,4
1ZMo3WPjpN1i1F3ptfVOW2,I Shall Not Die,40,1,2evydP72Z45DouM4uMGsIE,Ash,4Rxm9U0KKKcc3qxFhHPM9N,Teenage Wildlife: 25 Years of Ash,album,2020-02-14,203960,203.96,0,False,0.323,0.254,2,-11.849,1,0.0306,0.296,5.99e-06,0.452,0.188,143.944,4
3d93AiwJZjr83o0hnRISRo,Skullfull of Sulphur,41,1,2evydP72Z45DouM4uMGsIE,Ash,4Rxm9U0KKKcc3qxFhHPM9N,Teenage Wildlife: 25 Years of Ash,album,2020-02-14,186787,186.79,0,False,0.0807,0.875,7,-4.176,1,0.0549,0.09,0.0891,0.665,0.395,190.685,4
7ve9nMJMs4t5mWnxJHVtdC,Teenage Kicks,42,1,2evydP72Z45DouM4uMGsIE,Ash,4Rxm9U0KKKcc3qxFhHPM9N,Teenage Wildlife: 25 Years of Ash,album,2020-02-14,148387,148.39,0,False,0.197,0.904,2,-3.177,1,0.091,0.173,0.158,0.16,0.341,132.591,4
5wzh0M0lC9KQNpXCmWRIBW,Waterfall,44,1,2evydP72Z45DouM4uMGsIE,Ash,4Rxm9U0KKKcc3qxFhHPM9N,Teenage Wildlife: 25 Years of Ash,album,2020-02-14,269213,269.21,0,False,0.439,0.935,9,-4.931,1,0.039,1.77e-06,0.286,0.146,0.613,100.676,4
1oCvDlzruwxO7JT8KooesB,Saskia,45,1,2evydP72Z45DouM4uMGsIE,Ash,4Rxm9U0KKKcc3qxFhHPM9N,Teenage Wildlife: 25 Years of Ash,album,2020-02-14,213387,213.39,0,False,0.277,0.85,1,-5.035,0,0.0705,6.15e-05,0.000705,0.438,0.397,125.606,4
2u2nizUGP8y4KDZZO1s3fP,Seventh Circle,46,1,2evydP72Z45DouM4uMGsIE,Ash,4Rxm9U0KKKcc3qxFhHPM9N,Teenage Wildlife: 25 Years of Ash,album,2020-02-14,306493,306.49,0,False,0.469,0.761,1,-6.51,0,0.0292,0.00295,0.0208,0.11,0.267,105.883,4
2HKN6Lh4VJnfHfvk0Ukx8a,Everybody's Happy Nowadays,47,1,2evydP72Z45DouM4uMGsIE,Ash,4Rxm9U0KKKcc3qxFhHPM9N,Teenage Wildlife: 25 Years of Ash,album,2020-02-14,198253,198.25,0,False,0.583,0.917,9,-5.502,1,0.0693,0.00146,0.000468,0.105,0.453,109.977,4
6L5dLdQGmmhSXdj1rLHBZo,Chinese New Year,48,1,2evydP72Z45DouM4uMGsIE,Ash,4Rxm9U0KKKcc3qxFhHPM9N,Teenage Wildlife: 25 Years of Ash,album,2020-02-14,223680,223.68,0,False,0.561,0.472,7,-11.705,1,0.0282,0.136,1.28e-06,0.147,0.612,143.884,4
23u25976pGsJi6W9F0fWH1,Wasted On You,49,1,2evydP72Z45DouM4uMGsIE,Ash,4Rxm9U0KKKcc3qxFhHPM9N,Teenage Wildlife: 25 Years of Ash,album,2020-02-14,175267,175.27,0,False,0.382,0.906,2,-5.838,1,0.0914,8.63e-05,0.0894,0.0708,0.262,162.003,4
4DFjdswNE4lttAWT0RCcPg,Comet Tempel 1,50,1,2evydP72Z45DouM4uMGsIE,Ash,4Rxm9U0KKKcc3qxFhHPM9N,Teenage Wildlife: 25 Years of Ash,album,2020-02-14,192027,192.03,0,False,0.287,0.928,9,-6.166,1,0.0636,1.81e-05,0.000167,0.181,0.644,171.608,4
27QrhwCaJvJbCAa1EJAJqp,Race the Night,1,1,2evydP72Z45DouM4uMGsIE,Ash,5TmUKuohnkb7ndRNKdCgBE,Race the Night,album,2023-09-15,244685,244.68,22,False,0.405,0.874,0,-3.969,1,0.0476,5.39e-05,0.000279,0.192,0.541,139.991,4
19zfciBkLEXLTsUqkPm7ZF,Usual Places,2,1,2evydP72Z45DouM4uMGsIE,Ash,5TmUKuohnkb7ndRNKdCgBE,Race the Night,album,2023-09-15,218353,218.35,19,False,0.367,0.947,4,-3.768,1,0.0782,0.00518,0.000551,0.0553,0.334,135.656,4
2SBCISlgQR2nEPYN0Ph7QC,Braindead,8,1,2evydP72Z45DouM4uMGsIE,Ash,5TmUKuohnkb7ndRNKdCgBE,Race the Night,album,2023-09-15,199650,199.65,19,True,0.472,0.937,5,-3.48,1,0.119,0.000409,0.551,0.221,0.542,141.997,4
7cWhNFqv9nhlIg2uRlUINe,Like A God,5,1,2evydP72Z45DouM4uMGsIE,Ash,5TmUKuohnkb7ndRNKdCgBE,Race the Night,album,2023-09-15,254605,254.6,18,False,0.475,0.987,9,-4.798,0,0.151,3.97e-05,0.00621,0.918,0.218,121.91,4
4lDMHmTqfgmdHvwEWZO59l,Reward In Mind,3,1,2evydP72Z45DouM4uMGsIE,Ash,5TmUKuohnkb7ndRNKdCgBE,Race the Night,album,2023-09-15,229217,229.22,16,False,0.361,0.802,4,-3.867,1,0.0475,0.00202,3.29e-05,0.0686,0.493,143.934,4
6jwgHppeFp9IIr7f1AySJs,Oslo (feat. Démira),4,1,2evydP72Z45DouM4uMGsIE,Ash,5TmUKuohnkb7ndRNKdCgBE,Race the Night,album,2023-09-15,269825,269.82,16,False,0.331,0.661,4,-5.629,1,0.0334,0.0701,0.0595,0.095,0.194,147.81,4
3ZfqLbX8ALEXyn8F058ahr,Crashed Out Wasted,7,1,2evydP72Z45DouM4uMGsIE,Ash,5TmUKuohnkb7ndRNKdCgBE,Race the Night,album,2023-09-15,398384,398.38,16,False,0.383,0.822,9,-5.488,1,0.049,0.000465,0.00649,0.116,0.279,125.996,4
3vbdRTcl99n6zGqGKylYeX,Peanut Brain,6,1,2evydP72Z45DouM4uMGsIE,Ash,5TmUKuohnkb7ndRNKdCgBE,Race the Night,album,2023-09-15,99855,99.86,10,False,0.287,0.923,2,-3.054,1,0.076,0.00251,0.000327,0.231,0.227,142.058,4
7GtwiavDO84csvMkVqAhJN,Double Dare,9,1,2evydP72Z45DouM4uMGsIE,Ash,5TmUKuohnkb7ndRNKdCgBE,Race the Night,album,2023-09-15,171822,171.82,9,False,0.513,0.971,9,-3.414,0,0.0868,0.000971,1.65e-05,0.119,0.433,124.019,4
32AtGbcJtMHcDnI8yBonGW,Over & Out,10,1,2evydP72Z45DouM4uMGsIE,Ash,5TmUKuohnkb7ndRNKdCgBE,Race the Night,album,2023-09-15,281767,281.77,9,True,0.425,0.913,9,-4.409,0,0.0769,0.00243,0.00338,0.123,0.265,121.955,4
4pLuajhI2vycZSX78eHnhV,Zarathustra,1,1,2evydP72Z45DouM4uMGsIE,Ash,48RGOkW1LNYD9lxDPTqfqL,Ad Astra,album,2025-10-03,93093,93.09,3,False,0.566,0.443,0,-6.915,1,0.0338,0.00262,0.869,0.196,0.0663,106.719,5
79IAQ42zY8kcviLZ8jrKXj,Which One Do You Want?,2,1,2evydP72Z45DouM4uMGsIE,Ash,48RGOkW1LNYD9lxDPTqfqL,Ad Astra,album,2025-10-03,210774,210.77,3,False,0.414,0.893,4,-3.263,1,0.0405,0.00611,0.0265,0.138,0.564,98.005,4
4PCyDu901hYqYiE28zsc0D,Fun People (feat. Graham Coxon),3,1,2evydP72Z45DouM4uMGsIE,Ash,48RGOkW1LNYD9lxDPTqfqL,Ad Astra,album,2025-10-03,222058,222.06,3,False,0.555,0.986,9,-4.541,1,0.12,0.00921,2.33e-06,0.0545,0.554,137.997,4
4GXVDhtxSCfJca58uyQN6Z,Give Me Back My World,4,1,2evydP72Z45DouM4uMGsIE,Ash,48RGOkW1LNYD9lxDPTqfqL,Ad Astra,album,2025-10-03,162946,162.95,3,False,0.423,0.959,6,-3.245,0,0.0566,0.000578,0.000185,0.287,0.461,131.886,4
6H137sku81Yb9j7u7B85k4,Hallion,5,1,2evydP72Z45DouM4uMGsIE,Ash,48RGOkW1LNYD9lxDPTqfqL,Ad Astra,album,2025-10-03,213851,213.85,2,False,0.149,0.962,7,-4.323,1,0.254,0.000374,0.00117,0.151,0.118,177.666,4
3IfLe07U5e1zzUk90yygjn,Deadly Love,6,1,2evydP72Z45DouM4uMGsIE,Ash,48RGOkW1LNYD9lxDPTqfqL,Ad Astra,album,2025-10-03,365631,365.63,2,False,0.555,0.926,5,-4.836,1,0.049,0.000372,0.000547,0.109,0.314,114.006,4
1vX5PGIZ8v9hGllwQJq6UZ,My Favourite Ghost,7,1,2evydP72Z45DouM4uMGsIE,Ash,48RGOkW1LNYD9lxDPTqfqL,Ad Astra,album,2025-10-03,192771,192.77,2,False,0.336,0.39,5,-8.368,1,0.0291,0.634,0.000101,0.087,0.345,79.162,4
6gWDrRMUS9B750hJ2zAZ10,Jump in the Line,8,1,2evydP72Z45DouM4uMGsIE,Ash,48RGOkW1LNYD9lxDPTqfqL,Ad Astra,album,2025-10-03,207233,207.23,2,False,0.419,0.958,5,-3.581,1,0.186,0.0045,1.32e-05,0.0681,0.288,190.063,4
7fsnoOn7lywCGgQThbZhM1,Keep Dreaming,9,1,2evydP72Z45DouM4uMGsIE,Ash,48RGOkW1LNYD9lxDPTqfqL,Ad Astra,album,2025-10-03,209430,209.43,2,False,0.569,0.886,9,-5.632,1,0.0586,0.00114,0.000211,0.0845,0.787,132.01,4
0VT44hPNOUC7Del0Cii5tB,Ad Astra (feat. Graham Coxon),12,1,2evydP72Z45DouM4uMGsIE,Ash,48RGOkW1LNYD9lxDPTqfqL,Ad Astra,album,2025-10-03,314744,314.74,2,False,0.364,0.965,4,-5.422,1,0.0918,0.00157,0.0944,0.151,0.166,137.992,4
05qZMqqIIXOENX7lmA7kN6,Dehumanised,10,1,2evydP72Z45DouM4uMGsIE,Ash,48RGOkW1LNYD9lxDPTqfqL,Ad Astra,album,2025-10-03,259789,259.79,1,False,0.395,0.976,4,-5.285,1,0.208,0.00341,0.000443,0.308,0.0425,136.071,4
3VBGOg0iCbuIvdeuvDYTib,Ghosting,11,1,2evydP72Z45DouM4uMGsIE,Ash,48RGOkW1LNYD9lxDPTqfqL,Ad Astra,album,2025-10-03,153088,153.09,1,False,0.531,0.967,4,-5.648,1,0.112,0.00345,0.00707,0.0791,0.358,138.026,4
0cRVy5HCrvByvYMyeNW76k,Girls And Boys,1,1,7MhMgCo0Bl0Kukl93PZbYS,Blur,0f52o69fi7MJErIiEMGFpi,Parklife,album,1994,259000,259.0,0,False,0.69,0.88,7,-8.35,0,0.03,0.01,0.0,0.06,0.9,120.05,4
0bb9bFfXAVCKuXUWEJzCjR,Tracy Jacks,2,1,7MhMgCo0Bl0Kukl93PZbYS,Blur,0f52o69fi7MJErIiEMGFpi,Parklife,album,1994,260000,260.0,0,False,0.64,0.7,4,-10.27,1,0.04,0.1,0.0,0.1,0.37,121.14,4
76glkvDsvoxa1PtJByTAZx,End Of A Century,3,1,7MhMgCo0Bl0Kukl93PZbYS,Blur,0f52o69fi7MJErIiEMGFpi,Parklife,album,1994,166000,166.0,0,False,0.45,0.65,7,-8.01,1,0.03,0.19,0.0,0.2,0.51,81.59,4
6Cv1yU5lCryrYVamre6xGc,Parklife,4,1,7MhMgCo0Bl0Kukl93PZbYS,Blur,0f52o69fi7MJErIiEMGFpi,Parklife,album,1994,187000,187.0,0,False,0.63,0.88,4,-6.91,1,0.06,0.15,0.0,0.33,0.75,138.39,4
5TDGfTDRcljpOezH94BGI3,Bank Holiday,5,1,7MhMgCo0Bl0Kukl93PZbYS,Blur,0f52o69fi7MJErIiEMGFpi,Parklife,album,1994,102000,102.0,0,False,0.31,0.87,2,-10.31,1,0.09,0.03,0.0,0.17,0.3,88.6,4
1G9IIlAf6PVBoY1KMyJGTo,Bad Head,6,1,7MhMgCo0Bl0Kukl93PZbYS,Blur,0f52o69fi7MJErIiEMGFpi,Parklife,album,1994,208000,208.0,0,False,0.54,0.53,7,-11.19,1,0.03,0.14,0.0,0.47,0.45,110.96,4
7FxpjjJLmoWYOHFNTwwcMe,The Debt Collector,7,1,7MhMgCo0Bl0Kukl93PZbYS,Blur,0f52o69fi7MJErIiEMGFpi,Parklife,album,1994,130000,130.0,0,False,0.36,0.32,4,-15.07,1,0.03,0.08,0.18,0.63,0.68,186.46,3
43fzwBpIw30UlLLk7Huket,Far Out,8,1,7MhMgCo0Bl0Kukl93PZbYS,Blur,0f52o69fi7MJErIiEMGFpi,Parklife,album,1994,101000,101.0,0,False,0.59,0.15,5,-16.08,1,0.05,0.92,0.0,0.08,0.12,102.98,4
5tA1P3JwJtCJ3Xv90rhYta,To The End,9,1,7MhMgCo0Bl0Kukl93PZbYS,Blur,0f52o69fi7MJErIiEMGFpi,Parklife,album,1994,244000,244.0,0,False,0.51,0.65,2,-8.97,1,0.02,0.03,0.01,0.12,0.61,96.58,4
7L0AwFf6LBYhlwP6TjZ6uN,London Loves,10,1,7MhMgCo0Bl0Kukl93PZbYS,Blur,0f52o69fi7MJErIiEMGFpi,Parklife,album,1994,255000,255.0,0,False,0.79,0.62,11,-10.42,0,0.03,0.07,0.01,0.1,0.82,120.36,4
6m4me4M9g0ncicsh6jQUMv,Trouble In The Message Centre,11,1,7MhMgCo0Bl0Kukl93PZbYS,Blur,0f52o69fi7MJErIiEMGFpi,Parklife,album,1994,249000,249.0,0,False,0.38,0.91,1,-9.18,1,0.05,0.0,0.0,0.45,0.52,139.59,4
4RRuOtjbDCdRwr0CkR2cW2,Clover Over Dover,12,1,7MhMgCo0Bl0Kukl93PZbYS,Blur,0f52o69fi7MJErIiEMGFpi,Parklife,album,1994,202000,202.0,0,False,0.58,0.57,1,-12.05,0,0.03,0.13,0.0,0.38,0.93,117.95,4
7w5ffqfChGUCnesl9is2Tg,Magic America,13,1,7MhMgCo0Bl0Kukl93PZbYS,Blur,0f52o69fi7MJErIiEMGFpi,Parklife,album,1994,218000,218.0,0,False,0.6,0.66,6,-10.46,1,0.03,0.36,0.0,0.54,0.9,99.76,4
55q3DK5L5QbINcDWFkbT7X,Jubilee,14,1,7MhMgCo0Bl0Kukl93PZbYS,Blur,0f52o69fi7MJErIiEMGFpi,Parklife,album,1994,167000,167.0,0,False,0.51,0.89,2,-9.52,1,0.06,0.0,0.0,0.17,0.61,130.03,4
4jDaPUUIzl0Nc6tfv00RgP,This Is A Low,15,1,7MhMgCo0Bl0Kukl93PZbYS,Blur,0f52o69fi7MJErIiEMGFpi,Parklife,album,1994,300000,300.0,0,False,0.27,0.39,9,-12.29,1,0.03,0.29,0.0,0.11,0.33,169.96,4
4lRgMecfBNLwtJshfzKOWI,Lot 105,16,1,7MhMgCo0Bl0Kukl93PZbYS,Blur,0f52o69fi7MJErIiEMGFpi,Parklife,album,1994,78000,78.0,0,False,0.74,0.29,0,-15.87,1,0.28,0.02,0.03,0.55,0.96,81.04,4
3ntspsTsOkkpW8tZSUGtrd,Stereotypes,1,1,7MhMgCo0Bl0Kukl93PZbYS,Blur,1VHf50IbIcWzw9dmFAkyfC,The Great Escape,album,1995,190827,190.83,0,False,0.421,0.73,6,-6.571,0,0.0573,0.0768,0.0,0.185,0.754,108.138,4
2M8LyE5zoFp6cbep62X7kg,Country House,2,1,7MhMgCo0Bl0Kukl93PZbYS,Blur,1VHf50IbIcWzw9dmFAkyfC,The Great Escape,album,1995,237173,237.17,0,False,0.341,0.868,9,-7.77,1,0.0719,0.128,0.0,0.0859,0.654,175.02,4
48i7fJcyKN61ivbHxJPQZ6,Best Days,3,1,7MhMgCo0Bl0Kukl93PZbYS,Blur,1VHf50IbIcWzw9dmFAkyfC,The Great Escape,album,1995,289333,289.33,0,False,0.544,0.385,0,-10.671,1,0.0238,0.458,0.0,0.144,0.339,75.19,4
5e3FlJMdvEHtUxA2Kixikb,Charmless Man,4,1,7MhMgCo0Bl0Kukl93PZbYS,Blur,1VHf50IbIcWzw9dmFAkyfC,The Great Escape,album,1995,214667,214.67,0,False,0.541,0.869,9,-7.701,1,0.0381,0.00636,0.0,0.0363,0.844,116.585,4
0FUsqSWFIt3MPkyYwpU4AA,Fade Away,5,1,7MhMgCo0Bl0Kukl93PZbYS,Blur,1VHf50IbIcWzw9dmFAkyfC,The Great Escape,album,1995,259000,259.0,0,False,0.453,0.635,4,-9.211,0,0.0426,0.07,0.000258,0.46,0.468,174.498,4
3i4yN9CIUp6b5SKg5CzU0U,Top Man,6,1,7MhMgCo0Bl0Kukl93PZbYS,Blur,1VHf50IbIcWzw9dmFAkyfC,The Great Escape,album,1995,240667,240.67,0,False,0.769,0.72,11,-8.429,0,0.0403,0.0214,0.0,0.0669,0.805,108.149,4
3wR9bqr5zhOgGGyrvKKf3J,The Universal,7,1,7MhMgCo0Bl0Kukl93PZbYS,Blur,1VHf50IbIcWzw9dmFAkyfC,The Great Escape,album,1995,238667,238.67,0,False,0.32,0.5,9,-9.55,1,0.0281,0.173,3.26e-06,0.0847,0.252,163.34,3
4xX5FUxUOy774D2y0OVPxt,Mr Robinson's Quango,8,1,7MhMgCo0Bl0Kukl93PZbYS,Blur,1VHf50IbIcWzw9dmFAkyfC,The Great Escape,album,1995,242160,242.16,0,False,0.254,0.856,11,-7.565,0,0.0554,0.0167,0.0,0.834,0.474,173.654,4
3xciNTbmOVD6kBNvfdcvv1,He Thought Of Cars,9,1,7MhMgCo0Bl0Kukl93PZbYS,Blur,1VHf50IbIcWzw9dmFAkyfC,The Great Escape,album,1995,255840,255.84,0,False,0.405,0.523,11,-10.396,0,0.0283,0.14,7.83e-05,0.274,0.36,80.065,4
359Tk1X7bJtEEbxmY99E2F,It Could Be You,10,1,7MhMgCo0Bl0Kukl93PZbYS,Blur,1VHf50IbIcWzw9dmFAkyfC,The Great Escape,album,1995,194000,194.0,0,False,0.707,0.689,7,-7.083,1,0.0402,0.0678,0.0,0.0712,0.872,125.023,4
7vyMP2JnAVdOT1pcXQcOzo,Ernold Same,11,1,7MhMgCo0Bl0Kukl93PZbYS,Blur,1VHf50IbIcWzw9dmFAkyfC,The Great Escape,album,1995,127000,127.0,0,False,0.254,0.523,0,-9.822,1,0.0305,0.187,6.39e-06,0.364,0.306,171.307,3
5ENRslJsqyjB6lwxvVq35r,Globe Alone,12,1,7MhMgCo0Bl0Kukl93PZbYS,Blur,1VHf50IbIcWzw9dmFAkyfC,The Great Escape,album,1995,143493,143.49,0,False,0.41,0.953,1,-6.785,0,0.16,0.000648,0.00125,0.19,0.648,152.69,4
6jswlIFEsZZB2z5zAjGHmg,Dan Abnormal,13,1,7MhMgCo0Bl0Kukl93PZbYS,Blur,1VHf50IbIcWzw9dmFAkyfC,The Great Escape,album,1995,204507,204.51,0,False,0.476,0.88,2,-7.048,1,0.056,0.0032,2.25e-06,0.0325,0.719,127.299,4
608TJ17ITc1Dz0ndrDa1uk,Entertain Me,14,1,7MhMgCo0Bl0Kukl93PZbYS,Blur,1VHf50IbIcWzw9dmFAkyfC,The Great Escape,album,1995,259000,259.0,0,False,0.575,0.867,9,-8.098,0,0.0317,0.127,0.0,0.15,0.775,120.26,4
1sZf0mJnA9b7aWRfEVTxeA,Yoku And Hiro,15,1,7MhMgCo0Bl0Kukl93PZbYS,Blur,1VHf50IbIcWzw9dmFAkyfC,The Great Escape,album,1995,324000,324.0,0,False,0.569,0.335,7,-12.259,1,0.0441,0.639,0.000361,0.165,0.0738,115.862,4
7DL5almw5lJyDWODPiv31y,"Death of a Party - 12"" Death",8,1,7MhMgCo0Bl0Kukl93PZbYS,Blur,2vnQeGpngOOTVl1uEQii7p,Bustin' + Dronin',album,1998-02-25,428427,428.43,22,False,0.452,0.696,4,-12.68,0,0.0816,0.000675,0.547,0.756,0.451,167.662,4
5eSllZgRWCIJsDTAqFRwQw,Coffee & TV,3,1,7MhMgCo0Bl0Kukl93PZbYS,Blur,5YuZ4DjvtZBywtIbHIqtGJ,13,album,1999,358773,358.77,65,False,0.743,0.742,2,-10.117,1,0.0367,0.051,0.234,0.0987,0.706,121.604,4
42cxPm9jgbaxIVN77XA1m6,Tender,1,1,7MhMgCo0Bl0Kukl93PZbYS,Blur,5YuZ4DjvtZBywtIbHIqtGJ,13,album,1999,461947,461.95,59,False,0.587,0.566,9,-9.932,1,0.0276,0.469,0.0,0.0644,0.528,76.055,4
0SaRvx9eYudSCQYNjuCQKX,No Distance Left to Run,12,1,7MhMgCo0Bl0Kukl93PZbYS,Blur,5YuZ4DjvtZBywtIbHIqtGJ,13,album,1999,208267,208.27,55,False,0.408,0.208,7,-14.751,1,0.0342,0.722,0.0285,0.108,0.109,148.715,3
6I8JbgjPq1UKcTvjlROgLc,Swamp Song,4,1,7MhMgCo0Bl0Kukl93PZbYS,Blur,5YuZ4DjvtZBywtIbHIqtGJ,13,album,1999,276533,276.53,39,False,0.442,0.915,0,-7.558,1,0.0424,0.00794,0.000204,0.383,0.467,99.617,4
01fSXBxjBbkAJ193kfUoUc,Trimm Trabb,11,1,7MhMgCo0Bl0Kukl93PZbYS,Blur,5YuZ4DjvtZBywtIbHIqtGJ,13,album,1999,336947,336.95,39,False,0.594,0.46,9,-11.594,0,0.0284,0.0252,0.526,0.102,0.422,103.213,4
3kg9LNFAdOynXO7VMpMwwR,Bugman,2,1,7MhMgCo0Bl0Kukl93PZbYS,Blur,5YuZ4DjvtZBywtIbHIqtGJ,13,album,1999,291293,291.29,38,False,0.475,0.967,6,-6.204,1,0.101,0.00493,0.00172,0.213,0.158,130.111,4
3RQkyuFw2g9aLw0bqNatE0,1992,5,1,7MhMgCo0Bl0Kukl93PZbYS,Blur,5YuZ4DjvtZBywtIbHIqtGJ,13,album,1999,329067,329.07,35,False,0.126,0.628,7,-10.604,1,0.034,0.00153,0.366,0.364,0.126,154.544,4
3i9gUpwdYrtxfLPuqFlCTt,Caramel,10,1,7MhMgCo0Bl0Kukl93PZbYS,Blur,5YuZ4DjvtZBywtIbHIqtGJ,13,album,1999,458227,458.23,35,False,0.454,0.312,9,-15.208,0,0.0332,0.82,0.902,0.137,0.0394,100.785,4
5hQ0QRAtWe88YNYs2qE8ws,B.L.U.R.E.M.I,6,1,7MhMgCo0Bl0Kukl93PZbYS,Blur,5YuZ4DjvtZBywtIbHIqtGJ,13,album,1999,172000,172.0,34,False,0.213,0.81,9,-8.148,1,0.0767,0.0114,0.273,0.0937,0.151,92.735,4
475xbsL4iDOtxLbeenheiw,Battle,7,1,7MhMgCo0Bl0Kukl93PZbYS,Blur,5YuZ4DjvtZBywtIbHIqtGJ,13,album,1999,463773,463.77,34,False,0.238,0.636,9,-10.593,1,0.0481,0.0162,0.585,0.101,0.0829,94.972,3
1F8W2j3Z6P3oTY6nCdIz2T,Mellow Song,8,1,7MhMgCo0Bl0Kukl93PZbYS,Blur,5YuZ4DjvtZBywtIbHIqtGJ,13,album,1999,236800,236.8,34,False,0.596,0.33,2,-16.464,1,0.0279,0.579,0.403,0.342,0.453,100.076,4
2XZWpgwCr9GFZUI6QgPBl8,Trailerpark,9,1,7MhMgCo0Bl0Kukl93PZbYS,Blur,5YuZ4DjvtZBywtIbHIqtGJ,13,album,1999,266800,266.8,34,False,0.501,0.739,9,-11.047,0,0.045,0.00672,0.797,0.0905,0.385,83.07,4
05SEo3GMZSrYo8nQC28B0m,Optigan I,13,1,7MhMgCo0Bl0Kukl93PZbYS,Blur,5YuZ4DjvtZBywtIbHIqtGJ,13,album,1999,154093,154.09,33,False,0.409,0.323,1,-22.641,1,0.0322,0.857,0.993,0.135,0.469,95.568,3
4JMEhtQ4qQ5mwN7eTLpDpG,Out of Time,2,1,7MhMgCo0Bl0Kukl93PZbYS,Blur,0egRXi9lcYlIGJZ01SpYM3,Think Tank,album,2003,233373,233.37,40,False,0.528,0.456,0,-8.581,1,0.0275,0.0424,0.00373,0.364,0.319,138.65,4
77KMgpRSXE5FJbkYuBieW0,Good Song,4,1,7MhMgCo0Bl0Kukl93PZbYS,Blur,0egRXi9lcYlIGJZ01SpYM3,Think Tank,album,2003,187680,187.68,39,False,0.651,0.493,5,-9.113,1,0.0286,0.213,0.538,0.188,0.719,168.544,4
7KSw7ZPQSq7tNk6EySdMWU,Sweet Song,10,1,7MhMgCo0Bl0Kukl93PZbYS,Blur,0egRXi9lcYlIGJZ01SpYM3,Think Tank,album,2003,240880,240.88,37,False,0.662,0.274,3,-13.895,1,0.0264,0.785,0.0465,0.183,0.294,84.396,4
3KJYy0umCizgspnm4zpqJL,Crazy Beat,3,1,7MhMgCo0Bl0Kukl93PZbYS,Blur,0egRXi9lcYlIGJZ01SpYM3,Think Tank,album,2003,194560,194.56,31,False,0.501,0.978,9,-4.281,0,0.13,0.000187,0.0168,0.566,0.568,136.019,4
0DICm5ML6Kee7kAiwFGjbd,Ambulance,1,1,7MhMgCo0Bl0Kukl93PZbYS,Blur,0egRXi9lcYlIGJZ01SpYM3,Think Tank,album,2003,308880,308.88,30,False,0.512,0.537,10,-6.961,0,0.042,0.00953,0.622,0.0697,0.332,183.905,4
4pfb8KDtoJwADf0t1wUaMS,Caravan,7,1,7MhMgCo0Bl0Kukl93PZbYS,Blur,0egRXi9lcYlIGJZ01SpYM3,Think Tank,album,2003,275827,275.83,29,False,0.483,0.336,2,-11.849,1,0.0405,0.472,0.55,0.45,0.332,172.344,4
5asCS4zjfEWbF39rJWYyY3,On the Way to the Club,5,1,7MhMgCo0Bl0Kukl93PZbYS,Blur,0egRXi9lcYlIGJZ01SpYM3,Think Tank,album,2003,227987,227.99,28,False,0.439,0.614,7,-7.049,1,0.0391,5.75e-05,0.695,0.062,0.357,183.853,4
5tVAtnw2FyyBZBzjOX4e6n,Brothers and Sisters,6,1,7MhMgCo0Bl0Kukl93PZbYS,Blur,0egRXi9lcYlIGJZ01SpYM3,Think Tank,album,2003,227240,227.24,28,False,0.719,0.744,10,-5.309,0,0.0349,0.0353,0.00545,0.296,0.81,92.027,4
2u9w6xVWqLCSPjAMfWOo9w,Jets,11,1,7MhMgCo0Bl0Kukl93PZbYS,Blur,0egRXi9lcYlIGJZ01SpYM3,Think Tank,album,2003,385240,385.24,28,False,0.81,0.479,9,-7.805,1,0.0366,0.629,0.0551,0.0711,0.709,94.75,4
08xT4sXJotusp2N09mwDt6,We've Got a File on You,8,1,7MhMgCo0Bl0Kukl93PZbYS,Blur,0egRXi9lcYlIGJZ01SpYM3,Think Tank,album,2003,62333,62.33,25,False,0.308,0.92,11,-3.527,1,0.0479,0.264,0.293,0.309,0.555,182.328,4
6clcYIlfNXv5iP8dyP5duU,Moroccan Peoples Revolutionary Bowls Club,9,1,7MhMgCo0Bl0Kukl93PZbYS,Blur,0egRXi9lcYlIGJZ01SpYM3,Think Tank,album,2003,182973,182.97,24,False,0.737,0.81,1,-6.068,0,0.105,0.0413,0.0615,0.554,0.578,98.012,4
2LSRlxwvio31ghLMRhMNqk,"Battery in Your Leg (Includes 'Me, White Noise')",13,1,7MhMgCo0Bl0Kukl93PZbYS,Blur,0egRXi9lcYlIGJZ01SpYM3,Think Tank,album,2003,694973,694.97,24,False,0.657,0.454,0,-7.596,1,0.0974,0.079,0.023,0.135,0.226,122.596,4
5YRCBLowNEiuEEeJtZeBpg,Gene by Gene,12,1,7MhMgCo0Bl0Kukl93PZbYS,Blur,0egRXi9lcYlIGJZ01SpYM3,Think Tank,album,2003,228573,228.57,23,False,0.712,0.712,0,-7.819,1,0.0712,0.0496,0.00699,0.562,0.832,144.853,4
61JDaStnXY3vbaEjliB5WA,Ghost Ship,9,1,7MhMgCo0Bl0Kukl93PZbYS,Blur,0nSzBICzQHea8grwfqa5Gb,The Magic Whip,album,2015-04-20,299133,299.13,54,False,0.804,0.722,2,-6.421,1,0.0377,0.0328,0.00269,0.0763,0.858,140.003,4
2BSDAVUzzQP7wpvcDybmsP,Lonesome Street,1,1,7MhMgCo0Bl0Kukl93PZbYS,Blur,0nSzBICzQHea8grwfqa5Gb,The Magic Whip,album,2015-04-20,262720,262.72,41,False,0.662,0.931,4,-5.093,1,0.0646,0.186,0.000352,0.0789,0.38,101.013,4
5Z5noK2zThdqltHpmTyxSH,My Terracotta Heart,7,1,7MhMgCo0Bl0Kukl93PZbYS,Blur,0nSzBICzQHea8grwfqa5Gb,The Magic Whip,album,2015-04-20,245027,245.03,40,False,0.807,0.633,9,-6.089,0,0.0314,0.434,0.000478,0.129,0.641,124.999,4
0lWu1wRAegvbC6Wb0jYKfA,Ong Ong,11,1,7MhMgCo0Bl0Kukl93PZbYS,Blur,0nSzBICzQHea8grwfqa5Gb,The Magic Whip,album,2015-04-20,188800,188.8,40,False,0.661,0.809,0,-4.584,1,0.0248,0.134,2.51e-05,0.107,0.95,96.012,4
3nFmJyWPkhZuweqj1WkTCm,Ice Cream Man,4,1,7MhMgCo0Bl0Kukl93PZbYS,Blur,0nSzBICzQHea8grwfqa5Gb,The Magic Whip,album,2015-04-20,205200,205.2,39,False,0.721,0.635,9,-7.111,0,0.0312,0.425,0.32,0.127,0.683,78.997,4
5b8FvZT5IGWi2ilQZxXkZR,Go Out,3,1,7MhMgCo0Bl0Kukl93PZbYS,Blur,0nSzBICzQHea8grwfqa5Gb,The Magic Whip,album,2015-04-20,280052,280.05,37,False,0.625,0.935,9,-3.355,0,0.0439,0.0057,0.0,0.146,0.643,119.987,4
44PQEofvkk0Ul7M6ZDsOGS,There Are Too Many of Us,8,1,7MhMgCo0Bl0Kukl93PZbYS,Blur,0nSzBICzQHea8grwfqa5Gb,The Magic Whip,album,2015-04-20,265494,265.49,34,False,0.716,0.634,4,-5.273,0,0.0258,0.0683,0.436,0.114,0.76,110.03,4
1YXGC7MQQCuPcyAfnSbK2p,Thought I Was a Spaceman,5,1,7MhMgCo0Bl0Kukl93PZbYS,Blur,0nSzBICzQHea8grwfqa5Gb,The Magic Whip,album,2015-04-20,376213,376.21,32,False,0.655,0.648,0,-8.377,1,0.0299,0.261,0.652,0.0929,0.331,110.03,4
0VNLvVaS0Njds7K6kD1iss,New World Towers,2,1,7MhMgCo0Bl0Kukl93PZbYS,Blur,0nSzBICzQHea8grwfqa5Gb,The Magic Whip,album,2015-04-20,243627,243.63,31,False,0.678,0.517,9,-8.083,0,0.0311,0.795,0.000101,0.0843,0.402,124.929,4
3ALyID6n3ZmzxchhiYA4o2,I Broadcast,6,1,7MhMgCo0Bl0Kukl93PZbYS,Blur,0nSzBICzQHea8grwfqa5Gb,The Magic Whip,album,2015-04-20,171747,171.75,31,False,0.64,0.981,7,-3.757,1,0.0764,0.0467,0.000954,0.263,0.689,140.01,4
1IJvO4FVyfi7SenbjCwJ26,Pyongyang,10,1,7MhMgCo0Bl0Kukl93PZbYS,Blur,0nSzBICzQHea8grwfqa5Gb,The Magic Whip,album,2015-04-20,347160,347.16,31,False,0.559,0.648,1,-5.516,1,0.0254,0.062,0.193,0.321,0.226,97.513,4
0pvCNOtn1OEQjHYwo0d7PY,Mirrorball,12,1,7MhMgCo0Bl0Kukl93PZbYS,Blur,0nSzBICzQHea8grwfqa5Gb,The Magic Whip,album,2015-04-20,228147,228.15,29,False,0.541,0.674,4,-4.917,0,0.0285,0.000176,0.00279,0.125,0.41,126.991,4
2TNyNqT3RBXhtNV7OiAgiC,The Narcissist,6,1,7MhMgCo0Bl0Kukl93PZbYS,Blur,0gIZSG9WUDO3TK0B5y7UtU,The Ballad of Darren,album,2023-07-21,245225,245.22,54,False,0.563,0.908,1,-5.318,0,0.034,0.0363,3.14e-05,0.571,0.524,127.969,4
71o2pLB6Xu62uVjqpwmiS9,Barbaric,3,1,7MhMgCo0Bl0Kukl93PZbYS,Blur,0gIZSG9WUDO3TK0B5y7UtU,The Ballad of Darren,album,2023-07-21,248775,248.78,47,False,0.589,0.738,0,-5.529,1,0.0382,0.134,0.00128,0.0815,0.933,142.976,4
7l6hvTRyX52kg6q4zNIfQA,The Ballad,1,1,7MhMgCo0Bl0Kukl93PZbYS,Blur,0gIZSG9WUDO3TK0B5y7UtU,The Ballad of Darren,album,2023-07-21,216600,216.6,41,False,0.605,0.617,11,-7.434,0,0.0412,0.368,0.00791,0.114,0.585,133.997,4
7lo2Wos97Xq6DFHURcsxeQ,St. Charles Square,2,1,7MhMgCo0Bl0Kukl93PZbYS,Blur,0gIZSG9WUDO3TK0B5y7UtU,The Ballad of Darren,album,2023-07-21,235326,235.33,40,True,0.246,0.904,9,-5.904,1,0.0748,0.154,0.386,0.343,0.487,208.077,4
4PYSl6WeEhlTyHrkQhclTW,Russian Strings,4,1,7MhMgCo0Bl0Kukl93PZbYS,Blur,0gIZSG9WUDO3TK0B5y7UtU,The Ballad of Darren,album,2023-07-21,217993,217.99,39,False,0.529,0.571,0,-6.053,1,0.0288,0.535,0.478,0.144,0.448,140.094,4
5TztAWoMbNwmAxMR7sNpjD,The Everglades (For Leonard),5,1,7MhMgCo0Bl0Kukl93PZbYS,Blur,0gIZSG9WUDO3TK0B5y7UtU,The Ballad of Darren,album,2023-07-21,176376,176.38,38,False,0.549,0.427,4,-10.936,1,0.0305,0.46,0.144,0.23,0.287,119.982,4
6KYmSvD6J9Ls70sJmD65QE,Goodbye Albert,7,1,7MhMgCo0Bl0Kukl93PZbYS,Blur,0gIZSG9WUDO3TK0B5y7UtU,The Ballad of Darren,album,2023-07-21,256795,256.8,35,False,0.54,0.731,0,-6.629,1,0.0277,0.152,0.118,0.121,0.477,130.048,4
7HInMIq6FYsAlslUFSgwWm,Far Away Island,8,1,7MhMgCo0Bl0Kukl93PZbYS,Blur,0gIZSG9WUDO3TK0B5y7UtU,The Ballad of Darren,album,2023-07-21,177529,177.53,34,False,0.44,0.417,0,-8.516,1,0.0277,0.886,0.129,0.0996,0.159,93.933,3
1SLBInoLmaz00IetfC0Mr6,The Heights,10,1,7MhMgCo0Bl0Kukl93PZbYS,Blur,0gIZSG9WUDO3TK0B5y7UtU,The Ballad of Darren,album,2023-07-21,203532,203.53,34,False,0.38,0.803,0,-6.802,1,0.0621,0.659,0.0932,0.102,0.444,149.801,4
04dv9cmB2ZaAC5EgewTKek,Avalon,9,1,7MhMgCo0Bl0Kukl93PZbYS,Blur,0gIZSG9WUDO3TK0B5y7UtU,The Ballad of Darren,album,2023-07-21,185086,185.09,33,False,0.454,0.699,3,-6.196,1,0.0311,0.251,0.000414,0.297,0.278,139.889,1
3Lq6WHEpR75S8cKPIQlZfy,Love Is Dead,1,1,0ndVVO80abvgGgjv2ICzct,Brett Anderson,18XfgmQNYgJqllQB5TLcC7,Brett Anderson,album,2007-03-25,211533,211.53,0,False,0.541,0.474,0,-7.436,1,0.0267,0.0432,0.00011,0.228,0.417,134.94,4
7DmS1KHgiwfNYtM9hNZZne,One Lazy Morning,2,1,0ndVVO80abvgGgjv2ICzct,Brett Anderson,18XfgmQNYgJqllQB5TLcC7,Brett Anderson,album,2007-03-25,200920,200.92,0,False,0.572,0.485,11,-7.698,1,0.0247,0.0253,4.38e-05,0.123,0.581,136.0,4
3uNKqtmj8gN0Ne7gmewo1G,Dust And Rain,3,1,0ndVVO80abvgGgjv2ICzct,Brett Anderson,18XfgmQNYgJqllQB5TLcC7,Brett Anderson,album,2007-03-25,181053,181.05,0,False,0.495,0.844,2,-4.459,1,0.0308,0.0155,0.00159,0.0735,0.877,173.123,4
2HIVDRQ313uEQco6CT8s4k,Intimacy,4,1,0ndVVO80abvgGgjv2ICzct,Brett Anderson,18XfgmQNYgJqllQB5TLcC7,Brett Anderson,album,2007-03-25,168293,168.29,0,False,0.464,0.738,7,-6.532,1,0.026,0.00146,0.00238,0.236,0.353,167.34,4
72cVUdQK5lwskOaMWtT20U,To The Winter,5,1,0ndVVO80abvgGgjv2ICzct,Brett Anderson,18XfgmQNYgJqllQB5TLcC7,Brett Anderson,album,2007-03-25,237640,237.64,0,False,0.574,0.454,7,-7.098,0,0.0276,0.143,4.44e-06,0.107,0.467,125.953,4
4jGKxXrA5BkwiBcucIr4xN,Scorpio Rising,6,1,0ndVVO80abvgGgjv2ICzct,Brett Anderson,18XfgmQNYgJqllQB5TLcC7,Brett Anderson,album,2007-03-25,241760,241.76,0,False,0.592,0.449,2,-6.814,0,0.0249,0.307,0.0003,0.197,0.348,101.016,4
4GqmyZM6CeM2Dka03jLSGH,The Infinite Kiss,7,1,0ndVVO80abvgGgjv2ICzct,Brett Anderson,18XfgmQNYgJqllQB5TLcC7,Brett Anderson,album,2007-03-25,248720,248.72,0,False,0.488,0.722,7,-5.565,0,0.0279,0.0219,0.0,0.0838,0.505,134.197,4
2RyIQDX9VGzdAFTXNQ9Qr3,Colour Of The Night,8,1,0ndVVO80abvgGgjv2ICzct,Brett Anderson,18XfgmQNYgJqllQB5TLcC7,Brett Anderson,album,2007-03-25,138213,138.21,0,False,0.344,0.258,6,-10.373,1,0.0394,0.884,6.13e-05,0.0838,0.216,209.889,4
7MLuQb4fgeTSHgXHkTksSe,The More We Possess The Less We Own Of Ourselves,9,1,0ndVVO80abvgGgjv2ICzct,Brett Anderson,18XfgmQNYgJqllQB5TLcC7,Brett Anderson,album,2007-03-25,213133,213.13,0,False,0.478,0.417,8,-7.579,1,0.0348,0.695,4.1e-05,0.0914,0.0935,120.21,3
7xsArOEV2jidiYD1k2ox4L,Ebony,10,1,0ndVVO80abvgGgjv2ICzct,Brett Anderson,18XfgmQNYgJqllQB5TLcC7,Brett Anderson,album,2007-03-25,152493,152.49,0,False,0.588,0.449,7,-8.37,1,0.025,0.182,4.89e-06,0.182,0.366,104.171,4
5EdEqrinGB4eeYrxExyRbA,Song For My Father,11,1,0ndVVO80abvgGgjv2ICzct,Brett Anderson,18XfgmQNYgJqllQB5TLcC7,Brett Anderson,album,2007-03-25,317360,317.36,0,False,0.268,0.433,4,-8.768,0,0.0298,0.0893,0.000292,0.16,0.0772,92.071,3
2DPiTxkAJppAZ32M3jm6CZ,Back to You,7,1,0ndVVO80abvgGgjv2ICzct,Brett Anderson,2XLpjq9kfQgSKnIMobgAsA,Wilderness,album,2008-07-28,194187,194.19,28,False,0.474,0.33,8,-8.127,0,0.0293,0.936,0.000151,0.0984,0.293,125.913,4
07xVqunq3tVHDNBXQ0wli2,The Empress,2,1,0ndVVO80abvgGgjv2ICzct,Brett Anderson,2XLpjq9kfQgSKnIMobgAsA,Wilderness,album,2008-07-28,218613,218.61,7,False,0.492,0.283,2,-8.501,0,0.0255,0.966,0.000923,0.0969,0.269,77.688,4
2E7IycyRrjsbeINkNrH33O,A Different Place,1,1,0ndVVO80abvgGgjv2ICzct,Brett Anderson,2XLpjq9kfQgSKnIMobgAsA,Wilderness,album,2008-07-28,251667,251.67,5,False,0.404,0.297,9,-9.308,0,0.0264,0.939,0.0111,0.166,0.288,74.489,4
5x4TWKp8YVTKM72UBIDJnF,Clowns,3,1,0ndVVO80abvgGgjv2ICzct,Brett Anderson,2XLpjq9kfQgSKnIMobgAsA,Wilderness,album,2008-07-28,182680,182.68,5,False,0.356,0.271,2,-8.288,0,0.0322,0.777,0.0,0.0752,0.571,181.766,3
18VHIH9tBsTNZvoaicJ4a1,Blessed,5,1,0ndVVO80abvgGgjv2ICzct,Brett Anderson,2XLpjq9kfQgSKnIMobgAsA,Wilderness,album,2008-07-28,280800,280.8,4,False,0.227,0.442,6,-8.331,1,0.0314,0.951,0.0322,0.081,0.227,206.272,3
1Ofrsqu7nKEsdMgm9ibRIM,P Marius,9,1,0ndVVO80abvgGgjv2ICzct,Brett Anderson,2XLpjq9kfQgSKnIMobgAsA,Wilderness,album,2008-07-28,276760,276.76,4,False,0.412,0.277,3,-10.62,0,0.0503,0.933,7.79e-06,0.0918,0.268,121.08,4
3fWf0ZwGdwZasb2nurYNiM,Chinese Whispers,4,1,0ndVVO80abvgGgjv2ICzct,Brett Anderson,2XLpjq9kfQgSKnIMobgAsA,Wilderness,album,2008-07-28,201267,201.27,3,False,0.391,0.31,2,-8.223,0,0.0263,0.974,0.00135,0.117,0.432,78.972,4
2P5aSPOY0SVfc4JdIBgjrj,Knife Edge,8,1,0ndVVO80abvgGgjv2ICzct,Brett Anderson,2XLpjq9kfQgSKnIMobgAsA,Wilderness,album,2008-07-28,181520,181.52,3,False,0.32,0.329,1,-8.085,1,0.0268,0.95,0.000122,0.0824,0.271,155.018,4
0Oxw7fEW2MbNYdwungtPot,Funeral Mantra,6,1,0ndVVO80abvgGgjv2ICzct,Brett Anderson,2XLpjq9kfQgSKnIMobgAsA,Wilderness,album,2008-07-28,176787,176.79,2,False,0.459,0.485,2,-6.186,0,0.0257,0.612,0.00158,0.12,0.365,108.547,4
2flR5syfEnwyo97JyXzKeM,Brittle Heart,3,1,0ndVVO80abvgGgjv2ICzct,Brett Anderson,0pso7nzXvZeyHmygC7AyWb,"Brett Anderson, An Introduction",album,2009,247929,247.93,13,False,0.453,0.879,5,-5.041,1,0.0346,0.00536,0.000273,0.552,0.374,86.978,4
7JrLQVdwe71fNwMWJyXRxH,Unsung,2,1,0ndVVO80abvgGgjv2ICzct,Brett Anderson,0pso7nzXvZeyHmygC7AyWb,"Brett Anderson, An Introduction",album,2009,249945,249.94,4,False,0.317,0.726,2,-6.122,1,0.0353,0.00186,0.000967,0.154,0.344,109.526,5
48iU4mKAYPUR6PSeRptRv1,Frozen Roads,5,1,0ndVVO80abvgGgjv2ICzct,Brett Anderson,0pso7nzXvZeyHmygC7AyWb,"Brett Anderson, An Introduction",album,2009,275080,275.08,3,False,0.371,0.244,5,-9.043,0,0.0308,0.742,5.02e-05,0.142,0.208,96.373,3
1azkX4el8p11IXkcEw0Ue5,Hymn,1,1,0ndVVO80abvgGgjv2ICzct,Brett Anderson,0pso7nzXvZeyHmygC7AyWb,"Brett Anderson, An Introduction",album,2009,216440,216.44,2,False,0.452,0.186,1,-11.42,1,0.0334,0.922,0.00785,0.0682,0.0397,129.936,4
6Zr2wu7byRqufgg6PuZ3w6,This Must Be Where It Ends,11,1,0ndVVO80abvgGgjv2ICzct,Brett Anderson,0pso7nzXvZeyHmygC7AyWb,"Brett Anderson, An Introduction",album,2009,237116,237.12,2,False,0.497,0.615,4,-5.97,1,0.029,0.000913,0.0231,0.124,0.201,132.075,4
1MISf2ESzNXeGlzbzP5KK9,Wheatfields,4,1,0ndVVO80abvgGgjv2ICzct,Brett Anderson,0pso7nzXvZeyHmygC7AyWb,"Brett Anderson, An Introduction",album,2009,243440,243.44,1,False,0.491,0.295,6,-10.052,1,0.0288,0.254,0.000228,0.0632,0.181,102.499,4
55WSw3PhmFBDfxfqGSGZdp,Forest Lullaby,10,1,0ndVVO80abvgGgjv2ICzct,Brett Anderson,0pso7nzXvZeyHmygC7AyWb,"Brett Anderson, An Introduction",album,2009,261133,261.13,1,False,0.404,0.248,7,-10.874,1,0.0275,0.827,5.38e-05,0.123,0.0901,87.757,3
1s0W7OJzHwT0TeCkGLQAp1,Leave Me Sleeping,12,1,0ndVVO80abvgGgjv2ICzct,Brett Anderson,0pso7nzXvZeyHmygC7AyWb,"Brett Anderson, An Introduction",album,2009,200973,200.97,1,False,0.292,0.181,7,-12.628,0,0.0305,0.901,1.38e-05,0.236,0.203,79.716,4
1rw31N23d1zJVbAxMcuOrn,The Swans,6,1,0ndVVO80abvgGgjv2ICzct,Brett Anderson,0pso7nzXvZeyHmygC7AyWb,"Brett Anderson, An Introduction",album,2009,280747,280.75,0,False,0.459,0.623,2,-7.147,0,0.0267,0.0294,7.87e-05,0.0639,0.204,99.955,3
21Js7oyQzA1g6qtmX6mgjr,Ashes of Us,13,1,0ndVVO80abvgGgjv2ICzct,Brett Anderson,0pso7nzXvZeyHmygC7AyWb,"Brett Anderson, An Introduction",album,2009,282720,282.72,0,False,0.482,0.359,0,-10.543,0,0.0276,0.904,0.00693,0.0971,0.116,129.986,4
0YHUbK79EHryICQM3G6HoQ,Julian's Eyes,10,1,0ndVVO80abvgGgjv2ICzct,Brett Anderson,0JqoPnnyJLMkq67N1QINAC,Slow Attack,album,2009-10-30,226320,226.32,9,False,0.543,0.433,9,-7.676,0,0.0263,0.65,0.0,0.078,0.229,74.642,4
70Xo36IUBG2YFco9z2sN8v,The Hunted,3,1,0ndVVO80abvgGgjv2ICzct,Brett Anderson,0JqoPnnyJLMkq67N1QINAC,Slow Attack,album,2009-10-30,241280,241.28,2,False,0.344,0.637,8,-7.396,0,0.031,0.0961,0.0,0.115,0.0789,79.874,4
6uNu8jWcAQXt063CyMp3Ti,Summer,5,1,0ndVVO80abvgGgjv2ICzct,Brett Anderson,0JqoPnnyJLMkq67N1QINAC,Slow Attack,album,2009-10-30,204573,204.57,1,False,0.299,0.206,3,-10.026,1,0.0294,0.922,0.0249,0.072,0.0692,73.961,4
7MvRoVsdUCuhSp619i9LxI,Pretty Widows,6,1,0ndVVO80abvgGgjv2ICzct,Brett Anderson,0JqoPnnyJLMkq67N1QINAC,Slow Attack,album,2009-10-30,246000,246.0,1,False,0.47,0.44,5,-8.23,1,0.03,0.51,0.0,0.11,0.23,89.9,4
7MGqm1Hgub3T8k1ihshEXL,Scarecrows and Lilacs,9,1,0ndVVO80abvgGgjv2ICzct,Brett Anderson,0JqoPnnyJLMkq67N1QINAC,Slow Attack,album,2009-10-30,269587,269.59,1,False,0.307,0.133,10,-11.97,1,0.0437,0.971,0.000107,0.108,0.0768,76.781,4
4gK1qj2utSILqevLEzrTB3,Crash About To Happen,3,1,0ndVVO80abvgGgjv2ICzct,Brett Anderson,2JC7Y78kgvD7VyiIJZjGZV,Black Rainbows,album,2011,217387,217.39,0,False,0.574,0.828,11,-4.999,0,0.0287,0.000655,4.48e-05,0.135,0.464,120.894,4
4WpDllnn0mntvvAMoLwb7G,I Count The Times,4,1,0ndVVO80abvgGgjv2ICzct,Brett Anderson,2JC7Y78kgvD7VyiIJZjGZV,Black Rainbows,album,2011,228173,228.17,0,False,0.536,0.865,6,-5.151,1,0.0269,0.0478,0.00122,0.0816,0.342,99.097,4
66XZFAOB4g4Yb5wZU8nZ0k,The Exiles,5,1,0ndVVO80abvgGgjv2ICzct,Brett Anderson,2JC7Y78kgvD7VyiIJZjGZV,Black Rainbows,album,2011,229827,229.83,0,False,0.67,0.537,8,-7.143,1,0.0325,0.0247,0.000279,0.088,0.456,127.09,4
0MzcAULqMe7OzB45d3cE8B,Actors,7,1,0ndVVO80abvgGgjv2ICzct,Brett Anderson,2JC7Y78kgvD7VyiIJZjGZV,Black Rainbows,album,2011,216253,216.25,0,False,0.546,0.883,2,-4.709,0,0.0326,0.000431,0.000527,0.0707,0.588,140.162,4
0mZGYOGka9hCktQtRxXAWz,In The House Of Numbers,8,1,0ndVVO80abvgGgjv2ICzct,Brett Anderson,2JC7Y78kgvD7VyiIJZjGZV,Black Rainbows,album,2011,250240,250.24,0,False,0.537,0.854,2,-5.669,1,0.0318,0.000259,1.26e-05,0.247,0.735,112.952,4
3mnHHweh6OPR1M187RQhSf,Thin Men Dancing,9,1,0ndVVO80abvgGgjv2ICzct,Brett Anderson,2JC7Y78kgvD7VyiIJZjGZV,Black Rainbows,album,2011,196973,196.97,0,False,0.555,0.879,8,-4.965,1,0.03,0.00236,8.78e-06,0.0769,0.368,119.008,4
6bUX8RhdUG8i9HHZQMioR8,Possession,10,1,0ndVVO80abvgGgjv2ICzct,Brett Anderson,2JC7Y78kgvD7VyiIJZjGZV,Black Rainbows,album,2011,294387,294.39,0,False,0.478,0.391,7,-9.216,1,0.0278,0.134,0.0129,0.0964,0.118,82.096,4
0pab5P1Vod5G3Oex6Dh1El,Sunset Coming On,14,1,0O98jlCaPzvsoei6U5jfEL,Damon Albarn,40ncJvz2FvF1Z4EvpE3vU9,Mali Music,album,2002-04-15,254133,254.13,33,False,0.439,0.361,9,-12.662,0,0.0305,0.691,0.305,0.213,0.112,136.794,4
4XEQqy7GlKVKKoC34yE0RU,Spoons,1,1,0O98jlCaPzvsoei6U5jfEL,Damon Albarn,40ncJvz2FvF1Z4EvpE3vU9,Mali Music,album,2002-04-15,319293,319.29,32,False,0.285,0.419,9,-13.454,0,0.0427,0.697,0.0205,0.249,0.55,120.026,4
0KyoJbvoG6aChFiDHJdPwt,Niger,8,1,0O98jlCaPzvsoei6U5jfEL,Damon Albarn,40ncJvz2FvF1Z4EvpE3vU9,Mali Music,album,2002-04-15,232827,232.83,27,False,0.784,0.441,6,-11.816,1,0.0655,0.174,0.317,0.269,0.624,109.259,4
1qYHEHNKjhQWn8rYA9M51Z,Le Relax,3,1,0O98jlCaPzvsoei6U5jfEL,Damon Albarn,40ncJvz2FvF1Z4EvpE3vU9,Mali Music,album,2002-04-15,231907,231.91,21,False,0.602,0.569,5,-13.014,1,0.0263,0.104,0.818,0.101,0.564,104.356,4
6jbc7r2zlPDn9wFchfcDmV,4am at Toumani's,9,1,0O98jlCaPzvsoei6U5jfEL,Damon Albarn,40ncJvz2FvF1Z4EvpE3vU9,Mali Music,album,2002-04-15,186867,186.87,20,False,0.4,0.452,0,-9.249,1,0.032,0.867,0.743,0.121,0.405,98.672,4
68YutBG5OdYSkrc6L5nVrA,The Djembe,6,1,0O98jlCaPzvsoei6U5jfEL,Damon Albarn,40ncJvz2FvF1Z4EvpE3vU9,Mali Music,album,2002-04-15,274840,274.84,19,False,0.721,0.316,11,-14.412,0,0.0418,0.518,0.0931,0.123,0.607,56.964,4
26vsIw1eCsU4aGLZOZb4Qv,Bamako City,2,1,0O98jlCaPzvsoei6U5jfEL,Damon Albarn,40ncJvz2FvF1Z4EvpE3vU9,Mali Music,album,2002-04-15,249000,249.0,18,False,0.795,0.516,5,-8.262,1,0.0699,0.545,2.87e-05,0.0791,0.894,119.913,4
4B0BPnMKrSXaqIIXlR5nHn,Makelekele,5,1,0O98jlCaPzvsoei6U5jfEL,Damon Albarn,40ncJvz2FvF1Z4EvpE3vU9,Mali Music,album,2002-04-15,264333,264.33,18,False,0.639,0.546,4,-7.702,1,0.0623,0.0707,0.00453,0.143,0.204,130.889,4
7vvqz7o4uZEAz5oV0Jxo6l,Tennessee Hotel,7,1,0O98jlCaPzvsoei6U5jfEL,Damon Albarn,40ncJvz2FvF1Z4EvpE3vU9,Mali Music,album,2002-04-15,221867,221.87,17,False,0.595,0.39,10,-11.982,1,0.0508,0.575,0.635,0.153,0.322,69.473,4
6SR69waFd4pU2oSJ2xrYvZ,Les ecrocs,16,1,0O98jlCaPzvsoei6U5jfEL,Damon Albarn,40ncJvz2FvF1Z4EvpE3vU9,Mali Music,album,2002-04-15,308493,308.49,16,False,0.497,0.437,3,-10.927,0,0.0468,0.771,0.525,0.257,0.27,149.17,3
2roPBwMJJLTQlPP4314Mfg,Le Hogon,13,1,0O98jlCaPzvsoei6U5jfEL,Damon Albarn,40ncJvz2FvF1Z4EvpE3vU9,Mali Music,album,2002-04-15,231907,231.91,15,False,0.822,0.502,10,-11.124,1,0.199,0.657,0.821,0.106,0.874,91.46,4
13FZWbcSwfFVUxgIIBWyC1,Institut National Des Arts,10,1,0O98jlCaPzvsoei6U5jfEL,Damon Albarn,40ncJvz2FvF1Z4EvpE3vU9,Mali Music,album,2002-04-15,254640,254.64,14,False,0.508,0.465,5,-11.865,1,0.0276,0.0485,0.343,0.152,0.187,67.865,4
2qWnIKCZCgPSl4ysBIUSbg,Kela Village,11,1,0O98jlCaPzvsoei6U5jfEL,Damon Albarn,40ncJvz2FvF1Z4EvpE3vU9,Mali Music,album,2002-04-15,190533,190.53,12,False,0.662,0.568,0,-8.948,1,0.037,0.503,7.59e-06,0.113,0.613,95.272,4
35i4vu0WyG0oq73QVT7xJl,Griot Village,12,1,0O98jlCaPzvsoei6U5jfEL,Damon Albarn,40ncJvz2FvF1Z4EvpE3vU9,Mali Music,album,2002-04-15,72027,72.03,12,False,0.442,0.34,0,-14.16,1,0.135,0.976,0.948,0.177,0.973,186.504,4
1wvIbBFuunhh0ho1e7o0mn,Ko Kan Ko Sata Doumbia on River,15,1,0O98jlCaPzvsoei6U5jfEL,Damon Albarn,40ncJvz2FvF1Z4EvpE3vU9,Mali Music,album,2002-04-15,64000,64.0,12,False,0.48,0.484,9,-8.953,1,0.038,0.761,0.0,0.26,0.547,96.912,4
6j1eq9RFweno8xfGRi9GUf,Monkey’s World,1,1,0O98jlCaPzvsoei6U5jfEL,Damon Albarn,4RxVunOpdM57AA9qfOBwKP,Journey To The West,album,2008-08-18,154573,154.57,0,False,0.551,0.798,7,-7.296,1,0.0543,0.0145,0.722,0.912,0.684,146.547,3
6hn5tLZaF69knJq3JqWBX0,Monkey Travels,2,1,0O98jlCaPzvsoei6U5jfEL,Damon Albarn,4RxVunOpdM57AA9qfOBwKP,Journey To The West,album,2008-08-18,45547,45.55,0,False,0.157,0.0669,7,-11.553,0,0.0315,0.932,0.974,0.116,0.0267,80.383,4
6txZb4vBRgmQdePx9olXX8,Into The Eastern Sea,3,1,0O98jlCaPzvsoei6U5jfEL,Damon Albarn,4RxVunOpdM57AA9qfOBwKP,Journey To The West,album,2008-08-18,35453,35.45,0,False,0.0916,0.988,0,-5.866,1,0.569,0.294,0.974,0.437,0.0392,184.23,3
0JJolcxh3vNm7B3xxscsat,The Living Sea,4,1,0O98jlCaPzvsoei6U5jfEL,Damon Albarn,4RxVunOpdM57AA9qfOBwKP,Journey To The West,album,2008-08-18,114040,114.04,0,False,0.139,0.4,5,-9.031,1,0.0352,0.913,0.00532,0.0608,0.146,196.916,3
13nOO4MSxvsq00sB8QZhkB,The Dragon King,5,1,0O98jlCaPzvsoei6U5jfEL,Damon Albarn,4RxVunOpdM57AA9qfOBwKP,Journey To The West,album,2008-08-18,139613,139.61,0,False,0.668,0.671,4,-7.18,0,0.118,0.837,0.453,0.168,0.359,80.251,4
5i29TvEkHgoSX6JMruUmu0,Iron Rod,6,1,0O98jlCaPzvsoei6U5jfEL,Damon Albarn,4RxVunOpdM57AA9qfOBwKP,Journey To The West,album,2008-08-18,66160,66.16,0,False,0.247,0.524,4,-7.268,0,0.0367,0.398,0.558,0.561,0.224,81.852,3
6zHjXMpgNT6xR3nAQzYRB1,Heavenly Peach Banquet,8,1,0O98jlCaPzvsoei6U5jfEL,Damon Albarn,4RxVunOpdM57AA9qfOBwKP,Journey To The West,album,2008-08-18,212880,212.88,0,False,0.486,0.53,9,-6.573,1,0.0288,0.884,0.396,0.108,0.148,148.38,4
0ZYxcqsnSAxgeXMOo9Qpmm,Battle Into Heaven,9,1,0O98jlCaPzvsoei6U5jfEL,Damon Albarn,4RxVunOpdM57AA9qfOBwKP,Journey To The West,album,2008-08-18,210613,210.61,0,False,0.516,0.54,11,-8.653,1,0.0378,0.936,0.677,0.532,0.419,144.705,4
3VfbbBRtjIjrDyElXWJzI8,O Mi To Fu,10,1,0O98jlCaPzvsoei6U5jfEL,Damon Albarn,4RxVunOpdM57AA9qfOBwKP,Journey To The West,album,2008-08-18,57267,57.27,0,False,0.751,0.953,2,-2.905,1,0.0696,0.373,0.524,0.126,0.586,133.292,4
1r6XDA3gPzsfVj55b4XlmC,Whisper,11,1,0O98jlCaPzvsoei6U5jfEL,Damon Albarn,4RxVunOpdM57AA9qfOBwKP,Journey To The West,album,2008-08-18,137280,137.28,0,False,0.243,0.306,7,-7.1,1,0.0392,0.765,0.777,0.112,0.0634,119.7,3
5HKz1kgJtme1VBJ7Vnbclh,Tripitaka’s Course,12,1,0O98jlCaPzvsoei6U5jfEL,Damon Albarn,4RxVunOpdM57AA9qfOBwKP,Journey To The West,album,2008-08-18,82000,82.0,0,False,0.13,0.957,7,-8.427,1,0.449,0.714,0.234,0.365,0.0973,174.245,4
37FRV39L8mFihOvDeN4Uik,Confessions Of A Pig,13,1,0O98jlCaPzvsoei6U5jfEL,Damon Albarn,4RxVunOpdM57AA9qfOBwKP,Journey To The West,album,2008-08-18,201520,201.52,0,False,0.697,0.819,7,-5.043,1,0.0305,0.884,0.967,0.394,0.917,140.3,3
6SD09CgdK54xcOuiBuT2kD,Sandy The River Demon,14,1,0O98jlCaPzvsoei6U5jfEL,Damon Albarn,4RxVunOpdM57AA9qfOBwKP,Journey To The West,album,2008-08-18,136960,136.96,0,False,0.37,0.249,4,-11.061,0,0.0421,0.832,0.514,0.0701,0.166,119.861,4
1AJORa7g2FMUgzRlMBxGT2,March Of The Volunteers,15,1,0O98jlCaPzvsoei6U5jfEL,Damon Albarn,4RxVunOpdM57AA9qfOBwKP,Journey To The West,album,2008-08-18,112800,112.8,0,False,0.743,0.571,0,-5.557,0,0.0358,0.903,0.977,0.274,0.648,97.2,4
2mTaIdJsL31nlCpAxOPDj9,The White Skeleton Demon,16,1,0O98jlCaPzvsoei6U5jfEL,Damon Albarn,4RxVunOpdM57AA9qfOBwKP,Journey To The West,album,2008-08-18,94240,94.24,0,False,0.183,0.117,2,-10.168,0,0.0351,0.991,0.934,0.0597,0.0512,94.53,4
1V0XEskoOiJDj4U7JzxtSM,Monk’s Song,17,1,0O98jlCaPzvsoei6U5jfEL,Damon Albarn,4RxVunOpdM57AA9qfOBwKP,Journey To The West,album,2008-08-18,106707,106.71,0,False,0.278,0.243,6,-7.527,1,0.0348,0.922,0.64,0.0727,0.211,149.789,3
3NnFA8wY7DzjmEp4h2C6OA,I Love Buddha,18,1,0O98jlCaPzvsoei6U5jfEL,Damon Albarn,4RxVunOpdM57AA9qfOBwKP,Journey To The West,album,2008-08-18,163880,163.88,0,False,0.379,0.638,11,-6.673,0,0.0298,0.364,0.826,0.0574,0.331,172.367,3
6Y8ZoQqEiUwe3dkAQ5ktE5,March Of The Iron Army,19,1,0O98jlCaPzvsoei6U5jfEL,Damon Albarn,4RxVunOpdM57AA9qfOBwKP,Journey To The West,album,2008-08-18,165347,165.35,0,False,0.234,0.567,6,-6.153,0,0.0329,0.837,0.961,0.107,0.127,94.144,4
7fkJrGZFZ1kThz2kv4ibh5,Pigsy In Space,20,1,0O98jlCaPzvsoei6U5jfEL,Damon Albarn,4RxVunOpdM57AA9qfOBwKP,Journey To The West,album,2008-08-18,136840,136.84,0,False,0.262,0.237,5,-12.199,1,0.0305,0.906,0.671,0.158,0.0399,69.171,4
4hszF784jEq3JTz2ktVpJS,Monkey Bee,21,1,0O98jlCaPzvsoei6U5jfEL,Damon Albarn,4RxVunOpdM57AA9qfOBwKP,Journey To The West,album,2008-08-18,301747,301.75,0,False,0.354,0.596,9,-5.415,0,0.0504,0.00893,0.0508,0.0297,0.462,160.332,4
4scnJTEoFcdfbA6naAqHD4,Disappearing Volcano,22,1,0O98jlCaPzvsoei6U5jfEL,Damon Albarn,4RxVunOpdM57AA9qfOBwKP,Journey To The West,album,2008-08-18,369427,369.43,0,False,0.119,0.286,0,-10.183,1,0.0441,0.932,0.036,0.0836,0.0342,79.562,4
3fSMioFONEyNQZwr20uJZF,Commentary pt1,1,1,0O98jlCaPzvsoei6U5jfEL,Damon Albarn,08CMzGoSwYgkmm4aBlRojd,Dr Dee,album,2012-03-26,32027,32.03,4,False,0.324,0.487,3,-12.543,0,0.0593,0.772,0.0773,0.157,0.96,145.158,3
5oLOgSExVFBBzYTXVblcwu,Mr Tembo,4,1,0O98jlCaPzvsoei6U5jfEL,Damon Albarn,5SzhltQSSi1HUMi5cveZIZ,Everyday Robots,album,2014-04-22,223840,223.84,40,False,0.744,0.555,0,-9.933,1,0.166,0.182,0.0,0.666,0.833,92.084,4
5lEIBqvpZEGhjMg8rdVKeg,Lonely Press Play,3,1,0O98jlCaPzvsoei6U5jfEL,Damon Albarn,5SzhltQSSi1HUMi5cveZIZ,Everyday Robots,album,2014-04-22,222760,222.76,39,False,0.759,0.315,7,-13.955,1,0.0961,0.293,3.88e-05,0.0984,0.547,129.956,4
2dLL8ikM6GXMhKX39c12zN,Everyday Robots,1,1,0O98jlCaPzvsoei6U5jfEL,Damon Albarn,5SzhltQSSi1HUMi5cveZIZ,Everyday Robots,album,2014-04-22,239497,239.5,38,False,0.62,0.311,0,-12.299,1,0.0454,0.812,9.88e-05,0.172,0.461,138.903,4
6lv4dGJ47PpsLGqVwG4Vp9,Heavy Seas of Love,12,1,0O98jlCaPzvsoei6U5jfEL,Damon Albarn,5SzhltQSSi1HUMi5cveZIZ,Everyday Robots,album,2014-04-22,224901,224.9,35,False,0.751,0.402,2,-10.86,0,0.0307,0.749,0.0,0.123,0.366,104.039,4
06cCNvDC89aT8m6J5VCmpv,The Selfish Giant,6,1,0O98jlCaPzvsoei6U5jfEL,Damon Albarn,5SzhltQSSi1HUMi5cveZIZ,Everyday Robots,album,2014-04-22,287653,287.65,34,False,0.622,0.313,10,-12.668,1,0.0311,0.797,0.837,0.0976,0.222,114.001,4
7yg0uyelbPeGYeVxjRqjPx,Hostiles,2,1,0O98jlCaPzvsoei6U5jfEL,Damon Albarn,5SzhltQSSi1HUMi5cveZIZ,Everyday Robots,album,2014-04-22,249573,249.57,33,False,0.581,0.477,1,-11.343,0,0.0322,0.506,0.162,0.0983,0.335,100.024,4
0jm7k3F3OqF2ele4r8UN3l,You & Me,7,1,0O98jlCaPzvsoei6U5jfEL,Damon Albarn,5SzhltQSSi1HUMi5cveZIZ,Everyday Robots,album,2014-04-22,425680,425.68,31,False,0.628,0.338,4,-11.63,1,0.039,0.574,0.00585,0.355,0.182,130.364,4
2aRIH8e5e4Lx0hsCU86J3w,Hollow Ponds,8,1,0O98jlCaPzvsoei6U5jfEL,Damon Albarn,5SzhltQSSi1HUMi5cveZIZ,Everyday Robots,album,2014-04-22,299800,299.8,28,False,0.62,0.414,10,-13.346,0,0.037,0.241,0.229,0.697,0.362,139.099,4
3YKzOayX42YJwpaVlpG5H0,Photographs (You Are Taking Now),10,1,0O98jlCaPzvsoei6U5jfEL,Damon Albarn,5SzhltQSSi1HUMi5cveZIZ,Everyday Robots,album,2014-04-22,283787,283.79,28,False,0.447,0.211,6,-18.228,1,0.0631,0.686,0.00754,0.338,0.148,130.841,5
5D8WkUTnyX3QuExy9oJlbI,Parakeet,5,1,0O98jlCaPzvsoei6U5jfEL,Damon Albarn,5SzhltQSSi1HUMi5cveZIZ,Everyday Robots,album,2014-04-22,43360,43.36,27,False,0.794,0.19,0,-17.167,1,0.586,0.926,0.159,0.0963,0.257,63.931,4
3VGcm8ZgGOWxdzu4fwCoKA,The History of a Cheating Heart,11,1,0O98jlCaPzvsoei6U5jfEL,Damon Albarn,5SzhltQSSi1HUMi5cveZIZ,Everyday Robots,album,2014-04-22,240480,240.48,27,False,0.505,0.143,7,-18.061,1,0.0368,0.936,0.0233,0.0956,0.121,104.325,4
0NFlpF08bWMko96LlUVTKH,Seven High,9,1,0O98jlCaPzvsoei6U5jfEL,Damon Albarn,5SzhltQSSi1HUMi5cveZIZ,Everyday Robots,album,2014-04-22,60173,60.17,25,False,0.55,0.235,9,-18.849,0,0.047,0.968,0.235,0.0962,0.19,84.88,4
3YcLuHLXrvJbGNzNlcqWaz,Royal Morning Blue,3,1,0O98jlCaPzvsoei6U5jfEL,Damon Albarn,6GPFSYXLhTPSPG3c8nuGxv,"The Nearer The Fountain, More Pure The Stream Flows",album,2021-11-12,191973,191.97,35,False,0.643,0.742,4,-8.672,0,0.0281,0.0232,0.0136,0.289,0.691,126.082,4
4P8ec5yOtF2INU3qaWIO6E,"The Nearer The Fountain, More Pure The Stream Flows",1,1,0O98jlCaPzvsoei6U5jfEL,Damon Albarn,6GPFSYXLhTPSPG3c8nuGxv,"The Nearer The Fountain, More Pure The Stream Flows",album,2021-11-12,300120,300.12,29,False,0.14,0.335,9,-12.017,0,0.0391,0.92,0.146,0.653,0.039,56.576,3
3RZZ0VfccraPOwMbLrTpv4,Polaris,10,1,0O98jlCaPzvsoei6U5jfEL,Damon Albarn,6GPFSYXLhTPSPG3c8nuGxv,"The Nearer The Fountain, More Pure The Stream Flows",album,2021-11-12,284933,284.93,28,False,0.514,0.739,7,-8.483,1,0.0293,0.058,0.0544,0.216,0.103,124.009,4
2rzhTTrPFoKX1MjxzW2dI2,Darkness To Light,6,1,0O98jlCaPzvsoei6U5jfEL,Damon Albarn,6GPFSYXLhTPSPG3c8nuGxv,"The Nearer The Fountain, More Pure The Stream Flows",album,2021-11-12,179373,179.37,27,False,0.456,0.392,10,-8.264,1,0.029,0.743,0.0107,0.15,0.408,67.0,4
0Vu6WUisw1MwcZUVKIrn5l,The Tower Of Montevideo,8,1,0O98jlCaPzvsoei6U5jfEL,Damon Albarn,6GPFSYXLhTPSPG3c8nuGxv,"The Nearer The Fountain, More Pure The Stream Flows",album,2021-11-12,259120,259.12,24,False,0.634,0.681,0,-8.426,1,0.0303,0.582,0.0258,0.315,0.378,113.045,4
3nfItYZl5QhfquxCe0RKSE,The Cormorant,2,1,0O98jlCaPzvsoei6U5jfEL,Damon Albarn,6GPFSYXLhTPSPG3c8nuGxv,"The Nearer The Fountain, More Pure The Stream Flows",album,2021-11-12,261293,261.29,23,False,0.44,0.532,5,-9.943,0,0.0409,0.423,0.104,0.418,0.435,201.307,4
3MQbNVAj9u435fo4IbJ0yg,Daft Wader,5,1,0O98jlCaPzvsoei6U5jfEL,Damon Albarn,6GPFSYXLhTPSPG3c8nuGxv,"The Nearer The Fountain, More Pure The Stream Flows",album,2021-11-12,208320,208.32,23,False,0.269,0.339,6,-10.18,0,0.0351,0.838,0.344,0.0974,0.0394,120.103,4
72hwJaFXw1ZiyeZ6326fdc,Particles,11,1,0O98jlCaPzvsoei6U5jfEL,Damon Albarn,6GPFSYXLhTPSPG3c8nuGxv,"The Nearer The Fountain, More Pure The Stream Flows",album,2021-11-12,200253,200.25,23,False,0.24,0.433,9,-11.998,1,0.0387,0.758,0.0225,0.226,0.121,119.417,4
4od6yztrJvUwjj5nyECvAV,Giraffe Trumpet Sea,9,1,0O98jlCaPzvsoei6U5jfEL,Damon Albarn,6GPFSYXLhTPSPG3c8nuGxv,"The Nearer The Fountain, More Pure The Stream Flows",album,2021-11-12,111160,111.16,22,False,0.473,0.292,7,-11.764,0,0.0254,0.82,0.0308,0.174,0.154,82.482,4
6KKSoR0u04ZwkDTCOHgNkv,Combustion,4,1,0O98jlCaPzvsoei6U5jfEL,Damon Albarn,6GPFSYXLhTPSPG3c8nuGxv,"The Nearer The Fountain, More Pure The Stream Flows",album,2021-11-12,172720,172.72,21,False,0.341,0.776,7,-8.434,0,0.0475,0.492,0.592,0.127,0.165,73.031,4
4MHrILihLa88DohNZxzzhu,Esja,7,1,0O98jlCaPzvsoei6U5jfEL,Damon Albarn,6GPFSYXLhTPSPG3c8nuGxv,"The Nearer The Fountain, More Pure The Stream Flows",album,2021-11-12,220893,220.89,19,False,0.458,0.844,0,-9.81,1,0.0596,0.971,0.95,0.607,0.0636,143.246,4
5gUg0GoCb5WqgscZS0XmwK,Insomniac,7,1,6bEiU0j4lC3yh2D1kHzFpb,Echobelly,0AgdakfH39DKhwmVPMJ8oH,Everyone's Got One,album,1994-08-25,255693,255.69,29,False,0.311,0.783,9,-7.158,1,0.0452,0.00921,5.75e-06,0.177,0.443,115.96,4
6KOv62kTB2AhsGBHFi8FYK,Today Tomorrow Sometime Never,1,1,6bEiU0j4lC3yh2D1kHzFpb,Echobelly,0AgdakfH39DKhwmVPMJ8oH,Everyone's Got One,album,1994-08-25,218440,218.44,23,False,0.404,0.862,9,-7.362,1,0.0475,0.00119,2.4e-05,0.0479,0.295,117.25,4
3NK0009gcxiXbqUSxfAdZJ,I Can't Imagine The World Without Me,4,1,6bEiU0j4lC3yh2D1kHzFpb,Echobelly,0AgdakfH39DKhwmVPMJ8oH,Everyone's Got One,album,1994-08-25,180373,180.37,23,False,0.218,0.889,4,-6.676,1,0.0563,6.73e-05,0.441,0.0869,0.697,158.746,4
2ddIOtmt0gqEFIUQ874dD2,Give Her A Gun,3,1,6bEiU0j4lC3yh2D1kHzFpb,Echobelly,0AgdakfH39DKhwmVPMJ8oH,Everyone's Got One,album,1994-08-25,217333,217.33,17,False,0.453,0.917,9,-6.305,1,0.0512,0.000323,7.21e-05,0.34,0.527,114.795,4
298OxUS2mZHOEM7EFwvl3P,Father Ruler King Computer,2,1,6bEiU0j4lC3yh2D1kHzFpb,Echobelly,0AgdakfH39DKhwmVPMJ8oH,Everyone's Got One,album,1994-08-25,158507,158.51,16,False,0.338,0.92,9,-7.03,1,0.0783,0.000422,1.14e-05,0.0903,0.644,165.825,4
7vRgLsBWeS3VjswhXAZ40E,Call Me Names,8,1,6bEiU0j4lC3yh2D1kHzFpb,Echobelly,0AgdakfH39DKhwmVPMJ8oH,Everyone's Got One,album,1994-08-25,228800,228.8,16,False,0.318,0.836,7,-6.976,1,0.0508,5.61e-05,0.00496,0.127,0.568,112.727,4
3XPygKZBH3cgeDr2AMJpzt,Bellyache,5,1,6bEiU0j4lC3yh2D1kHzFpb,Echobelly,0AgdakfH39DKhwmVPMJ8oH,Everyone's Got One,album,1994-08-25,269507,269.51,14,False,0.49,0.923,9,-6.549,1,0.0345,0.000105,0.287,0.261,0.521,104.8,4
3gGWHimAQgXzBn8ovkwjNR,Scream,11,1,6bEiU0j4lC3yh2D1kHzFpb,Echobelly,0AgdakfH39DKhwmVPMJ8oH,Everyone's Got One,album,1994-08-25,352933,352.93,13,False,0.268,0.379,9,-9.194,1,0.0338,0.00185,0.00127,0.136,0.178,124.927,4
7rcsNxrcMZ1zEuplHFSmsM,Taste Of You,6,1,6bEiU0j4lC3yh2D1kHzFpb,Echobelly,0AgdakfH39DKhwmVPMJ8oH,Everyone's Got One,album,1994-08-25,208133,208.13,12,False,0.325,0.777,2,-7.105,1,0.0311,0.00102,0.000486,0.0813,0.288,101.614,3
4JLvN6OAW8UIzQmmdZdxDL,Cold Feet Warm Heart,10,1,6bEiU0j4lC3yh2D1kHzFpb,Echobelly,0AgdakfH39DKhwmVPMJ8oH,Everyone's Got One,album,1994-08-25,206600,206.6,12,False,0.174,0.553,0,-6.567,1,0.0349,0.000788,0.0,0.126,0.207,196.274,3
4x2nl5zrAbHw9yIVFZ6Dhu,Close... But,9,1,6bEiU0j4lC3yh2D1kHzFpb,Echobelly,0AgdakfH39DKhwmVPMJ8oH,Everyone's Got One,album,1994-08-25,168533,168.53,11,False,0.436,0.809,1,-6.637,0,0.0438,0.000276,6.64e-05,0.212,0.676,135.376,4
5xvVqECUVNTBGbnPEzqn3I,King of the Kerb,2,1,6bEiU0j4lC3yh2D1kHzFpb,Echobelly,0w3z3xSfH7pB3SNf50pCg3,On,album,1995-11-13,238507,238.51,43,False,0.411,0.907,11,-8.67,1,0.0524,0.000483,6.8e-06,0.628,0.452,112.315,4
1snTgWAiu5d20Rbke7aq9H,Great Things,3,1,6bEiU0j4lC3yh2D1kHzFpb,Echobelly,0w3z3xSfH7pB3SNf50pCg3,On,album,1995-11-13,210200,210.2,37,False,0.32,0.963,9,-8.147,1,0.0648,7.04e-05,1.14e-05,0.0918,0.425,160.096,4
2q7CtN4Oif2NDfjPp4inob,Car Fiction,1,1,6bEiU0j4lC3yh2D1kHzFpb,Echobelly,0w3z3xSfH7pB3SNf50pCg3,On,album,1995-11-13,151453,151.45,28,False,0.38,0.89,1,-7.774,0,0.045,0.000359,0.0,0.031,0.686,152.623,4
2OzuW2fei05z0qW4AZ9GpT,Dark Therapy,11,1,6bEiU0j4lC3yh2D1kHzFpb,Echobelly,0w3z3xSfH7pB3SNf50pCg3,On,album,1995-11-13,329133,329.13,25,False,0.0857,0.556,9,-9.222,1,0.041,0.0149,0.000465,0.483,0.325,175.224,4
5n3vTMmC8z551iyqwbyb4K,Natural Animal,4,1,6bEiU0j4lC3yh2D1kHzFpb,Echobelly,0w3z3xSfH7pB3SNf50pCg3,On,album,1995-11-13,206827,206.83,24,False,0.338,0.716,7,-8.301,1,0.0334,0.000581,0.0,0.219,0.325,108.714,3
3uj3aMlXoBjttE94ImSxnl,Go Away,5,1,6bEiU0j4lC3yh2D1kHzFpb,Echobelly,0w3z3xSfH7pB3SNf50pCg3,On,album,1995-11-13,163773,163.77,22,False,0.392,0.857,9,-7.363,1,0.057,0.000357,0.000687,0.199,0.635,116.382,4
1JJYEcLTpySRGUdNXAM7hA,Something Hot in a Cold Country,7,1,6bEiU0j4lC3yh2D1kHzFpb,Echobelly,0w3z3xSfH7pB3SNf50pCg3,On,album,1995-11-13,241307,241.31,19,False,0.144,0.644,4,-8.678,1,0.0399,0.00318,1.96e-06,0.189,0.286,66.785,4
6p2c6s4A7TZm9AkZscFaY1,Nobody Like You,9,1,6bEiU0j4lC3yh2D1kHzFpb,Echobelly,0w3z3xSfH7pB3SNf50pCg3,On,album,1995-11-13,231373,231.37,19,False,0.392,0.721,11,-8.207,1,0.0313,0.000131,0.000804,0.0979,0.434,96.779,4
1H5BKlyviG7Se7YpJLxzDz,Pantyhose and Roses,6,1,6bEiU0j4lC3yh2D1kHzFpb,Echobelly,0w3z3xSfH7pB3SNf50pCg3,On,album,1995-11-13,204960,204.96,18,False,0.309,0.663,4,-8.858,1,0.0373,0.000123,1.37e-06,0.139,0.511,112.294,4
0eNaw3QMJHoA2fxcXfyfxX,Four Letter Word,8,1,6bEiU0j4lC3yh2D1kHzFpb,Echobelly,0w3z3xSfH7pB3SNf50pCg3,On,album,1995-11-13,169853,169.85,18,False,0.306,0.887,9,-8.534,1,0.0586,0.000236,0.0,0.084,0.494,153.652,4
2fLhtJMl9GG5sUrc1H5hlk,In The Year,10,1,6bEiU0j4lC3yh2D1kHzFpb,Echobelly,0w3z3xSfH7pB3SNf50pCg3,On,album,1995-11-13,209507,209.51,17,False,0.408,0.612,5,-8.882,1,0.0313,9.3e-05,4.02e-06,0.11,0.308,111.07,4
3Ghhzy6viozjEvwhwPIcNK,Worms And Angels,12,1,6bEiU0j4lC3yh2D1kHzFpb,Echobelly,0w3z3xSfH7pB3SNf50pCg3,On,album,1995-11-13,158840,158.84,17,False,0.436,0.316,0,-12.291,1,0.0281,0.000911,0.0225,0.119,0.137,62.275,4
63nPydeoBL0HdThnxAQpYu,Iris Art,4,1,6bEiU0j4lC3yh2D1kHzFpb,Echobelly,4rAmpsWNHUgQNqRimbIJ5n,Lustra,album,1997-11-16,224827,224.83,13,False,0.412,0.83,4,-5.411,1,0.0423,0.0162,0.0,0.163,0.585,122.136,4
1f9QVhodbazKNQUahI0uyK,Everyone Knows Better,6,1,6bEiU0j4lC3yh2D1kHzFpb,Echobelly,4rAmpsWNHUgQNqRimbIJ5n,Lustra,album,1997-11-16,221800,221.8,13,False,0.477,0.807,4,-6.066,0,0.0315,0.00155,0.0,0.0814,0.448,127.168,4
2xLXtkJhrHtrGFzGT9M0jd,Here Comes The Big Rush,3,1,6bEiU0j4lC3yh2D1kHzFpb,Echobelly,4rAmpsWNHUgQNqRimbIJ5n,Lustra,album,1997-11-16,264573,264.57,12,False,0.517,0.843,1,-7.923,0,0.0368,0.000215,6.16e-05,0.084,0.663,88.093,4
79z4dO5uFa5ylPD3iZcHI9,Bulldog Baby,1,1,6bEiU0j4lC3yh2D1kHzFpb,Echobelly,4rAmpsWNHUgQNqRimbIJ5n,Lustra,album,1997-11-16,271867,271.87,11,False,0.494,0.624,9,-8.841,1,0.028,0.00616,4.1e-06,0.0693,0.18,104.964,3
6HThLt75rjS5zaLGGskRYl,I'm Not A Saint,2,1,6bEiU0j4lC3yh2D1kHzFpb,Echobelly,4rAmpsWNHUgQNqRimbIJ5n,Lustra,album,1997-11-16,225000,225.0,11,False,0.157,0.764,9,-5.325,1,0.049,0.00524,2.56e-06,0.366,0.544,207.72,4
3yYREqKcfLCs0isJomAMbq,The World Is Flat,5,1,6bEiU0j4lC3yh2D1kHzFpb,Echobelly,4rAmpsWNHUgQNqRimbIJ5n,Lustra,album,1997-11-16,241467,241.47,11,False,0.453,0.9,7,-6.083,1,0.0403,0.0116,0.0,0.118,0.742,138.197,4
1qi6pueKTNvJHBtKepKHai,Lustra,12,1,6bEiU0j4lC3yh2D1kHzFpb,Echobelly,4rAmpsWNHUgQNqRimbIJ5n,Lustra,album,1997-11-16,234507,234.51,6,False,0.511,0.86,11,-5.034,0,0.0321,0.00912,0.0,0.361,0.776,106.099,4
3TXSyIQIEpnz5ROwK7nT0Z,Wired On,7,1,6bEiU0j4lC3yh2D1kHzFpb,Echobelly,4rAmpsWNHUgQNqRimbIJ5n,Lustra,album,1997-11-16,203133,203.13,5,False,0.13,0.72,9,-6.199,1,0.0415,0.0841,0.0,0.233,0.478,89.913,4
1DD2smwfmqzRthLIHvwq8q,Paradise,10,1,6bEiU0j4lC3yh2D1kHzFpb,Echobelly,4rAmpsWNHUgQNqRimbIJ5n,Lustra,album,1997-11-16,154440,154.44,5,False,0.42,0.666,7,-6.863,1,0.0295,0.128,0.0,0.34,0.572,95.055,4
18HfKyvIfF2YtBiIuvaMjG,Angel B,11,1,6bEiU0j4lC3yh2D1kHzFpb,Echobelly,4rAmpsWNHUgQNqRimbIJ5n,Lustra,album,1997-11-16,326293,326.29,5,False,0.253,0.576,4,-7.144,0,0.0351,0.00666,0.0,0.0541,0.377,199.91,4
2nCMWoMH1xy66KIOwhTZk6,Bleed,9,1,6bEiU0j4lC3yh2D1kHzFpb,Echobelly,4rAmpsWNHUgQNqRimbIJ5n,Lustra,album,1997-11-16,159893,159.89,4,False,0.63,0.204,7,-13.118,1,0.0331,0.884,0.0,0.0945,0.208,133.914,4
6PgeQDK3dZNMrHvwYb864d,Fear of Flying,1,1,6bEiU0j4lC3yh2D1kHzFpb,Echobelly,2VHyIsHQisKkOvRxfYU2vS,People Are Expensive,album,2001,301835,301.83,0,False,0.307,0.569,0,-6.463,1,0.0308,0.101,0.002,0.0885,0.232,135.975,4
3JiqYxIkAdaV3k44ULx8dw,Tell Me Why,2,1,6bEiU0j4lC3yh2D1kHzFpb,Echobelly,2VHyIsHQisKkOvRxfYU2vS,People Are Expensive,album,2001,296378,296.38,0,False,0.534,0.776,9,-5.218,0,0.0412,0.00151,0.000237,0.093,0.583,122.195,4
0H7Zb8lueqLJLEH2YK7sku,Down to Earth,3,1,6bEiU0j4lC3yh2D1kHzFpb,Echobelly,2VHyIsHQisKkOvRxfYU2vS,People Are Expensive,album,2001,173103,173.1,0,False,0.657,0.483,0,-6.13,1,0.0257,0.496,2.13e-06,0.145,0.259,113.212,4
2vyABwt2fVjT512UGMeiuI,People Are Expensive,4,1,6bEiU0j4lC3yh2D1kHzFpb,Echobelly,2VHyIsHQisKkOvRxfYU2vS,People Are Expensive,album,2001,138134,138.13,0,False,0.373,0.28,0,-14.27,1,0.0423,0.992,0.384,0.823,0.145,153.615,4
4ZfxLNkkWskksBmPwDkDpT,Digit,5,1,6bEiU0j4lC3yh2D1kHzFpb,Echobelly,2VHyIsHQisKkOvRxfYU2vS,People Are Expensive,album,2001,345419,345.42,0,False,0.458,0.783,2,-6.488,1,0.0532,0.014,0.00188,0.126,0.287,140.664,4
0dnaYZpaPiiMXNVKmPQVzY,Dying,6,1,6bEiU0j4lC3yh2D1kHzFpb,Echobelly,2VHyIsHQisKkOvRxfYU2vS,People Are Expensive,album,2001,298212,298.21,0,False,0.574,0.388,9,-9.552,0,0.0268,0.311,0.148,0.105,0.186,100.676,4
1hHOyzQyjnlfxc29tQLNjG,Kali Yuga,7,1,6bEiU0j4lC3yh2D1kHzFpb,Echobelly,2VHyIsHQisKkOvRxfYU2vS,People Are Expensive,album,2001,328863,328.86,0,False,0.624,0.44,5,-8.167,1,0.03,0.0114,0.00955,0.0953,0.394,82.067,4
5yMfv4uwPqzAhNVTsXGH3Z,Everything is All,8,1,6bEiU0j4lC3yh2D1kHzFpb,Echobelly,2VHyIsHQisKkOvRxfYU2vS,People Are Expensive,album,2001,300836,300.84,0,False,0.385,0.449,4,-8.381,1,0.0278,0.00881,0.0242,0.113,0.11,82.373,4
5ZWbUS3eGnHOOdkoOcbyov,A Map is Not the Territory,9,1,6bEiU0j4lC3yh2D1kHzFpb,Echobelly,2VHyIsHQisKkOvRxfYU2vS,People Are Expensive,album,2001,371727,371.73,0,False,0.273,0.643,0,-7.162,1,0.0356,0.0107,0.000178,0.107,0.171,127.705,4
4Qq1JtsBE6iAqd1dw2JbJO,Ondine,10,1,6bEiU0j4lC3yh2D1kHzFpb,Echobelly,2VHyIsHQisKkOvRxfYU2vS,People Are Expensive,album,2001,248800,248.8,0,False,0.418,0.282,5,-9.619,1,0.029,0.641,1.27e-05,0.22,0.204,128.779,4
71Mb3LxlOXn084jZNoN9IP,Point Dume,11,1,6bEiU0j4lC3yh2D1kHzFpb,Echobelly,2VHyIsHQisKkOvRxfYU2vS,People Are Expensive,album,2001,454483,454.48,0,False,0.439,0.319,2,-14.573,1,0.0989,0.587,0.00572,0.107,0.0342,89.84,3
5LVkm71nk7P5ssUc3kNPQw,Gravity Pulls,1,1,6bEiU0j4lC3yh2D1kHzFpb,Echobelly,0onIcMgIs7cwRbr0bJGBw0,Gravity Pulls,album,2004-06-01,259960,259.96,9,False,0.244,0.473,9,-8.761,0,0.0296,0.0195,3.54e-05,0.111,0.294,94.271,4
3ujPTS6qvuG4pbRreIYHLT,You Started a Fire In the Heart of a Wasted Life,3,1,6bEiU0j4lC3yh2D1kHzFpb,Echobelly,0onIcMgIs7cwRbr0bJGBw0,Gravity Pulls,album,2004-06-01,242093,242.09,7,False,0.492,0.841,5,-4.704,0,0.0326,0.00185,1.24e-05,0.167,0.399,120.553,4
3CTdv9Sny7S1E3eaPnacJR,Djinn,4,1,6bEiU0j4lC3yh2D1kHzFpb,Echobelly,0onIcMgIs7cwRbr0bJGBw0,Gravity Pulls,album,2004-06-01,282973,282.97,7,False,0.209,0.574,1,-8.46,0,0.0303,0.0199,8.81e-06,0.318,0.186,81.97,4
6dDbs1gdGJmaWLmujHwG5T,To Get Me Thru the Good Times,2,1,6bEiU0j4lC3yh2D1kHzFpb,Echobelly,0onIcMgIs7cwRbr0bJGBw0,Gravity Pulls,album,2004-06-01,258640,258.64,6,False,0.527,0.584,4,-6.962,1,0.0284,0.0482,1.83e-05,0.0961,0.257,124.003,4
2Jpvpx5GdrCgpmht2znOjh,Big Sky Mind,5,1,6bEiU0j4lC3yh2D1kHzFpb,Echobelly,0onIcMgIs7cwRbr0bJGBw0,Gravity Pulls,album,2004-06-01,365973,365.97,5,False,0.404,0.539,2,-7.627,1,0.0349,0.0112,0.0295,0.372,0.0797,127.976,4
1uAVsR31dhbA7lWHcfBZeF,A Good Day,7,1,6bEiU0j4lC3yh2D1kHzFpb,Echobelly,0onIcMgIs7cwRbr0bJGBw0,Gravity Pulls,album,2004-06-01,225213,225.21,5,False,0.559,0.507,1,-7.222,0,0.0252,0.0123,7.93e-05,0.102,0.547,89.942,4
16EaNFYPYFpGBtEBVnqkMO,What You Deserve,8,1,6bEiU0j4lC3yh2D1kHzFpb,Echobelly,0onIcMgIs7cwRbr0bJGBw0,Gravity Pulls,album,2004-06-01,260227,260.23,4,False,0.38,0.64,0,-5.812,1,0.0305,9.32e-05,0.000722,0.0735,0.242,80.101,4
3DkL6QpY1HwiXAx2LOE7n3,Strangely Drawn,6,1,6bEiU0j4lC3yh2D1kHzFpb,Echobelly,0onIcMgIs7cwRbr0bJGBw0,Gravity Pulls,album,2004-06-01,180613,180.61,2,False,0.36,0.207,0,-10.865,1,0.0339,0.828,0.00428,0.0946,0.287,117.56,5
16iJFfunjpSvBZVQ4fz0bm,One In a Million,9,1,6bEiU0j4lC3yh2D1kHzFpb,Echobelly,0onIcMgIs7cwRbr0bJGBw0,Gravity Pulls,album,2004-06-01,202720,202.72,2,False,0.49,0.654,7,-7.215,1,0.0378,0.0244,5.72e-05,0.137,0.406,129.938,4
7tSH6fbBWSOeGeZSdgvcv8,All Tomorrow Brings,10,1,6bEiU0j4lC3yh2D1kHzFpb,Echobelly,0onIcMgIs7cwRbr0bJGBw0,Gravity Pulls,album,2004-06-01,281227,281.23,2,False,0.423,0.326,7,-9.749,1,0.0295,0.549,9.78e-06,0.181,0.177,153.964,4
56xbvnpS5LPItx3RhvEZBO,Hey Hey Hey,1,1,6bEiU0j4lC3yh2D1kHzFpb,Echobelly,0vZaLYAE8lSsv2ilGbhUcT,Anarchy and Alchemy,album,2017-05-26,239142,239.14,0,False,0.454,0.662,3,-6.653,1,0.025,2.58e-05,0.000646,0.509,0.521,94.003,4
37hNd8n58SnEBmWrhHIzhx,Firefly,2,1,6bEiU0j4lC3yh2D1kHzFpb,Echobelly,0vZaLYAE8lSsv2ilGbhUcT,Anarchy and Alchemy,album,2017-05-26,298582,298.58,0,False,0.464,0.658,11,-8.102,0,0.0261,0.000436,0.0021,0.0713,0.528,89.465,4
0vrbnI9obZpgQjCIC23sbo,Anarchy and Alchemy,3,1,6bEiU0j4lC3yh2D1kHzFpb,Echobelly,0vZaLYAE8lSsv2ilGbhUcT,Anarchy and Alchemy,album,2017-05-26,248227,248.23,0,False,0.242,0.456,11,-9.506,0,0.0297,0.0692,6.05e-05,0.0624,0.229,87.327,4
04K4XFzNH7LRFh3Mqhs7fJ,Reign On,4,1,6bEiU0j4lC3yh2D1kHzFpb,Echobelly,0vZaLYAE8lSsv2ilGbhUcT,Anarchy and Alchemy,album,2017-05-26,248756,248.76,0,False,0.49,0.679,11,-9.614,1,0.0455,0.138,0.0125,0.113,0.768,82.946,4
1eGVDfN0IrVBvcANQyviMu,Flesh 'N' Bones,5,1,6bEiU0j4lC3yh2D1kHzFpb,Echobelly,0vZaLYAE8lSsv2ilGbhUcT,Anarchy and Alchemy,album,2017-05-26,233262,233.26,0,False,0.344,0.317,4,-10.919,1,0.0369,0.796,0.000648,0.0962,0.159,125.996,4
59wByGTYMpvCYWjC6l05g7,If the Dogs Don't Get You My Sisters Will,6,1,6bEiU0j4lC3yh2D1kHzFpb,Echobelly,0vZaLYAE8lSsv2ilGbhUcT,Anarchy and Alchemy,album,2017-05-26,221542,221.54,0,False,0.41,0.555,0,-8.14,1,0.0271,0.00109,0.00136,0.151,0.63,167.84,4
5oy0sLLfSVSjNSfDzc2VwV,Faces in the Mirror,7,1,6bEiU0j4lC3yh2D1kHzFpb,Echobelly,0vZaLYAE8lSsv2ilGbhUcT,Anarchy and Alchemy,album,2017-05-26,229942,229.94,0,False,0.644,0.656,7,-7.782,0,0.0268,0.0509,5.59e-06,0.105,0.849,119.97,4
5FaBoakC08515uZCWpalJ0,Molotov,8,1,6bEiU0j4lC3yh2D1kHzFpb,Echobelly,0vZaLYAE8lSsv2ilGbhUcT,Anarchy and Alchemy,album,2017-05-26,223809,223.81,0,False,0.505,0.661,10,-7.025,0,0.0285,0.000827,5.84e-05,0.148,0.34,133.978,4
3D79eKhKUk0LFunq9OEupa,Autumn Angel,9,1,6bEiU0j4lC3yh2D1kHzFpb,Echobelly,0vZaLYAE8lSsv2ilGbhUcT,Anarchy and Alchemy,album,2017-05-26,230476,230.48,0,False,0.556,0.399,7,-10.769,1,0.0294,0.177,0.0146,0.0904,0.0441,116.993,4
0ZfpteP64Ka3NjbMPcvzjb,Dead Again,10,1,6bEiU0j4lC3yh2D1kHzFpb,Echobelly,0vZaLYAE8lSsv2ilGbhUcT,Anarchy and Alchemy,album,2017-05-26,234662,234.66,0,False,0.271,0.549,3,-10.569,1,0.0277,0.0256,0.00119,0.0823,0.382,99.093,3
1UQXRhhKChPHhEl1h6ayPv,Heroes In June,3,1,6bEiU0j4lC3yh2D1kHzFpb,Echobelly,4JtBrJnH0ZSsUZiNj1rqNO,Black Heart Lullabies,album,2018-01-01,159813,159.81,8,False,0.417,0.328,0,-11.7,1,0.0321,0.484,0.119,0.0915,0.179,121.773,3
4urAJHyblTa7gSYdgOOO0D,Sober,4,1,6bEiU0j4lC3yh2D1kHzFpb,Echobelly,4JtBrJnH0ZSsUZiNj1rqNO,Black Heart Lullabies,album,2018-01-01,329707,329.71,8,False,0.343,0.304,7,-8.8,1,0.0263,0.117,1.3e-05,0.098,0.0831,82.627,4
3WmsD60IjLxkNR944ZUsnX,From The Deep,11,1,6bEiU0j4lC3yh2D1kHzFpb,Echobelly,4JtBrJnH0ZSsUZiNj1rqNO,Black Heart Lullabies,album,2018-01-01,215133,215.13,6,False,0.508,0.183,10,-13.166,1,0.0307,0.919,9.22e-05,0.11,0.208,96.122,4
2GiP0QwLLmZzCCeiFdYCaH,Silence On The Radio,6,1,6bEiU0j4lC3yh2D1kHzFpb,Echobelly,4JtBrJnH0ZSsUZiNj1rqNO,Black Heart Lullabies,album,2018-01-01,195373,195.37,5,False,0.665,0.372,9,-8.898,1,0.0266,0.23,0.0,0.0808,0.624,106.069,4
2L7fih1NxfqLgXg0giaT8j,I Don't Belong Here,7,1,6bEiU0j4lC3yh2D1kHzFpb,Echobelly,4JtBrJnH0ZSsUZiNj1rqNO,Black Heart Lullabies,album,2018-01-01,302547,302.55,4,False,0.277,0.288,4,-9.757,1,0.0313,0.57,0.00355,0.0955,0.0394,132.806,4
3iOi2Oib5o2uDUYgAQO3Gi,I Am Awake,8,1,6bEiU0j4lC3yh2D1kHzFpb,Echobelly,4JtBrJnH0ZSsUZiNj1rqNO,Black Heart Lullabies,album,2018-01-01,231227,231.23,4,False,0.206,0.54,5,-7.382,1,0.0363,0.288,0.000556,0.358,0.268,154.829,3
7xWTDSEre5x7tBZEyx1Maf,Still Running,12,1,6bEiU0j4lC3yh2D1kHzFpb,Echobelly,4JtBrJnH0ZSsUZiNj1rqNO,Black Heart Lullabies,album,2018-01-01,273453,273.45,4,False,0.562,0.558,7,-9.643,1,0.0238,0.646,0.000635,0.0785,0.229,95.975,4
4kHCh9WO8qLBcMrCecDRxS,Atom,19,1,6bEiU0j4lC3yh2D1kHzFpb,Echobelly,4JtBrJnH0ZSsUZiNj1rqNO,Black Heart Lullabies,album,2018-01-01,169667,169.67,4,False,0.258,0.418,7,-9.378,1,0.0279,0.468,0.00388,0.0833,0.236,176.116,3
6JTbxqcy3RlM00JQpF2cZB,To The End,9,1,6bEiU0j4lC3yh2D1kHzFpb,Echobelly,4JtBrJnH0ZSsUZiNj1rqNO,Black Heart Lullabies,album,2018-01-01,362613,362.61,3,False,0.493,0.522,6,-10.09,1,0.0279,0.0541,0.00145,0.16,0.195,135.967,4
283s2gZukqZ3b33LnVdNz5,Falling Flame,14,1,6bEiU0j4lC3yh2D1kHzFpb,Echobelly,4JtBrJnH0ZSsUZiNj1rqNO,Black Heart Lullabies,album,2018-01-01,246093,246.09,3,False,0.542,0.763,6,-8.522,0,0.034,0.0217,0.0376,0.236,0.728,129.129,4
4PuPLCrNZ8ZgsCMaGN98RW,Something That Remains,18,1,6bEiU0j4lC3yh2D1kHzFpb,Echobelly,4JtBrJnH0ZSsUZiNj1rqNO,Black Heart Lullabies,album,2018-01-01,262547,262.55,3,False,0.553,0.722,5,-8.107,1,0.0316,0.498,3.03e-05,0.29,0.419,118.95,4
1vekJYS5R1kSRgiLUVtcCB,God's Guest List,16,1,6bEiU0j4lC3yh2D1kHzFpb,Echobelly,4JtBrJnH0ZSsUZiNj1rqNO,Black Heart Lullabies,album,2018-01-01,215693,215.69,2,False,0.253,0.54,11,-10.425,0,0.0331,0.00512,0.00108,0.21,0.182,80.319,4
4EgIV6RjASl0lIDzTEDyGJ,When I See Red,17,1,6bEiU0j4lC3yh2D1kHzFpb,Echobelly,4JtBrJnH0ZSsUZiNj1rqNO,Black Heart Lullabies,album,2018-01-01,235613,235.61,2,False,0.369,0.412,7,-10.913,0,0.0323,0.299,0.259,0.106,0.379,126.479,3
3sp1soBs2eAWpTf8Vuo5Y2,Sparks,20,1,6bEiU0j4lC3yh2D1kHzFpb,Echobelly,4JtBrJnH0ZSsUZiNj1rqNO,Black Heart Lullabies,album,2018-01-01,305893,305.89,2,False,0.52,0.673,7,-8.176,1,0.0283,0.363,0.00203,0.234,0.57,95.989,3
53LZqMzQEnjBkFXPqOq0cD,Connection,3,1,3l14gV4hIMAjmo7KUvEWTx,Elastica,00MAXeszCotk3g9q8KYJlZ,Elastica,album,1995-01-01,140480,140.48,57,False,0.684,0.694,3,-5.776,1,0.0375,0.000351,0.7,0.0496,0.882,121.342,4
4Gz79kVUfXjvdChYYl2vh4,Waking Up,11,1,3l14gV4hIMAjmo7KUvEWTx,Elastica,00MAXeszCotk3g9q8KYJlZ,Elastica,album,1995-01-01,195707,195.71,43,False,0.459,0.972,9,-3.968,0,0.0867,0.00323,0.518,0.0605,0.561,137.895,4
3ZGQMBLN5qpkR6R5qEuuUm,Stutter,14,1,3l14gV4hIMAjmo7KUvEWTx,Elastica,00MAXeszCotk3g9q8KYJlZ,Elastica,album,1995-01-01,142200,142.2,42,False,0.176,0.98,11,-3.154,1,0.0721,0.0384,0.552,0.237,0.302,172.566,3
0d5BPvJhvlyV30xu88DOVW,Car Song,4,1,3l14gV4hIMAjmo7KUvEWTx,Elastica,00MAXeszCotk3g9q8KYJlZ,Elastica,album,1995-01-01,144240,144.24,39,False,0.67,0.931,4,-4.237,1,0.0267,0.00228,0.126,0.109,0.716,110.701,4
0VTBq7PkeXaeNugFSTJhXh,2:1,12,1,3l14gV4hIMAjmo7KUvEWTx,Elastica,00MAXeszCotk3g9q8KYJlZ,Elastica,album,1995-01-01,151000,151.0,39,False,0.81,0.496,9,-7.367,1,0.0416,0.013,0.132,0.0273,0.97,109.828,4
4NKR77RM92DlVYmcLn79HW,Line Up,1,1,3l14gV4hIMAjmo7KUvEWTx,Elastica,00MAXeszCotk3g9q8KYJlZ,Elastica,album,1995-01-01,196360,196.36,36,True,0.58,0.847,11,-5.905,0,0.0298,1.88e-05,0.803,0.185,0.926,111.074,4
14HLXW7CIUfRb4jHc1nfHJ,S.O.F.T.,7,1,3l14gV4hIMAjmo7KUvEWTx,Elastica,00MAXeszCotk3g9q8KYJlZ,Elastica,album,1995-01-01,237867,237.87,32,False,0.481,0.789,1,-5.101,0,0.027,0.0993,0.00435,0.219,0.482,80.327,4
3j43m2MuVUFWMsnqSzdsLs,Never Here,15,1,3l14gV4hIMAjmo7KUvEWTx,Elastica,00MAXeszCotk3g9q8KYJlZ,Elastica,album,1995-01-01,266507,266.51,32,False,0.529,0.635,9,-6.766,1,0.0289,5.3e-05,0.229,0.0937,0.576,134.417,4
6GH7rZ4T8uwV49rcKWqoot,Annie,2,1,3l14gV4hIMAjmo7KUvEWTx,Elastica,00MAXeszCotk3g9q8KYJlZ,Elastica,album,1995-01-01,73707,73.71,30,False,0.381,0.974,9,-4.43,1,0.0924,4.47e-06,0.885,0.0782,0.46,171.26,4
6dY5wseExZdw80ie3or4TF,Smile,5,1,3l14gV4hIMAjmo7KUvEWTx,Elastica,00MAXeszCotk3g9q8KYJlZ,Elastica,album,1995-01-01,100280,100.28,29,False,0.487,0.951,2,-5.043,1,0.0387,0.00023,0.0908,0.105,0.866,81.481,4
7zpkb07R0SAKFugvMBZhKb,Hold Me Now,6,1,3l14gV4hIMAjmo7KUvEWTx,Elastica,00MAXeszCotk3g9q8KYJlZ,Elastica,album,1995-01-01,152373,152.37,28,False,0.705,0.807,0,-6.958,1,0.0349,0.0278,0.0,0.164,0.904,108.123,4
6yxWn8FJsz2OIriaLhFEeb,Blue,9,1,3l14gV4hIMAjmo7KUvEWTx,Elastica,00MAXeszCotk3g9q8KYJlZ,Elastica,album,1995-01-01,141773,141.77,28,False,0.188,0.93,2,-4.926,1,0.0486,0.000411,0.57,0.415,0.263,171.888,4
323oiXriCfg4Jvg5idsVJb,Vaseline,16,1,3l14gV4hIMAjmo7KUvEWTx,Elastica,00MAXeszCotk3g9q8KYJlZ,Elastica,album,1995-01-01,85093,85.09,26,False,0.531,0.723,9,-5.622,0,0.0486,0.00853,0.0271,0.114,0.373,133.39,1
0v6LsCQq8XuFDytG01qx5w,All-Nighter,10,1,3l14gV4hIMAjmo7KUvEWTx,Elastica,00MAXeszCotk3g9q8KYJlZ,Elastica,album,1995-01-01,93360,93.36,25,False,0.379,0.868,7,-5.428,1,0.0412,0.00111,0.296,0.0559,0.684,169.702,4
2kQBpkJ62Rk4QrVe5Y33hF,See That Animal,13,1,3l14gV4hIMAjmo7KUvEWTx,Elastica,00MAXeszCotk3g9q8KYJlZ,Elastica,album,1995-01-01,141560,141.56,24,False,0.562,0.963,11,-4.866,0,0.0454,0.00136,0.000677,0.295,0.57,135.183,4
1pcTSTh8kXa87PBVlxjbtz,Indian Song,8,1,3l14gV4hIMAjmo7KUvEWTx,Elastica,00MAXeszCotk3g9q8KYJlZ,Elastica,album,1995-01-01,166427,166.43,23,False,0.649,0.555,4,-7.224,1,0.0319,0.0272,0.673,0.12,0.955,117.888,4
7ukRNi7ljZlpO2FdfcojxZ,Generator,2,1,3l14gV4hIMAjmo7KUvEWTx,Elastica,17U67UOLzyWQpfa4a9Hwr9,The Menace,album,2000,110360,110.36,26,False,0.483,0.912,9,-4.245,0,0.0829,0.00293,0.00819,0.288,0.83,147.629,4
7tH71zPFewHULQb6SR5Mma,Nothing Stays the Same,7,1,3l14gV4hIMAjmo7KUvEWTx,Elastica,17U67UOLzyWQpfa4a9Hwr9,The Menace,album,2000,164000,164.0,26,False,0.496,0.503,6,-11.243,1,0.0388,0.518,0.0033,0.147,0.804,221.947,4
4ZMmGMjMbbhUPqFesyFwBH,Da Da Da,13,1,3l14gV4hIMAjmo7KUvEWTx,Elastica,17U67UOLzyWQpfa4a9Hwr9,The Menace,album,2000,232200,232.2,23,False,0.766,0.654,4,-8.922,1,0.0775,0.00888,0.00941,0.0719,0.983,127.047,4
5WWajLT48iEqKl3lHlmGpD,Mad Dog,1,1,3l14gV4hIMAjmo7KUvEWTx,Elastica,17U67UOLzyWQpfa4a9Hwr9,The Menace,album,2000,195973,195.97,22,False,0.585,0.975,2,-4.269,1,0.107,0.00115,0.115,0.0553,0.424,120.073,4
6jYdhGNaDL7SuVEyIZ53RQ,How He Wrote Elastic Man,3,1,3l14gV4hIMAjmo7KUvEWTx,Elastica,17U67UOLzyWQpfa4a9Hwr9,The Menace,album,2000,122133,122.13,20,False,0.477,0.92,9,-4.741,1,0.0723,0.000394,0.000228,0.316,0.407,154.925,4
0OlXwnQp77ySV7AlPDeKhU,Love Like Ours,9,1,3l14gV4hIMAjmo7KUvEWTx,Elastica,17U67UOLzyWQpfa4a9Hwr9,The Menace,album,2000,142800,142.8,18,False,0.568,0.649,9,-7.336,1,0.0375,0.00675,0.149,0.174,0.651,108.524,4
0itAa5AgZsNscVF37FsOUX,Human,6,1,3l14gV4hIMAjmo7KUvEWTx,Elastica,17U67UOLzyWQpfa4a9Hwr9,The Menace,album,2000,209667,209.67,17,False,0.543,0.521,0,-9.649,0,0.0258,0.00335,0.432,0.296,0.302,100.507,4
1Q4iOHgz3WCpGMpAT7zaBc,My Sex,11,1,3l14gV4hIMAjmo7KUvEWTx,Elastica,17U67UOLzyWQpfa4a9Hwr9,The Menace,album,2000,250533,250.53,17,False,0.276,0.152,1,-17.208,0,0.104,0.758,0.852,0.124,0.178,131.942,3
0ap3emVuef1IWkNflx7lJO,Image Change,4,1,3l14gV4hIMAjmo7KUvEWTx,Elastica,17U67UOLzyWQpfa4a9Hwr9,The Menace,album,2000,207000,207.0,15,False,0.621,0.651,2,-8.335,1,0.0279,0.367,0.0134,0.117,0.183,114.728,4
18lgOWlEgdIlS2MpX2LEZN,Your Arse My Place,5,1,3l14gV4hIMAjmo7KUvEWTx,Elastica,17U67UOLzyWQpfa4a9Hwr9,The Menace,album,2000,135973,135.97,14,False,0.521,0.767,7,-6.282,1,0.0808,0.00598,0.000446,0.315,0.431,124.056,4
0t88AbWFJIJo4fwqBKFv1D,Miami Nice,8,1,3l14gV4hIMAjmo7KUvEWTx,Elastica,17U67UOLzyWQpfa4a9Hwr9,The Menace,album,2000,201467,201.47,12,False,0.593,0.652,6,-12.947,1,0.054,0.119,0.914,0.106,0.0749,122.38,4
0k8Fu4v0uCmXNagNXaKiXN,KB,10,1,3l14gV4hIMAjmo7KUvEWTx,Elastica,17U67UOLzyWQpfa4a9Hwr9,The Menace,album,2000,192760,192.76,12,False,0.626,0.869,2,-7.776,1,0.0527,0.000455,0.00324,0.0949,0.463,130.894,4
4JuA9ZwxAB9jl1RsH6TA4y,The Way I Like It,12,1,3l14gV4hIMAjmo7KUvEWTx,Elastica,17U67UOLzyWQpfa4a9Hwr9,The Menace,album,2000,159773,159.77,12,False,0.582,0.66,2,-8.847,1,0.0371,0.0414,0.000319,0.175,0.939,91.989,4
5h7FPRpcnRbLG2SqNldk05,Spastica,2,1,3l14gV4hIMAjmo7KUvEWTx,Elastica,2EgjvMeZHKDFOkGOw5DpbD,The Radio One Sessions,album,2003-05-06,154080,154.08,0,False,0.4,0.912,9,-4.581,1,0.0477,8.17e-05,0.0957,0.288,0.849,136.595,4
68lt7P7DuGLgAj5Vm2eqQ4,Brighton Rock,5,1,3l14gV4hIMAjmo7KUvEWTx,Elastica,2EgjvMeZHKDFOkGOw5DpbD,The Radio One Sessions,album,2003-05-06,116773,116.77,0,False,0.617,0.928,9,-5.109,1,0.0354,0.00243,0.00805,0.279,0.889,115.783,4
2zwbwMWHI33pf3ee020FtG,In The City,6,1,3l14gV4hIMAjmo7KUvEWTx,Elastica,2EgjvMeZHKDFOkGOw5DpbD,The Radio One Sessions,album,2003-05-06,91133,91.13,0,False,0.342,0.96,9,-5.414,1,0.062,0.000211,0.0152,0.139,0.752,171.33,4
0JBndPQU1q75fBvmXxkOUE,Four Wheeling,8,1,3l14gV4hIMAjmo7KUvEWTx,Elastica,2EgjvMeZHKDFOkGOw5DpbD,The Radio One Sessions,album,2003-05-06,146400,146.4,0,False,0.58,0.829,3,-6.477,0,0.0304,0.00335,0.0554,0.113,0.889,111.778,4
70iZXon0xjv5Vq4Zgz8dxU,Ba Ba Ba,10,1,3l14gV4hIMAjmo7KUvEWTx,Elastica,2EgjvMeZHKDFOkGOw5DpbD,The Radio One Sessions,album,2003-05-06,153827,153.83,0,False,0.446,0.969,5,-5.295,1,0.0702,0.000292,0.00466,0.0504,0.656,152.898,4
7otGB5zPnYKcrjCCxlG46n,All For Gloria,11,1,3l14gV4hIMAjmo7KUvEWTx,Elastica,2EgjvMeZHKDFOkGOw5DpbD,The Radio One Sessions,album,2003-05-06,182893,182.89,0,False,0.524,0.708,9,-7.995,1,0.0293,0.000212,0.794,0.113,0.892,141.544,4
14m0frCHbtMm3WylO4uYZz,I Wanna Be A King Of Orient Aah,12,1,3l14gV4hIMAjmo7KUvEWTx,Elastica,2EgjvMeZHKDFOkGOw5DpbD,The Radio One Sessions,album,2003-05-06,125680,125.68,0,False,0.728,0.65,2,-8.436,1,0.0585,0.0177,0.603,0.0332,0.781,130.881,4
3k37ZpIaokCAxJRyAISinE,Rock 'n' Roll,13,1,3l14gV4hIMAjmo7KUvEWTx,Elastica,2EgjvMeZHKDFOkGOw5DpbD,The Radio One Sessions,album,2003-05-06,134067,134.07,0,False,0.497,0.926,7,-4.674,1,0.0809,0.00129,0.00324,0.26,0.631,139.681,4
12kbg2xVZsIwkNXCGHM6nS,I Want You,15,1,3l14gV4hIMAjmo7KUvEWTx,Elastica,2EgjvMeZHKDFOkGOw5DpbD,The Radio One Sessions,album,2003-05-06,245173,245.17,0,False,0.605,0.875,0,-6.071,1,0.0378,0.00229,0.105,0.267,0.532,130.259,4
3urUlYFNbi7cyDPKRVueTI,Pussycat,2,1,3l14gV4hIMAjmo7KUvEWTx,Elastica,7yIVVke03i0YxiDS44dokF,Singles,album,2021-06-18,158533,158.53,11,False,0.552,0.781,6,-13.664,1,0.0296,0.0403,0.386,0.0589,0.806,107.279,4
6TN9rO1YvLVk5bPrCQsttI,Car Wash,10,1,3l14gV4hIMAjmo7KUvEWTx,Elastica,7yIVVke03i0YxiDS44dokF,Singles,album,2021-06-18,94373,94.37,6,False,0.595,0.366,4,-12.259,0,0.0354,0.0609,0.00229,0.296,0.148,123.594,4
0M5xtx6ncdKWaKNfrPQecw,Running the World,1,1,13W7XLRXdWeLmIu9vacE1w,Jarvis Cocker,5iLnPlwgABjoDbpxyD6eu7,Jarvis (2020 Complete Edition),album,2006,287053,287.05,0,True,0.46,0.639,0,-6.108,1,0.0295,0.17,0.0,0.0798,0.238,95.597,4
3a9KGm07KS9LgO2veW3GkZ,Don't Let Him Waste Your Time,3,1,13W7XLRXdWeLmIu9vacE1w,Jarvis Cocker,5iLnPlwgABjoDbpxyD6eu7,Jarvis (2020 Complete Edition),album,2006,249707,249.71,0,False,0.473,0.864,4,-3.816,1,0.0284,0.0138,0.000109,0.163,0.537,79.987,4
6GEkxlE7lveRqo85HS9HQ4,Black Magic,4,1,13W7XLRXdWeLmIu9vacE1w,Jarvis Cocker,5iLnPlwgABjoDbpxyD6eu7,Jarvis (2020 Complete Edition),album,2006,261693,261.69,0,False,0.43,0.73,11,-4.946,1,0.0618,0.0253,0.000237,0.144,0.443,176.794,4
7h6YUwDTHr2gxkEyYCQKWG,Heavy Weather,5,1,13W7XLRXdWeLmIu9vacE1w,Jarvis Cocker,5iLnPlwgABjoDbpxyD6eu7,Jarvis (2020 Complete Edition),album,2006,229547,229.55,0,False,0.466,0.818,7,-4.397,1,0.0477,0.00384,0.000694,0.141,0.268,116.84,4
0QFLseoT5sL3NadXCNQDpJ,I Will Kill Again,6,1,13W7XLRXdWeLmIu9vacE1w,Jarvis Cocker,5iLnPlwgABjoDbpxyD6eu7,Jarvis (2020 Complete Edition),album,2006,225213,225.21,0,False,0.288,0.265,10,-9.343,1,0.0311,0.722,0.00071,0.107,0.19,169.391,4
4pbiaBCbLVdMRI3XQryMap,Baby's Coming Back to Me,7,1,13W7XLRXdWeLmIu9vacE1w,Jarvis Cocker,5iLnPlwgABjoDbpxyD6eu7,Jarvis (2020 Complete Edition),album,2006,249040,249.04,0,False,0.461,0.31,0,-11.577,1,0.0494,0.894,0.000381,0.113,0.439,167.96,4
5JsVlXDFbiSzWIZ7cbxwEg,Fat Children,8,1,13W7XLRXdWeLmIu9vacE1w,Jarvis Cocker,5iLnPlwgABjoDbpxyD6eu7,Jarvis (2020 Complete Edition),album,2006,203480,203.48,0,False,0.408,0.917,7,-3.193,1,0.0551,4.97e-05,0.0325,0.196,0.537,164.102,4
1pTVZBydlK11GolyeomYX0,From Auschwitz to Ipswich,9,1,13W7XLRXdWeLmIu9vacE1w,Jarvis Cocker,5iLnPlwgABjoDbpxyD6eu7,Jarvis (2020 Complete Edition),album,2006,229147,229.15,0,False,0.565,0.533,2,-9.643,1,0.038,0.339,0.00727,0.102,0.537,119.772,4
5xkhM5MbThk2cY0TohwfKa,Disney Time,10,1,13W7XLRXdWeLmIu9vacE1w,Jarvis Cocker,5iLnPlwgABjoDbpxyD6eu7,Jarvis (2020 Complete Edition),album,2006,184813,184.81,0,False,0.423,0.447,9,-8.786,0,0.0257,0.646,0.62,0.175,0.172,77.789,4
4HuYzZH0qdXqL3Mar14WQd,Tonite,11,1,13W7XLRXdWeLmIu9vacE1w,Jarvis Cocker,5iLnPlwgABjoDbpxyD6eu7,Jarvis (2020 Complete Edition),album,2006,236280,236.28,0,False,0.524,0.747,0,-5.795,1,0.0273,0.000934,0.00835,0.332,0.48,97.238,4
7I3PflOVt7czjMtQuLktvA,Big Julie,12,1,13W7XLRXdWeLmIu9vacE1w,Jarvis Cocker,5iLnPlwgABjoDbpxyD6eu7,Jarvis (2020 Complete Edition),album,2006,281947,281.95,0,False,0.424,0.356,0,-8.459,1,0.0425,0.744,0.0,0.191,0.243,160.207,4
5Wdtxe8gmMmiNGQqYDw6W5,Quantum Theory,14,1,13W7XLRXdWeLmIu9vacE1w,Jarvis Cocker,5iLnPlwgABjoDbpxyD6eu7,Jarvis (2020 Complete Edition),album,2006,277613,277.61,0,False,0.469,0.191,9,-11.378,1,0.0274,0.626,0.0326,0.108,0.0594,95.967,4
45GrIV8XIiUOXSH2AuSm6J,Loss Adjuster,14,1,13W7XLRXdWeLmIu9vacE1w,Jarvis Cocker,2KUUuIUMf6J9KcYcUhrYYN,Jarvis (Réédition Digitale),album,2006,274893,274.89,0,False,0.44,0.905,4,-4.329,0,0.11,0.00131,0.387,0.0688,0.47,163.61,4
7FKRBUI44Z8UoFzHKDm8lv,"""Further Complications.""",1,1,13W7XLRXdWeLmIu9vacE1w,Jarvis Cocker,1l0Pfoa8SJi54VO4mZjdlc,Further Complications,album,2009-05-18,196813,196.81,0,False,0.544,0.805,11,-9.342,0,0.0365,0.002,2.17e-06,0.0932,0.73,123.125,4
6N4BhP1QwfRyvdDzSYmloJ,Angela,2,1,13W7XLRXdWeLmIu9vacE1w,Jarvis Cocker,1l0Pfoa8SJi54VO4mZjdlc,Further Complications,album,2009-05-18,176000,176.0,0,False,0.49,0.71,9,-9.57,1,0.04,0.11,0.0,0.02,0.48,134.36,4
3WIAoShH4up864p7H2VAOp,Pilchard,3,1,13W7XLRXdWeLmIu9vacE1w,Jarvis Cocker,1l0Pfoa8SJi54VO4mZjdlc,Further Complications,album,2009-05-18,241827,241.83,0,False,0.358,0.694,1,-11.735,0,0.0344,0.000562,0.817,0.0917,0.615,162.498,4
1NAuiDjq3EH5kFdvtlWtkG,Leftovers,4,1,13W7XLRXdWeLmIu9vacE1w,Jarvis Cocker,1l0Pfoa8SJi54VO4mZjdlc,Further Complications,album,2009-05-18,368000,368.0,0,False,0.6,0.29,0,-14.15,1,0.05,0.06,0.0,0.07,0.35,137.47,4
0URhVoCdavThbFoc2A3Uto,I Never Said I Was Deep,5,1,13W7XLRXdWeLmIu9vacE1w,Jarvis Cocker,1l0Pfoa8SJi54VO4mZjdlc,Further Complications,album,2009-05-18,285000,285.0,0,False,0.5,0.39,9,-12.44,1,0.03,0.19,0.0,0.1,0.31,80.03,4
0pqJ7iNaLtxW7jjV25hdbt,Homewrecker!,6,1,13W7XLRXdWeLmIu9vacE1w,Jarvis Cocker,1l0Pfoa8SJi54VO4mZjdlc,Further Complications,album,2009-05-18,198493,198.49,0,False,0.443,0.754,7,-8.948,1,0.0456,0.0261,8.56e-06,0.328,0.645,139.942,4
6rEnDrZf8lygtqV0Yu6p1m,Hold Still,7,1,13W7XLRXdWeLmIu9vacE1w,Jarvis Cocker,1l0Pfoa8SJi54VO4mZjdlc,Further Complications,album,2009-05-18,216760,216.76,0,False,0.701,0.383,0,-17.438,1,0.0549,0.636,0.274,0.106,0.307,121.797,4
1P8ii7oHWJFv6cCEvceBaO,Fuckingsong,8,1,13W7XLRXdWeLmIu9vacE1w,Jarvis Cocker,1l0Pfoa8SJi54VO4mZjdlc,Further Complications,album,2009-05-18,180200,180.2,0,True,0.654,0.607,4,-12.663,1,0.0899,0.104,0.000102,0.462,0.609,110.495,4
2Xg6xlGUrJUWXGTpSk9EO9,Caucasian Blues,9,1,13W7XLRXdWeLmIu9vacE1w,Jarvis Cocker,1l0Pfoa8SJi54VO4mZjdlc,Further Complications,album,2009-05-18,188533,188.53,0,False,0.289,0.902,2,-10.688,1,0.072,0.00161,0.0158,0.178,0.302,150.046,4
5aKi85tBtbnM1RWcGMjeoO,Slush,10,1,13W7XLRXdWeLmIu9vacE1w,Jarvis Cocker,1l0Pfoa8SJi54VO4mZjdlc,Further Complications,album,2009-05-18,388440,388.44,0,False,0.301,0.548,2,-12.913,1,0.0343,0.429,0.357,0.112,0.138,116.487,4
5INnfnAIymlroSXVEExAG1,You're In My Eyes (Discosong),11,1,13W7XLRXdWeLmIu9vacE1w,Jarvis Cocker,1l0Pfoa8SJi54VO4mZjdlc,Further Complications,album,2009-05-18,525000,525.0,0,False,0.4,0.6,9,-14.97,1,0.06,0.02,0.18,0.33,0.2,108.49,4
0FbcDysomMCrXNIgW4Rbjf,Avalanche (Minimal Velocity),2,1,13W7XLRXdWeLmIu9vacE1w,Jarvis Cocker,3eWyzQlNmJFz3SGarA6f7a,Avalanche (Terminal Velocity),album,2011-09-05,410601,410.6,6,False,0.605,0.603,1,-13.965,0,0.0547,0.00869,0.872,0.389,0.0649,128.992,4
6LiKLk1W0h1iWGV4F7oZO9,Avalanche (Terminal Velocity) - Ewan Pearson's Deeper Underground Dub,7,1,13W7XLRXdWeLmIu9vacE1w,Jarvis Cocker,3eWyzQlNmJFz3SGarA6f7a,Avalanche (Terminal Velocity),album,2011-09-05,461781,461.78,5,False,0.759,0.85,1,-10.349,1,0.0535,0.0101,0.873,0.0745,0.715,123.993,4
3EJhuwvFm5iAelB5gAeWGd,Avalanche (Terminal Velocity) - Canblaster Dub,6,1,13W7XLRXdWeLmIu9vacE1w,Jarvis Cocker,3eWyzQlNmJFz3SGarA6f7a,Avalanche (Terminal Velocity),album,2011-09-05,366710,366.71,1,False,0.44,0.99,6,-6.012,0,0.0916,0.0155,0.651,0.123,0.253,128.891,4
6Msbz4rP7i02D97IuKRx8u,The Tearjerker Returns,13,1,13W7XLRXdWeLmIu9vacE1w,Jarvis Cocker,4RDCBFgMn7NdHT82hwzbXT,Room 29,album,2017-03-17,212991,212.99,47,False,0.343,0.00699,7,-23.125,0,0.0413,0.987,0.782,0.0959,0.109,79.912,4
5DB31HBSdOzQaDSTfj36g6,Room 29,1,1,13W7XLRXdWeLmIu9vacE1w,Jarvis Cocker,4RDCBFgMn7NdHT82hwzbXT,Room 29,album,2017-03-17,215259,215.26,22,False,0.627,0.147,0,-21.094,1,0.141,0.817,0.00027,0.0813,0.252,110.101,3
4A2LpFbrnO5t9lhQ1WW0rq,The Other Side,12,1,13W7XLRXdWeLmIu9vacE1w,Jarvis Cocker,4RDCBFgMn7NdHT82hwzbXT,Room 29,album,2017-03-17,224278,224.28,19,False,0.537,0.179,8,-15.55,0,0.103,0.957,0.00264,0.104,0.465,152.811,4
7e4BW8QXa4xTdNs8VO9tSL,Marmont Overture,2,1,13W7XLRXdWeLmIu9vacE1w,Jarvis Cocker,4RDCBFgMn7NdHT82hwzbXT,Room 29,album,2017-03-17,161800,161.8,18,False,0.594,0.122,1,-20.861,1,0.0456,0.976,0.857,0.0714,0.196,97.607,4
58ADAAOJ1XVKPtU0KtSQz3,Clara,5,1,13W7XLRXdWeLmIu9vacE1w,Jarvis Cocker,4RDCBFgMn7NdHT82hwzbXT,Room 29,album,2017-03-17,179314,179.31,17,False,0.516,0.155,2,-14.417,1,0.0527,0.893,0.00105,0.08,0.266,110.095,4
11v33ULu9MSLVtQF1YPPU4,Interlude 1 - Hotel Stationery,4,1,13W7XLRXdWeLmIu9vacE1w,Jarvis Cocker,4RDCBFgMn7NdHT82hwzbXT,Room 29,album,2017-03-17,81537,81.54,15,False,0.449,0.0221,7,-26.589,0,0.183,0.969,0.0162,0.0687,0.04,79.184,1
7jU1VMUX6U9Kdi8RNkPjrf,Bombshell,6,1,13W7XLRXdWeLmIu9vacE1w,Jarvis Cocker,4RDCBFgMn7NdHT82hwzbXT,Room 29,album,2017-03-17,275920,275.92,15,False,0.475,0.228,5,-17.349,0,0.0676,0.947,0.0444,0.0751,0.108,144.888,4
3xZvXVkaWDzv53Sbjnl1ms,Howard Hughes Under The Microscope,8,1,13W7XLRXdWeLmIu9vacE1w,Jarvis Cocker,4RDCBFgMn7NdHT82hwzbXT,Room 29,album,2017-03-17,199985,199.98,14,False,0.508,0.293,3,-20.474,0,0.0949,0.967,0.0337,0.106,0.249,94.314,3
1M6aaLXVBqdGWUpekCJbcr,Salomé,9,1,13W7XLRXdWeLmIu9vacE1w,Jarvis Cocker,4RDCBFgMn7NdHT82hwzbXT,Room 29,album,2017-03-17,174692,174.69,14,False,0.385,0.216,9,-13.64,0,0.104,0.845,0.0,0.226,0.568,203.927,4
6ewhQu1ZlEhnLztg3wCnik,A Trick Of The Light,14,1,13W7XLRXdWeLmIu9vacE1w,Jarvis Cocker,4RDCBFgMn7NdHT82hwzbXT,Room 29,album,2017-03-17,441645,441.64,14,False,0.366,0.278,2,-13.275,0,0.0607,0.89,0.0715,0.088,0.127,180.411,3
0YJE7H3kMfuQ96ATP2baJ3,Belle Boy,7,1,13W7XLRXdWeLmIu9vacE1w,Jarvis Cocker,4RDCBFgMn7NdHT82hwzbXT,Room 29,album,2017-03-17,183495,183.5,13,False,0.686,0.255,7,-13.073,1,0.0919,0.874,0.00036,0.304,0.535,91.965,4
5oJCxQqWBwwydQVX7zkkfG,Ice Cream As Main Course,16,1,13W7XLRXdWeLmIu9vacE1w,Jarvis Cocker,4RDCBFgMn7NdHT82hwzbXT,Room 29,album,2017-03-17,170771,170.77,13,False,0.629,0.172,9,-14.117,0,0.0423,0.776,7.5e-05,0.0824,0.366,99.057,4
0Zt0cVtGHCilmZY5ESy632,Interlude 2 - 5 Hours A Day,10,1,13W7XLRXdWeLmIu9vacE1w,Jarvis Cocker,4RDCBFgMn7NdHT82hwzbXT,Room 29,album,2017-03-17,74239,74.24,11,False,0.272,0.0624,0,-23.389,1,0.0408,0.976,0.529,0.0891,0.154,68.37,3
05kAaHlHO49qjztmZ7l0lN,"Daddy, You're Not Watching Me",11,1,13W7XLRXdWeLmIu9vacE1w,Jarvis Cocker,4RDCBFgMn7NdHT82hwzbXT,Room 29,album,2017-03-17,130303,130.3,11,False,0.57,0.0623,2,-21.131,0,0.0938,0.813,3.83e-05,0.126,0.162,120.445,4
61L1Kzl0G7l3F8AWoEU1tF,House Music All Night Long,4,1,13W7XLRXdWeLmIu9vacE1w,Jarvis Cocker,05aYHvlgEsVKhTrF5Nks4W,Beyond the Pale,album,2020-07-17,352987,352.99,25,False,0.569,0.71,10,-5.06,0,0.0356,0.1,0.000153,0.0684,0.374,112.018,4
5hiorvEf37HXVAXqTzwLAn,Must I Evolve?,2,1,13W7XLRXdWeLmIu9vacE1w,Jarvis Cocker,05aYHvlgEsVKhTrF5Nks4W,Beyond the Pale,album,2020-07-17,401360,401.36,21,False,0.394,0.912,7,-5.395,0,0.111,0.00882,0.0027,0.147,0.387,173.166,4
0SrPq63zeMkZmqXsMNAr8V,Am I Missing Something?,3,1,13W7XLRXdWeLmIu9vacE1w,Jarvis Cocker,05aYHvlgEsVKhTrF5Nks4W,Beyond the Pale,album,2020-07-17,406093,406.09,16,False,0.795,0.46,11,-7.012,0,0.0636,0.0235,0.0157,0.162,0.555,123.522,4
66CSwoo8op0tU1Jhswsag2,Save the Whale,1,1,13W7XLRXdWeLmIu9vacE1w,Jarvis Cocker,05aYHvlgEsVKhTrF5Nks4W,Beyond the Pale,album,2020-07-17,270293,270.29,15,False,0.625,0.596,9,-9.368,0,0.102,0.0176,0.0445,0.101,0.483,170.164,4
2MgDTYUvRXw2gNXIRAqjLa,Swanky Modes,6,1,13W7XLRXdWeLmIu9vacE1w,Jarvis Cocker,05aYHvlgEsVKhTrF5Nks4W,Beyond the Pale,album,2020-07-17,275547,275.55,15,False,0.633,0.317,9,-12.057,0,0.0463,0.258,0.00296,0.0823,0.157,131.892,4
2W7FcHE1RLpbJ5RbEtXYDG,Sometimes I Am Pharaoh,5,1,13W7XLRXdWeLmIu9vacE1w,Jarvis Cocker,05aYHvlgEsVKhTrF5Nks4W,Beyond the Pale,album,2020-07-17,317773,317.77,11,False,0.26,0.77,0,-6.978,1,0.0597,0.0819,0.00114,0.566,0.221,87.625,3
0KacdizqDsSrzWBg70RnQg,Children of the Echo,7,1,13W7XLRXdWeLmIu9vacE1w,Jarvis Cocker,05aYHvlgEsVKhTrF5Nks4W,Beyond the Pale,album,2020-07-17,391853,391.85,9,False,0.589,0.693,9,-8.629,1,0.0524,0.138,0.0184,0.305,0.555,117.957,4
4spUOLlrBfFT9DBL6Yojbg,Aline,12,1,13W7XLRXdWeLmIu9vacE1w,Jarvis Cocker,2bySOj6Z2WnlEXm5o5Pc2Z,CHANSONS d’ENNUI TIP-TOP,album,2021-10-22,211693,211.69,42,False,0.235,0.712,7,-4.446,1,0.057,0.0757,1.26e-05,0.34,0.374,177.997,3
07PsRbOJF7xY5nDOiStfKc,Paroles Paroles,7,1,13W7XLRXdWeLmIu9vacE1w,Jarvis Cocker,2bySOj6Z2WnlEXm5o5Pc2Z,CHANSONS d’ENNUI TIP-TOP,album,2021-10-22,241013,241.01,33,False,0.673,0.475,5,-6.71,0,0.0623,0.642,0.0,0.205,0.601,133.891,4
4qRQBX0lXwFjD6aKnu9ZVy,Dans Ma Chambre,1,1,13W7XLRXdWeLmIu9vacE1w,Jarvis Cocker,2bySOj6Z2WnlEXm5o5Pc2Z,CHANSONS d’ENNUI TIP-TOP,album,2021-10-22,211373,211.37,25,False,0.185,0.57,3,-5.118,0,0.0349,0.276,0.00143,0.0917,0.247,178.757,3
3JYKnLYjSDak38XRYdULjn,Mao Mao,10,1,13W7XLRXdWeLmIu9vacE1w,Jarvis Cocker,2bySOj6Z2WnlEXm5o5Pc2Z,CHANSONS d’ENNUI TIP-TOP,album,2021-10-22,161493,161.49,21,False,0.66,0.831,4,-3.868,1,0.0331,0.227,0.0,0.353,0.592,112.015,4
2dWrIJdwYWI6K7WWL3kpqu,Contact,2,1,13W7XLRXdWeLmIu9vacE1w,Jarvis Cocker,2bySOj6Z2WnlEXm5o5Pc2Z,CHANSONS d’ENNUI TIP-TOP,album,2021-10-22,175640,175.64,20,False,0.801,0.764,10,-5.427,1,0.0348,0.225,0.935,0.374,0.962,139.044,4
6Kxa8wtHSkyYHRSWqQ2CCt,"Amour, Je Te Cherche",4,1,13W7XLRXdWeLmIu9vacE1w,Jarvis Cocker,2bySOj6Z2WnlEXm5o5Pc2Z,CHANSONS d’ENNUI TIP-TOP,album,2021-10-22,356547,356.55,20,False,0.495,0.597,10,-7.335,0,0.0326,0.0413,0.334,0.0925,0.583,113.168,4
6rCPmphmfWs2ynww1KNtiR,La Tendresse,3,1,13W7XLRXdWeLmIu9vacE1w,Jarvis Cocker,2bySOj6Z2WnlEXm5o5Pc2Z,CHANSONS d’ENNUI TIP-TOP,album,2021-10-22,156907,156.91,19,False,0.455,0.323,2,-9.765,1,0.0399,0.675,2.57e-05,0.107,0.305,119.337,3
7HNTnIScuWC3jaG18Za9Vl,Mon Ami La Rose,9,1,13W7XLRXdWeLmIu9vacE1w,Jarvis Cocker,2bySOj6Z2WnlEXm5o5Pc2Z,CHANSONS d’ENNUI TIP-TOP,album,2021-10-22,137253,137.25,18,False,0.49,0.494,9,-8.959,0,0.0421,0.791,0.000213,0.127,0.25,107.923,4
0dXi0nyTNov142d7Sv4gHD,Requiem Pour Un Con,8,1,13W7XLRXdWeLmIu9vacE1w,Jarvis Cocker,2bySOj6Z2WnlEXm5o5Pc2Z,CHANSONS d’ENNUI TIP-TOP,album,2021-10-22,221853,221.85,15,False,0.569,0.711,11,-5.653,1,0.0883,0.0985,0.37,0.0945,0.714,99.049,4
4jp8eESIUmvdgLAEosFVGJ,Elle Et Moi,11,1,13W7XLRXdWeLmIu9vacE1w,Jarvis Cocker,2bySOj6Z2WnlEXm5o5Pc2Z,CHANSONS d’ENNUI TIP-TOP,album,2021-10-22,371733,371.73,15,False,0.748,0.563,5,-8.522,0,0.0352,0.071,4.7e-05,0.048,0.92,100.032,4
1ma34WhccJifhe3ouDeGrX,"Les Gens Sont Fous, Les Temps Sont Flous",5,1,13W7XLRXdWeLmIu9vacE1w,Jarvis Cocker,2bySOj6Z2WnlEXm5o5Pc2Z,CHANSONS d’ENNUI TIP-TOP,album,2021-10-22,203987,203.99,14,False,0.528,0.849,9,-4.848,1,0.043,0.0883,1.96e-05,0.21,0.649,137.061,4
7Cp6kiPUf49J8Hc6EOWmsi,Il Pleut Sur La Gare,6,1,13W7XLRXdWeLmIu9vacE1w,Jarvis Cocker,2bySOj6Z2WnlEXm5o5Pc2Z,CHANSONS d’ENNUI TIP-TOP,album,2021-10-22,183200,183.2,14,False,0.472,0.523,9,-8.32,0,0.0564,0.814,0.108,0.104,0.825,188.596,3
5MGVZGg2royJKIBlI43vxU,Do The Pharaoh - Minsky Rock,6,1,13W7XLRXdWeLmIu9vacE1w,Jarvis Cocker,5BlZRjBs0oMeAFHAmPJPAw,REMIX ED,album,2021-11-26,419893,419.89,2,False,0.676,0.964,7,-5.266,1,0.0815,0.00194,0.888,0.088,0.762,119.995,4
4f4pdQGaVxVDZcktdF2tLA,This Is Going To Hurt - This Is Going To Hurt Original Series Soundtrack,1,1,13W7XLRXdWeLmIu9vacE1w,Jarvis Cocker,5Bhd8aGf6qv9be800K6sQz,This Is Going To Hurt (Original Soundtrack),album,2022-03-21,153600,153.6,21,False,0.77,0.321,2,-14.526,1,0.103,0.727,0.453,0.107,0.448,97.456,4
2L8buOlTQ8XoOAubQGOlVG,Just Another One of Those Days - This Is Going To Hurt Original Series Soundtrack,10,1,13W7XLRXdWeLmIu9vacE1w,Jarvis Cocker,5Bhd8aGf6qv9be800K6sQz,This Is Going To Hurt (Original Soundtrack),album,2022-03-21,208213,208.21,9,False,0.776,0.42,4,-11.947,1,0.0411,0.862,0.0211,0.11,0.707,107.083,4
5kkvPuDwMuICfIS5tp2oFl,Dark Wave - This Is Going To Hurt Original Series Soundtrack,4,1,13W7XLRXdWeLmIu9vacE1w,Jarvis Cocker,5Bhd8aGf6qv9be800K6sQz,This Is Going To Hurt (Original Soundtrack),album,2022-03-21,217493,217.49,8,False,0.356,0.869,9,-8.187,1,0.0429,0.0272,0.873,0.141,0.501,77.852,4
5Ih40KFkj3cSzxgisQxBvX,For What It's Worth,5,1,6sN51vEARnAAdBw1IKZ8Q9,Liam Gallagher,2V3WS9tlPYmscBNWHHYu9X,As You Were (Deluxe Edition),album,2017-10-06,251631,251.63,58,False,0.489,0.835,0,-4.448,1,0.0332,0.00746,0.0,0.146,0.444,145.885,4
5qlSYa5PePLAuAsAFgqVxW,Wall of Glass,1,1,6sN51vEARnAAdBw1IKZ8Q9,Liam Gallagher,2V3WS9tlPYmscBNWHHYu9X,As You Were (Deluxe Edition),album,2017-10-06,223547,223.55,57,False,0.351,0.939,0,-4.469,1,0.0564,6.42e-05,0.00113,0.296,0.321,182.067,4
6fUdJcLuiealkrWLMPkmzV,Bold,2,1,6sN51vEARnAAdBw1IKZ8Q9,Liam Gallagher,2V3WS9tlPYmscBNWHHYu9X,As You Were (Deluxe Edition),album,2017-10-06,239848,239.85,45,False,0.483,0.73,6,-5.048,1,0.0248,0.00067,0.0,0.119,0.443,89.025,4
7mar4DMFlVi5DwbarqP38M,Paper Crown,4,1,6sN51vEARnAAdBw1IKZ8Q9,Liam Gallagher,2V3WS9tlPYmscBNWHHYu9X,As You Were (Deluxe Edition),album,2017-10-06,208698,208.7,45,False,0.533,0.73,5,-5.729,1,0.0286,0.0334,0.0,0.117,0.522,141.816,4
5eY44OoKgZTotXKfypXvXX,Chinatown,9,1,6sN51vEARnAAdBw1IKZ8Q9,Liam Gallagher,2V3WS9tlPYmscBNWHHYu9X,As You Were (Deluxe Edition),album,2017-10-06,200879,200.88,43,False,0.357,0.667,2,-6.4,1,0.0514,0.09,0.0,0.0995,0.515,75.548,4
2g2zaYC7BYSu9kUpmu7Tjf,I've All I Need,12,1,6sN51vEARnAAdBw1IKZ8Q9,Liam Gallagher,2V3WS9tlPYmscBNWHHYu9X,As You Were (Deluxe Edition),album,2017-10-06,249476,249.48,42,False,0.537,0.815,1,-6.02,1,0.0291,6.96e-05,0.0864,0.104,0.506,114.018,4
1lgtuKQkhlOr0LySn892KY,Greedy Soul,3,1,6sN51vEARnAAdBw1IKZ8Q9,Liam Gallagher,2V3WS9tlPYmscBNWHHYu9X,As You Were (Deluxe Edition),album,2017-10-06,214986,214.99,40,True,0.597,0.911,1,-4.1,1,0.0644,4.22e-05,0.00137,0.096,0.314,127.993,4
219nY3WjD9ZxpwquMQuksi,Come Back to Me,10,1,6sN51vEARnAAdBw1IKZ8Q9,Liam Gallagher,2V3WS9tlPYmscBNWHHYu9X,As You Were (Deluxe Edition),album,2017-10-06,201639,201.64,39,False,0.392,0.886,10,-5.048,1,0.039,0.000773,5.63e-05,0.192,0.412,95.944,4
76c0MTUA6LzZSyGuuhG4bp,You Better Run,7,1,6sN51vEARnAAdBw1IKZ8Q9,Liam Gallagher,2V3WS9tlPYmscBNWHHYu9X,As You Were (Deluxe Edition),album,2017-10-06,204184,204.18,38,False,0.449,0.93,9,-3.7,1,0.0588,2.44e-05,1.84e-05,0.132,0.617,78.505,4
1ukSzmXbpTpcQgyHtqXXiL,Universal Gleam,11,1,6sN51vEARnAAdBw1IKZ8Q9,Liam Gallagher,2V3WS9tlPYmscBNWHHYu9X,As You Were (Deluxe Edition),album,2017-10-06,247603,247.6,35,False,0.422,0.649,8,-6.812,1,0.0309,0.0745,1.87e-06,0.218,0.313,77.517,4
0qdWB1TrrnVBTPsqJ5JL19,When I'm in Need,6,1,6sN51vEARnAAdBw1IKZ8Q9,Liam Gallagher,2V3WS9tlPYmscBNWHHYu9X,As You Were (Deluxe Edition),album,2017-10-06,258885,258.88,34,False,0.435,0.748,1,-5.118,1,0.031,0.00177,1.81e-05,0.12,0.272,151.99,3
78I628ipFGe8v3d9dbM4Xv,I Get By,8,1,6sN51vEARnAAdBw1IKZ8Q9,Liam Gallagher,2V3WS9tlPYmscBNWHHYu9X,As You Were (Deluxe Edition),album,2017-10-06,189737,189.74,32,False,0.383,0.834,6,-3.994,1,0.0388,3.22e-06,0.0202,0.0971,0.779,96.008,3
2mIeS5PC4vmibgmUcMGg9g,All My People / All Mankind,14,1,6sN51vEARnAAdBw1IKZ8Q9,Liam Gallagher,2V3WS9tlPYmscBNWHHYu9X,As You Were (Deluxe Edition),album,2017-10-06,235539,235.54,32,True,0.205,0.525,7,-6.486,0,0.0333,0.0448,0.0,0.103,0.173,174.063,3
2vv85G0gGI2gwLuklvf5LX,I Never Wanna Be Like You,15,1,6sN51vEARnAAdBw1IKZ8Q9,Liam Gallagher,2V3WS9tlPYmscBNWHHYu9X,As You Were (Deluxe Edition),album,2017-10-06,231226,231.23,32,False,0.545,0.689,8,-6.539,0,0.0265,0.128,0.0,0.179,0.462,128.965,4
6yvufTNEoh95nPcjjtbWXo,Doesn't Have to Be That Way,13,1,6sN51vEARnAAdBw1IKZ8Q9,Liam Gallagher,2V3WS9tlPYmscBNWHHYu9X,As You Were (Deluxe Edition),album,2017-10-06,238630,238.63,31,False,0.413,0.972,11,-4.84,1,0.092,1.48e-05,0.875,0.611,0.323,128.076,4
34fv3psKQOOwWZBRxoIF4I,Once,3,1,6sN51vEARnAAdBw1IKZ8Q9,Liam Gallagher,6iInyjotj1rYpx3vbX0MxX,Why Me? Why Not. (Deluxe Edition),album,2019-09-20,213677,213.68,57,False,0.39,0.646,6,-3.961,1,0.0372,0.0904,0.0,0.114,0.271,120.755,4
6qeFKhT0Khb9ySbb5pNYT5,One of Us,2,1,6sN51vEARnAAdBw1IKZ8Q9,Liam Gallagher,6iInyjotj1rYpx3vbX0MxX,Why Me? Why Not. (Deluxe Edition),album,2019-09-20,205048,205.05,53,False,0.476,0.934,5,-3.739,0,0.0383,0.00957,1.57e-05,0.0871,0.6,88.013,4
4QSxcUAwEx5sFitOKZfQDN,Now That I've Found You,4,1,6sN51vEARnAAdBw1IKZ8Q9,Liam Gallagher,6iInyjotj1rYpx3vbX0MxX,Why Me? Why Not. (Deluxe Edition),album,2019-09-20,200911,200.91,45,False,0.461,0.892,0,-3.38,1,0.0397,0.000162,6.73e-05,0.126,0.573,129.999,4
2EZvArENO4nZq7Re0zhEAA,Why Me? Why Not.,6,1,6sN51vEARnAAdBw1IKZ8Q9,Liam Gallagher,6iInyjotj1rYpx3vbX0MxX,Why Me? Why Not. (Deluxe Edition),album,2019-09-20,218728,218.73,44,False,0.308,0.742,9,-3.61,0,0.0401,0.00762,2.99e-06,0.0938,0.483,169.767,4
5DJctS0yiHX7agIGnfgnu1,Shockwave,1,1,6sN51vEARnAAdBw1IKZ8Q9,Liam Gallagher,6iInyjotj1rYpx3vbX0MxX,Why Me? Why Not. (Deluxe Edition),album,2019-09-20,211192,211.19,42,False,0.434,0.891,2,-3.238,0,0.0439,7.56e-06,0.0,0.257,0.39,123.958,4
21rBVSwu6bc1zwSd6J8Xo4,Be Still,7,1,6sN51vEARnAAdBw1IKZ8Q9,Liam Gallagher,6iInyjotj1rYpx3vbX0MxX,Why Me? Why Not. (Deluxe Edition),album,2019-09-20,179616,179.62,37,False,0.437,0.873,4,-3.109,1,0.0384,4.55e-05,0.0,0.313,0.462,121.908,4
4MmiBCpdYhJvVU5EjNEnst,The River,10,1,6sN51vEARnAAdBw1IKZ8Q9,Liam Gallagher,6iInyjotj1rYpx3vbX0MxX,Why Me? Why Not. (Deluxe Edition),album,2019-09-20,209119,209.12,36,False,0.433,0.888,5,-2.426,1,0.0447,1.91e-05,7.65e-05,0.36,0.288,117.925,4
2Byoha5i4PuzTstLLr8Mq1,Halo,5,1,6sN51vEARnAAdBw1IKZ8Q9,Liam Gallagher,6iInyjotj1rYpx3vbX0MxX,Why Me? Why Not. (Deluxe Edition),album,2019-09-20,238642,238.64,34,False,0.469,0.953,0,-2.888,1,0.038,7.21e-05,0.00114,0.454,0.429,136.041,4
0TE8iJF4CGawEWiS1bahCP,Alright Now,8,1,6sN51vEARnAAdBw1IKZ8Q9,Liam Gallagher,6iInyjotj1rYpx3vbX0MxX,Why Me? Why Not. (Deluxe Edition),album,2019-09-20,227855,227.86,34,False,0.432,0.77,7,-4.285,1,0.0464,0.00481,6.56e-06,0.0441,0.493,160.032,4
76PQ202w9HhxHCqGgIv4lE,Misunderstood,13,1,6sN51vEARnAAdBw1IKZ8Q9,Liam Gallagher,6iInyjotj1rYpx3vbX0MxX,Why Me? Why Not. (Deluxe Edition),album,2019-09-20,256843,256.84,34,False,0.465,0.751,2,-5.597,1,0.0292,0.000945,0.0,0.234,0.401,79.987,4
2BgLA9knCmBHipRH1tBk9S,Gone,11,1,6sN51vEARnAAdBw1IKZ8Q9,Liam Gallagher,6iInyjotj1rYpx3vbX0MxX,Why Me? Why Not. (Deluxe Edition),album,2019-09-20,225738,225.74,32,False,0.392,0.872,2,-3.626,1,0.0456,0.00116,0.00782,0.302,0.492,107.022,3
5Q7NEt1PcVuTBBMz8XmrNZ,Invisible Sun,12,1,6sN51vEARnAAdBw1IKZ8Q9,Liam Gallagher,6iInyjotj1rYpx3vbX0MxX,Why Me? Why Not. (Deluxe Edition),album,2019-09-20,215171,215.17,32,False,0.441,0.932,2,-3.739,1,0.0643,2.99e-05,0.000144,0.181,0.471,89.995,4
1moe13YJt9zgGMyMbCZ5Gt,Glimmer,14,1,6sN51vEARnAAdBw1IKZ8Q9,Liam Gallagher,6iInyjotj1rYpx3vbX0MxX,Why Me? Why Not. (Deluxe Edition),album,2019-09-20,221147,221.15,31,False,0.427,0.892,5,-3.925,0,0.0692,0.00701,1.8e-05,0.288,0.671,202.874,4
28nIJLAEZLfr5M3OblsKvN,Meadow,9,1,6sN51vEARnAAdBw1IKZ8Q9,Liam Gallagher,6iInyjotj1rYpx3vbX0MxX,Why Me? Why Not. (Deluxe Edition),album,2019-09-20,245784,245.78,29,False,0.293,0.816,2,-5.42,1,0.0391,0.0024,0.311,0.255,0.153,166.114,4
0HzZB3Z6gIk3VOlS5WjT49,Everything's Electric,7,1,6sN51vEARnAAdBw1IKZ8Q9,Liam Gallagher,7IpAa9HvutfL3LsDsgluqY,C’MON YOU KNOW (Deluxe Edition),album,2022-05-27,216860,216.86,49,False,0.409,0.969,1,-2.423,0,0.0706,0.00435,0.000124,0.0602,0.5,166.02,4
6cWSuPDQT56oPVqWSsNSee,Diamond In The Dark,2,1,6sN51vEARnAAdBw1IKZ8Q9,Liam Gallagher,7IpAa9HvutfL3LsDsgluqY,C’MON YOU KNOW (Deluxe Edition),album,2022-05-27,204544,204.54,46,False,0.578,0.801,6,-4.801,0,0.062,0.0227,0.0,0.196,0.396,93.048,4
4atldZjadpvPFKueZtldB7,Too Good For Giving Up,5,1,6sN51vEARnAAdBw1IKZ8Q9,Liam Gallagher,7IpAa9HvutfL3LsDsgluqY,C’MON YOU KNOW (Deluxe Edition),album,2022-05-27,243350,243.35,39,False,0.533,0.551,1,-3.627,1,0.0307,0.0953,0.0,0.096,0.261,122.952,4
024E9hWCSo77SRWKzNOyV1,More Power,1,1,6sN51vEARnAAdBw1IKZ8Q9,Liam Gallagher,7IpAa9HvutfL3LsDsgluqY,C’MON YOU KNOW (Deluxe Edition),album,2022-05-27,263396,263.4,37,False,0.351,0.477,6,-5.145,1,0.0298,0.515,1.73e-05,0.109,0.129,78.017,4
5uhYRnjYFjNBXzFL2dp9gu,C’mon You Know,4,1,6sN51vEARnAAdBw1IKZ8Q9,Liam Gallagher,7IpAa9HvutfL3LsDsgluqY,C’MON YOU KNOW (Deluxe Edition),album,2022-05-27,307864,307.86,37,False,0.269,0.818,6,-4.415,1,0.0355,0.00152,0.00856,0.142,0.0905,104.951,4
44u3oKlSBPfDdZ6TFG4DiV,Better Days,11,1,6sN51vEARnAAdBw1IKZ8Q9,Liam Gallagher,7IpAa9HvutfL3LsDsgluqY,C’MON YOU KNOW (Deluxe Edition),album,2022-05-27,259765,259.76,36,False,0.417,0.88,1,-4.662,1,0.0659,0.000337,4.31e-06,0.175,0.383,127.905,4
2AnzWLuXyVd8KboTWZbgvP,Don’t Go Halfway,3,1,6sN51vEARnAAdBw1IKZ8Q9,Liam Gallagher,7IpAa9HvutfL3LsDsgluqY,C’MON YOU KNOW (Deluxe Edition),album,2022-05-27,201584,201.58,30,False,0.305,0.918,9,-3.107,1,0.072,0.00175,0.0,0.135,0.204,119.932,5
5u6TVPNF9v5AB1X5ZYDehh,World’s In Need,8,1,6sN51vEARnAAdBw1IKZ8Q9,Liam Gallagher,7IpAa9HvutfL3LsDsgluqY,C’MON YOU KNOW (Deluxe Edition),album,2022-05-27,216567,216.57,28,False,0.506,0.792,6,-4.809,1,0.037,0.0217,8.04e-05,0.138,0.552,92.464,4
6WewCrteHKA6ifzFPGzajq,I’m Free,10,1,6sN51vEARnAAdBw1IKZ8Q9,Liam Gallagher,7IpAa9HvutfL3LsDsgluqY,C’MON YOU KNOW (Deluxe Edition),album,2022-05-27,180402,180.4,28,True,0.566,0.907,0,-5.29,1,0.125,0.0107,0.000647,0.397,0.645,140.033,4
7febydZm0KpZXihEp6THCE,The Joker,13,1,6sN51vEARnAAdBw1IKZ8Q9,Liam Gallagher,7IpAa9HvutfL3LsDsgluqY,C’MON YOU KNOW (Deluxe Edition),album,2022-05-27,207409,207.41,28,False,0.552,0.684,3,-4.183,0,0.0451,0.00768,4.04e-06,0.0991,0.4,110.111,4
255gwwtdyW7c7J89o5GINK,Moscow Rules,9,1,6sN51vEARnAAdBw1IKZ8Q9,Liam Gallagher,7IpAa9HvutfL3LsDsgluqY,C’MON YOU KNOW (Deluxe Edition),album,2022-05-27,215406,215.41,27,False,0.409,0.485,9,-6.723,0,0.0283,0.295,1.03e-05,0.184,0.185,83.041,4
1zMEBWFeYcRociBCqYfnyU,It Was Not Meant To Be,6,1,6sN51vEARnAAdBw1IKZ8Q9,Liam Gallagher,7IpAa9HvutfL3LsDsgluqY,C’MON YOU KNOW (Deluxe Edition),album,2022-05-27,215380,215.38,26,False,0.556,0.725,7,-6.275,1,0.0371,0.0633,5.16e-05,0.16,0.282,116.003,4
3vvpq0JSRAjsMfsx9XMDoD,Oh Sweet Children,12,1,6sN51vEARnAAdBw1IKZ8Q9,Liam Gallagher,7IpAa9HvutfL3LsDsgluqY,C’MON YOU KNOW (Deluxe Edition),album,2022-05-27,194008,194.01,26,False,0.535,0.366,7,-7.183,0,0.0348,0.422,0.000158,0.0951,0.132,120.143,4
0Vr2gS3YFbS2WRw5nCPMFY,Mars To Liverpool,2,1,6sN51vEARnAAdBw1IKZ8Q9,Liam Gallagher,3Neqbz02HyUyqoI5G3AS1K,Liam Gallagher & John Squire,album,2024-03-01,220941,220.94,42,False,0.356,0.881,7,-2.554,1,0.0516,3.48e-05,0.00011,0.28,0.471,119.957,4
4b4DoogqoGBbkd7EgWPtgp,Just Another Rainbow,5,1,6sN51vEARnAAdBw1IKZ8Q9,Liam Gallagher,3Neqbz02HyUyqoI5G3AS1K,Liam Gallagher & John Squire,album,2024-03-01,336219,336.22,40,False,0.164,0.84,0,-2.749,1,0.0394,0.00108,0.00458,0.134,0.217,104.059,4
1WAgMzQu2hQcJlmRu3P6Cp,Raise Your Hands,1,1,6sN51vEARnAAdBw1IKZ8Q9,Liam Gallagher,3Neqbz02HyUyqoI5G3AS1K,Liam Gallagher & John Squire,album,2024-03-01,260788,260.79,38,False,0.415,0.839,9,-2.618,1,0.0378,0.000101,0.000183,0.0886,0.403,122.025,4
4ieV8bclay8YP3Cpn5fPuR,You're Not The Only One,8,1,6sN51vEARnAAdBw1IKZ8Q9,Liam Gallagher,3Neqbz02HyUyqoI5G3AS1K,Liam Gallagher & John Squire,album,2024-03-01,236688,236.69,34,False,0.358,0.974,9,-1.059,1,0.0567,1.14e-05,0.000551,0.35,0.501,150.025,4
3aGXmay2g98lmL0sZk3SLr,One Day At A Time,3,1,6sN51vEARnAAdBw1IKZ8Q9,Liam Gallagher,3Neqbz02HyUyqoI5G3AS1K,Liam Gallagher & John Squire,album,2024-03-01,223369,223.37,33,True,0.372,0.872,7,-1.882,1,0.0503,0.000229,5.13e-06,0.0983,0.418,113.727,4
3JsDtQVw8AXEhevxFWtTGM,I'm A Wheel,4,1,6sN51vEARnAAdBw1IKZ8Q9,Liam Gallagher,3Neqbz02HyUyqoI5G3AS1K,Liam Gallagher & John Squire,album,2024-03-01,226842,226.84,33,False,0.182,0.732,7,-3.325,1,0.0519,0.00459,0.000107,0.182,0.324,197.695,3
5jouuKkqe5eCFBVTF3uHWB,Love You Forever,6,1,6sN51vEARnAAdBw1IKZ8Q9,Liam Gallagher,3Neqbz02HyUyqoI5G3AS1K,Liam Gallagher & John Squire,album,2024-03-01,215633,215.63,32,False,0.179,0.883,9,-2.807,1,0.0457,0.000694,0.000117,0.128,0.456,179.257,4
5eSPoTfa8d3BA7SaC5bIQl,Make It Up As You Go Along,7,1,6sN51vEARnAAdBw1IKZ8Q9,Liam Gallagher,3Neqbz02HyUyqoI5G3AS1K,Liam Gallagher & John Squire,album,2024-03-01,131638,131.64,32,True,0.528,0.766,5,-4.135,1,0.0288,0.0034,0.0,0.111,0.642,98.914,4
5Q8D1GmIGyDEVdfg4DVKQz,Mother Nature's Song,10,1,6sN51vEARnAAdBw1IKZ8Q9,Liam Gallagher,3Neqbz02HyUyqoI5G3AS1K,Liam Gallagher & John Squire,album,2024-03-01,247369,247.37,31,False,0.462,0.819,4,-3.39,1,0.0301,5.8e-05,1.87e-06,0.121,0.425,95.966,4
3U6zVXn1JBiT0QiyJHUJ2o,I'm So Bored,9,1,6sN51vEARnAAdBw1IKZ8Q9,Liam Gallagher,3Neqbz02HyUyqoI5G3AS1K,Liam Gallagher & John Squire,album,2024-03-01,286894,286.89,29,False,0.378,0.927,5,-2.972,0,0.0583,3.17e-05,0.00261,0.0842,0.542,134.069,4
577LINEVunl9HDxC4vxuAx,Sweetness and Light,1,1,3ysp8GwsheDcBxP9q65lBg,Lush,11hFygy8xLDCeECJEDnNEK,Gala,album,1990-11-12,317093,317.09,0,False,0.46,0.878,4,-7.903,1,0.0514,0.326,0.813,0.0967,0.34,109.903,4
4tsteRyfqzTrLMiFDlIJhA,Sunbathing,2,1,3ysp8GwsheDcBxP9q65lBg,Lush,11hFygy8xLDCeECJEDnNEK,Gala,album,1990-11-12,191360,191.36,0,False,0.442,0.207,7,-20.103,1,0.0364,0.933,0.969,0.305,0.093,101.65,4
3bzPeNnkDTzXFSTxrSHpVV,Breeze,3,1,3ysp8GwsheDcBxP9q65lBg,Lush,11hFygy8xLDCeECJEDnNEK,Gala,album,1990-11-12,170040,170.04,0,False,0.448,0.866,4,-11.131,1,0.041,0.00257,0.445,0.141,0.381,131.558,4
5aUCwet7abFYrClJNtZ2hO,De-Luxe,4,1,3ysp8GwsheDcBxP9q65lBg,Lush,11hFygy8xLDCeECJEDnNEK,Gala,album,1990-11-12,213267,213.27,0,False,0.425,0.885,9,-11.228,1,0.0575,0.00476,0.0317,0.116,0.308,108.572,3
55SuzmHZVSBOiGSHXWL3QG,Leaves Me Cold,5,1,3ysp8GwsheDcBxP9q65lBg,Lush,11hFygy8xLDCeECJEDnNEK,Gala,album,1990-11-12,178493,178.49,0,False,0.342,0.916,0,-11.183,1,0.0655,1.25e-05,0.607,0.0915,0.431,134.92,4
2ezUo1LTTov8ql7gpaL5dF,Downer,6,1,3ysp8GwsheDcBxP9q65lBg,Lush,11hFygy8xLDCeECJEDnNEK,Gala,album,1990-11-12,162840,162.84,0,False,0.393,0.863,2,-11.003,1,0.0426,8.56e-06,0.879,0.146,0.421,110.383,4
2Xp13rqih9w9hBceyRHRpc,Baby Talk,8,1,3ysp8GwsheDcBxP9q65lBg,Lush,11hFygy8xLDCeECJEDnNEK,Gala,album,1990-11-12,140360,140.36,0,False,0.148,0.974,9,-10.522,0,0.11,0.000175,0.87,0.0545,0.187,167.704,4
1wWU1F0Lhu9x2geX2h4L0x,Thoughtforms,9,1,3ysp8GwsheDcBxP9q65lBg,Lush,11hFygy8xLDCeECJEDnNEK,Gala,album,1990-11-12,167507,167.51,0,False,0.381,0.878,9,-9.741,1,0.0379,0.387,0.928,0.219,0.685,96.569,3
7tuRY10SatGBp3wRu6jusU,Scarlet,10,1,3ysp8GwsheDcBxP9q65lBg,Lush,11hFygy8xLDCeECJEDnNEK,Gala,album,1990-11-12,209333,209.33,0,False,0.173,0.559,9,-11.633,1,0.0364,0.0758,0.505,0.142,0.181,141.852,4
4taZYuVqS3UcjVaJwoT5kD,Bitter,11,1,3ysp8GwsheDcBxP9q65lBg,Lush,11hFygy8xLDCeECJEDnNEK,Gala,album,1990-11-12,124667,124.67,0,False,0.45,0.931,7,-10.72,1,0.0453,0.000807,0.862,0.0568,0.963,137.816,4
4l9fMz6MrDCVLFucfo963d,Second Sight,12,1,3ysp8GwsheDcBxP9q65lBg,Lush,11hFygy8xLDCeECJEDnNEK,Gala,album,1990-11-12,162293,162.29,0,False,0.112,0.926,4,-12.365,1,0.103,1.31e-05,0.79,0.249,0.226,168.798,4
0TPwU1vgNoTaHo1OMH0oc5,Etheriel,13,1,3ysp8GwsheDcBxP9q65lBg,Lush,11hFygy8xLDCeECJEDnNEK,Gala,album,1990-11-12,207600,207.6,0,False,0.241,0.753,4,-12.74,1,0.0518,0.000407,0.826,0.165,0.592,186.014,4
6K7JkDuQgX8S2XD5qScYRQ,Hey Hey Helen,14,1,3ysp8GwsheDcBxP9q65lBg,Lush,11hFygy8xLDCeECJEDnNEK,Gala,album,1990-11-12,151333,151.33,0,False,0.333,0.601,7,-9.874,1,0.041,0.00249,1.27e-06,0.319,0.924,142.886,4
5bwJQCgLvc9XmkmyYDOnnS,Stray,1,1,3ysp8GwsheDcBxP9q65lBg,Lush,4sy5PYpO6j5BgLajSMGcZD,Spooky,album,1992-01-27,127867,127.87,0,False,0.339,0.348,4,-14.905,0,0.0322,0.00441,0.0275,0.106,0.243,107.792,4
6zrL6etENCa2ZEwnPcxGkb,Nothing Natural,2,1,3ysp8GwsheDcBxP9q65lBg,Lush,4sy5PYpO6j5BgLajSMGcZD,Spooky,album,1992-01-27,354640,354.64,0,False,0.448,0.794,11,-12.176,0,0.0331,0.00635,0.813,0.0632,0.926,105.98,4
5zf44oXIsZhjERrAZWA3CM,Tiny Smiles,3,1,3ysp8GwsheDcBxP9q65lBg,Lush,4sy5PYpO6j5BgLajSMGcZD,Spooky,album,1992-01-27,266933,266.93,0,False,0.508,0.586,6,-13.398,1,0.0316,0.00402,0.0,0.351,0.731,119.967,4
0kDwR4VIAIXpzKYg99dwhc,Covert,4,1,3ysp8GwsheDcBxP9q65lBg,Lush,4sy5PYpO6j5BgLajSMGcZD,Spooky,album,1992-01-27,214160,214.16,0,False,0.381,0.625,0,-11.199,1,0.0266,0.127,0.93,0.104,0.564,164.018,3
4YVHu7k0hMN7EQ4GWilPOy,Ocean,5,1,3ysp8GwsheDcBxP9q65lBg,Lush,4sy5PYpO6j5BgLajSMGcZD,Spooky,album,1992-01-27,289307,289.31,0,False,0.461,0.618,9,-12.13,0,0.0259,0.000575,0.0551,0.148,0.919,99.943,4
2Fq7EkgIuXr3mzoZXJyRSn,For Love,6,1,3ysp8GwsheDcBxP9q65lBg,Lush,4sy5PYpO6j5BgLajSMGcZD,Spooky,album,1992-01-27,209133,209.13,0,False,0.511,0.611,6,-11.037,0,0.0291,0.157,0.0,0.116,0.896,129.94,4
2ojberQOPGUP9KMdOWiuSE,Superblast!,7,1,3ysp8GwsheDcBxP9q65lBg,Lush,4sy5PYpO6j5BgLajSMGcZD,Spooky,album,1992-01-27,247493,247.49,0,False,0.239,0.873,4,-9.909,1,0.0649,0.0172,0.000548,0.427,0.364,194.101,4
5BoaTuNIh0kN3yoOg74aak,Untogether,8,1,3ysp8GwsheDcBxP9q65lBg,Lush,4sy5PYpO6j5BgLajSMGcZD,Spooky,album,1992-01-27,213467,213.47,0,False,0.621,0.768,4,-11.092,0,0.0308,0.207,4.79e-05,0.0941,0.903,121.055,4
0kmHykwvMUIeZqFzt3QiZp,Fantasy,9,1,3ysp8GwsheDcBxP9q65lBg,Lush,4sy5PYpO6j5BgLajSMGcZD,Spooky,album,1992-01-27,267307,267.31,0,False,0.506,0.467,2,-12.77,1,0.0257,0.00703,3.53e-05,0.0797,0.667,96.954,4
5C65OgUEiHF0ujNvgFRbFD,Take,10,1,3ysp8GwsheDcBxP9q65lBg,Lush,4sy5PYpO6j5BgLajSMGcZD,Spooky,album,1992-01-27,208427,208.43,0,False,0.396,0.58,11,-11.555,0,0.0289,9.11e-05,2.81e-05,0.0896,0.727,93.988,4
6kqOxGGY8PTUOaiK6J5tmG,Laura,11,1,3ysp8GwsheDcBxP9q65lBg,Lush,4sy5PYpO6j5BgLajSMGcZD,Spooky,album,1992-01-27,202107,202.11,0,False,0.483,0.894,7,-9.32,1,0.0639,0.00083,0.463,0.22,0.753,106.975,3
6agRMf0Wps2cw59fppsYKH,Monochrome,12,1,3ysp8GwsheDcBxP9q65lBg,Lush,4sy5PYpO6j5BgLajSMGcZD,Spooky,album,1992-01-27,306160,306.16,0,False,0.41,0.72,4,-11.166,0,0.0262,0.343,0.0191,0.164,0.623,150.174,3
34JwLGY5weiR3bUoqt8fZr,Hypocrite,4,1,3ysp8GwsheDcBxP9q65lBg,Lush,3n4p49rcSQnvMfCUMkmVso,Split,album,1994,173467,173.47,2,False,0.353,0.881,4,-3.964,0,0.0406,0.00996,0.865,0.173,0.58,156.257,4
1qAa04pjsqQTl2xGB3l2mw,Light from a Dead Star,1,1,3ysp8GwsheDcBxP9q65lBg,Lush,3n4p49rcSQnvMfCUMkmVso,Split,album,1994,197293,197.29,0,False,0.505,0.67,9,-7.389,0,0.0279,0.133,0.000136,0.0976,0.128,108.81,4
4UkJazCaXFLf5zTDjWnNrz,Kiss Chase,2,1,3ysp8GwsheDcBxP9q65lBg,Lush,3n4p49rcSQnvMfCUMkmVso,Split,album,1994,197573,197.57,0,False,0.488,0.827,9,-3.852,0,0.0317,0.00111,0.000531,0.279,0.518,124.749,4
2V3amBvWTifrtkujbs8bzr,Blackout,3,1,3ysp8GwsheDcBxP9q65lBg,Lush,3n4p49rcSQnvMfCUMkmVso,Split,album,1994,186533,186.53,0,False,0.394,0.874,4,-5.077,0,0.0357,0.000102,0.0245,0.232,0.239,90.62,4
7HUALt3lxXFQL6JhjWxFWz,Lovelife,5,1,3ysp8GwsheDcBxP9q65lBg,Lush,3n4p49rcSQnvMfCUMkmVso,Split,album,1994,236360,236.36,0,False,0.559,0.828,0,-4.05,1,0.0274,0.00659,0.000558,0.0842,0.602,108.521,4
1pThuJLma6Yd30OaNqALCn,Desire Lines,6,1,3ysp8GwsheDcBxP9q65lBg,Lush,3n4p49rcSQnvMfCUMkmVso,Split,album,1994,459507,459.51,0,False,0.375,0.657,9,-5.529,0,0.0325,0.000167,0.00282,0.084,0.0691,121.466,4
5YF0Ndutn6jZur4YEEqFyS,Invisible Man,7,1,3ysp8GwsheDcBxP9q65lBg,Lush,3n4p49rcSQnvMfCUMkmVso,Split,album,1994,136200,136.2,0,False,0.546,0.694,11,-5.72,0,0.0452,9.34e-05,0.692,0.138,0.571,120.93,4
3kmVjwZgOn7MGBvAnermTc,Undertow,8,1,3ysp8GwsheDcBxP9q65lBg,Lush,3n4p49rcSQnvMfCUMkmVso,Split,album,1994,298093,298.09,0,False,0.408,0.749,9,-5.036,1,0.0352,0.000287,0.697,0.126,0.677,93.3,4
2vWYQH8YRnRgBRpmQdn8Ef,Never-Never,9,1,3ysp8GwsheDcBxP9q65lBg,Lush,3n4p49rcSQnvMfCUMkmVso,Split,album,1994,485373,485.37,0,False,0.456,0.65,6,-6.342,1,0.0277,0.00327,0.204,0.237,0.273,110.011,4
24E9dPBsf3c3BNpX2RH5iV,Lit Up,10,1,3ysp8GwsheDcBxP9q65lBg,Lush,3n4p49rcSQnvMfCUMkmVso,Split,album,1994,241000,241.0,0,False,0.585,0.913,2,-3.617,1,0.0286,0.000527,0.0665,0.0652,0.924,123.764,4
1rekKuNoaufKQf9OwdqbDS,Starlust,11,1,3ysp8GwsheDcBxP9q65lBg,Lush,3n4p49rcSQnvMfCUMkmVso,Split,album,1994,272027,272.03,0,False,0.312,0.934,4,-4.452,0,0.0426,4.94e-05,0.864,0.156,0.192,149.805,4
2tMwSqWDsnVRhAIvbhHaTl,When I Die,12,1,3ysp8GwsheDcBxP9q65lBg,Lush,3n4p49rcSQnvMfCUMkmVso,Split,album,1994,259133,259.13,0,False,0.422,0.516,9,-7.345,0,0.0275,0.0314,2.88e-06,0.0661,0.13,81.437,4
5Spepb3tkndyhhQLgr2jpL,Ladykillers,1,1,3ysp8GwsheDcBxP9q65lBg,Lush,6YKbfqrJ9GvbasmXnSkFXj,Lovelife,album,1996-03-18,194160,194.16,5,False,0.454,0.888,4,-6.445,0,0.0794,0.00489,0.0,0.117,0.83,157.711,4
6n1zTcEkVzKUV1qcOQ4QIm,Heavenly Nobodies,2,1,3ysp8GwsheDcBxP9q65lBg,Lush,6YKbfqrJ9GvbasmXnSkFXj,Lovelife,album,1996-03-18,179067,179.07,0,False,0.327,0.924,9,-5.623,0,0.0452,0.0104,0.0,0.348,0.879,165.791,4
31fCdHyWK7QJMJGjV2gOee,500,3,1,3ysp8GwsheDcBxP9q65lBg,Lush,6YKbfqrJ9GvbasmXnSkFXj,Lovelife,album,1996-03-18,209800,209.8,0,False,0.517,0.856,9,-6.923,1,0.0329,0.00991,0.0,0.133,0.698,132.729,4
0Rb1kJluBo3yd7nfkl78yA,I've Been Here Before,4,1,3ysp8GwsheDcBxP9q65lBg,Lush,6YKbfqrJ9GvbasmXnSkFXj,Lovelife,album,1996-03-18,276373,276.37,0,False,0.592,0.75,3,-7.267,1,0.0279,0.201,0.0,0.0868,0.446,129.713,4
0UzsFjWCsdYzPSWPYBWa6t,Papasan,5,1,3ysp8GwsheDcBxP9q65lBg,Lush,6YKbfqrJ9GvbasmXnSkFXj,Lovelife,album,1996-03-18,155960,155.96,0,False,0.625,0.149,10,-14.955,1,0.0347,0.896,0.0,0.116,0.213,115.776,4
4hVDL3opoZM3r8UiP90IHp,Single Girl,6,1,3ysp8GwsheDcBxP9q65lBg,Lush,6YKbfqrJ9GvbasmXnSkFXj,Lovelife,album,1996-03-18,155133,155.13,0,False,0.233,0.907,2,-6.868,1,0.0627,0.00384,0.000914,0.0795,0.528,181.562,4
1qA85f4y2thsPFL0TakxVN,Ciao!,7,1,3ysp8GwsheDcBxP9q65lBg,Lush,6YKbfqrJ9GvbasmXnSkFXj,Lovelife,album,1996-03-18,210640,210.64,0,False,0.482,0.735,4,-7.485,0,0.0465,0.0479,0.0,0.056,0.672,187.593,4
4VpyViJK9t6cwrRqVcr4Jr,Tralala,8,1,3ysp8GwsheDcBxP9q65lBg,Lush,6YKbfqrJ9GvbasmXnSkFXj,Lovelife,album,1996-03-18,334560,334.56,0,False,0.486,0.331,6,-9.548,0,0.0317,0.786,0.0361,0.0527,0.0791,114.723,4
4GGfAM5e2eJ3QFH6VHMIXo,Last Night,9,1,3ysp8GwsheDcBxP9q65lBg,Lush,6YKbfqrJ9GvbasmXnSkFXj,Lovelife,album,1996-03-18,323573,323.57,0,False,0.587,0.666,9,-8.821,1,0.0281,0.00187,0.151,0.143,0.505,137.738,4
6s0tQNN3GMfIlgvcbpp7vU,Runaway,10,1,3ysp8GwsheDcBxP9q65lBg,Lush,6YKbfqrJ9GvbasmXnSkFXj,Lovelife,album,1996-03-18,216493,216.49,0,False,0.512,0.892,6,-6.902,0,0.0367,0.000922,0.000289,0.212,0.711,131.811,4
1HYSYhxsbBweZF5oaQRtQm,The Childcatcher,11,1,3ysp8GwsheDcBxP9q65lBg,Lush,6YKbfqrJ9GvbasmXnSkFXj,Lovelife,album,1996-03-18,197440,197.44,0,False,0.475,0.897,4,-6.112,0,0.0378,0.00322,0.0,0.114,0.774,104.738,4
2mzh9kabao54H5RMZZ3fOI,Olympia,12,1,3ysp8GwsheDcBxP9q65lBg,Lush,6YKbfqrJ9GvbasmXnSkFXj,Lovelife,album,1996-03-18,304333,304.33,0,False,0.303,0.65,4,-8.652,0,0.0368,0.223,0.0,0.206,0.0717,112.671,4
30Y9OTR7fOzu0Bpbo3kcdk,I Have The Moon,2,1,3ysp8GwsheDcBxP9q65lBg,Lush,3iNnCPwBgeYeIYyFwU4FUG,Topolino,album,1996-10-18,238360,238.36,0,False,0.489,0.589,9,-6.892,1,0.0289,0.03,0.00358,0.0478,0.34,127.074,4
4xFHKWq58nf7gi0tV1Lsw6,Ex,3,1,3ysp8GwsheDcBxP9q65lBg,Lush,3iNnCPwBgeYeIYyFwU4FUG,Topolino,album,1996-10-18,198920,198.92,0,False,0.633,0.864,4,-8.062,0,0.0307,0.0101,0.0,0.0957,0.752,125.949,4
0hp2DhKrFE804O5o67RyAv,I Wanna Be Your Girlfriend,4,1,3ysp8GwsheDcBxP9q65lBg,Lush,3iNnCPwBgeYeIYyFwU4FUG,Topolino,album,1996-10-18,203827,203.83,0,False,0.472,0.94,4,-5.504,1,0.0483,0.33,0.0,0.473,0.846,151.15,4
1cX1aKY10FgbO0Y7FF05yM,Matador,5,1,3ysp8GwsheDcBxP9q65lBg,Lush,3iNnCPwBgeYeIYyFwU4FUG,Topolino,album,1996-10-18,186560,186.56,0,False,0.506,0.346,9,-13.92,0,0.027,0.594,0.671,0.117,0.361,96.108,3
5i73opYP0gDmWR5KGvAKwf,Outside World,6,1,3ysp8GwsheDcBxP9q65lBg,Lush,3iNnCPwBgeYeIYyFwU4FUG,Topolino,album,1996-10-18,249960,249.96,0,False,0.566,0.454,7,-9.322,1,0.0487,0.0173,2.03e-05,0.0889,0.0493,111.032,4
2FyrkSNUoOEnavMFgih3XZ,I'd Like To Walk Around In Your Mind,7,1,3ysp8GwsheDcBxP9q65lBg,Lush,3iNnCPwBgeYeIYyFwU4FUG,Topolino,album,1996-10-18,145360,145.36,0,False,0.489,0.38,2,-10.563,0,0.0285,0.702,2.09e-06,0.14,0.548,115.231,4
1lPhuM7Y94I9kyNH65Ef4G,Carmen,8,1,3ysp8GwsheDcBxP9q65lBg,Lush,3iNnCPwBgeYeIYyFwU4FUG,Topolino,album,1996-10-18,206093,206.09,0,False,0.487,0.833,2,-7.309,1,0.0335,0.000298,0.000167,0.0963,0.43,140.953,4
2k7hUYbQOcsnU5M4ISxNGw,Shut Up,9,1,3ysp8GwsheDcBxP9q65lBg,Lush,3iNnCPwBgeYeIYyFwU4FUG,Topolino,album,1996-10-18,232467,232.47,0,False,0.498,0.539,2,-9.619,1,0.0321,0.229,0.000103,0.117,0.296,93.042,3
5oRkiTS1jcegpVcZ3dcmQt,Cul De Sac,10,1,3ysp8GwsheDcBxP9q65lBg,Lush,3iNnCPwBgeYeIYyFwU4FUG,Topolino,album,1996-10-18,235893,235.89,0,False,0.413,0.219,7,-13.124,1,0.0415,0.822,0.944,0.0975,0.0389,113.081,4
2rSh2SBzxw2lHymS5jE0uC,Demystification,11,1,3ysp8GwsheDcBxP9q65lBg,Lush,3iNnCPwBgeYeIYyFwU4FUG,Topolino,album,1996-10-18,225693,225.69,0,False,0.459,0.918,6,-6.997,0,0.0478,0.00163,5.12e-05,0.0811,0.522,155.011,4
4KfEBhdyu2GywDDWraZhtf,Tinkerbell,12,1,3ysp8GwsheDcBxP9q65lBg,Lush,3iNnCPwBgeYeIYyFwU4FUG,Topolino,album,1996-10-18,185720,185.72,0,False,0.542,0.783,7,-6.584,1,0.028,0.00334,0.0,0.112,0.595,138.672,4
5Rz7WIGDRcU9ADpe3CCOWv,Borderline,1,1,2uH0RyPcX7fnCcT90HFDQX,Manic Street Preachers,7xYDU8EZk0zZLEQSxVFrMh,Sleep Next to Plastic (Exclusives),album,1989-07-05,248832,248.83,17,False,0.635,0.856,2,-4.697,1,0.0366,0.00317,0.0131,0.236,0.684,119.968,4
0TLSscVXAwa1TkUO3l3fRY,Jeans Not Happening (feat. Finlay George),2,1,2uH0RyPcX7fnCcT90HFDQX,Manic Street Preachers,7xYDU8EZk0zZLEQSxVFrMh,Sleep Next to Plastic (Exclusives),album,1989-07-05,242135,242.14,10,False,0.454,0.862,9,-4.801,1,0.0419,0.000305,3.79e-05,0.165,0.645,135.294,4
0rn2PuJNknty7zgEOqV32h,Vision Blurred,6,1,2uH0RyPcX7fnCcT90HFDQX,Manic Street Preachers,7xYDU8EZk0zZLEQSxVFrMh,Sleep Next to Plastic (Exclusives),album,1989-07-05,179427,179.43,9,False,0.458,0.876,9,-10.164,1,0.0492,4.79e-06,0.259,0.37,0.614,134.977,4
2JCehb7oTGfVJfbPYJQFwX,Wake Up Alone,7,1,2uH0RyPcX7fnCcT90HFDQX,Manic Street Preachers,7xYDU8EZk0zZLEQSxVFrMh,Sleep Next to Plastic (Exclusives),album,1989-07-05,216000,216.0,8,False,0.385,0.539,7,-11.409,1,0.0344,0.0142,0.00249,0.0825,0.523,205.079,3
6vHgrHJOYwCeSF8BqTLsBn,The Instrumental,14,1,2uH0RyPcX7fnCcT90HFDQX,Manic Street Preachers,7xYDU8EZk0zZLEQSxVFrMh,Sleep Next to Plastic (Exclusives),album,1989-07-05,202653,202.65,8,False,0.498,0.824,10,-6.126,1,0.0409,8.86e-05,0.193,0.1,0.461,128.01,4
0I8ISiKJzfefkNEFohmUsS,Primitive Painters,17,1,2uH0RyPcX7fnCcT90HFDQX,Manic Street Preachers,7xYDU8EZk0zZLEQSxVFrMh,Sleep Next to Plastic (Exclusives),album,1989-07-05,222427,222.43,8,False,0.475,0.873,9,-4.178,1,0.0493,0.00636,0.000733,0.357,0.347,157.111,4
0okmGr69a15FjKKizftm3S,Endless Plain of Fortune,16,1,2uH0RyPcX7fnCcT90HFDQX,Manic Street Preachers,7xYDU8EZk0zZLEQSxVFrMh,Sleep Next to Plastic (Exclusives),album,1989-07-05,246023,246.02,7,False,0.468,0.594,9,-8.115,0,0.0251,0.0042,4.23e-05,0.108,0.251,83.988,4
59Ba8tQVhTHQNFTR1pQKEf,Slash 'N' Burn,1,1,2uH0RyPcX7fnCcT90HFDQX,Manic Street Preachers,1mVKIXpzsOFkLnn4G08Bkm,GENERATION TERRORISTS,album,1992-02-10,239027,239.03,0,False,0.589,0.558,6,-13.362,0,0.0314,1.68e-05,0.341,0.0833,0.558,138.146,4
446aUpgX8qrjJlcL9sprdH,Nat West-Barclays-Midlands-Lloyds,2,1,2uH0RyPcX7fnCcT90HFDQX,Manic Street Preachers,1mVKIXpzsOFkLnn4G08Bkm,GENERATION TERRORISTS,album,1992-02-10,272800,272.8,0,False,0.546,0.599,9,-13.296,1,0.0305,2.77e-05,0.879,0.0977,0.228,144.064,4
4N5QoXtyzWuLhPGAFneHE9,Born To End,3,1,2uH0RyPcX7fnCcT90HFDQX,Manic Street Preachers,1mVKIXpzsOFkLnn4G08Bkm,GENERATION TERRORISTS,album,1992-02-10,234093,234.09,0,False,0.473,0.702,9,-10.623,1,0.0292,1.55e-05,0.897,0.108,0.352,145.105,4
7agAgK8nZc535r8Xj1jmKw,Motorcycle Emptiness,4,1,2uH0RyPcX7fnCcT90HFDQX,Manic Street Preachers,1mVKIXpzsOFkLnn4G08Bkm,GENERATION TERRORISTS,album,1992-02-10,365573,365.57,0,False,0.53,0.622,4,-10.332,1,0.0296,8.63e-06,0.594,0.113,0.246,112.637,4
6L9yqWp0rDzPiUGyYz0Duv,You Love Us,5,1,2uH0RyPcX7fnCcT90HFDQX,Manic Street Preachers,1mVKIXpzsOFkLnn4G08Bkm,GENERATION TERRORISTS,album,1992-02-10,256493,256.49,0,False,0.106,0.583,0,-10.916,1,0.0381,3.17e-06,0.654,0.107,0.318,75.581,4
6zBIghuTkaMAfA8su78orF,Love's Sweet Exile,6,1,2uH0RyPcX7fnCcT90HFDQX,Manic Street Preachers,1mVKIXpzsOFkLnn4G08Bkm,GENERATION TERRORISTS,album,1992-02-10,208133,208.13,0,False,0.577,0.937,9,-11.587,1,0.0592,3.97e-05,0.00625,0.356,0.129,135.003,4
2Cr9XhJDCID8vSig4SFP8T,Little Baby Nothing,7,1,2uH0RyPcX7fnCcT90HFDQX,Manic Street Preachers,1mVKIXpzsOFkLnn4G08Bkm,GENERATION TERRORISTS,album,1992-02-10,299907,299.91,0,False,0.589,0.399,2,-12.809,0,0.0275,3.38e-05,0.166,0.347,0.204,133.069,4
1bwZQVjuFMQ5QJEmbXLEtA,Repeat - Stars And Stripes,8,1,2uH0RyPcX7fnCcT90HFDQX,Manic Street Preachers,1mVKIXpzsOFkLnn4G08Bkm,GENERATION TERRORISTS,album,1992-02-10,248000,248.0,0,False,0.703,0.812,7,-13.801,0,0.0572,0.000155,0.0216,0.306,0.598,140.9,4
71teitp5ve5L5aYUaXs7z0,Tennessee,9,1,2uH0RyPcX7fnCcT90HFDQX,Manic Street Preachers,1mVKIXpzsOFkLnn4G08Bkm,GENERATION TERRORISTS,album,1992-02-10,185400,185.4,0,False,0.243,0.576,2,-13.468,1,0.0399,2.65e-06,0.734,0.0919,0.37,151.719,4
6Yxj74WQGcnGJfkRJ0sH3X,Another Invented Disease,10,1,2uH0RyPcX7fnCcT90HFDQX,Manic Street Preachers,1mVKIXpzsOFkLnn4G08Bkm,GENERATION TERRORISTS,album,1992-02-10,204507,204.51,0,False,0.632,0.73,10,-10.542,1,0.0313,2.14e-05,0.471,0.189,0.789,114.233,4
2TZx21BPjOIomRBkwLC1Sc,Stay Beautiful,11,1,2uH0RyPcX7fnCcT90HFDQX,Manic Street Preachers,1mVKIXpzsOFkLnn4G08Bkm,GENERATION TERRORISTS,album,1992-02-10,190373,190.37,0,False,0.541,0.939,2,-8.603,1,0.0367,0.000948,0.00129,0.294,0.758,148.023,4
5qXSUPwNUtqHgsGhjBlNMl,So Dead,12,1,2uH0RyPcX7fnCcT90HFDQX,Manic Street Preachers,1mVKIXpzsOFkLnn4G08Bkm,GENERATION TERRORISTS,album,1992-02-10,267773,267.77,0,False,0.525,0.8,2,-10.052,1,0.0284,1.19e-05,0.721,0.0869,0.601,145.132,4
1VbsRkNmZYtCOOM0eI76ko,Repeat - UK,13,1,2uH0RyPcX7fnCcT90HFDQX,Manic Street Preachers,1mVKIXpzsOFkLnn4G08Bkm,GENERATION TERRORISTS,album,1992-02-10,189733,189.73,0,False,0.553,0.679,9,-11.784,1,0.0295,0.000468,0.448,0.342,0.845,157.914,4
2jWfM1jD8OV0hOAz2W5dcr,Spectators Of Suicide,14,1,2uH0RyPcX7fnCcT90HFDQX,Manic Street Preachers,1mVKIXpzsOFkLnn4G08Bkm,GENERATION TERRORISTS,album,1992-02-10,280307,280.31,0,False,0.574,0.592,2,-13.309,1,0.0286,0.00395,0.0149,0.146,0.509,131.065,4
047PvdtKV7wqwiuyZV09Ou,Damn Dog,15,1,2uH0RyPcX7fnCcT90HFDQX,Manic Street Preachers,1mVKIXpzsOFkLnn4G08Bkm,GENERATION TERRORISTS,album,1992-02-10,112400,112.4,0,False,0.535,0.618,9,-10.31,1,0.0298,1.6e-05,0.442,0.161,0.807,75.236,4
67CXH1PWtjACZe3Mnh8TKk,Crucifix Kiss,16,1,2uH0RyPcX7fnCcT90HFDQX,Manic Street Preachers,1mVKIXpzsOFkLnn4G08Bkm,GENERATION TERRORISTS,album,1992-02-10,219093,219.09,0,False,0.375,0.728,5,-11.074,1,0.0412,0.000202,0.00424,0.146,0.266,156.049,4
4EigtMZvabfRszkiaIYaS9,Methadone Pretty,17,1,2uH0RyPcX7fnCcT90HFDQX,Manic Street Preachers,1mVKIXpzsOFkLnn4G08Bkm,GENERATION TERRORISTS,album,1992-02-10,234400,234.4,0,False,0.568,0.716,4,-10.529,1,0.0286,9.21e-06,0.694,0.073,0.754,137.219,4
1wHa5858b44SKZ7DRZU0RU,Condemned To Rock 'N' Roll,18,1,2uH0RyPcX7fnCcT90HFDQX,Manic Street Preachers,1mVKIXpzsOFkLnn4G08Bkm,GENERATION TERRORISTS,album,1992-02-10,366840,366.84,0,False,0.545,0.799,10,-11.38,1,0.0309,9.23e-06,0.938,0.106,0.594,129.04,4
7sElDsT29acDJE8SDWd8Ej,From Despair to Where,2,1,2uH0RyPcX7fnCcT90HFDQX,Manic Street Preachers,6x9KvCYdH5GEMC3C0OuVBq,GOLD AGAINST THE SOUL,album,1993-06-21,214293,214.29,35,False,0.379,0.721,7,-8.477,1,0.0376,0.00607,0.00101,0.121,0.456,132.264,4
1Lk9x2LkNhfbtHell2nbaZ,Sleepflower,1,1,2uH0RyPcX7fnCcT90HFDQX,Manic Street Preachers,6x9KvCYdH5GEMC3C0OuVBq,GOLD AGAINST THE SOUL,album,1993-06-21,292000,292.0,32,False,0.481,0.876,9,-9.395,0,0.0358,0.000242,0.00636,0.196,0.609,145.301,4
0xvx6wzrE4ECseylimFK12,La Tristesse Durera (Scream to a Sigh),3,1,2uH0RyPcX7fnCcT90HFDQX,Manic Street Preachers,6x9KvCYdH5GEMC3C0OuVBq,GOLD AGAINST THE SOUL,album,1993-06-21,253040,253.04,30,False,0.566,0.647,7,-10.325,1,0.0259,0.0251,0.0119,0.103,0.546,98.207,4
6rVUFjCgGQGNvIYkNuyOCw,Roses in the Hospital,7,1,2uH0RyPcX7fnCcT90HFDQX,Manic Street Preachers,6x9KvCYdH5GEMC3C0OuVBq,GOLD AGAINST THE SOUL,album,1993-06-21,302560,302.56,25,False,0.619,0.872,10,-8.509,1,0.0466,0.000671,0.000205,0.0432,0.709,106.57,4
7khWc7MdIAVwTlMIbJDUIT,Life Becoming a Landslide,5,1,2uH0RyPcX7fnCcT90HFDQX,Manic Street Preachers,6x9KvCYdH5GEMC3C0OuVBq,GOLD AGAINST THE SOUL,album,1993-06-21,253360,253.36,24,False,0.393,0.589,5,-9.805,1,0.0356,0.028,0.000342,0.275,0.253,110.201,4
6F4qJ1qvF1V3h4iCrgwKAo,Yourself,4,1,2uH0RyPcX7fnCcT90HFDQX,Manic Street Preachers,6x9KvCYdH5GEMC3C0OuVBq,GOLD AGAINST THE SOUL,album,1993-06-21,249600,249.6,23,False,0.325,0.695,5,-8.783,0,0.0506,0.000882,1.24e-06,0.0832,0.357,125.067,4
1O1QtvJ3kWAu4t10Yzek9V,Drug Drug Druggy,6,1,2uH0RyPcX7fnCcT90HFDQX,Manic Street Preachers,6x9KvCYdH5GEMC3C0OuVBq,GOLD AGAINST THE SOUL,album,1993-06-21,205827,205.83,21,False,0.333,0.894,4,-7.952,1,0.0955,0.000942,0.000622,0.237,0.424,120.183,4
4p8rxrS9kEtkmDg9Iy7hkU,Nostalgic Pushead,8,1,2uH0RyPcX7fnCcT90HFDQX,Manic Street Preachers,6x9KvCYdH5GEMC3C0OuVBq,GOLD AGAINST THE SOUL,album,1993-06-21,253707,253.71,20,False,0.555,0.841,2,-8.036,0,0.0569,0.000287,0.0919,0.188,0.538,131.305,4
7DiYE1DFlsalYp4VYJiiTy,Gold Against the Soul,10,1,2uH0RyPcX7fnCcT90HFDQX,Manic Street Preachers,6x9KvCYdH5GEMC3C0OuVBq,GOLD AGAINST THE SOUL,album,1993-06-21,334867,334.87,20,False,0.494,0.926,2,-8.84,1,0.0427,0.000235,0.431,0.124,0.359,100.037,4
6TdZr8mwMiIelI5nHPdXXv,Symphony of Tourette,9,1,2uH0RyPcX7fnCcT90HFDQX,Manic Street Preachers,6x9KvCYdH5GEMC3C0OuVBq,GOLD AGAINST THE SOUL,album,1993-06-21,210600,210.6,18,False,0.506,0.934,4,-8.712,0,0.159,0.000693,0.0932,0.344,0.32,125.904,4
3wOgIt9nhRHfpPKghBQajK,Faster,9,1,2uH0RyPcX7fnCcT90HFDQX,Manic Street Preachers,0yr3aIwrwMw22XrUL5V9yv,THE HOLY BIBLE,album,1994-08-29,233560,233.56,20,False,0.448,0.943,9,-6.095,1,0.0432,0.0163,0.0143,0.148,0.428,152.182,4
4leTxM4sHw3sKFu1gbxHg7,Yes,1,1,2uH0RyPcX7fnCcT90HFDQX,Manic Street Preachers,0yr3aIwrwMw22XrUL5V9yv,THE HOLY BIBLE,album,1994-08-29,299000,299.0,18,False,0.51,0.7,4,-9.9,1,0.03,0.0,0.0,0.35,0.7,141.08,4
4BZqDPZhPdvl89zuWKjPLa,Ifwhiteamericatoldthetruthforonedayit'sworldwouldfallapart,2,1,2uH0RyPcX7fnCcT90HFDQX,Manic Street Preachers,0yr3aIwrwMw22XrUL5V9yv,THE HOLY BIBLE,album,1994-08-29,219360,219.36,17,False,0.348,0.698,6,-9.761,0,0.0599,0.000832,0.0,0.191,0.618,148.277,4
4wanOUhMrCw8IEmRCz8AKZ,4st 7lb,7,1,2uH0RyPcX7fnCcT90HFDQX,Manic Street Preachers,0yr3aIwrwMw22XrUL5V9yv,THE HOLY BIBLE,album,1994-08-29,305000,305.0,17,False,0.38,0.94,7,-4.64,1,0.08,0.03,0.0,0.37,0.23,146.9,4
0sHo31GszCLb2c6mNYToHQ,She Is Suffering,4,1,2uH0RyPcX7fnCcT90HFDQX,Manic Street Preachers,0yr3aIwrwMw22XrUL5V9yv,THE HOLY BIBLE,album,1994-08-29,283000,283.0,15,False,0.58,0.53,4,-10.6,1,0.03,0.02,0.09,0.18,0.26,112.12,4
4fI41CLoCeszy2VKMb4QJS,Of Walking Abortion,3,1,2uH0RyPcX7fnCcT90HFDQX,Manic Street Preachers,0yr3aIwrwMw22XrUL5V9yv,THE HOLY BIBLE,album,1994-08-29,241000,241.0,14,False,0.52,0.92,2,-5.68,1,0.07,0.0,0.0,0.41,0.37,139.05,4
3ntbm3NOxtIlLjUjavqmAO,Archives of Pain,5,1,2uH0RyPcX7fnCcT90HFDQX,Manic Street Preachers,0yr3aIwrwMw22XrUL5V9yv,THE HOLY BIBLE,album,1994-08-29,328307,328.31,14,False,0.372,0.724,7,-9.822,1,0.0389,0.000224,0.52,0.181,0.398,126.736,4
0RalH408nZLSUmeFLmnRtz,Revol,6,1,2uH0RyPcX7fnCcT90HFDQX,Manic Street Preachers,0yr3aIwrwMw22XrUL5V9yv,THE HOLY BIBLE,album,1994-08-29,184000,184.0,13,False,0.43,0.87,2,-8.72,1,0.07,0.0,0.01,0.27,0.37,151.12,4
6Zfws1tobpoCmkxyRe52wD,Die in the Summertime,11,1,2uH0RyPcX7fnCcT90HFDQX,Manic Street Preachers,0yr3aIwrwMw22XrUL5V9yv,THE HOLY BIBLE,album,1994-08-29,185160,185.16,13,False,0.456,0.699,9,-9.622,1,0.0303,0.000562,0.00917,0.133,0.582,116.644,4
5JZ1ZkfSh2AC9Jrh3uXgXh,Mausoleum,8,1,2uH0RyPcX7fnCcT90HFDQX,Manic Street Preachers,0yr3aIwrwMw22XrUL5V9yv,THE HOLY BIBLE,album,1994-08-29,252000,252.0,12,False,0.51,0.82,8,-8.92,1,0.03,0.0,0.41,0.06,0.5,124.54,4
5Ed5qoaVRWpMaUbCeRJJId,P.C.P.,13,1,2uH0RyPcX7fnCcT90HFDQX,Manic Street Preachers,0yr3aIwrwMw22XrUL5V9yv,THE HOLY BIBLE,album,1994-08-29,235000,235.0,12,False,0.3,0.83,7,-8.41,1,0.05,0.0,0.05,0.3,0.5,173.25,4
4MQC0bJ45JeaadOveVvOsZ,Sculpture of Man,1,3,2uH0RyPcX7fnCcT90HFDQX,Manic Street Preachers,1nBOPldj3RnJJ2JN4a62v1,The Holy Bible 20 (Deluxe),album,1994-08-29,113640,113.64,10,False,0.354,0.967,9,-4.954,1,0.0522,5.48e-05,0.0414,0.239,0.226,139.124,4
2I7AQiijIRQAMIhWj0vOm7,The Intense Humming of Evil,12,1,2uH0RyPcX7fnCcT90HFDQX,Manic Street Preachers,0yr3aIwrwMw22XrUL5V9yv,THE HOLY BIBLE,album,1994-08-29,371107,371.11,10,False,0.625,0.672,4,-11.277,0,0.0611,0.00159,0.435,0.349,0.346,121.199,4
2HwON96D8XSQLwRvCzn5rQ,Too Cold Here,3,3,2uH0RyPcX7fnCcT90HFDQX,Manic Street Preachers,1nBOPldj3RnJJ2JN4a62v1,The Holy Bible 20 (Deluxe),album,1994-08-29,216240,216.24,9,False,0.684,0.314,7,-8.723,1,0.0268,0.825,0.0,0.117,0.245,107.863,4
7uHVnRQ3hZGeKZdNcXVVc4,Love Torn Us Under,9,3,2uH0RyPcX7fnCcT90HFDQX,Manic Street Preachers,1nBOPldj3RnJJ2JN4a62v1,The Holy Bible 20 (Deluxe),album,1994-08-29,223013,223.01,7,False,0.524,0.476,4,-7.201,0,0.0298,0.533,0.000103,0.286,0.0913,126.8,4
2qDlFmzUaHRY7Gwg2KORUv,Mr. Carbohydrate,12,2,2uH0RyPcX7fnCcT90HFDQX,Manic Street Preachers,3jvKfPU4A2j7tVOFkhcEi2,Everything Must Go 10th Anniversary Edition,album,1996-05-20,253800,253.8,11,False,0.387,0.905,9,-4.11,1,0.06,1.96e-05,0.00331,0.0461,0.519,133.247,4
31EPqgLmzv1Pr7W4C7P8iD,Sepia,19,2,2uH0RyPcX7fnCcT90HFDQX,Manic Street Preachers,3jvKfPU4A2j7tVOFkhcEi2,Everything Must Go 10th Anniversary Edition,album,1996-05-20,232827,232.83,11,False,0.529,0.951,0,-5.5,1,0.0416,0.0644,0.395,0.16,0.697,140.143,4
1muJcTyEzWHDIt1HStNieL,Dixie,1,2,2uH0RyPcX7fnCcT90HFDQX,Manic Street Preachers,3jvKfPU4A2j7tVOFkhcEi2,Everything Must Go 10th Anniversary Edition,album,1996-05-20,43173,43.17,10,False,0.209,0.443,0,-19.907,1,0.0703,0.951,0.963,0.171,0.036,97.607,5
1SZlRFC8nclt6sakXyFpD0,Dead Trees and Traffic Islands,13,2,2uH0RyPcX7fnCcT90HFDQX,Manic Street Preachers,3jvKfPU4A2j7tVOFkhcEi2,Everything Must Go 10th Anniversary Edition,album,1996-05-20,223573,223.57,10,False,0.543,0.905,4,-4.314,0,0.0319,0.00714,0.000965,0.143,0.72,145.63,4
6RiOT1laslR4QxVXndB7tK,No One Knows What It's Like to Be Me,17,2,2uH0RyPcX7fnCcT90HFDQX,Manic Street Preachers,3jvKfPU4A2j7tVOFkhcEi2,Everything Must Go 10th Anniversary Edition,album,1996-05-20,183653,183.65,10,False,0.426,0.764,0,-5.711,1,0.0557,0.0203,9e-06,0.0632,0.205,127.175,4
6bQHGuqFsLLOfwJZrGSNCY,Black Garden,15,2,2uH0RyPcX7fnCcT90HFDQX,Manic Street Preachers,3jvKfPU4A2j7tVOFkhcEi2,Everything Must Go 10th Anniversary Edition,album,1996-05-20,241293,241.29,9,False,0.374,0.801,9,-6.173,1,0.0448,0.000585,0.0477,0.275,0.467,101.939,4
0PZniRQo3Zd6zFh4BYvAiI,Hanging On,16,2,2uH0RyPcX7fnCcT90HFDQX,Manic Street Preachers,3jvKfPU4A2j7tVOFkhcEi2,Everything Must Go 10th Anniversary Edition,album,1996-05-20,180520,180.52,9,False,0.411,0.898,9,-4.518,1,0.0548,0.000858,0.00906,0.146,0.588,158.219,4
5As3K7EOXM5LYL9A35FzD6,Horses Under Starlight,18,2,2uH0RyPcX7fnCcT90HFDQX,Manic Street Preachers,3jvKfPU4A2j7tVOFkhcEi2,Everything Must Go 10th Anniversary Edition,album,1996-05-20,186973,186.97,9,False,0.383,0.607,2,-4.786,1,0.036,0.716,0.0188,0.218,0.569,126.918,4
6uj5Z7m6QvFwbWhbQbCGS5,FIrst Repulic,20,2,2uH0RyPcX7fnCcT90HFDQX,Manic Street Preachers,3jvKfPU4A2j7tVOFkhcEi2,Everything Must Go 10th Anniversary Edition,album,1996-05-20,226347,226.35,9,False,0.476,0.991,9,-3.89,1,0.0897,0.00483,0.00112,0.444,0.413,124.278,4
4a71tCQWhmRTgDMRj4xhle,Australia - Stephen Hague Production,21,2,2uH0RyPcX7fnCcT90HFDQX,Manic Street Preachers,3jvKfPU4A2j7tVOFkhcEi2,Everything Must Go 10th Anniversary Edition,album,1996-05-20,236760,236.76,9,False,0.479,0.943,4,-3.528,1,0.0329,0.000386,0.000489,0.0999,0.765,137.012,4
7txhAI4QJagj4ZWjYsv7Rt,The Girl Who Wanted To Be God - Stephen Hague Production,22,2,2uH0RyPcX7fnCcT90HFDQX,Manic Street Preachers,3jvKfPU4A2j7tVOFkhcEi2,Everything Must Go 10th Anniversary Edition,album,1996-05-20,210107,210.11,9,False,0.583,0.965,0,-3.446,1,0.0394,0.00215,0.00118,0.223,0.442,109.634,4
3djnJx2lPjWRBSmCYjJXo2,Dead Passive,14,2,2uH0RyPcX7fnCcT90HFDQX,Manic Street Preachers,3jvKfPU4A2j7tVOFkhcEi2,Everything Must Go 10th Anniversary Edition,album,1996-05-20,197680,197.68,8,False,0.599,0.612,2,-4.311,1,0.0236,0.00317,0.0,0.127,0.378,69.527,4
3Mr7jrNciZqnAFUOQuicUl,A Design for Life - First Rehersal,10,2,2uH0RyPcX7fnCcT90HFDQX,Manic Street Preachers,3jvKfPU4A2j7tVOFkhcEi2,Everything Must Go 10th Anniversary Edition,album,1996-05-20,235720,235.72,7,False,0.402,0.614,0,-7.936,1,0.0324,0.857,0.0942,0.0643,0.453,125.646,3
69YIDUXe2PjKRtinNri6S6,"Glory, Glory",23,2,2uH0RyPcX7fnCcT90HFDQX,Manic Street Preachers,3jvKfPU4A2j7tVOFkhcEi2,Everything Must Go 10th Anniversary Edition,album,1996-05-20,35293,35.29,7,False,0.23,0.226,6,-24.641,1,0.073,0.933,0.91,0.115,0.0978,171.158,4
0hvn8GWnmECHQZaaF4kQYW,Kevin Carter - First Rehersal,11,2,2uH0RyPcX7fnCcT90HFDQX,Manic Street Preachers,3jvKfPU4A2j7tVOFkhcEi2,Everything Must Go 10th Anniversary Edition,album,1996-05-20,200760,200.76,6,False,0.226,0.78,8,-5.267,1,0.0491,0.742,0.854,0.3,0.443,125.669,4
6QN0JoTCJktAjVbikvUva2,Elvis Impersonator: Blackpool Pier,1,1,2uH0RyPcX7fnCcT90HFDQX,Manic Street Preachers,1fi3IyodfojWTth7DhDQ6d,Everything Must Go,album,1996-05-20,209000,209.0,0,False,0.46,0.56,11,-9.89,0,0.04,0.05,0.0,0.55,0.24,98.78,4
6uh0GkTcRMd38Yhm356YDA,Enola / Alone,4,1,2uH0RyPcX7fnCcT90HFDQX,Manic Street Preachers,1fi3IyodfojWTth7DhDQ6d,Everything Must Go,album,1996-05-20,247000,247.0,0,False,0.34,0.72,2,-6.78,1,0.04,0.0,0.2,0.11,0.42,128.32,4
0mX3QD1FSB6a55vDmS78kZ,Everything Must Go,5,1,2uH0RyPcX7fnCcT90HFDQX,Manic Street Preachers,1fi3IyodfojWTth7DhDQ6d,Everything Must Go,album,1996-05-20,221000,221.0,0,False,0.32,0.75,9,-5.32,1,0.04,0.0,0.44,0.39,0.51,135.03,4
1zsbdNmMTUxG3h6Bx763un,Small Black Flowers That Grow in the Sky,6,1,2uH0RyPcX7fnCcT90HFDQX,Manic Street Preachers,1fi3IyodfojWTth7DhDQ6d,Everything Must Go,album,1996-05-20,182000,182.0,0,False,0.71,0.16,0,-18.54,1,0.03,0.82,0.0,0.11,0.31,116.85,4
0KPCCsHdhNeEDQoTFblyQH,Removables,8,1,2uH0RyPcX7fnCcT90HFDQX,Manic Street Preachers,1fi3IyodfojWTth7DhDQ6d,Everything Must Go,album,1996-05-20,211000,211.0,0,False,0.63,0.6,0,-9.8,1,0.02,0.0,0.0,0.18,0.48,111.04,4
4XKTF0ZMSeMPI3smmCz2f5,Interiors (Song for Willem de Kooning),10,1,2uH0RyPcX7fnCcT90HFDQX,Manic Street Preachers,1fi3IyodfojWTth7DhDQ6d,Everything Must Go,album,1996-05-20,257000,257.0,0,False,0.44,0.79,9,-6.18,1,0.05,0.0,0.01,0.29,0.65,129.3,4
49VZ4VsE6GhVfDAYHeySgP,Further Away,11,1,2uH0RyPcX7fnCcT90HFDQX,Manic Street Preachers,1fi3IyodfojWTth7DhDQ6d,Everything Must Go,album,1996-05-20,218000,218.0,0,False,0.42,0.88,9,-6.38,0,0.05,0.0,0.0,0.11,0.48,134.45,4
4L86Us0bgO34gGrj07fku6,No Surface All Feeling,12,1,2uH0RyPcX7fnCcT90HFDQX,Manic Street Preachers,1fi3IyodfojWTth7DhDQ6d,Everything Must Go,album,1996-05-20,254000,254.0,0,False,0.39,0.63,6,-9.25,0,0.04,0.0,0.23,0.22,0.31,78.81,4
0CqXAc0u2YX0aGaLig37XV,If You Tolerate This Your Children Will Be Next,2,1,2uH0RyPcX7fnCcT90HFDQX,Manic Street Preachers,1dVGkUHBcsF7PpEyEzgrhD,This Is My Truth Tell Me Yours,album,1998-09-14,290960,290.96,11,False,0.267,0.81,0,-6.189,1,0.0418,0.00019,0.018,0.084,0.267,127.673,5
5fIsucl4E3XE2wdtXAJn0y,The Everlasting,1,1,2uH0RyPcX7fnCcT90HFDQX,Manic Street Preachers,1dVGkUHBcsF7PpEyEzgrhD,This Is My Truth Tell Me Yours,album,1998-09-14,369760,369.76,9,False,0.505,0.661,2,-8.277,0,0.0324,0.00252,3.65e-05,0.057,0.329,95.666,4
5ZS8PQ9gJmIxTK1y4IVoVJ,You Stole the Sun from My Heart,3,1,2uH0RyPcX7fnCcT90HFDQX,Manic Street Preachers,1dVGkUHBcsF7PpEyEzgrhD,This Is My Truth Tell Me Yours,album,1998-09-14,260507,260.51,8,False,0.618,0.832,9,-8.015,1,0.0333,8.83e-05,9.01e-05,0.183,0.374,117.987,4
1O3QBBqvg7oPQPp0VBdHnM,Tsunami,5,1,2uH0RyPcX7fnCcT90HFDQX,Manic Street Preachers,1dVGkUHBcsF7PpEyEzgrhD,This Is My Truth Tell Me Yours,album,1998-09-14,229507,229.51,7,False,0.531,0.819,6,-5.804,1,0.0317,0.00864,0.000288,0.34,0.376,113.107,4
518yDJZDf0KQnLrr27Eepx,Ready for Drowning,4,1,2uH0RyPcX7fnCcT90HFDQX,Manic Street Preachers,1dVGkUHBcsF7PpEyEzgrhD,This Is My Truth Tell Me Yours,album,1998-09-14,271627,271.63,6,False,0.255,0.622,7,-8.093,1,0.0373,8.88e-05,0.0905,0.0916,0.16,161.094,4
7nqw4SD55orY7KQKXJX4rl,My Little Empire,6,1,2uH0RyPcX7fnCcT90HFDQX,Manic Street Preachers,1dVGkUHBcsF7PpEyEzgrhD,This Is My Truth Tell Me Yours,album,1998-09-14,249147,249.15,5,True,0.453,0.494,5,-8.757,1,0.0259,8.79e-05,0.0124,0.0947,0.195,176.066,4
6wxSMXE7EtwHicOA2j97Wc,You're Tender and You're Tired,8,1,2uH0RyPcX7fnCcT90HFDQX,Manic Street Preachers,1dVGkUHBcsF7PpEyEzgrhD,This Is My Truth Tell Me Yours,album,1998-09-14,277760,277.76,5,False,0.501,0.778,9,-6.584,0,0.0267,0.00081,8.13e-06,0.276,0.344,91.668,4
3yrbTH3Gul43mx0RpTYhwv,Black Dog On My Shoulder,11,1,2uH0RyPcX7fnCcT90HFDQX,Manic Street Preachers,1dVGkUHBcsF7PpEyEzgrhD,This Is My Truth Tell Me Yours,album,1998-09-14,288280,288.28,5,False,0.307,0.629,2,-8.24,1,0.0471,0.0035,0.000645,0.0671,0.326,173.081,4
5v4stFnPLy7pb1PA1TN6kx,I'm Not Working,7,1,2uH0RyPcX7fnCcT90HFDQX,Manic Street Preachers,1dVGkUHBcsF7PpEyEzgrhD,This Is My Truth Tell Me Yours,album,1998-09-14,351747,351.75,4,False,0.546,0.577,0,-9.296,1,0.0414,0.031,0.000812,0.13,0.174,119.476,4
6BVtUXRknMq9oiOq79Weju,Be Natural,10,1,2uH0RyPcX7fnCcT90HFDQX,Manic Street Preachers,1dVGkUHBcsF7PpEyEzgrhD,This Is My Truth Tell Me Yours,album,1998-09-14,312133,312.13,4,False,0.373,0.781,2,-6.67,0,0.034,0.000287,0.000638,0.0943,0.191,128.6,4
7nkxszwPVQ4ktOiCE6bdd4,Nobody Loved You,12,1,2uH0RyPcX7fnCcT90HFDQX,Manic Street Preachers,1dVGkUHBcsF7PpEyEzgrhD,This Is My Truth Tell Me Yours,album,1998-09-14,283707,283.71,4,False,0.345,0.63,9,-7.16,0,0.0473,1.64e-05,0.00285,0.358,0.238,174.107,4
7pKTGwJFHrg9gqEuGhBWV5,Born a Girl,9,1,2uH0RyPcX7fnCcT90HFDQX,Manic Street Preachers,1dVGkUHBcsF7PpEyEzgrhD,This Is My Truth Tell Me Yours,album,1998-09-14,252467,252.47,3,False,0.208,0.268,9,-11.849,0,0.0328,0.414,0.0,0.0574,0.0966,73.597,4
0SwNFfDkGtCdPqT0ATCT2d,S.Y.M.M.,13,1,2uH0RyPcX7fnCcT90HFDQX,Manic Street Preachers,1dVGkUHBcsF7PpEyEzgrhD,This Is My Truth Tell Me Yours,album,1998-09-14,359253,359.25,3,False,0.259,0.661,2,-7.312,1,0.0494,0.00105,4.73e-05,0.0946,0.0472,139.987,4
0dCu53T79eWwmLJgfWqLZZ,Found That Soul,1,1,2uH0RyPcX7fnCcT90HFDQX,Manic Street Preachers,1Iwcj3cWJH0PK5qAjYjmYP,Know Your Enemy,album,2001-03-19,185827,185.83,0,False,0.226,0.959,1,-5.578,1,0.0698,2.06e-05,0.568,0.402,0.478,143.714,4
6ISmQ7CmgalecSshTE8NfX,Ocean Spray,2,1,2uH0RyPcX7fnCcT90HFDQX,Manic Street Preachers,1Iwcj3cWJH0PK5qAjYjmYP,Know Your Enemy,album,2001-03-19,251800,251.8,0,True,0.617,0.707,7,-7.742,1,0.0294,0.00512,0.00386,0.0641,0.735,130.668,4
3xMNULMS3OX25fzafo1Ezx,Intravenous Agnostic,3,1,2uH0RyPcX7fnCcT90HFDQX,Manic Street Preachers,1Iwcj3cWJH0PK5qAjYjmYP,Know Your Enemy,album,2001-03-19,242133,242.13,0,False,0.211,0.902,0,-6.111,1,0.0914,1.28e-05,0.833,0.238,0.469,161.482,4
3WztKOeGVmCyuwmm08s5mn,So Why So Sad,4,1,2uH0RyPcX7fnCcT90HFDQX,Manic Street Preachers,1Iwcj3cWJH0PK5qAjYjmYP,Know Your Enemy,album,2001-03-19,241480,241.48,0,False,0.462,0.888,11,-5.037,0,0.0367,4.18e-05,0.706,0.118,0.398,120.222,4
2p7rXqA65rWBPBwqavTK9k,Let Robeson Sing,5,1,2uH0RyPcX7fnCcT90HFDQX,Manic Street Preachers,1Iwcj3cWJH0PK5qAjYjmYP,Know Your Enemy,album,2001-03-19,226067,226.07,0,False,0.48,0.722,2,-7.484,1,0.0286,0.00245,0.00294,0.626,0.383,98.586,4
3hSRz7vCtwIqFrmxHPXPK3,The Year of Purification,6,1,2uH0RyPcX7fnCcT90HFDQX,Manic Street Preachers,1Iwcj3cWJH0PK5qAjYjmYP,Know Your Enemy,album,2001-03-19,219293,219.29,0,False,0.387,0.909,7,-8.208,1,0.0511,1.78e-05,0.24,0.222,0.658,166.538,4
3ZtI6lo1MUx7i8grETU41e,Wattsville Blues,7,1,2uH0RyPcX7fnCcT90HFDQX,Manic Street Preachers,1Iwcj3cWJH0PK5qAjYjmYP,Know Your Enemy,album,2001-03-19,268960,268.96,0,False,0.568,0.725,7,-8.058,1,0.0296,0.000451,0.0147,0.0352,0.497,107.32,4
254TAmOsA4qY4JOZD3nYJN,Miss Europa Disco Dancer,8,1,2uH0RyPcX7fnCcT90HFDQX,Manic Street Preachers,1Iwcj3cWJH0PK5qAjYjmYP,Know Your Enemy,album,2001-03-19,232160,232.16,0,False,0.52,0.752,1,-7.379,0,0.0585,0.000195,0.000222,0.104,0.639,118.116,4
4nIukNXYAoacpBh9TqR1M6,Dead Martyrs,9,1,2uH0RyPcX7fnCcT90HFDQX,Manic Street Preachers,1Iwcj3cWJH0PK5qAjYjmYP,Know Your Enemy,album,2001-03-19,203427,203.43,0,False,0.355,0.902,5,-6.924,0,0.0626,5.47e-06,0.809,0.465,0.119,142.307,4
0KOHIID4za7sCOH3Lh80AR,His Last Painting,10,1,2uH0RyPcX7fnCcT90HFDQX,Manic Street Preachers,1Iwcj3cWJH0PK5qAjYjmYP,Know Your Enemy,album,2001-03-19,195720,195.72,0,False,0.498,0.697,4,-9.406,0,0.0284,0.000186,0.0199,0.184,0.579,124.931,4
7IxYjmJ0eDQTzqQkbk4jhd,My Guernica,11,1,2uH0RyPcX7fnCcT90HFDQX,Manic Street Preachers,1Iwcj3cWJH0PK5qAjYjmYP,Know Your Enemy,album,2001-03-19,296133,296.13,0,False,0.271,0.849,0,-4.886,1,0.0578,0.0068,0.000142,0.348,0.204,135.819,4
0VhbNg7f6nHHrHgQ3IhgJx,The Convalescent,12,1,2uH0RyPcX7fnCcT90HFDQX,Manic Street Preachers,1Iwcj3cWJH0PK5qAjYjmYP,Know Your Enemy,album,2001-03-19,354093,354.09,0,False,0.305,0.829,4,-5.976,0,0.0453,0.000167,0.0259,0.232,0.259,152.073,4
6i83u0cdCbnVT6IrCXzATv,Royal Correspondent,13,1,2uH0RyPcX7fnCcT90HFDQX,Manic Street Preachers,1Iwcj3cWJH0PK5qAjYjmYP,Know Your Enemy,album,2001-03-19,210880,210.88,0,False,0.706,0.695,4,-6.495,1,0.0279,0.12,0.0789,0.149,0.53,133.438,4
5uWDnwfEsskDgybLqfaE8r,Epicentre,14,1,2uH0RyPcX7fnCcT90HFDQX,Manic Street Preachers,1Iwcj3cWJH0PK5qAjYjmYP,Know Your Enemy,album,2001-03-19,385853,385.85,0,False,0.449,0.936,2,-5.517,1,0.0727,0.000517,0.175,0.295,0.383,126.115,4
2F3Qgm73SN10TsPTu0TJyP,Baby Elian,15,1,2uH0RyPcX7fnCcT90HFDQX,Manic Street Preachers,1Iwcj3cWJH0PK5qAjYjmYP,Know Your Enemy,album,2001-03-19,218000,218.0,0,False,0.649,0.854,9,-7.785,1,0.0502,0.000586,0.0574,0.14,0.45,131.568,4
2SfMgueBnqfzBGM4WHdym3,Freedom of Speech Won't Feed My Children,16,1,2uH0RyPcX7fnCcT90HFDQX,Manic Street Preachers,1Iwcj3cWJH0PK5qAjYjmYP,Know Your Enemy,album,2001-03-19,180720,180.72,0,False,0.344,0.825,10,-6.018,0,0.0387,9.72e-05,0.838,0.211,0.434,131.156,4
5Jen8OQdBLujxmzKyOZWuc,Just A Kid,17,1,2uH0RyPcX7fnCcT90HFDQX,Manic Street Preachers,1Iwcj3cWJH0PK5qAjYjmYP,Know Your Enemy,album,2001-03-19,213467,213.47,0,False,0.194,0.92,4,-2.726,1,0.0481,0.0257,0.00023,0.293,0.512,186.368,4
78V2kcPJmwsWCht9lpCsEK,The Masses Against the Classes,18,1,2uH0RyPcX7fnCcT90HFDQX,Manic Street Preachers,1Iwcj3cWJH0PK5qAjYjmYP,Know Your Enemy,album,2001-03-19,202107,202.11,0,False,0.439,0.965,6,-4.243,0,0.135,4.73e-06,0.726,0.37,0.344,144.636,4
4JNz2B12rkk88uoFyHPImB,The Love of Richard Nixon,2,1,2uH0RyPcX7fnCcT90HFDQX,Manic Street Preachers,0GjZwjaPz41WNG3FvlMI87,Lifeblood,album,2004-11-01,218600,218.6,31,False,0.576,0.945,6,-3.09,0,0.0588,0.0197,0.0892,0.0943,0.877,130.088,4
4wDgSz33gLEog03CBrTpg0,To Repel Ghosts,6,1,2uH0RyPcX7fnCcT90HFDQX,Manic Street Preachers,0GjZwjaPz41WNG3FvlMI87,Lifeblood,album,2004-11-01,237213,237.21,30,False,0.418,0.899,0,-3.718,0,0.0342,2.15e-05,4.89e-05,0.376,0.469,134.06,4
6b606ParqRiSSoPYMpPKYR,1985,1,1,2uH0RyPcX7fnCcT90HFDQX,Manic Street Preachers,0GjZwjaPz41WNG3FvlMI87,Lifeblood,album,2004-11-01,248187,248.19,28,False,0.477,0.976,4,-2.846,1,0.051,7.87e-05,0.0128,0.152,0.225,121.938,4
7cYRdniDrUjZJTRNsVGuuT,Empty Souls,3,1,2uH0RyPcX7fnCcT90HFDQX,Manic Street Preachers,0GjZwjaPz41WNG3FvlMI87,Lifeblood,album,2004-11-01,244280,244.28,28,False,0.479,0.944,1,-2.712,0,0.0496,0.000151,7.77e-06,0.262,0.393,130.038,4
4ubH7Bd6Xg0CrsvmlnAWPH,A Song for Departure,4,1,2uH0RyPcX7fnCcT90HFDQX,Manic Street Preachers,0GjZwjaPz41WNG3FvlMI87,Lifeblood,album,2004-11-01,258640,258.64,26,False,0.614,0.774,9,-4.306,1,0.0323,0.000463,0.000269,0.204,0.64,123.033,4
7FnU3VkRD2bpkqQllXjug9,I Live to Fall Asleep,5,1,2uH0RyPcX7fnCcT90HFDQX,Manic Street Preachers,0GjZwjaPz41WNG3FvlMI87,Lifeblood,album,2004-11-01,235987,235.99,22,False,0.651,0.683,10,-5.452,1,0.0245,0.00625,1.28e-06,0.206,0.407,103.013,4
48OrDkWQSJB9o8Bpdm74xm,Solitude Sometimes Is,10,1,2uH0RyPcX7fnCcT90HFDQX,Manic Street Preachers,0GjZwjaPz41WNG3FvlMI87,Lifeblood,album,2004-11-01,200280,200.28,19,False,0.51,0.7,9,-5.424,1,0.0255,0.00264,0.0,0.113,0.0914,96.229,4
4mjODTjDCQdIxAo1kT0iiV,Emily,7,1,2uH0RyPcX7fnCcT90HFDQX,Manic Street Preachers,0GjZwjaPz41WNG3FvlMI87,Lifeblood,album,2004-11-01,213680,213.68,18,False,0.58,0.714,7,-4.668,0,0.0257,0.0173,0.0373,0.0616,0.471,132.105,4
4degehy5yWazlxP1tzH1QH,Glasnost,8,1,2uH0RyPcX7fnCcT90HFDQX,Manic Street Preachers,0GjZwjaPz41WNG3FvlMI87,Lifeblood,album,2004-11-01,192533,192.53,18,False,0.465,0.799,4,-3.514,1,0.0274,0.00163,0.00233,0.264,0.537,99.016,4
6E9sEykE4VaIzLzMnNgfDg,Always / Never,9,1,2uH0RyPcX7fnCcT90HFDQX,Manic Street Preachers,0GjZwjaPz41WNG3FvlMI87,Lifeblood,album,2004-11-01,220373,220.37,17,False,0.554,0.925,9,-3.508,0,0.0363,0.000152,0.00689,0.0941,0.572,105.056,4
1SylCJI2pHEXC1GO3cd9iR,Cardiff Afterlife,12,1,2uH0RyPcX7fnCcT90HFDQX,Manic Street Preachers,0GjZwjaPz41WNG3FvlMI87,Lifeblood,album,2004-11-01,207187,207.19,15,False,0.51,0.768,9,-4.866,0,0.0296,0.000995,4.95e-06,0.268,0.507,128.992,4
0rgDn2tNlyVqdl9ItoMUNd,Fragments,11,1,2uH0RyPcX7fnCcT90HFDQX,Manic Street Preachers,0GjZwjaPz41WNG3FvlMI87,Lifeblood,album,2004-11-01,241267,241.27,13,False,0.537,0.668,5,-5.384,1,0.03,0.000864,0.00138,0.0818,0.453,120.075,4
2wpP9VRrMDfQqYyHwV6cZw,Send Away The Tigers,1,1,2uH0RyPcX7fnCcT90HFDQX,Manic Street Preachers,1IdAdn3l4dKNHvXvQdNhhy,Send Away The Tigers,album,2007-05-07,217760,217.76,0,False,0.448,0.928,6,-4.632,0,0.0394,0.000169,6.22e-05,0.348,0.207,96.285,4
0zSqn8RG87pg3rMrLd2d4W,Underdogs,2,1,2uH0RyPcX7fnCcT90HFDQX,Manic Street Preachers,1IdAdn3l4dKNHvXvQdNhhy,Send Away The Tigers,album,2007-05-07,169320,169.32,0,False,0.64,0.78,5,-5.817,1,0.0412,0.000412,0.00311,0.403,0.758,147.106,4
2Ms3JT7IBpn6ASgIdDGUZm,Your Love Alone Is Not Enough,3,1,2uH0RyPcX7fnCcT90HFDQX,Manic Street Preachers,1IdAdn3l4dKNHvXvQdNhhy,Send Away The Tigers,album,2007-05-07,235693,235.69,0,False,0.344,0.921,2,-3.049,1,0.0459,0.00143,1.13e-05,0.38,0.396,126.766,4
0ngBchFJBzgX4TUCFOO10Q,Indian Summer,4,1,2uH0RyPcX7fnCcT90HFDQX,Manic Street Preachers,1IdAdn3l4dKNHvXvQdNhhy,Send Away The Tigers,album,2007-05-07,234773,234.77,0,False,0.433,0.951,11,-4.021,0,0.0546,0.00171,0.00136,0.137,0.205,135.201,3
3FsNBTdFPemAkH7RkaPlym,The Second Great Depression,5,1,2uH0RyPcX7fnCcT90HFDQX,Manic Street Preachers,1IdAdn3l4dKNHvXvQdNhhy,Send Away The Tigers,album,2007-05-07,247453,247.45,0,False,0.338,0.934,4,-3.342,1,0.073,0.0671,0.00245,0.195,0.399,126.134,3
4PtjG8SQJLjJHkcay6AQKf,Rendition,6,1,2uH0RyPcX7fnCcT90HFDQX,Manic Street Preachers,1IdAdn3l4dKNHvXvQdNhhy,Send Away The Tigers,album,2007-05-07,179827,179.83,0,False,0.416,0.975,9,-3.804,1,0.093,0.000754,0.000308,0.359,0.385,136.08,4
2xkZgMXJYEdjpFrEZ3yfaB,Autumnsong,7,1,2uH0RyPcX7fnCcT90HFDQX,Manic Street Preachers,1IdAdn3l4dKNHvXvQdNhhy,Send Away The Tigers,album,2007-05-07,220347,220.35,0,False,0.292,0.89,2,-3.727,1,0.0441,0.000278,1.29e-05,0.287,0.417,199.349,4
0iQoBjSxJ1riFNrRzIPYrg,I'm Just A Patsy,8,1,2uH0RyPcX7fnCcT90HFDQX,Manic Street Preachers,1IdAdn3l4dKNHvXvQdNhhy,Send Away The Tigers,album,2007-05-07,191733,191.73,0,False,0.327,0.939,0,-2.64,1,0.051,0.0117,0.000975,0.16,0.393,188.275,4
0757ctxwmB1kOtLGx3YHoX,Imperial Bodybags,9,1,2uH0RyPcX7fnCcT90HFDQX,Manic Street Preachers,1IdAdn3l4dKNHvXvQdNhhy,Send Away The Tigers,album,2007-05-07,209787,209.79,0,False,0.372,0.978,7,-3.362,1,0.185,0.00469,2.71e-05,0.269,0.431,183.182,4
2CY7uv4GSmBTp2IJYOlWnM,Winterlovers,10,1,2uH0RyPcX7fnCcT90HFDQX,Manic Street Preachers,1IdAdn3l4dKNHvXvQdNhhy,Send Away The Tigers,album,2007-05-07,185133,185.13,0,False,0.476,0.801,7,-5.079,1,0.0278,0.00171,0.00537,0.385,0.462,95.174,4
7cvoFTB2uYU1fDtymYu8V2,Peeled Apples,1,1,2uH0RyPcX7fnCcT90HFDQX,Manic Street Preachers,4T5GuWQjra4xwtG5FHM873,Journal For Plague Lovers,album,2009-08-18,213480,213.48,25,True,0.527,0.861,9,-5.069,0,0.054,7.01e-05,0.284,0.326,0.66,130.049,4
23q1pibB8CJCboLqZtRDCf,Jackie Collins Existential Question Time,2,1,2uH0RyPcX7fnCcT90HFDQX,Manic Street Preachers,4T5GuWQjra4xwtG5FHM873,Journal For Plague Lovers,album,2009-08-18,144293,144.29,24,True,0.299,0.808,0,-5.191,1,0.0335,0.00043,1.2e-05,0.343,0.541,139.247,4
5C55En2nGvC80MCjWMV8bu,Me And Stephen Hawking,3,1,2uH0RyPcX7fnCcT90HFDQX,Manic Street Preachers,4T5GuWQjra4xwtG5FHM873,Journal For Plague Lovers,album,2009-08-18,167013,167.01,21,False,0.351,0.839,6,-6.103,0,0.15,0.000374,0.0,0.47,0.561,143.058,4
1AGSLggDJ085dYOZr9UgNR,This Joke Sport Severed,4,1,2uH0RyPcX7fnCcT90HFDQX,Manic Street Preachers,4T5GuWQjra4xwtG5FHM873,Journal For Plague Lovers,album,2009-08-18,183613,183.61,20,False,0.517,0.629,7,-6.734,0,0.0512,0.0381,0.0,0.0882,0.212,126.98,4
75ENedsbGH4aFjRLIKVMPK,Journal For Plague Lovers,5,1,2uH0RyPcX7fnCcT90HFDQX,Manic Street Preachers,4T5GuWQjra4xwtG5FHM873,Journal For Plague Lovers,album,2009-08-18,224720,224.72,20,False,0.539,0.935,11,-5.012,0,0.108,0.00601,0.0134,0.282,0.607,141.001,4
6LC8T7kclOSebn8j0Ejics,Marlon J.D.,8,1,2uH0RyPcX7fnCcT90HFDQX,Manic Street Preachers,4T5GuWQjra4xwtG5FHM873,Journal For Plague Lovers,album,2009-08-18,170360,170.36,20,True,0.479,0.865,9,-5.057,1,0.0763,1.43e-05,0.056,0.451,0.799,149.98,4
2SZkDkRzG929gZ3ZiEWyvb,She Bathed Herself In A Bath Of Bleach,6,1,2uH0RyPcX7fnCcT90HFDQX,Manic Street Preachers,4T5GuWQjra4xwtG5FHM873,Journal For Plague Lovers,album,2009-08-18,137707,137.71,19,True,0.506,0.96,6,-3.025,0,0.0529,0.000358,1.49e-05,0.323,0.588,120.929,4
1QjlvffY8IsgMFMD8OEBt5,All Is Vanity,10,1,2uH0RyPcX7fnCcT90HFDQX,Manic Street Preachers,4T5GuWQjra4xwtG5FHM873,Journal For Plague Lovers,album,2009-08-18,214387,214.39,19,False,0.548,0.914,5,-5.92,1,0.0927,2.35e-05,0.000133,0.249,0.444,143.051,4
2gpBhoXeXzrJX4mVqncd5u,Facing Page: Top Left,7,1,2uH0RyPcX7fnCcT90HFDQX,Manic Street Preachers,4T5GuWQjra4xwtG5FHM873,Journal For Plague Lovers,album,2009-08-18,159800,159.8,18,True,0.432,0.369,10,-9.263,1,0.0539,0.879,0.0,0.0974,0.113,155.526,4
6J6HMtapbg3f7fbNYVilwF,Pretension//Repulsion,11,1,2uH0RyPcX7fnCcT90HFDQX,Manic Street Preachers,4T5GuWQjra4xwtG5FHM873,Journal For Plague Lovers,album,2009-08-18,124787,124.79,18,True,0.518,0.767,0,-4.665,1,0.0275,0.00105,0.0,0.156,0.673,142.049,4
11uahFdb1wiVsxg7k3BdVX,Doors Closing Slowly,9,1,2uH0RyPcX7fnCcT90HFDQX,Manic Street Preachers,4T5GuWQjra4xwtG5FHM873,Journal For Plague Lovers,album,2009-08-18,172147,172.15,17,True,0.469,0.663,9,-9.274,0,0.0286,0.00748,0.00589,0.11,0.295,79.991,4
14NxAYPgKAZoW1iwQqoAUf,Virginia State Epileptic Colony,12,1,2uH0RyPcX7fnCcT90HFDQX,Manic Street Preachers,4T5GuWQjra4xwtG5FHM873,Journal For Plague Lovers,album,2009-08-18,202733,202.73,17,False,0.51,0.94,0,-4.283,1,0.0386,3.15e-05,0.239,0.285,0.652,132.978,4
1vw2eIrv2zJ4uZEqTSF9a7,William's Last Words,13,1,2uH0RyPcX7fnCcT90HFDQX,Manic Street Preachers,4T5GuWQjra4xwtG5FHM873,Journal For Plague Lovers,album,2009-08-18,259333,259.33,17,False,0.482,0.531,7,-9.892,1,0.036,0.114,0.0374,0.0862,0.408,175.833,4
6Aiv4hBXWW4oloWYlCEHvy,(It's Not War) Just the End of Love,1,1,2uH0RyPcX7fnCcT90HFDQX,Manic Street Preachers,0cuypSacip5eRow0sjJma7,Postcards From A Young Man,album,2010-09-20,209920,209.92,2,False,0.537,0.895,5,-5.359,1,0.0311,6.19e-05,0.0222,0.269,0.597,138.988,4
7u18aGet1l6zppNCfNQiPU,Postcards from a Young Man,2,1,2uH0RyPcX7fnCcT90HFDQX,Manic Street Preachers,0cuypSacip5eRow0sjJma7,Postcards From A Young Man,album,2010-09-20,217720,217.72,1,False,0.316,0.844,5,-4.378,1,0.0379,0.000498,2.44e-05,0.175,0.527,130.385,3
6CYOFQqU3jsLVniaJRtKzm,I Think I Found It,8,1,2uH0RyPcX7fnCcT90HFDQX,Manic Street Preachers,0cuypSacip5eRow0sjJma7,Postcards From A Young Man,album,2010-09-20,187960,187.96,1,False,0.497,0.842,4,-5.492,1,0.0295,6.71e-05,1.74e-05,0.14,0.63,137.871,4
1JcSkCP6SV7Ns0YRX6mjbT,Some Kind of Nothingness (feat. Ian McCulloch),3,1,2uH0RyPcX7fnCcT90HFDQX,Manic Street Preachers,0cuypSacip5eRow0sjJma7,Postcards From A Young Man,album,2010-09-20,229893,229.89,0,False,0.488,0.869,9,-4.874,1,0.0296,8.32e-05,0.00575,0.0923,0.64,96.967,4
1yDCcXm2GOXTZjJ8UlVQPY,The Descent - (Pages 1 & 2),4,1,2uH0RyPcX7fnCcT90HFDQX,Manic Street Preachers,0cuypSacip5eRow0sjJma7,Postcards From A Young Man,album,2010-09-20,208293,208.29,0,False,0.517,0.853,9,-5.601,0,0.0272,0.00209,0.000437,0.22,0.491,102.038,4
4I506fwzDlp4DAKesLfpyi,Hazelton Avenue,5,1,2uH0RyPcX7fnCcT90HFDQX,Manic Street Preachers,0cuypSacip5eRow0sjJma7,Postcards From A Young Man,album,2010-09-20,205107,205.11,0,False,0.458,0.896,2,-6.406,1,0.0375,5.61e-05,0.000545,0.125,0.774,147.979,4
0oN1xdHqs7pb65So3ndCxe,Auto-Intoxication,6,1,2uH0RyPcX7fnCcT90HFDQX,Manic Street Preachers,0cuypSacip5eRow0sjJma7,Postcards From A Young Man,album,2010-09-20,229973,229.97,0,False,0.539,0.883,9,-6.003,1,0.0329,0.00028,0.264,0.0544,0.579,139.994,4
3DyWkF6Lzxvl8FXCtWQ2vP,Golden Platitudes,7,1,2uH0RyPcX7fnCcT90HFDQX,Manic Street Preachers,0cuypSacip5eRow0sjJma7,Postcards From A Young Man,album,2010-09-20,265987,265.99,0,False,0.544,0.76,2,-3.595,1,0.0266,0.0188,0.0,0.12,0.481,96.036,4
5McVuYQIn4A3P1x2VYZXFb,A Billion Balconies Facing The Sun,9,1,2uH0RyPcX7fnCcT90HFDQX,Manic Street Preachers,0cuypSacip5eRow0sjJma7,Postcards From A Young Man,album,2010-09-20,221413,221.41,0,False,0.459,0.831,0,-4.914,1,0.0585,9.38e-05,0.0326,0.14,0.653,151.978,4
0X5rpsJ1paeudrrz6yrHup,All We Make Is Entertainment,10,1,2uH0RyPcX7fnCcT90HFDQX,Manic Street Preachers,0cuypSacip5eRow0sjJma7,Postcards From A Young Man,album,2010-09-20,256413,256.41,0,False,0.54,0.915,4,-4.668,1,0.049,0.000111,0.000826,0.235,0.512,116.977,4
0eSga4XPLmRT7FKJkOELhS,The Future Has Been Here 4 Ever,11,1,2uH0RyPcX7fnCcT90HFDQX,Manic Street Preachers,0cuypSacip5eRow0sjJma7,Postcards From A Young Man,album,2010-09-20,220413,220.41,0,False,0.529,0.911,2,-4.573,1,0.0463,0.00108,0.00494,0.14,0.439,127.016,4
10cVPCwLrROAwJrKga4g8K,Don't Be Evil,12,1,2uH0RyPcX7fnCcT90HFDQX,Manic Street Preachers,0cuypSacip5eRow0sjJma7,Postcards From A Young Man,album,2010-09-20,198827,198.83,0,False,0.506,0.947,10,-4.341,1,0.0722,3.96e-05,0.0,0.0722,0.575,134.589,4
1zGE6B3aBDbRg3LNH1qsjw,Red Rubber,13,1,2uH0RyPcX7fnCcT90HFDQX,Manic Street Preachers,0cuypSacip5eRow0sjJma7,Postcards From A Young Man,album,2010-09-20,178107,178.11,0,False,0.405,0.762,9,-5.328,0,0.0455,0.133,0.000801,0.262,0.365,136.144,4
2fqgFCJpqJ8KFzkxq5QRF1,Evidence Against Myself,14,1,2uH0RyPcX7fnCcT90HFDQX,Manic Street Preachers,0cuypSacip5eRow0sjJma7,Postcards From A Young Man,album,2010-09-20,183080,183.08,0,False,0.522,0.922,2,-4.117,1,0.0618,0.0011,0.0,0.32,0.461,128.097,4
3Vf88PGkMxy2lWszTd3wk2,Show Me the Wonder,2,1,2uH0RyPcX7fnCcT90HFDQX,Manic Street Preachers,2BnILbb4wJR2qp9qZbSUDr,Rewind the Film,album,2013-09-16,198853,198.85,25,False,0.543,0.914,2,-4.307,1,0.0319,0.0227,0.000153,0.156,0.79,130.307,4
7ynvXCLdbzFfeOsyx2URX9,This Sullen Welsh Heart (feat. Lucy Rose),1,1,2uH0RyPcX7fnCcT90HFDQX,Manic Street Preachers,2BnILbb4wJR2qp9qZbSUDr,Rewind the Film,album,2013-09-16,253213,253.21,22,False,0.685,0.264,2,-15.497,1,0.0305,0.88,4.19e-06,0.283,0.296,107.948,4
6HPAdYh05ZO85qUfshjw1M,Rewind the Film (feat. Richard Hawley),3,1,2uH0RyPcX7fnCcT90HFDQX,Manic Street Preachers,2BnILbb4wJR2qp9qZbSUDr,Rewind the Film,album,2013-09-16,396720,396.72,20,False,0.24,0.469,11,-9.785,0,0.0321,0.12,0.0017,0.165,0.277,182.267,3
5DLWJSfmBKZ6iRPXQGK7Fx,Anthem for a Lost Cause,7,1,2uH0RyPcX7fnCcT90HFDQX,Manic Street Preachers,2BnILbb4wJR2qp9qZbSUDr,Rewind the Film,album,2013-09-16,231987,231.99,20,False,0.511,0.66,11,-5.596,1,0.0258,0.0342,0.0297,0.216,0.611,85.984,4
71RX2kNwxHeZ7sslGbUub0,4 Lonely Roads (feat. Cate Le Bon),5,1,2uH0RyPcX7fnCcT90HFDQX,Manic Street Preachers,2BnILbb4wJR2qp9qZbSUDr,Rewind the Film,album,2013-09-16,174147,174.15,15,False,0.636,0.692,0,-11.073,1,0.0307,0.0326,0.611,0.122,0.266,90.693,4
6YkqCfHhyRweym5YamMm06,(I Miss the) Tokyo Skyline,6,1,2uH0RyPcX7fnCcT90HFDQX,Manic Street Preachers,2BnILbb4wJR2qp9qZbSUDr,Rewind the Film,album,2013-09-16,226267,226.27,15,False,0.415,0.71,4,-8.661,1,0.0365,0.102,0.00113,0.202,0.437,167.784,4
5qsQDlKuKKeVrilxEGWq3G,Builder of Routines,4,1,2uH0RyPcX7fnCcT90HFDQX,Manic Street Preachers,2BnILbb4wJR2qp9qZbSUDr,Rewind the Film,album,2013-09-16,148547,148.55,13,False,0.581,0.55,0,-9.988,0,0.0318,0.567,0.000305,0.106,0.7,115.928,4
5vwC9yW7adNobhthVbdqCm,As Holy As the Soil (That Buries Your Skin),8,1,2uH0RyPcX7fnCcT90HFDQX,Manic Street Preachers,2BnILbb4wJR2qp9qZbSUDr,Rewind the Film,album,2013-09-16,199907,199.91,13,False,0.682,0.444,0,-8.438,1,0.027,0.421,0.0,0.0961,0.346,91.027,4
6cWe2bqujgXuyJZA8qmPUZ,3 Ways To See Despair,9,1,2uH0RyPcX7fnCcT90HFDQX,Manic Street Preachers,2BnILbb4wJR2qp9qZbSUDr,Rewind the Film,album,2013-09-16,196333,196.33,13,False,0.516,0.561,9,-9.499,0,0.0306,0.0428,0.0151,0.275,0.201,141.989,4
4r2gREaj9YiVV7OAwvBPDE,30-Year War,12,1,2uH0RyPcX7fnCcT90HFDQX,Manic Street Preachers,2BnILbb4wJR2qp9qZbSUDr,Rewind the Film,album,2013-09-16,310493,310.49,13,False,0.532,0.885,9,-6.554,0,0.0497,0.0642,9.99e-06,0.37,0.383,136.038,4
0nRqvf2jm507vHMWMsL5nN,Running Out of Fantasy,10,1,2uH0RyPcX7fnCcT90HFDQX,Manic Street Preachers,2BnILbb4wJR2qp9qZbSUDr,Rewind the Film,album,2013-09-16,249040,249.04,12,False,0.513,0.376,7,-12.518,1,0.0457,0.829,0.0029,0.136,0.204,144.789,4
622OgJTVuuZiowiX6suL2Q,Manorbier,11,1,2uH0RyPcX7fnCcT90HFDQX,Manic Street Preachers,2BnILbb4wJR2qp9qZbSUDr,Rewind the Film,album,2013-09-16,271453,271.45,11,False,0.327,0.441,2,-10.037,0,0.0353,0.365,0.887,0.119,0.155,121.492,3
5GXwfiCwLiaxU6RygfOY28,Walk Me to the Bridge,2,1,2uH0RyPcX7fnCcT90HFDQX,Manic Street Preachers,1fmCPyf1lE2JQlVoNQqJqu,Futurology,album,2014-07-07,194787,194.79,2,False,0.541,0.685,2,-6.353,1,0.0484,0.000346,0.015,0.17,0.672,136.174,3
0AGnJzCq1MDTgbbBI55tPt,Futurology,1,1,2uH0RyPcX7fnCcT90HFDQX,Manic Street Preachers,1fmCPyf1lE2JQlVoNQqJqu,Futurology,album,2014-07-07,185960,185.96,1,False,0.439,0.832,2,-5.542,1,0.0435,0.00187,0.00133,0.151,0.376,138.799,4
7mHzn47C38tAEjBA153YVP,Let's Go to War,3,1,2uH0RyPcX7fnCcT90HFDQX,Manic Street Preachers,1fmCPyf1lE2JQlVoNQqJqu,Futurology,album,2014-07-07,178480,178.48,0,False,0.538,0.951,8,-5.191,1,0.112,0.00258,0.01,0.194,0.277,113.748,4
5c9sZXGUpQVLT3QghOBwJz,The Next Jet to Leave Moscow,4,1,2uH0RyPcX7fnCcT90HFDQX,Manic Street Preachers,1fmCPyf1lE2JQlVoNQqJqu,Futurology,album,2014-07-07,202640,202.64,0,False,0.583,0.915,7,-9.087,1,0.0494,0.000931,0.0124,0.0809,0.502,156.075,4
6OdN64GztupOYNmszR0dpq,Europa Geht Durch Mich (feat. Nina Hoss),5,1,2uH0RyPcX7fnCcT90HFDQX,Manic Street Preachers,1fmCPyf1lE2JQlVoNQqJqu,Futurology,album,2014-07-07,204373,204.37,0,False,0.528,0.888,9,-4.359,1,0.066,0.000939,0.0,0.0742,0.448,134.036,4
0zhUmpuYAzijO2K9vxqiyR,Divine Youth (feat. Georgia Ruth Williams),6,1,2uH0RyPcX7fnCcT90HFDQX,Manic Street Preachers,1fmCPyf1lE2JQlVoNQqJqu,Futurology,album,2014-07-07,202880,202.88,0,False,0.461,0.782,7,-6.325,1,0.0423,0.115,0.000265,0.139,0.504,142.061,4
7kznosC4c7uU5OgSBLqQ3r,"Sex, Power, Love and Money",7,1,2uH0RyPcX7fnCcT90HFDQX,Manic Street Preachers,1fmCPyf1lE2JQlVoNQqJqu,Futurology,album,2014-07-07,193933,193.93,0,False,0.556,0.97,9,-4.322,1,0.129,0.0012,0.00371,0.127,0.488,127.053,4
5On6MWzHP2f65ejPfXDcGQ,Dreaming a City (Hugheskova),8,1,2uH0RyPcX7fnCcT90HFDQX,Manic Street Preachers,1fmCPyf1lE2JQlVoNQqJqu,Futurology,album,2014-07-07,280173,280.17,0,False,0.482,0.914,6,-5.814,0,0.0633,0.000259,0.0225,0.645,0.239,117.98,4
4e0MothkbjleMhcvqCDUiy,Black Square,9,1,2uH0RyPcX7fnCcT90HFDQX,Manic Street Preachers,1fmCPyf1lE2JQlVoNQqJqu,Futurology,album,2014-07-07,247600,247.6,0,False,0.255,0.848,0,-8.286,1,0.206,0.00246,2.99e-05,0.388,0.356,220.217,4
52L26YGKXm7dPwkQWxpTga,Between the Clock and the Bed (feat. Green Gartside),10,1,2uH0RyPcX7fnCcT90HFDQX,Manic Street Preachers,1fmCPyf1lE2JQlVoNQqJqu,Futurology,album,2014-07-07,215053,215.05,0,False,0.54,0.841,2,-4.793,1,0.0288,0.000378,0.000243,0.0618,0.672,97.006,4
1Vq5TUcitTwlb2yOpUmvrP,Misguided Missile,11,1,2uH0RyPcX7fnCcT90HFDQX,Manic Street Preachers,1fmCPyf1lE2JQlVoNQqJqu,Futurology,album,2014-07-07,259707,259.71,0,False,0.565,0.939,9,-5.98,0,0.111,0.0255,0.0281,0.118,0.524,159.981,4
2Epxyw4w8LdiE49v2RtviQ,The View from Stow Hill,12,1,2uH0RyPcX7fnCcT90HFDQX,Manic Street Preachers,1fmCPyf1lE2JQlVoNQqJqu,Futurology,album,2014-07-07,248573,248.57,0,False,0.621,0.722,9,-7.589,0,0.0282,0.00325,0.0147,0.144,0.506,107.001,4
4KqmWLddnXu60qpI9LCKO5,Mayakovsky,13,1,2uH0RyPcX7fnCcT90HFDQX,Manic Street Preachers,1fmCPyf1lE2JQlVoNQqJqu,Futurology,album,2014-07-07,220453,220.45,0,False,0.569,0.917,9,-7.46,0,0.0513,0.000763,0.823,0.372,0.275,126.914,4
1Vi7Diq7u2RBgTRSOAKQgm,International Blue,2,1,2uH0RyPcX7fnCcT90HFDQX,Manic Street Preachers,5ML4ETwlRuf9hjMojBocL6,Resistance is Futile,album,2018-04-13,232147,232.15,7,False,0.451,0.961,5,-3.918,1,0.067,3.04e-05,0.0276,0.0784,0.288,136.826,4
47zaDP1ycAe75JHLNDgaUe,People Give In,1,1,2uH0RyPcX7fnCcT90HFDQX,Manic Street Preachers,5ML4ETwlRuf9hjMojBocL6,Resistance is Futile,album,2018-04-13,234720,234.72,5,False,0.552,0.745,9,-5.738,1,0.0261,0.0022,2.11e-05,0.141,0.408,84.991,4
0SuJEvig2vYsCGLA4lziIu,Distant Colours,3,1,2uH0RyPcX7fnCcT90HFDQX,Manic Street Preachers,5ML4ETwlRuf9hjMojBocL6,Resistance is Futile,album,2018-04-13,209827,209.83,3,False,0.504,0.911,6,-4.321,0,0.0645,0.0184,1.18e-06,0.336,0.67,128.453,4
68L8s05DLPWaO44EfxGRtH,Dylan & Caitlin,5,1,2uH0RyPcX7fnCcT90HFDQX,Manic Street Preachers,5ML4ETwlRuf9hjMojBocL6,Resistance is Futile,album,2018-04-13,233827,233.83,3,False,0.575,0.778,2,-5.577,1,0.0317,0.0167,0.0,0.0783,0.379,130.085,4
52Nsv41OsGVKSvHIAoFf2f,Hold Me Like a Heaven,8,1,2uH0RyPcX7fnCcT90HFDQX,Manic Street Preachers,5ML4ETwlRuf9hjMojBocL6,Resistance is Futile,album,2018-04-13,258240,258.24,3,False,0.419,0.804,11,-5.244,1,0.0449,0.0201,0.0,0.353,0.588,178.01,4
7oOELD9fD5UhXfKnDOQyEm,Vivian,4,1,2uH0RyPcX7fnCcT90HFDQX,Manic Street Preachers,5ML4ETwlRuf9hjMojBocL6,Resistance is Futile,album,2018-04-13,255027,255.03,2,False,0.512,0.792,8,-6.681,1,0.0479,0.00466,2.3e-05,0.0743,0.442,142.008,4
0xfgIPgJLvhX1GTQUxq7Lh,Liverpool Revisited,6,1,2uH0RyPcX7fnCcT90HFDQX,Manic Street Preachers,5ML4ETwlRuf9hjMojBocL6,Resistance is Futile,album,2018-04-13,151387,151.39,1,False,0.483,0.882,0,-3.664,1,0.0503,0.000199,0.000208,0.108,0.635,117.413,4
5dDrCUxPacs56kJGDoUYa0,Sequals of Forgotten Wars,7,1,2uH0RyPcX7fnCcT90HFDQX,Manic Street Preachers,5ML4ETwlRuf9hjMojBocL6,Resistance is Futile,album,2018-04-13,261720,261.72,1,False,0.552,0.966,0,-5.571,1,0.0513,0.000105,0.00384,0.247,0.161,142.007,4
2xmizKwPCQVlOCOxDGSm3C,In Eternity,9,1,2uH0RyPcX7fnCcT90HFDQX,Manic Street Preachers,5ML4ETwlRuf9hjMojBocL6,Resistance is Futile,album,2018-04-13,256613,256.61,1,False,0.457,0.909,2,-4.659,1,0.064,0.00019,0.000679,0.11,0.427,128.008,4
2UbJCb8sb4mZMtxizHCVuv,A Song for the Sadness,11,1,2uH0RyPcX7fnCcT90HFDQX,Manic Street Preachers,5ML4ETwlRuf9hjMojBocL6,Resistance is Futile,album,2018-04-13,260840,260.84,1,False,0.472,0.95,0,-4.286,1,0.0671,0.021,9.31e-06,0.67,0.253,132.025,4
2IR7BXINfCNuclY1noPjMf,Broken Algorithms,10,1,2uH0RyPcX7fnCcT90HFDQX,Manic Street Preachers,5ML4ETwlRuf9hjMojBocL6,Resistance is Futile,album,2018-04-13,232560,232.56,0,False,0.446,0.97,4,-4.996,1,0.0788,3.37e-05,0.00302,0.0835,0.598,162.915,4
6rlm5yTR0Rd4260tRmNQpR,The Left Behind,12,1,2uH0RyPcX7fnCcT90HFDQX,Manic Street Preachers,5ML4ETwlRuf9hjMojBocL6,Resistance is Futile,album,2018-04-13,188360,188.36,0,False,0.507,0.651,6,-6.945,0,0.0287,0.0112,3.35e-05,0.138,0.613,168.004,4
0PzE990Go3tn4D4VrXKk0o,Still Snowing in Sapporo,1,1,2uH0RyPcX7fnCcT90HFDQX,Manic Street Preachers,0DKpbNqHU9FDvs6YlQxlwZ,The Ultra Vivid Lament,album,2021-09-10,368373,368.37,4,False,0.455,0.669,2,-7.797,1,0.0417,0.0631,0.000894,0.109,0.135,140.063,4
5KbKTzDJUbrlgfbnRk860H,Orwellian,2,1,2uH0RyPcX7fnCcT90HFDQX,Manic Street Preachers,0DKpbNqHU9FDvs6YlQxlwZ,The Ultra Vivid Lament,album,2021-09-10,229027,229.03,3,False,0.541,0.884,0,-6.338,1,0.0448,0.0269,0.000315,0.136,0.755,130.008,4
2Rc90eJBxuQLFa38bOo90i,The Secret He Had Missed,3,1,2uH0RyPcX7fnCcT90HFDQX,Manic Street Preachers,0DKpbNqHU9FDvs6YlQxlwZ,The Ultra Vivid Lament,album,2021-09-10,219227,219.23,2,False,0.517,0.885,11,-6.11,0,0.055,0.153,0.0,0.169,0.559,135.975,4
4NU47oyWlouZG4ix2mbWb2,Don't Let the Night Divide Us,5,1,2uH0RyPcX7fnCcT90HFDQX,Manic Street Preachers,0DKpbNqHU9FDvs6YlQxlwZ,The Ultra Vivid Lament,album,2021-09-10,222573,222.57,2,False,0.361,0.883,9,-5.858,0,0.0468,0.0177,0.0,0.29,0.822,145.669,4
08inpNc6uVqB4dir4mz6rV,Diapause,6,1,2uH0RyPcX7fnCcT90HFDQX,Manic Street Preachers,0DKpbNqHU9FDvs6YlQxlwZ,The Ultra Vivid Lament,album,2021-09-10,299533,299.53,2,False,0.354,0.744,4,-6.946,0,0.0443,0.5,0.00534,0.0911,0.44,125.879,4
08dtxb72nIuMijVnbdmS0P,Complicated Illusions,7,1,2uH0RyPcX7fnCcT90HFDQX,Manic Street Preachers,0DKpbNqHU9FDvs6YlQxlwZ,The Ultra Vivid Lament,album,2021-09-10,203067,203.07,2,False,0.502,0.728,4,-6.596,1,0.0325,0.19,5.12e-05,0.122,0.619,103.187,4
7jiYjn0Eh5Lq9j3u1NTGsX,Into the Waves of Love,8,1,2uH0RyPcX7fnCcT90HFDQX,Manic Street Preachers,0DKpbNqHU9FDvs6YlQxlwZ,The Ultra Vivid Lament,album,2021-09-10,190400,190.4,2,False,0.484,0.906,7,-6.192,1,0.0462,0.0489,0.000208,0.271,0.635,145.982,4
51dgmJtO8ncyZChmkOwlVH,Blank Diary Entry (feat. Mark Lanegan),9,1,2uH0RyPcX7fnCcT90HFDQX,Manic Street Preachers,0DKpbNqHU9FDvs6YlQxlwZ,The Ultra Vivid Lament,album,2021-09-10,278267,278.27,2,False,0.545,0.674,0,-8.489,1,0.0374,0.192,0.00103,0.131,0.314,115.051,4
7pIp6M6lMhtOwI8sQRDMet,Afterending,11,1,2uH0RyPcX7fnCcT90HFDQX,Manic Street Preachers,0DKpbNqHU9FDvs6YlQxlwZ,The Ultra Vivid Lament,album,2021-09-10,232147,232.15,2,False,0.533,0.717,4,-6.512,1,0.033,0.0593,7.4e-05,0.309,0.593,88.014,4
1sVUE6DzGA7WU5rI2x4Dvc,Quest for Ancient Colour,4,1,2uH0RyPcX7fnCcT90HFDQX,Manic Street Preachers,0DKpbNqHU9FDvs6YlQxlwZ,The Ultra Vivid Lament,album,2021-09-10,248333,248.33,1,False,0.396,0.735,4,-5.916,1,0.0363,0.142,0.00219,0.345,0.405,129.343,4
01yTPlLri8xCPUd6QXb13Y,Happy Bored Alone,10,1,2uH0RyPcX7fnCcT90HFDQX,Manic Street Preachers,0DKpbNqHU9FDvs6YlQxlwZ,The Ultra Vivid Lament,album,2021-09-10,189760,189.76,1,False,0.606,0.792,9,-5.722,1,0.0296,0.0654,0.000724,0.224,0.494,117.027,4
3LbPketmpsepuhmsVDGsvX,All Alone Here - B-Side,6,2,2uH0RyPcX7fnCcT90HFDQX,Manic Street Preachers,4TFO0RX3VGM2pdXyjjcAUW,Lifeblood 20,album,2024-04-12,200537,200.54,16,False,0.535,0.945,1,-3.707,0,0.0335,0.00301,0.00103,0.251,0.627,117.359,4
1YyNDBsu562DOOkbxZQDPd,Askew Road - B-Side,1,2,2uH0RyPcX7fnCcT90HFDQX,Manic Street Preachers,4TFO0RX3VGM2pdXyjjcAUW,Lifeblood 20,album,2024-04-12,178918,178.92,15,False,0.338,0.479,2,-8.631,1,0.0347,0.453,0.0032,0.11,0.197,84.679,3
5oJhcclm8RTJbJf3YeOy7o,Everything Will Be - B-Side,2,2,2uH0RyPcX7fnCcT90HFDQX,Manic Street Preachers,4TFO0RX3VGM2pdXyjjcAUW,Lifeblood 20,album,2024-04-12,310591,310.59,15,False,0.526,0.77,11,-4.282,0,0.0349,0.00638,0.026,0.136,0.332,146.004,4
7L6IuEJM0jJXb4j3gPFsbZ,The Soulmates - B-Side,12,2,2uH0RyPcX7fnCcT90HFDQX,Manic Street Preachers,4TFO0RX3VGM2pdXyjjcAUW,Lifeblood 20,album,2024-04-12,225636,225.64,15,False,0.397,0.963,4,-1.24,1,0.059,0.0187,0.578,0.105,0.288,137.093,4
1gvJDSSHA4vXvf8F88vEYn,Litany - B-Side,8,2,2uH0RyPcX7fnCcT90HFDQX,Manic Street Preachers,4TFO0RX3VGM2pdXyjjcAUW,Lifeblood 20,album,2024-04-12,213463,213.46,14,False,0.553,0.925,1,-4.255,0,0.0453,0.000349,0.0252,0.311,0.522,112.966,4
3KT4zSSVgbYX1ZBJs9Hk5B,Everyone Knows / Nobody Cares - B-Side,3,2,2uH0RyPcX7fnCcT90HFDQX,Manic Street Preachers,4TFO0RX3VGM2pdXyjjcAUW,Lifeblood 20,album,2024-04-12,253207,253.21,13,False,0.547,0.907,1,-3.045,0,0.0348,0.0374,0.00672,0.234,0.47,121.972,4
5GtvgS97DUoyBXIQ6axTlm,Quarantine (In My Place Of) - B-Side,5,2,2uH0RyPcX7fnCcT90HFDQX,Manic Street Preachers,4TFO0RX3VGM2pdXyjjcAUW,Lifeblood 20,album,2024-04-12,229175,229.18,13,False,0.487,0.894,5,-2.85,1,0.0422,0.00177,7.83e-05,0.156,0.415,122.232,4
6ZY8Lv6x0381fkzSIALuhV,Voodoo Polaroids - B-Side,4,2,2uH0RyPcX7fnCcT90HFDQX,Manic Street Preachers,4TFO0RX3VGM2pdXyjjcAUW,Lifeblood 20,album,2024-04-12,236375,236.38,12,False,0.42,0.929,9,-3.311,1,0.035,0.000842,0.77,0.176,0.563,167.949,4
6P8pvR99j5aQ7NsgnPbZmj,Dying Breeds - B-Side,7,2,2uH0RyPcX7fnCcT90HFDQX,Manic Street Preachers,4TFO0RX3VGM2pdXyjjcAUW,Lifeblood 20,album,2024-04-12,246869,246.87,11,False,0.487,0.977,0,-2.851,1,0.047,0.00354,0.632,0.097,0.532,143.995,4
7F6QGsrYUDaxhIKIzMgpfu,Failure Bound - B-Side,9,2,2uH0RyPcX7fnCcT90HFDQX,Manic Street Preachers,4TFO0RX3VGM2pdXyjjcAUW,Lifeblood 20,album,2024-04-12,178124,178.12,9,False,0.156,0.919,10,-4.496,1,0.236,0.00567,0.157,0.0942,0.602,159.204,3
3YjyNrvyj503WEACFEL7qj,No Jubilees - B-Side,10,2,2uH0RyPcX7fnCcT90HFDQX,Manic Street Preachers,4TFO0RX3VGM2pdXyjjcAUW,Lifeblood 20,album,2024-04-12,227804,227.8,9,False,0.515,0.925,10,-4.064,1,0.0378,0.0164,0.000197,0.158,0.761,110.042,4
1pJ06PMmjdb50IbjAfwtJj,Antarctic - B-Side,11,2,2uH0RyPcX7fnCcT90HFDQX,Manic Street Preachers,4TFO0RX3VGM2pdXyjjcAUW,Lifeblood 20,album,2024-04-12,186305,186.3,9,False,0.415,0.921,0,-3.586,1,0.0516,0.142,0.0157,0.203,0.584,104.979,4
0XOZmsuI4JL6KK63RquX9M,My Brave Friend,8,1,2uH0RyPcX7fnCcT90HFDQX,Manic Street Preachers,0uQf3c9vjUn2HDfgc5gbPR,Critical Thinking,album,2025-02-14,203676,203.68,46,False,0.612,0.816,2,-5.315,1,0.0287,0.00242,0.0,0.253,0.632,106.99,4
0Cxfp9zhoJAUpzxzvUPiuL,Critical Thinking,1,1,2uH0RyPcX7fnCcT90HFDQX,Manic Street Preachers,0uQf3c9vjUn2HDfgc5gbPR,Critical Thinking,album,2025-02-14,181147,181.15,45,True,0.672,0.812,1,-5.89,0,0.0598,0.00145,2.97e-06,0.0751,0.472,115.995,4
35gP2erBk1fBOhs7BsY2UU,Decline & Fall,2,1,2uH0RyPcX7fnCcT90HFDQX,Manic Street Preachers,0uQf3c9vjUn2HDfgc5gbPR,Critical Thinking,album,2025-02-14,225939,225.94,45,False,0.507,0.958,2,-4.09,1,0.0492,0.00034,0.000969,0.075,0.71,141.972,4
45KdvdyYm6pFNQOyepVUjS,People Ruin Paintings,5,1,2uH0RyPcX7fnCcT90HFDQX,Manic Street Preachers,0uQf3c9vjUn2HDfgc5gbPR,Critical Thinking,album,2025-02-14,262806,262.81,45,False,0.627,0.899,4,-5.534,0,0.0619,0.00182,2.51e-05,0.301,0.574,132.049,4
66qncZVw1lvr4fuqOoJHfc,Brushstrokes of Reunion,3,1,2uH0RyPcX7fnCcT90HFDQX,Manic Street Preachers,0uQf3c9vjUn2HDfgc5gbPR,Critical Thinking,album,2025-02-14,215380,215.38,44,False,0.399,0.948,9,-3.957,1,0.057,8.35e-06,0.00512,0.231,0.423,146.007,4
37koFecSoI44RGHbMdjeFi,Hiding in Plain Sight,4,1,2uH0RyPcX7fnCcT90HFDQX,Manic Street Preachers,0uQf3c9vjUn2HDfgc5gbPR,Critical Thinking,album,2025-02-14,214437,214.44,44,False,0.427,0.787,2,-4.787,1,0.035,8.62e-05,0.0905,0.386,0.579,133.949,4
1aqhDP3K8qzEtizjySemK3,Dear Stephen,6,1,2uH0RyPcX7fnCcT90HFDQX,Manic Street Preachers,0uQf3c9vjUn2HDfgc5gbPR,Critical Thinking,album,2025-02-14,211333,211.33,43,False,0.497,0.935,7,-4.07,1,0.0483,0.00143,0.00721,0.379,0.494,130.974,4
3BT6iSDxCymoy003NqoP4N,Being Baptised,7,1,2uH0RyPcX7fnCcT90HFDQX,Manic Street Preachers,0uQf3c9vjUn2HDfgc5gbPR,Critical Thinking,album,2025-02-14,242083,242.08,42,False,0.515,0.948,6,-3.715,1,0.0321,0.000457,0.482,0.418,0.489,135.969,4
0QvCBzVzUL7KjjXlfO8RAh,Out Of Time Revival,9,1,2uH0RyPcX7fnCcT90HFDQX,Manic Street Preachers,0uQf3c9vjUn2HDfgc5gbPR,Critical Thinking,album,2025-02-14,175625,175.62,41,False,0.63,0.892,2,-5.965,1,0.122,0.0104,0.00174,0.0934,0.354,141.015,4
5LrwYVbkG269DOhtYZmGGo,Deleted Scenes,10,1,2uH0RyPcX7fnCcT90HFDQX,Manic Street Preachers,0uQf3c9vjUn2HDfgc5gbPR,Critical Thinking,album,2025-02-14,203819,203.82,41,False,0.365,0.883,2,-4.864,1,0.0441,2.41e-05,0.435,0.157,0.389,174.043,4
1rMsv867No7HVl1DETkpOy,Late Day Peaks,11,1,2uH0RyPcX7fnCcT90HFDQX,Manic Street Preachers,0uQf3c9vjUn2HDfgc5gbPR,Critical Thinking,album,2025-02-14,194186,194.19,40,False,0.509,0.901,11,-4.435,1,0.0312,9.38e-05,0.000195,0.241,0.672,87.984,4
0rjhfpZzsbZGJGGagbc9aF,OneManMilitia,12,1,2uH0RyPcX7fnCcT90HFDQX,Manic Street Preachers,0uQf3c9vjUn2HDfgc5gbPR,Critical Thinking,album,2025-02-14,173425,173.42,40,True,0.509,0.9,11,-4.902,0,0.0939,8.42e-05,0.00366,0.134,0.726,139.928,4
65VbL7MCcvmCK65uib9aX7,125 West 3rd Street,1,1,414ztMLgMt8KAC6Ap5IZtN,Menswear,0XIpGTIgkVPL9aQEsyzmka,Nuisance,album,1995-08-16,187933,187.93,0,False,0.388,0.951,7,-3.733,1,0.0644,0.0593,0.107,0.545,0.52,98.585,4
7GAOuv3jY2kBRiVmTm2dc8,I'll Manage Somehow,2,1,414ztMLgMt8KAC6Ap5IZtN,Menswear,0XIpGTIgkVPL9aQEsyzmka,Nuisance,album,1995-08-16,155427,155.43,0,False,0.414,0.954,4,-3.525,1,0.0449,0.0462,0.156,0.354,0.697,110.268,4
3yza81qzTzpbBnm0DEN4iT,Sleeping In,3,1,414ztMLgMt8KAC6Ap5IZtN,Menswear,0XIpGTIgkVPL9aQEsyzmka,Nuisance,album,1995-08-16,282733,282.73,0,False,0.155,0.961,2,-3.223,1,0.0562,0.00108,0.00743,0.177,0.528,172.399,4
1YEg4ho6MS5X6NQNxarvqU,Little Miss Pinpoint Eyes,4,1,414ztMLgMt8KAC6Ap5IZtN,Menswear,0XIpGTIgkVPL9aQEsyzmka,Nuisance,album,1995-08-16,127000,127.0,0,False,0.52,0.931,2,-3.411,1,0.0724,0.00589,0.0,0.365,0.632,117.301,4
014Iv1iiaU5RGwqa2xiIct,Daydreamer,5,1,414ztMLgMt8KAC6Ap5IZtN,Menswear,0XIpGTIgkVPL9aQEsyzmka,Nuisance,album,1995-08-16,136573,136.57,0,False,0.659,0.733,2,-8.384,1,0.0506,0.0148,9.65e-06,0.311,0.875,110.257,4
17brsZYiFRC3N0ZcHulpMv,Hollywood Girl,6,1,414ztMLgMt8KAC6Ap5IZtN,Menswear,0XIpGTIgkVPL9aQEsyzmka,Nuisance,album,1995-08-16,138227,138.23,0,False,0.463,0.909,7,-4.534,1,0.0536,0.0128,2e-05,0.0406,0.905,91.475,4
0vR2w25LuByFRD4icwFlkX,Being Brave,7,1,414ztMLgMt8KAC6Ap5IZtN,Menswear,0XIpGTIgkVPL9aQEsyzmka,Nuisance,album,1995-08-16,242333,242.33,0,False,0.478,0.696,7,-5.209,1,0.0256,0.119,2.04e-06,0.316,0.21,91.054,4
2lY8QHjITi1hYwHsAy9bd2,Around You Again,8,1,414ztMLgMt8KAC6Ap5IZtN,Menswear,0XIpGTIgkVPL9aQEsyzmka,Nuisance,album,1995-08-16,203533,203.53,0,False,0.399,0.935,7,-3.563,1,0.0429,0.00113,0.0567,0.127,0.664,145.568,4
4CLZxdFhmjVSKzmilwojrz,The One,9,1,414ztMLgMt8KAC6Ap5IZtN,Menswear,0XIpGTIgkVPL9aQEsyzmka,Nuisance,album,1995-08-16,223640,223.64,0,False,0.377,0.865,9,-4.47,1,0.034,0.000387,0.736,0.11,0.637,156.796,4
1sAsLJCC6wSsnT4Gf4Zt9F,Stardust,10,1,414ztMLgMt8KAC6Ap5IZtN,Menswear,0XIpGTIgkVPL9aQEsyzmka,Nuisance,album,1995-08-16,173933,173.93,0,True,0.397,0.876,7,-4.327,1,0.0499,0.00022,0.000586,0.0456,0.539,143.668,4
6ctu2jgQMqYJJQaZI1nSqz,Piece of Me,11,1,414ztMLgMt8KAC6Ap5IZtN,Menswear,0XIpGTIgkVPL9aQEsyzmka,Nuisance,album,1995-08-16,184600,184.6,0,False,0.51,0.388,4,-8.954,1,0.0289,0.794,0.00704,0.244,0.151,81.059,4
00uzcL7QZxLOR7Uc13aQE5,We Love You,1,1,414ztMLgMt8KAC6Ap5IZtN,Menswear,66AXmlO5aQxKCgatjyww28,We Love You,album,1996-08-26,266066,266.07,0,False,0.57,0.742,2,-6.512,1,0.0368,0.347,0.0,0.149,0.645,124.245,4
2RhxL0sHtdHUvx4ljwwoeR,Crash,2,1,414ztMLgMt8KAC6Ap5IZtN,Menswear,66AXmlO5aQxKCgatjyww28,We Love You,album,1996-08-26,244293,244.29,0,False,0.478,0.978,0,-5.669,1,0.0809,4.8e-05,0.377,0.161,0.463,122.209,4
6YZgjTmdXbRNemJY6NXyqu,Phat Kid Music,3,1,414ztMLgMt8KAC6Ap5IZtN,Menswear,66AXmlO5aQxKCgatjyww28,We Love You,album,1996-08-26,251573,251.57,0,False,0.541,0.495,7,-9.143,1,0.0332,0.0323,0.838,0.0832,0.719,130.778,4
07yhqHDDD9kQXAQ1cLqlK1,Hanging in the Blue Sky,4,1,414ztMLgMt8KAC6Ap5IZtN,Menswear,66AXmlO5aQxKCgatjyww28,We Love You,album,1996-08-26,131693,131.69,0,False,0.272,0.61,4,-7.354,0,0.0266,0.202,0.000547,0.204,0.709,169.691,3
7KsKFw5NO6tlbkS9nnbxKX,Every Sound's a Melody,1,1,414ztMLgMt8KAC6Ap5IZtN,Menswear,1NsxdSa05kk3lnR67rRxYA,¡Hay Tiempo!,album,2020-10-20,185299,185.3,0,False,0.281,0.464,7,-7.885,1,0.0307,0.101,0.0,0.0834,0.257,171.484,4
28rY4Xkhvr8C1NbNspHt91,Wait for the Sun,2,1,414ztMLgMt8KAC6Ap5IZtN,Menswear,1NsxdSa05kk3lnR67rRxYA,¡Hay Tiempo!,album,2020-10-20,203102,203.1,0,False,0.177,0.805,7,-6.114,1,0.045,4.42e-06,6.54e-05,0.213,0.415,171.13,4
70oXaUA5C2OOiwnyJAWU60,Silver Tongue,3,1,414ztMLgMt8KAC6Ap5IZtN,Menswear,1NsxdSa05kk3lnR67rRxYA,¡Hay Tiempo!,album,2020-10-20,230787,230.79,0,False,0.484,0.756,4,-5.773,1,0.033,0.0211,0.00335,0.304,0.481,124.122,4
6LgMGE6S6s6db0LDVCjzkc,Lower Loveday,4,1,414ztMLgMt8KAC6Ap5IZtN,Menswear,1NsxdSa05kk3lnR67rRxYA,¡Hay Tiempo!,album,2020-10-20,319199,319.2,0,False,0.222,0.714,7,-7.187,1,0.0502,0.0608,0.277,0.351,0.187,122.576,4
3MwpSAdJAFVN2WpQh2bEyE,Shine,5,1,414ztMLgMt8KAC6Ap5IZtN,Menswear,1NsxdSa05kk3lnR67rRxYA,¡Hay Tiempo!,album,2020-10-20,322853,322.85,0,False,0.2,0.553,7,-5.551,1,0.0407,0.0094,0.375,0.151,0.319,148.676,4
4fkBTxwLWeGxwsvoh64q1v,Coming Home,6,1,414ztMLgMt8KAC6Ap5IZtN,Menswear,1NsxdSa05kk3lnR67rRxYA,¡Hay Tiempo!,album,2020-10-20,312789,312.79,0,False,0.34,0.529,5,-6.209,1,0.0285,0.0892,0.00348,0.237,0.263,154.474,3
4Wv8k8m1eUwBw0xCkBIe0v,I'll Sing for You,7,1,414ztMLgMt8KAC6Ap5IZtN,Menswear,1NsxdSa05kk3lnR67rRxYA,¡Hay Tiempo!,album,2020-10-20,207986,207.99,0,False,0.418,0.492,2,-8.436,1,0.0286,0.208,0.00342,0.183,0.428,115.333,4
5szZ1qrAHUvUwgkKCRf8iI,Inside the Dream,8,1,414ztMLgMt8KAC6Ap5IZtN,Menswear,1NsxdSa05kk3lnR67rRxYA,¡Hay Tiempo!,album,2020-10-20,192852,192.85,0,False,0.379,0.656,4,-8.179,1,0.035,0.0195,0.00203,0.26,0.28,75.785,4
3x7EPbxzwIUbQe7K7DV5CJ,Holding Tight,9,1,414ztMLgMt8KAC6Ap5IZtN,Menswear,1NsxdSa05kk3lnR67rRxYA,¡Hay Tiempo!,album,2020-10-20,144523,144.52,0,False,0.439,0.882,4,-4.858,1,0.0444,0.21,0.0479,0.509,0.525,128.332,4
4jH7MDHhWLYVQ4uSRLcjo4,Tomorrow,10,1,414ztMLgMt8KAC6Ap5IZtN,Menswear,1NsxdSa05kk3lnR67rRxYA,¡Hay Tiempo!,album,2020-10-20,239466,239.47,0,False,0.409,0.23,11,-10.236,1,0.0278,0.641,6.34e-06,0.201,0.326,75.804,4
0o5qT5LIismH9fvkS3u33i,Can't Smile Without You,4,1,414ztMLgMt8KAC6Ap5IZtN,Menswear,2IoiZcNyIv4IKaGK33FYs4,Rarities: 1994 - 1998,album,2020-10-23,238712,238.71,6,False,0.399,0.607,11,-6.784,0,0.0333,0.326,0.00212,0.509,0.444,112.858,4
3qVpmRmSrbGbo2SRpYciS6,Why I Love Her - ¡Hay Tiempo! Sessions,11,1,414ztMLgMt8KAC6Ap5IZtN,Menswear,2IoiZcNyIv4IKaGK33FYs4,Rarities: 1994 - 1998,album,2020-10-23,212002,212.0,1,False,0.424,0.95,0,-6.006,1,0.0444,0.00091,3.71e-05,0.364,0.559,129.456,4
3ZpoRSKAemkzWkEKXL6DhA,She Makes Him - ¡Hay Tiempo! Sessions,16,1,414ztMLgMt8KAC6Ap5IZtN,Menswear,2IoiZcNyIv4IKaGK33FYs4,Rarities: 1994 - 1998,album,2020-10-23,209980,209.98,1,False,0.257,0.581,5,-5.645,1,0.0369,0.0117,5.8e-06,0.163,0.362,124.747,4
5iSQ2EV1R1Z68XB3QjuSQ7,Weekday People - ¡Hay Tiempo! Sessions,17,1,414ztMLgMt8KAC6Ap5IZtN,Menswear,2IoiZcNyIv4IKaGK33FYs4,Rarities: 1994 - 1998,album,2020-10-23,232560,232.56,1,False,0.488,0.7,7,-5.075,1,0.033,0.0996,0.00355,0.247,0.664,121.403,4
16xMj03XfQIxd89JkBW6FQ,Valium - ¡Hay Tiempo! Sessions,19,1,414ztMLgMt8KAC6Ap5IZtN,Menswear,2IoiZcNyIv4IKaGK33FYs4,Rarities: 1994 - 1998,album,2020-10-23,236933,236.93,1,False,0.2,0.861,4,-5.8,1,0.0561,0.0022,0.177,0.278,0.378,181.394,4
7KgP9wES7PuRjHLcY3eslO,People I'm Hooch,6,1,414ztMLgMt8KAC6Ap5IZtN,Menswear,2IoiZcNyIv4IKaGK33FYs4,Rarities: 1994 - 1998,album,2020-10-23,190198,190.2,0,False,0.374,0.889,7,-4.985,1,0.0543,0.0107,0.00188,0.0749,0.396,78.693,4
0BcLBdrOKnslZST8xncutX,Start a Fire - ¡Hay Tiempo! Sessions,10,1,414ztMLgMt8KAC6Ap5IZtN,Menswear,2IoiZcNyIv4IKaGK33FYs4,Rarities: 1994 - 1998,album,2020-10-23,153619,153.62,0,False,0.407,0.836,9,-5.146,1,0.0474,0.0385,0.0,0.209,0.745,122.632,4
30zEgej6dpmPaLffyL5TKR,Coming Back for More - ¡Hay Tiempo! Sessions,12,1,414ztMLgMt8KAC6Ap5IZtN,Menswear,2IoiZcNyIv4IKaGK33FYs4,Rarities: 1994 - 1998,album,2020-10-23,186912,186.91,0,False,0.429,0.803,4,-6.186,0,0.0362,0.0042,0.0,0.113,0.695,121.777,4
2OkWy0lyrdZlA2VUshJlgG,Is This the Way? - ¡Hay Tiempo! Sessions,13,1,414ztMLgMt8KAC6Ap5IZtN,Menswear,2IoiZcNyIv4IKaGK33FYs4,Rarities: 1994 - 1998,album,2020-10-23,159294,159.29,0,False,0.568,0.422,0,-6.224,1,0.0259,0.663,0.0,0.0757,0.238,90.842,3
3CRisRi2xs10aBRb1mnB5J,Something for Nothing - ¡Hay Tiempo! Sessions,14,1,414ztMLgMt8KAC6Ap5IZtN,Menswear,2IoiZcNyIv4IKaGK33FYs4,Rarities: 1994 - 1998,album,2020-10-23,185487,185.49,0,False,0.266,0.9,9,-5.595,0,0.0555,0.0146,0.0028,0.117,0.516,190.509,4
1Y5nmXdj2U364u8ex1DpDc,You're Not Alone - ¡Hay Tiempo! Sessions,15,1,414ztMLgMt8KAC6Ap5IZtN,Menswear,2IoiZcNyIv4IKaGK33FYs4,Rarities: 1994 - 1998,album,2020-10-23,200047,200.05,0,False,0.16,0.795,7,-6.268,1,0.046,5.73e-05,0.156,0.112,0.451,181.461,4
5KIFCFgcJuSqW0txwr2gAs,Pick Me Up On Your Way Down - ¡Hay Tiempo! Sessions,18,1,414ztMLgMt8KAC6Ap5IZtN,Menswear,2IoiZcNyIv4IKaGK33FYs4,Rarities: 1994 - 1998,album,2020-10-23,207797,207.8,0,False,0.497,0.594,2,-5.133,1,0.0243,0.142,0.00571,0.113,0.459,78.92,4
46XAD1qS8iGwuE2HIW2NhP,Make a Start - ¡Hay Tiempo! Sessions,20,1,414ztMLgMt8KAC6Ap5IZtN,Menswear,2IoiZcNyIv4IKaGK33FYs4,Rarities: 1994 - 1998,album,2020-10-23,229691,229.69,0,False,0.418,0.908,9,-4.958,1,0.0569,0.0607,0.000187,0.345,0.471,125.246,4
3dKxt31V2r7KSaSPdOdLWy,Rock 'N' Roll Star,1,1,2DaxqgrOhkeH0fpeiQq2f4,Oasis,09zP5spLPV7pQRqmlqDYTR,Definitely Maybe,album,1994,322973,322.97,0,False,0.319,0.974,4,-4.337,1,0.0749,0.000806,5.17e-05,0.749,0.476,138.132,4
4yEdC88ck5sij3ldJgi37l,Shakermaker,2,1,2DaxqgrOhkeH0fpeiQq2f4,Oasis,09zP5spLPV7pQRqmlqDYTR,Definitely Maybe,album,1994,308453,308.45,0,False,0.316,0.909,4,-5.769,1,0.0531,0.00619,0.108,0.694,0.193,96.316,4
0PQj3GPHKb0MB9GdLKFKFS,Live Forever,3,1,2DaxqgrOhkeH0fpeiQq2f4,Oasis,09zP5spLPV7pQRqmlqDYTR,Definitely Maybe,album,1994,276893,276.89,0,False,0.279,0.77,9,-5.365,0,0.0334,1.37e-05,9.21e-06,0.377,0.215,91.438,4
2R8xuflBnHJCsA6geHT0PO,Up In The Sky,4,1,2DaxqgrOhkeH0fpeiQq2f4,Oasis,09zP5spLPV7pQRqmlqDYTR,Definitely Maybe,album,1994,268733,268.73,0,False,0.31,0.908,0,-5.236,1,0.0382,3.79e-05,0.00615,0.409,0.378,140.875,4
0NfKnIWgB8AsPIKF9QMzha,Columbia,5,1,2DaxqgrOhkeH0fpeiQq2f4,Oasis,09zP5spLPV7pQRqmlqDYTR,Definitely Maybe,album,1994,377053,377.05,0,False,0.326,0.862,7,-4.272,1,0.0493,1.97e-06,0.722,0.367,0.0435,100.109,4
7nRb6KTjrjuUAb9KQR4KIF,Supersonic,6,1,2DaxqgrOhkeH0fpeiQq2f4,Oasis,09zP5spLPV7pQRqmlqDYTR,Definitely Maybe,album,1994,275160,275.16,0,False,0.385,0.925,9,-2.891,1,0.038,4.37e-05,0.00477,0.0823,0.612,103.949,4
5E0JPr1Z7BvY4z7bDmrRQe,Bring It On Down,7,1,2DaxqgrOhkeH0fpeiQq2f4,Oasis,09zP5spLPV7pQRqmlqDYTR,Definitely Maybe,album,1994,257827,257.83,0,False,0.141,0.956,9,-3.242,1,0.0913,1.11e-05,0.799,0.398,0.206,150.485,4
2fWB7gPd1zVQSZAQClUjFM,Cigarettes & Alcohol,8,1,2DaxqgrOhkeH0fpeiQq2f4,Oasis,09zP5spLPV7pQRqmlqDYTR,Definitely Maybe,album,1994,288093,288.09,0,False,0.296,0.826,2,-2.36,1,0.0497,5.47e-05,0.0694,0.166,0.524,114.642,4
5wqbYtk1EBwAZKuuZnMKlF,Digsy's Dinner,9,1,2DaxqgrOhkeH0fpeiQq2f4,Oasis,09zP5spLPV7pQRqmlqDYTR,Definitely Maybe,album,1994,152293,152.29,0,False,0.326,0.977,2,-4.937,1,0.108,5.07e-05,0.776,0.0743,0.0948,139.456,4
2qJajJipc1tcXyCzCc6a4x,Slide Away,10,1,2DaxqgrOhkeH0fpeiQq2f4,Oasis,09zP5spLPV7pQRqmlqDYTR,Definitely Maybe,album,1994,392467,392.47,0,False,0.0779,0.956,5,-3.312,0,0.139,0.000903,8.15e-05,0.272,0.261,192.168,4
12ZIA1XIlFxwMptsCrhFYE,Married With Children,11,1,2DaxqgrOhkeH0fpeiQq2f4,Oasis,09zP5spLPV7pQRqmlqDYTR,Definitely Maybe,album,1994,195027,195.03,0,False,0.581,0.416,4,-11.546,1,0.0275,0.79,0.0,0.0813,0.285,87.275,4
3ixTiPABjqkBKPocxq6oIe,Don't Look Back In Anger,4,1,2DaxqgrOhkeH0fpeiQq2f4,Oasis,0PTVq4kaAAuROnfvfA7bHG,(What's The Story) Morning Glory?,album,1995,287000,287.0,6,False,0.35,0.92,0,-3.65,1,0.07,0.03,0.0,0.1,0.21,164.04,4
79RUMZfMNMpqZnswovvTqv,Wonderwall,3,1,2DaxqgrOhkeH0fpeiQq2f4,Oasis,0PTVq4kaAAuROnfvfA7bHG,(What's The Story) Morning Glory?,album,1995,259000,259.0,2,False,0.41,0.85,2,-5.61,1,0.04,0.0,0.0,0.13,0.46,174.58,4
2UjLzxf4oYjHOVOBoVojlL,Champagne Supernova,12,1,2DaxqgrOhkeH0fpeiQq2f4,Oasis,0PTVq4kaAAuROnfvfA7bHG,(What's The Story) Morning Glory?,album,1995,449000,449.0,1,False,0.3,0.85,2,-2.26,1,0.04,0.22,0.0,0.36,0.12,150.38,4
08nqNn2aPDjIEHeiMZ39hH,Hello,1,1,2DaxqgrOhkeH0fpeiQq2f4,Oasis,0PTVq4kaAAuROnfvfA7bHG,(What's The Story) Morning Glory?,album,1995,203000,203.0,0,False,0.32,0.95,9,-3.23,0,0.09,0.01,0.02,0.17,0.05,132.19,4
3Byhgg2myPVhAHa60Oh4xM,Roll With It,2,1,2DaxqgrOhkeH0fpeiQq2f4,Oasis,0PTVq4kaAAuROnfvfA7bHG,(What's The Story) Morning Glory?,album,1995,239000,239.0,0,False,0.25,0.99,9,-3.76,0,0.13,0.0,0.0,0.31,0.19,126.56,4
570GxciWuCiaGX6Yn6srNT,Hey Now,5,1,2DaxqgrOhkeH0fpeiQq2f4,Oasis,0PTVq4kaAAuROnfvfA7bHG,(What's The Story) Morning Glory?,album,1995,341000,341.0,0,False,0.15,0.94,2,-2.49,1,0.06,0.0,0.0,0.38,0.2,202.4,4
6FBpIPlWYCQyXiJsmIDTOV,Some Might Say,7,1,2DaxqgrOhkeH0fpeiQq2f4,Oasis,0PTVq4kaAAuROnfvfA7bHG,(What's The Story) Morning Glory?,album,1995,327000,327.0,0,False,0.27,0.9,0,-8.68,0,0.08,0.14,0.24,0.31,0.1,110.34,4
5idxI74LP1QrwcMEzw4hkP,Cast No Shadow,8,1,2DaxqgrOhkeH0fpeiQq2f4,Oasis,0PTVq4kaAAuROnfvfA7bHG,(What's The Story) Morning Glory?,album,1995,291600,291.6,0,False,0.442,0.792,7,-5.225,1,0.0297,0.00246,0.0,0.179,0.537,159.954,4
3n2ujlr3mCscnFFpepXAIy,She's Electric,9,1,2DaxqgrOhkeH0fpeiQq2f4,Oasis,0PTVq4kaAAuROnfvfA7bHG,(What's The Story) Morning Glory?,album,1995,220000,220.0,0,False,0.48,0.91,9,-3.5,1,0.05,0.16,0.0,0.32,0.5,125.36,4
05KqIX6uLMfirw5KkjRNTO,Morning Glory,10,1,2DaxqgrOhkeH0fpeiQq2f4,Oasis,0PTVq4kaAAuROnfvfA7bHG,(What's The Story) Morning Glory?,album,1995,303000,303.0,0,False,0.33,0.99,2,-1.66,0,0.09,0.01,0.0,0.47,0.14,137.03,4
54wiqHqjmNj36dGk3elxN0,The Swamp Song,6,1,2DaxqgrOhkeH0fpeiQq2f4,Oasis,1FB977nQEiAr8jel6O2Zn3,(What's The Story) Morning Glory,album,1995-10-02,44000,44.0,0,False,0.29,0.68,10,-5.71,1,0.05,0.0,0.88,0.27,0.15,143.02,4
0zxHSBTEKdH8CI3auJ7Jyc,Stand By Me,4,1,2DaxqgrOhkeH0fpeiQq2f4,Oasis,021D07OEcg0c4tUCilc7ah,Be Here Now,album,1997,355000,355.0,55,False,0.23,0.85,7,-2.63,1,0.04,0.01,0.0,0.15,0.36,169.88,4
5d3GTM2ynSLRHgDIdKVZ6Z,Don't Go Away,8,1,2DaxqgrOhkeH0fpeiQq2f4,Oasis,021D07OEcg0c4tUCilc7ah,Be Here Now,album,1997,288000,288.0,48,False,0.43,0.84,0,-4.38,1,0.04,0.05,0.0,0.08,0.18,81.09,4
0zi2KtA58cFVruffc35lHT,D'You Know What I Mean?,1,1,2DaxqgrOhkeH0fpeiQq2f4,Oasis,021D07OEcg0c4tUCilc7ah,Be Here Now,album,1997,463000,463.0,40,False,0.32,0.88,4,-3.19,1,0.04,0.0,0.0,0.11,0.27,80.01,4
7Ahfgm00h6Vbo3Z1bRbXcI,All Around The World,10,1,2DaxqgrOhkeH0fpeiQq2f4,Oasis,021D07OEcg0c4tUCilc7ah,Be Here Now,album,1997,559000,559.0,40,False,0.37,0.85,2,-3.43,1,0.04,0.01,0.0,0.39,0.41,81.99,4
3FsbnzT1WGdKNemelAbbuX,"I Hope, I Think, I Know",5,1,2DaxqgrOhkeH0fpeiQq2f4,Oasis,021D07OEcg0c4tUCilc7ah,Be Here Now,album,1997,262467,262.47,39,False,0.357,0.975,2,-2.305,1,0.0594,0.000471,0.00559,0.446,0.199,137.067,4
2hfblyLmXeUipmwcMYRhy1,The Girl In The Dirty Shirt,6,1,2DaxqgrOhkeH0fpeiQq2f4,Oasis,021D07OEcg0c4tUCilc7ah,Be Here Now,album,1997,349000,349.0,37,False,0.39,0.9,7,-3.13,1,0.03,0.15,0.0,0.1,0.39,166.16,4
6l9XHrJLlgMfYFWakmESJi,My Big Mouth,2,1,2DaxqgrOhkeH0fpeiQq2f4,Oasis,021D07OEcg0c4tUCilc7ah,Be Here Now,album,1997,302640,302.64,36,False,0.367,0.988,5,-1.077,1,0.0701,0.00373,6.93e-06,0.0462,0.327,135.042,4
4qZMdbomTBFEUxmeCP7A9l,Be Here Now,9,1,2DaxqgrOhkeH0fpeiQq2f4,Oasis,021D07OEcg0c4tUCilc7ah,Be Here Now,album,1997,312000,312.0,35,False,0.48,0.92,9,-2.26,1,0.04,0.01,0.44,0.53,0.33,112.07,4
4vJq4bW0mSk8lUAkfvM3iG,It's Gettin' Better (Man!!),11,1,2DaxqgrOhkeH0fpeiQq2f4,Oasis,021D07OEcg0c4tUCilc7ah,Be Here Now,album,1997,420000,420.0,34,False,0.376,0.921,2,-1.719,1,0.0613,0.000203,0.166,0.437,0.152,126.1,4
6Gg9k8F3p5b30IemvjrKi9,Magic Pie,3,1,2DaxqgrOhkeH0fpeiQq2f4,Oasis,021D07OEcg0c4tUCilc7ah,Be Here Now,album,1997,439400,439.4,33,False,0.325,0.904,0,-3.041,1,0.0513,0.145,0.00247,0.385,0.266,148.305,4
4CtuQUJzscEkaxKZuZ7PiJ,Fade In-Out,7,1,2DaxqgrOhkeH0fpeiQq2f4,Oasis,021D07OEcg0c4tUCilc7ah,Be Here Now,album,1997,412000,412.0,31,False,0.4,0.74,7,-5.49,1,0.03,0.01,0.0,0.37,0.21,86.0,4
61JFplRvSKha9QgJNpXVcQ,Go Let It Out,2,1,2DaxqgrOhkeH0fpeiQq2f4,Oasis,00hodZxXjxj2OZ7WYKbLiT,Standing On The Shoulder Of Giants,album,2000,278400,278.4,12,False,0.408,0.856,2,-5.614,1,0.0334,0.0107,5.51e-05,0.514,0.619,84.196,4
4GNqKY08LDjmXemf9IbVDt,Sunday Morning Call,8,1,2DaxqgrOhkeH0fpeiQq2f4,Oasis,00hodZxXjxj2OZ7WYKbLiT,Standing On The Shoulder Of Giants,album,2000,312640,312.64,10,False,0.296,0.59,7,-5.924,1,0.0304,0.0364,0.0658,0.162,0.195,156.1,4
53K2TxjPF6pkQJMaqe52S4,Fuckin' in the Bushes,1,1,2DaxqgrOhkeH0fpeiQq2f4,Oasis,00hodZxXjxj2OZ7WYKbLiT,Standing On The Shoulder Of Giants,album,2000,198467,198.47,9,True,0.372,0.808,9,-8.629,0,0.0475,0.00128,0.0795,0.891,0.367,134.264,5
6P1Dtepq0BWIQR2wDXYVF3,Who Feels Love?,3,1,2DaxqgrOhkeH0fpeiQq2f4,Oasis,00hodZxXjxj2OZ7WYKbLiT,Standing On The Shoulder Of Giants,album,2000,344227,344.23,9,False,0.322,0.801,0,-5.722,1,0.0382,0.185,0.0428,0.245,0.324,152.96,4
3bSEFbnwfSB3Yi94em8GEm,Gas Panic!,6,1,2DaxqgrOhkeH0fpeiQq2f4,Oasis,00hodZxXjxj2OZ7WYKbLiT,Standing On The Shoulder Of Giants,album,2000,368267,368.27,9,False,0.369,0.681,5,-6.006,0,0.042,0.0123,0.00389,0.356,0.233,147.795,4
7rTuk7EqfV1meCxZQkucbM,Roll It Over,10,1,2DaxqgrOhkeH0fpeiQq2f4,Oasis,00hodZxXjxj2OZ7WYKbLiT,Standing On The Shoulder Of Giants,album,2000,391107,391.11,8,False,0.271,0.627,9,-6.367,1,0.0373,0.011,9.63e-05,0.109,0.164,131.714,4
5wQ0JTCQNenWEFHMqtWKbm,Little James,5,1,2DaxqgrOhkeH0fpeiQq2f4,Oasis,00hodZxXjxj2OZ7WYKbLiT,Standing On The Shoulder Of Giants,album,2000,255267,255.27,7,False,0.401,0.604,0,-7.009,1,0.0261,0.32,0.0381,0.275,0.141,82.026,4
1YuFGA9F6b6JYhKU0pXjRh,Put Yer Money Where Yer Mouth Is,4,1,2DaxqgrOhkeH0fpeiQq2f4,Oasis,00hodZxXjxj2OZ7WYKbLiT,Standing On The Shoulder Of Giants,album,2000,267160,267.16,6,False,0.404,0.924,8,-4.248,1,0.0546,4.25e-06,2.84e-05,0.112,0.143,124.186,4
3F7c6EpLGbEHCrAYpopm0m,Where Did It All Go Wrong?,7,1,2DaxqgrOhkeH0fpeiQq2f4,Oasis,00hodZxXjxj2OZ7WYKbLiT,Standing On The Shoulder Of Giants,album,2000,266600,266.6,6,False,0.377,0.728,4,-5.07,0,0.0321,0.041,0.0,0.114,0.432,149.845,4
39zEbv4yDluDC2taZx680u,I Can See a Liar,9,1,2DaxqgrOhkeH0fpeiQq2f4,Oasis,00hodZxXjxj2OZ7WYKbLiT,Standing On The Shoulder Of Giants,album,2000,192960,192.96,3,False,0.354,0.768,9,-5.712,0,0.0524,0.00041,0.0,0.384,0.317,128.017,4
1IlyLCN86jiMbssPCzgBnG,Acquiesce,5,1,2DaxqgrOhkeH0fpeiQq2f4,Oasis,0fxOthbrUUMNB5rr94I8U9,Familiar To Millions,album,2000,313000,313.0,0,False,0.263,0.96,4,-4.387,1,0.0898,0.00342,0.0214,0.984,0.125,105.223,4
2wCwYx1kk6aNSenKWu2tQn,Helter Skelter,14,1,2DaxqgrOhkeH0fpeiQq2f4,Oasis,0fxOthbrUUMNB5rr94I8U9,Familiar To Millions,album,2000,309907,309.91,0,False,0.117,0.944,9,-4.065,0,0.0855,0.01,0.176,0.976,0.193,91.636,4
5Rz67qqWLKmi4tZlAja89a,The Hindu Times,1,1,2DaxqgrOhkeH0fpeiQq2f4,Oasis,0cGkmAUJTHEmZwO5qyLEis,Heathen Chemistry,album,2002,231000,231.0,0,False,0.42,0.94,11,-3.25,1,0.05,0.0,0.0,0.75,0.36,113.93,4
7LpCbvQnh1x6SeSAiVp1xG,Force of Nature,2,1,2DaxqgrOhkeH0fpeiQq2f4,Oasis,0cGkmAUJTHEmZwO5qyLEis,Heathen Chemistry,album,2002,291000,291.0,0,False,0.47,0.8,11,-3.64,0,0.04,0.0,0.0,0.45,0.58,103.96,4
1PeOGXr2qgg3cr0IFceot2,Hung In a Bad Place,3,1,2DaxqgrOhkeH0fpeiQq2f4,Oasis,0cGkmAUJTHEmZwO5qyLEis,Heathen Chemistry,album,2002,208000,208.0,0,False,0.32,0.97,1,-2.54,0,0.06,0.01,0.0,0.14,0.24,127.03,4
2NhzOhdlLtBuA7T5ZmO5hG,Stop Crying Your Heart Out,4,1,2DaxqgrOhkeH0fpeiQq2f4,Oasis,0cGkmAUJTHEmZwO5qyLEis,Heathen Chemistry,album,2002,303000,303.0,0,False,0.33,0.56,2,-5.51,1,0.03,0.07,0.0,0.12,0.1,150.19,4
1wFBBRJ218jmNIlB9q9oS4,Songbird,5,1,2DaxqgrOhkeH0fpeiQq2f4,Oasis,0cGkmAUJTHEmZwO5qyLEis,Heathen Chemistry,album,2002,127000,127.0,0,False,0.49,0.56,2,-6.4,1,0.03,0.27,0.0,0.23,0.54,134.88,4
7z5nCHqqK6z94bTL7ItTlu,Little By Little,6,1,2DaxqgrOhkeH0fpeiQq2f4,Oasis,0cGkmAUJTHEmZwO5qyLEis,Heathen Chemistry,album,2002,292000,292.0,0,False,0.41,0.63,2,-5.13,1,0.03,0.03,0.0,0.11,0.14,145.94,4
0WOsnMkSRGtSsqO7XNwl0O,A Quick Peep,7,1,2DaxqgrOhkeH0fpeiQq2f4,Oasis,0cGkmAUJTHEmZwO5qyLEis,Heathen Chemistry,album,2002,77000,77.0,0,False,0.4,0.79,0,-6.34,1,0.03,0.0,0.96,0.15,0.55,191.86,3
3FAEhl7NDelHtkFNLxAH5V,(Probably) All In the Mind,8,1,2DaxqgrOhkeH0fpeiQq2f4,Oasis,0cGkmAUJTHEmZwO5qyLEis,Heathen Chemistry,album,2002,242000,242.0,0,False,0.37,0.73,7,-4.54,1,0.04,0.0,0.0,0.72,0.25,114.99,4
1BSJVQ4Q52gwUA6Y2fTgAI,She Is Love,9,1,2DaxqgrOhkeH0fpeiQq2f4,Oasis,0cGkmAUJTHEmZwO5qyLEis,Heathen Chemistry,album,2002,193000,193.0,0,False,0.47,0.67,0,-6.23,1,0.03,0.45,0.0,0.14,0.47,89.97,4
6l2qjQCx80pXCu3PkCRe4B,Born on a Different Cloud,10,1,2DaxqgrOhkeH0fpeiQq2f4,Oasis,0cGkmAUJTHEmZwO5qyLEis,Heathen Chemistry,album,2002,368000,368.0,0,False,0.38,0.7,9,-6.23,0,0.03,0.0,0.01,0.09,0.18,145.95,4
6r3bSOXTuirL6SIdu251Df,Let There Be Love,11,1,2DaxqgrOhkeH0fpeiQq2f4,Oasis,0AN2qgKYhTdPkqacoTXQim,Don't Believe The Truth,album,2005,331653,331.65,8,False,0.442,0.477,5,-4.668,1,0.0292,0.28,0.0,0.344,0.147,148.006,4
4tLq2tgqn1ozdMwt1rmcIr,The Importance of Being Idle,5,1,2DaxqgrOhkeH0fpeiQq2f4,Oasis,0AN2qgKYhTdPkqacoTXQim,Don't Believe The Truth,album,2005,219827,219.83,6,False,0.593,0.881,9,-2.113,0,0.0311,0.0514,0.0,0.106,0.588,109.902,4
7l2mOp0Xje25VwilLdqFXb,Lyla,3,1,2DaxqgrOhkeH0fpeiQq2f4,Oasis,0AN2qgKYhTdPkqacoTXQim,Don't Believe The Truth,album,2005,310440,310.44,5,False,0.399,0.949,11,-2.431,1,0.0474,0.000153,0.000127,0.141,0.269,120.948,4
26IGFgeenfHYk2nLVvavgO,Turn Up the Sun,1,1,2DaxqgrOhkeH0fpeiQq2f4,Oasis,0AN2qgKYhTdPkqacoTXQim,Don't Believe The Truth,album,2005,239240,239.24,2,False,0.383,0.871,7,-2.983,1,0.0418,0.00413,0.664,0.0913,0.11,119.804,4
55OJ3pcoBXbVgTANuCbL5F,Keep The Dream Alive,9,1,2DaxqgrOhkeH0fpeiQq2f4,Oasis,0AN2qgKYhTdPkqacoTXQim,Don't Believe The Truth,album,2005,345707,345.71,2,False,0.147,0.853,4,-2.151,1,0.064,0.043,0.000647,0.22,0.132,191.793,4
5BhubtCZQs9lwM6OJIO3dF,Mucky Fingers,2,1,2DaxqgrOhkeH0fpeiQq2f4,Oasis,0AN2qgKYhTdPkqacoTXQim,Don't Believe The Truth,album,2005,235960,235.96,1,False,0.408,0.977,9,-1.631,1,0.05,0.000396,0.0455,0.248,0.238,110.735,4
77lx00su7nLZVUrCOH3fv0,Love Like A Bomb,4,1,2DaxqgrOhkeH0fpeiQq2f4,Oasis,0AN2qgKYhTdPkqacoTXQim,Don't Believe The Truth,album,2005,172880,172.88,1,False,0.283,0.918,9,-2.471,1,0.0464,0.00869,9.87e-05,0.153,0.667,176.834,3
0YNiAnTL8YoQsbQxz45VHv,Guess God Thinks I'm Abel,7,1,2DaxqgrOhkeH0fpeiQq2f4,Oasis,0AN2qgKYhTdPkqacoTXQim,Don't Believe The Truth,album,2005,204747,204.75,1,False,0.605,0.707,6,-6.498,1,0.028,0.345,1.73e-05,0.389,0.206,103.832,4
0v6e3IbzNv6tuYaxJupAM1,Part Of The Queue,8,1,2DaxqgrOhkeH0fpeiQq2f4,Oasis,0AN2qgKYhTdPkqacoTXQim,Don't Believe The Truth,album,2005,228120,228.12,1,False,0.398,0.986,9,-2.821,0,0.0613,0.0254,0.00252,0.372,0.652,88.905,3
1hSOSPrSFTLPIC792X0xFD,The Meaning Of Soul,6,1,2DaxqgrOhkeH0fpeiQq2f4,Oasis,0AN2qgKYhTdPkqacoTXQim,Don't Believe The Truth,album,2005,102827,102.83,0,False,0.413,0.999,9,-2.857,1,0.0499,0.0438,0.008,0.587,0.354,154.927,4
6JCS3ZGbrEMDmXzPnz74zU,A Bell Will Ring,10,1,2DaxqgrOhkeH0fpeiQq2f4,Oasis,0AN2qgKYhTdPkqacoTXQim,Don't Believe The Truth,album,2005,187640,187.64,0,False,0.375,0.71,6,-2.024,1,0.0502,0.117,0.00639,0.244,0.231,114.937,4
2kfIGtU59KKoMpSuMDKDAG,Bag It Up,1,1,2DaxqgrOhkeH0fpeiQq2f4,Oasis,0eFoudCAkVrO3xkWJvAk0e,Dig Out Your Soul,album,2008,291410,291.41,0,False,0.417,0.897,7,-3.023,1,0.0379,0.000398,0.0612,0.203,0.353,90.914,4
2Y9WDziUo09SY9NI0zhls6,The Turning,2,1,2DaxqgrOhkeH0fpeiQq2f4,Oasis,0eFoudCAkVrO3xkWJvAk0e,Dig Out Your Soul,album,2008,305418,305.42,0,False,0.444,0.926,7,-3.22,1,0.0694,0.00739,0.00424,0.31,0.219,119.816,4
28CKz2ueWn8tIcalRQQwdK,Waiting For The Rapture,3,1,2DaxqgrOhkeH0fpeiQq2f4,Oasis,0eFoudCAkVrO3xkWJvAk0e,Dig Out Your Soul,album,2008,186399,186.4,0,False,0.403,0.843,0,-3.68,1,0.0493,0.00903,0.00103,0.171,0.319,169.786,4
36IPioEV4kO2ljjO1cupWX,The Shock Of The Lightning,4,1,2DaxqgrOhkeH0fpeiQq2f4,Oasis,0eFoudCAkVrO3xkWJvAk0e,Dig Out Your Soul,album,2008,305014,305.01,0,False,0.333,0.946,4,-2.407,1,0.0825,4.52e-05,0.509,0.178,0.0393,136.913,4
3znKsIYYHbrpzuMTtnm9wf,I'm Outta Time,5,1,2DaxqgrOhkeH0fpeiQq2f4,Oasis,0eFoudCAkVrO3xkWJvAk0e,Dig Out Your Soul,album,2008,252711,252.71,0,False,0.425,0.627,4,-5.456,0,0.0292,0.00102,0.0546,0.31,0.0893,77.443,4
3s1NOBKeyysOM1tpXPTKoR,(Get Off Your) High Horse Lady,6,1,2DaxqgrOhkeH0fpeiQq2f4,Oasis,0eFoudCAkVrO3xkWJvAk0e,Dig Out Your Soul,album,2008,268220,268.22,0,False,0.486,0.852,7,-5.57,1,0.0608,0.0475,0.318,0.1,0.471,78.063,4
36DEaOuL66U4u4DpR7lgj4,Falling Down,7,1,2DaxqgrOhkeH0fpeiQq2f4,Oasis,0eFoudCAkVrO3xkWJvAk0e,Dig Out Your Soul,album,2008,268729,268.73,0,False,0.442,0.962,6,-3.278,0,0.0655,0.00114,0.0871,0.317,0.201,130.978,4
75vXzp1f5OYFc0sDxTFB9Q,To Be Where There's Life,8,1,2DaxqgrOhkeH0fpeiQq2f4,Oasis,0eFoudCAkVrO3xkWJvAk0e,Dig Out Your Soul,album,2008,288358,288.36,0,False,0.482,0.854,7,-3.756,1,0.0329,0.000454,0.21,0.311,0.635,100.713,4
73IGsKq4gnSVfANY4GzO6f,Aint Got Nothin,9,1,2DaxqgrOhkeH0fpeiQq2f4,Oasis,0eFoudCAkVrO3xkWJvAk0e,Dig Out Your Soul,album,2008,144724,144.72,0,False,0.38,0.982,11,-3.849,1,0.0742,0.00225,0.00268,0.0644,0.107,112.742,3
4LScmQqsBiQsAKr4aqH88l,The Nature Of Reality,10,1,2DaxqgrOhkeH0fpeiQq2f4,Oasis,0eFoudCAkVrO3xkWJvAk0e,Dig Out Your Soul,album,2008,229551,229.55,0,False,0.19,0.839,2,-5.279,1,0.0542,0.00145,0.00768,0.185,0.0533,104.737,4
4c1YPfILOCOl9ByDBZaMtq,Soldier On,11,1,2DaxqgrOhkeH0fpeiQq2f4,Oasis,0eFoudCAkVrO3xkWJvAk0e,Dig Out Your Soul,album,2008,288493,288.49,0,False,0.414,0.753,1,-4.396,0,0.0333,0.00108,0.681,0.121,0.599,75.928,4
5NtuKLR7VhHSFbT1lkAtrw,Whatever,24,1,2DaxqgrOhkeH0fpeiQq2f4,Oasis,6L5KBi1wt0rv1rA88kS1W4,Time Flies...1994-2009,album,2010,380480,380.48,48,False,0.264,0.898,7,-2.911,1,0.0362,0.0135,0.0323,0.589,0.314,90.707,4
4nxLCMQplLSozaNlpYnCkg,Lord Don't Slow Me Down,11,1,2DaxqgrOhkeH0fpeiQq2f4,Oasis,6L5KBi1wt0rv1rA88kS1W4,Time Flies...1994-2009,album,2010,199880,199.88,22,False,0.481,0.873,6,-3.068,1,0.0384,0.00547,6.59e-05,0.116,0.46,133.156,4
2M97Aw7I48Hu3JQwdswi39,Uh Huh Oh Yeh! (Always There To Fool You!),1,1,7Lf3LOZp3U3u2f6cWMd3AH,Paul Weller,4z5IoJ7slT4W0qhZ8YXbup,Paul Weller,album,1991-10-02,194333,194.33,19,False,0.676,0.603,9,-14.311,1,0.0475,0.139,0.00334,0.129,0.487,100.939,4
0kYjJXklze12GceFq4Xb7f,Into Tomorrow,8,1,7Lf3LOZp3U3u2f6cWMd3AH,Paul Weller,4z5IoJ7slT4W0qhZ8YXbup,Paul Weller,album,1991-10-02,186840,186.84,18,False,0.604,0.84,9,-10.827,1,0.0486,0.409,0.000185,0.0823,0.448,105.438,4
6rQWiaaIIVJ3hQK9DnSEkv,Round & Round,4,1,7Lf3LOZp3U3u2f6cWMd3AH,Paul Weller,4z5IoJ7slT4W0qhZ8YXbup,Paul Weller,album,1991-10-02,265173,265.17,17,False,0.637,0.533,9,-15.292,0,0.0412,0.432,0.158,0.0857,0.541,105.04,4
1V2NbFrzcuvSGxRkQTnaOt,I Didn't Mean To Hurt You,2,1,7Lf3LOZp3U3u2f6cWMd3AH,Paul Weller,4z5IoJ7slT4W0qhZ8YXbup,Paul Weller,album,1991-10-02,206933,206.93,16,False,0.427,0.586,11,-16.176,0,0.0802,0.175,0.00027,0.1,0.845,192.991,4
3FibyndYuFLblTnWbPocgl,Bull-Rush,3,1,7Lf3LOZp3U3u2f6cWMd3AH,Paul Weller,4z5IoJ7slT4W0qhZ8YXbup,Paul Weller,album,1991-10-02,283627,283.63,16,False,0.508,0.595,9,-12.588,1,0.0598,0.36,0.00153,0.0741,0.455,97.189,4
4BUoLWlAXYlzD95uA29vSZ,Remember How We Started,5,1,7Lf3LOZp3U3u2f6cWMd3AH,Paul Weller,4z5IoJ7slT4W0qhZ8YXbup,Paul Weller,album,1991-10-02,225667,225.67,16,False,0.574,0.4,9,-17.08,1,0.048,0.207,0.0137,0.133,0.32,106.131,4
7CHMaEaRqgG7JLnLP5YFy9,Clues,7,1,7Lf3LOZp3U3u2f6cWMd3AH,Paul Weller,4z5IoJ7slT4W0qhZ8YXbup,Paul Weller,album,1991-10-02,263947,263.95,16,False,0.284,0.521,2,-12.338,1,0.0382,0.167,6.71e-06,0.176,0.246,170.894,4
30wB4QgDHxxL9aRLnnbBp5,Amongst Butterflies,9,1,7Lf3LOZp3U3u2f6cWMd3AH,Paul Weller,4z5IoJ7slT4W0qhZ8YXbup,Paul Weller,album,1991-10-02,193627,193.63,16,False,0.655,0.469,11,-13.676,0,0.0651,0.11,0.00295,0.0621,0.484,99.467,4
3VchZNVTETPH4QHbf1MioX,The Strange Museum,10,1,7Lf3LOZp3U3u2f6cWMd3AH,Paul Weller,4z5IoJ7slT4W0qhZ8YXbup,Paul Weller,album,1991-10-02,195667,195.67,15,False,0.429,0.288,3,-18.492,0,0.0641,0.85,0.0355,0.111,0.329,171.135,4
3Bg2hCiXR6U3EPg6f1RhdM,Kosmos,12,1,7Lf3LOZp3U3u2f6cWMd3AH,Paul Weller,4z5IoJ7slT4W0qhZ8YXbup,Paul Weller,album,1991-10-02,717840,717.84,15,False,0.325,0.513,7,-18.011,1,0.0986,0.00171,0.176,0.0468,0.0674,66.868,4
1vtAtehgyFcTh9wSc0EE8k,Bitterness Rising,11,1,7Lf3LOZp3U3u2f6cWMd3AH,Paul Weller,4z5IoJ7slT4W0qhZ8YXbup,Paul Weller,album,1991-10-02,231333,231.33,13,False,0.457,0.624,6,-11.814,0,0.0805,0.104,8.8e-06,0.0465,0.693,172.155,4
79Uhf1utbFuvsxbzK0sms9,Wild Wood,3,1,7Lf3LOZp3U3u2f6cWMd3AH,Paul Weller,10Yg6lPdGtqdF6nj4yTesC,Wild Wood,album,1993,202453,202.45,28,False,0.663,0.314,6,-11.389,0,0.0387,0.48,0.00402,0.16,0.534,77.273,4
1LEGtuvjcOpScn3LH6ogrL,Sunflower,1,1,7Lf3LOZp3U3u2f6cWMd3AH,Paul Weller,10Yg6lPdGtqdF6nj4yTesC,Wild Wood,album,1993,248027,248.03,25,False,0.471,0.775,6,-9.027,0,0.0291,0.0521,0.0159,0.112,0.606,105.205,4
4sthLZoAMNs8jRY6vRUTHS,All The Pictures On The Wall,5,1,7Lf3LOZp3U3u2f6cWMd3AH,Paul Weller,10Yg6lPdGtqdF6nj4yTesC,Wild Wood,album,1993,237213,237.21,23,False,0.537,0.638,4,-9.014,1,0.0356,0.205,0.00429,0.0727,0.897,171.999,4
4dZUXxYLokasdfSNhB5T3Q,Can You Heal Us (Holy Man),2,1,7Lf3LOZp3U3u2f6cWMd3AH,Paul Weller,10Yg6lPdGtqdF6nj4yTesC,Wild Wood,album,1993,220933,220.93,22,False,0.666,0.615,10,-11.04,0,0.0279,0.403,0.000354,0.0803,0.76,84.016,4
1No9FLbtdhDjuuQTbb8i1A,Has My Fire Really Gone Out?,6,1,7Lf3LOZp3U3u2f6cWMd3AH,Paul Weller,10Yg6lPdGtqdF6nj4yTesC,Wild Wood,album,1993,234693,234.69,20,False,0.278,0.658,7,-9.033,1,0.0364,0.0868,0.0228,0.171,0.672,179.035,4
4yENxtbqXMsIASxC1cBWge,Country,7,1,7Lf3LOZp3U3u2f6cWMd3AH,Paul Weller,10Yg6lPdGtqdF6nj4yTesC,Wild Wood,album,1993,218493,218.49,20,False,0.62,0.245,7,-13.016,1,0.0429,0.777,0.00478,0.398,0.396,135.752,4
4xuK7svvkJ5CnA8N52A0O0,Foot Of The Mountain,12,1,7Lf3LOZp3U3u2f6cWMd3AH,Paul Weller,10Yg6lPdGtqdF6nj4yTesC,Wild Wood,album,1993,217920,217.92,20,False,0.598,0.33,4,-9.718,0,0.0264,0.849,3.56e-06,0.306,0.743,89.541,4
3WByqbR5SvatNDCNx8tLLJ,Instrumental - Pt. 1,4,1,7Lf3LOZp3U3u2f6cWMd3AH,Paul Weller,10Yg6lPdGtqdF6nj4yTesC,Wild Wood,album,1993,97107,97.11,19,False,0.68,0.555,3,-17.01,0,0.0419,0.392,0.791,0.0989,0.981,168.152,4
30MACKRJWzzMyXF57K7sZQ,5th Season,9,1,7Lf3LOZp3U3u2f6cWMd3AH,Paul Weller,10Yg6lPdGtqdF6nj4yTesC,Wild Wood,album,1993,288773,288.77,19,False,0.536,0.677,9,-8.672,1,0.0284,0.208,0.144,0.117,0.828,94.709,4
3KVocHjYLgRyWTfDyVa7OF,The Weaver,10,1,7Lf3LOZp3U3u2f6cWMd3AH,Paul Weller,10Yg6lPdGtqdF6nj4yTesC,Wild Wood,album,1993,222053,222.05,19,False,0.602,0.699,4,-8.617,0,0.0306,0.49,4.41e-06,0.117,0.787,102.305,4
6HaMDUuXtRukMtWJDdoaEm,Hung Up,16,1,7Lf3LOZp3U3u2f6cWMd3AH,Paul Weller,10Yg6lPdGtqdF6nj4yTesC,Wild Wood,album,1993,160293,160.29,19,False,0.485,0.66,5,-8.692,1,0.0354,0.347,5.12e-05,0.121,0.598,79.939,4
0wSJYqsGKpi26GVoTxgmAt,Shadow Of The Sun,13,1,7Lf3LOZp3U3u2f6cWMd3AH,Paul Weller,10Yg6lPdGtqdF6nj4yTesC,Wild Wood,album,1993,456533,456.53,18,False,0.389,0.569,9,-9.958,1,0.0283,0.0361,0.000384,0.368,0.293,82.689,4
2dXQzZU8VrHZIR6NYub3mW,Moon On Your Pyjamas,15,1,7Lf3LOZp3U3u2f6cWMd3AH,Paul Weller,10Yg6lPdGtqdF6nj4yTesC,Wild Wood,album,1993,242733,242.73,17,False,0.527,0.265,9,-12.502,1,0.0295,0.446,0.0,0.25,0.463,96.99,4
5AwkQ2TeYSRUGAivMWuFtZ,Ends Of The Earth,19,1,7Lf3LOZp3U3u2f6cWMd3AH,Paul Weller,10Yg6lPdGtqdF6nj4yTesC,Wild Wood,album,1993,143960,143.96,15,False,0.687,0.732,6,-7.279,0,0.0569,0.26,0.000962,0.192,0.773,102.224,4
1w2PdX20DUVNPBLmAkSjo8,The Loved,22,1,7Lf3LOZp3U3u2f6cWMd3AH,Paul Weller,10Yg6lPdGtqdF6nj4yTesC,Wild Wood,album,1993,179600,179.6,15,False,0.576,0.43,6,-8.661,1,0.0351,0.802,0.000536,0.0955,0.518,86.88,4
4QOgSV879luNSFfIX3Polh,Magic Bus - Contains Medley of Bull Rush,18,1,7Lf3LOZp3U3u2f6cWMd3AH,Paul Weller,10Yg6lPdGtqdF6nj4yTesC,Wild Wood,album,1993,329040,329.04,14,False,0.311,0.853,9,-5.909,1,0.0421,0.000192,0.0596,0.0789,0.659,101.32,4
236AvzoCN1C3VFmVZ7dnwo,Another New Day,21,1,7Lf3LOZp3U3u2f6cWMd3AH,Paul Weller,10Yg6lPdGtqdF6nj4yTesC,Wild Wood,album,1993,198960,198.96,13,False,0.651,0.707,6,-11.68,1,0.0511,0.183,0.847,0.12,0.891,168.477,4
6uCOkIHzw4hTeKtc9bLNZO,I'm Only Dreaming,13,2,7Lf3LOZp3U3u2f6cWMd3AH,Paul Weller,10Yg6lPdGtqdF6nj4yTesC,Wild Wood,album,1993,173507,173.51,9,False,0.628,0.49,7,-9.872,1,0.0352,0.321,0.00262,0.107,0.451,97.756,4
4qaIOhuqSB6JrkZKDsVygw,Oh Happy Day,15,2,7Lf3LOZp3U3u2f6cWMd3AH,Paul Weller,10Yg6lPdGtqdF6nj4yTesC,Wild Wood,album,1993,208373,208.37,9,False,0.828,0.549,7,-9.531,1,0.0369,0.0651,0.657,0.147,0.95,102.271,4
2fptHxyR5SQIazmNj9cAvl,Greetings,16,2,7Lf3LOZp3U3u2f6cWMd3AH,Paul Weller,10Yg6lPdGtqdF6nj4yTesC,Wild Wood,album,1993,212400,212.4,8,False,0.397,0.587,11,-8.254,0,0.0441,0.00297,0.00296,0.173,0.296,79.172,4
4RaZ7BF9DTlSpmqphlugR5,The Changingman,1,1,7Lf3LOZp3U3u2f6cWMd3AH,Paul Weller,5gnmHEnBig8qVEPsksVJb7,Stanley Road,album,1995-01-01,242133,242.13,0,False,0.632,0.682,5,-9.57,1,0.0269,0.0998,0.0349,0.106,0.729,113.837,4
5uIfDOBO1kFGtZ0tvSE0fj,Porcelain Gods - Part One,2,1,7Lf3LOZp3U3u2f6cWMd3AH,Paul Weller,5gnmHEnBig8qVEPsksVJb7,Stanley Road,album,1995-01-01,291693,291.69,0,False,0.451,0.474,11,-12.259,0,0.0389,0.15,0.000414,0.112,0.436,173.273,4
0TNdwzQMd24OUlU1wiLKun,I Walk On Gilded Splinters,3,1,7Lf3LOZp3U3u2f6cWMd3AH,Paul Weller,5gnmHEnBig8qVEPsksVJb7,Stanley Road,album,1995-01-01,324173,324.17,0,False,0.618,0.575,0,-12.353,1,0.0489,0.0838,0.0653,0.153,0.63,89.619,4
6hKi7fbGQu9gqfgc6TTeX9,You Do Something To Me,4,1,7Lf3LOZp3U3u2f6cWMd3AH,Paul Weller,5gnmHEnBig8qVEPsksVJb7,Stanley Road,album,1995-01-01,218560,218.56,0,False,0.444,0.339,4,-13.156,0,0.0273,0.477,0.00664,0.112,0.297,72.637,4
2c2hzTm2y642D0KBWo4UOv,Woodcutter's Son,5,1,7Lf3LOZp3U3u2f6cWMd3AH,Paul Weller,5gnmHEnBig8qVEPsksVJb7,Stanley Road,album,1995-01-01,283600,283.6,0,False,0.51,0.499,7,-13.507,1,0.0389,0.045,0.108,0.103,0.73,92.074,4
2cT1tNZcoORINfbvHksMXW,Time Passes,6,1,7Lf3LOZp3U3u2f6cWMd3AH,Paul Weller,5gnmHEnBig8qVEPsksVJb7,Stanley Road,album,1995-01-01,296973,296.97,0,False,0.423,0.39,0,-14.704,1,0.0619,0.358,0.00073,0.539,0.492,73.433,4
07i1tip7JGbWZBtrfhsPXI,Stanley Road,7,1,7Lf3LOZp3U3u2f6cWMd3AH,Paul Weller,5gnmHEnBig8qVEPsksVJb7,Stanley Road,album,1995-01-01,258856,258.86,0,False,0.606,0.46,0,-11.618,1,0.0316,0.00327,0.0185,0.15,0.429,140.884,4
5s0l1SDNxf0thprYf9GHUd,Broken Stones,8,1,7Lf3LOZp3U3u2f6cWMd3AH,Paul Weller,5gnmHEnBig8qVEPsksVJb7,Stanley Road,album,1995-01-01,196867,196.87,0,False,0.913,0.292,10,-15.1,1,0.0742,0.085,0.00208,0.13,0.962,111.601,4
70yop4wYJrmfPPNylXFG2d,Out Of The Sinking,9,1,7Lf3LOZp3U3u2f6cWMd3AH,Paul Weller,5gnmHEnBig8qVEPsksVJb7,Stanley Road,album,1995-01-01,231560,231.56,0,False,0.659,0.447,6,-11.144,0,0.0282,0.199,0.0121,0.11,0.594,101.539,4
3zXg1Z3bjw5RApbEW7vY8n,Pink On White Walls,10,1,7Lf3LOZp3U3u2f6cWMd3AH,Paul Weller,5gnmHEnBig8qVEPsksVJb7,Stanley Road,album,1995-01-01,159103,159.1,0,False,0.47,0.444,7,-13.175,1,0.0392,0.26,0.0,0.15,0.54,177.928,4
41LnjzVXebI9Ro59LGRZl2,Whirlpools' End,11,1,7Lf3LOZp3U3u2f6cWMd3AH,Paul Weller,5gnmHEnBig8qVEPsksVJb7,Stanley Road,album,1995-01-01,431760,431.76,0,False,0.486,0.685,0,-10.964,1,0.0331,0.00797,0.0103,0.554,0.448,107.862,4
4DEctQVsoAveyZ795BzUCq,Wings Of Speed,12,1,7Lf3LOZp3U3u2f6cWMd3AH,Paul Weller,5gnmHEnBig8qVEPsksVJb7,Stanley Road,album,1995-01-01,193600,193.6,0,False,0.425,0.219,0,-13.217,1,0.0281,0.843,0.0,0.13,0.197,134.07,4
4uV0ocM3qgbZFTEeVWmKAY,Peacock Suit,2,1,7Lf3LOZp3U3u2f6cWMd3AH,Paul Weller,5hnJK82CRWW6QkrMV4M34t,Heavy Soul,album,1997-01-01,192333,192.33,35,False,0.601,0.834,0,-6.793,1,0.0291,0.000127,0.000166,0.353,0.97,117.275,4
5nlJlh1XFgyYqBRQDd1S2x,Friday Street,8,1,7Lf3LOZp3U3u2f6cWMd3AH,Paul Weller,5hnJK82CRWW6QkrMV4M34t,Heavy Soul,album,1997-01-01,137867,137.87,26,False,0.323,0.792,7,-5.574,1,0.0349,0.0159,5.96e-05,0.571,0.59,79.675,4
6XvUlXv8zirjcLUKXXhcJL,Heavy Soul - Part 1,1,1,7Lf3LOZp3U3u2f6cWMd3AH,Paul Weller,5hnJK82CRWW6QkrMV4M34t,Heavy Soul,album,1997-01-01,235493,235.49,23,False,0.29,0.716,9,-7.686,0,0.0351,0.00912,0.00257,0.314,0.663,152.187,4
4znSez3OpTvbJ0yBQlgtUA,Brushed,4,1,7Lf3LOZp3U3u2f6cWMd3AH,Paul Weller,5hnJK82CRWW6QkrMV4M34t,Heavy Soul,album,1997-01-01,206787,206.79,22,False,0.571,0.939,7,-4.22,1,0.0306,0.000723,0.00015,0.293,0.553,127.933,4
0dMUJ24XZXoAaDav1FtAFB,Up In Suzes' Room,3,1,7Lf3LOZp3U3u2f6cWMd3AH,Paul Weller,5hnJK82CRWW6QkrMV4M34t,Heavy Soul,album,1997-01-01,262000,262.0,20,False,0.567,0.663,6,-9.169,0,0.027,0.123,0.109,0.25,0.711,89.446,4
6GC7UItcPb8wE2RLapfo8u,Driving Nowhere,5,1,7Lf3LOZp3U3u2f6cWMd3AH,Paul Weller,5hnJK82CRWW6QkrMV4M34t,Heavy Soul,album,1997-01-01,176707,176.71,18,False,0.685,0.73,9,-8.023,0,0.0276,0.262,0.00165,0.0813,0.644,117.28,4
2DcxMIrkDY8LoVsAwVPa7s,I Should Have Been There To Inspire You,6,1,7Lf3LOZp3U3u2f6cWMd3AH,Paul Weller,5hnJK82CRWW6QkrMV4M34t,Heavy Soul,album,1997-01-01,313720,313.72,18,False,0.493,0.454,7,-9.867,1,0.0295,0.343,0.0391,0.137,0.641,133.443,4
07yc2Y5A8UmHxTkNv0UbwW,Mermaids,12,1,7Lf3LOZp3U3u2f6cWMd3AH,Paul Weller,5hnJK82CRWW6QkrMV4M34t,Heavy Soul,album,1997-01-01,182133,182.13,18,False,0.472,0.759,7,-7.147,1,0.0318,0.0437,0.577,0.249,0.659,123.893,4
2R71xIUVyMOhOZPFMpRinJ,Science,9,1,7Lf3LOZp3U3u2f6cWMd3AH,Paul Weller,5hnJK82CRWW6QkrMV4M34t,Heavy Soul,album,1997-01-01,212320,212.32,17,False,0.833,0.625,9,-7.795,1,0.0433,0.0897,0.000253,0.46,0.965,124.972,4
08pTJ7YUPQOxW9FvPhfTtN,As You Lean Into The Light,11,1,7Lf3LOZp3U3u2f6cWMd3AH,Paul Weller,5hnJK82CRWW6QkrMV4M34t,Heavy Soul,album,1997-01-01,164227,164.23,16,False,0.655,0.427,9,-11.677,0,0.0281,0.502,0.00463,0.221,0.381,136.401,4
5OdCxy4BKPYszdgCyKcR9p,Golden Sands,10,1,7Lf3LOZp3U3u2f6cWMd3AH,Paul Weller,5hnJK82CRWW6QkrMV4M34t,Heavy Soul,album,1997-01-01,174667,174.67,15,False,0.811,0.816,0,-8.086,1,0.036,0.0318,1.48e-05,0.314,0.967,120.075,4
5WuGoApgTn7Xpi29kFTJ1Q,He's The Keeper,1,1,7Lf3LOZp3U3u2f6cWMd3AH,Paul Weller,1xL4RZvd7jDAy4KgJuqPwJ,Heliocentric,album,2000-01-01,317707,317.71,0,False,0.508,0.782,9,-8.332,1,0.0285,0.0164,0.000224,0.138,0.597,77.588,4
4sITZvwJZUEJUKPx3yKACZ,Frightened,2,1,7Lf3LOZp3U3u2f6cWMd3AH,Paul Weller,1xL4RZvd7jDAy4KgJuqPwJ,Heliocentric,album,2000-01-01,236773,236.77,0,False,0.301,0.67,7,-8.321,1,0.0352,0.211,0.00328,0.153,0.413,156.115,4
5e6nwfnbQM7BHlmS0czDHT,"Sweet Pea, My Sweet Pea",3,1,7Lf3LOZp3U3u2f6cWMd3AH,Paul Weller,1xL4RZvd7jDAy4KgJuqPwJ,Heliocentric,album,2000-01-01,247267,247.27,0,False,0.482,0.703,7,-8.375,1,0.0282,0.00657,0.00236,0.0562,0.46,158.655,4
4QfOAyp4Ia56sjIof6TsMF,A Whale's Tale,4,1,7Lf3LOZp3U3u2f6cWMd3AH,Paul Weller,1xL4RZvd7jDAy4KgJuqPwJ,Heliocentric,album,2000-01-01,207240,207.24,0,False,0.546,0.782,0,-8.002,1,0.0341,0.00476,4.35e-05,0.264,0.629,132.478,4
7EGnWTG4w8TdS6wgTk34Dm,Back In The Fire,5,1,7Lf3LOZp3U3u2f6cWMd3AH,Paul Weller,1xL4RZvd7jDAy4KgJuqPwJ,Heliocentric,album,2000-01-01,300853,300.85,0,False,0.594,0.68,2,-8.039,1,0.0293,0.00472,0.000975,0.366,0.524,137.782,4
5qudKL5r9xKNm0RIS8ThDM,Dust And Rocks,6,1,7Lf3LOZp3U3u2f6cWMd3AH,Paul Weller,1xL4RZvd7jDAy4KgJuqPwJ,Heliocentric,album,2000-01-01,343267,343.27,0,False,0.463,0.45,7,-10.373,1,0.0259,0.000478,0.0176,0.17,0.487,136.421,4
67jkslpMrmhhdYmPCd4VIg,"There Is No Drinking, After You're Dead",7,1,7Lf3LOZp3U3u2f6cWMd3AH,Paul Weller,1xL4RZvd7jDAy4KgJuqPwJ,Heliocentric,album,2000-01-01,324227,324.23,0,False,0.374,0.907,6,-7.106,0,0.0322,2.17e-05,0.721,0.076,0.842,160.862,4
0eK6KyhZrtS0naQIPYPhZf,With Time And Temperance,8,1,7Lf3LOZp3U3u2f6cWMd3AH,Paul Weller,1xL4RZvd7jDAy4KgJuqPwJ,Heliocentric,album,2000-01-01,302640,302.64,0,False,0.565,0.707,2,-8.868,1,0.0298,0.144,0.0109,0.103,0.368,114.585,4
5HQWwPGmieWy7mUQ0259aI,Picking Up Sticks,9,1,7Lf3LOZp3U3u2f6cWMd3AH,Paul Weller,1xL4RZvd7jDAy4KgJuqPwJ,Heliocentric,album,2000-01-01,289760,289.76,0,False,0.445,0.814,5,-8.207,0,0.0372,0.000969,0.248,0.251,0.733,127.412,4
5RXtRlsoW3BqFUQlLsCTil,Love-Less,10,1,7Lf3LOZp3U3u2f6cWMd3AH,Paul Weller,1xL4RZvd7jDAy4KgJuqPwJ,Heliocentric,album,2000-01-01,322480,322.48,0,False,0.179,0.577,0,-8.049,0,0.0342,0.0272,0.349,0.0944,0.421,188.479,4
4yfFPrUTSlTcn5WKUh5CnD,Brand New Start,1,1,7Lf3LOZp3U3u2f6cWMd3AH,Paul Weller,02dvkzhdZI2Jn5LNYrOJQW,Days of Speed,album,2001,226067,226.07,0,False,0.551,0.444,7,-8.778,1,0.028,0.601,2.03e-05,0.978,0.441,92.48,4
10vZwMt7JBh8W3ASXctVTW,English Rose,5,1,7Lf3LOZp3U3u2f6cWMd3AH,Paul Weller,02dvkzhdZI2Jn5LNYrOJQW,Days of Speed,album,2001,164907,164.91,0,False,0.304,0.461,11,-8.232,0,0.0362,0.702,0.000414,0.724,0.179,201.097,3
6jraJ3aWTUBNWOgp5imcsS,Above The Clouds,6,1,7Lf3LOZp3U3u2f6cWMd3AH,Paul Weller,02dvkzhdZI2Jn5LNYrOJQW,Days of Speed,album,2001,225600,225.6,0,False,0.436,0.484,4,-8.044,1,0.0367,0.666,9.88e-05,0.988,0.536,175.017,4
5KJnF5yvf9C9wC6ckU9YY9,Down In The Seine,11,1,7Lf3LOZp3U3u2f6cWMd3AH,Paul Weller,02dvkzhdZI2Jn5LNYrOJQW,Days of Speed,album,2001,178773,178.77,0,False,0.272,0.561,9,-8.359,1,0.0494,0.838,6.68e-05,0.733,0.268,177.004,3
5uRWCoPprJuTRtMfbrhYSq,That's Entertainment,12,1,7Lf3LOZp3U3u2f6cWMd3AH,Paul Weller,02dvkzhdZI2Jn5LNYrOJQW,Days of Speed,album,2001,209000,209.0,0,False,0.466,0.705,9,-8.327,0,0.034,0.635,8.97e-06,0.772,0.591,139.479,4
4610UBPscnAHWqX7sh4802,Everything Has A Price To Pay,15,1,7Lf3LOZp3U3u2f6cWMd3AH,Paul Weller,02dvkzhdZI2Jn5LNYrOJQW,Days of Speed,album,2001,246227,246.23,0,False,0.409,0.554,9,-8.985,0,0.0268,0.829,0.00254,0.696,0.363,152.355,4
0HlMUOV0RFXM292itYvbse,Headstart For Happiness,17,1,7Lf3LOZp3U3u2f6cWMd3AH,Paul Weller,02dvkzhdZI2Jn5LNYrOJQW,Days of Speed,album,2001,171000,171.0,0,False,0.479,0.545,11,-5.988,0,0.0397,0.932,1.54e-06,0.679,0.315,76.398,4
1sL9ChAdl3P6LbsoWzdZeR,Town Called Malice,18,1,7Lf3LOZp3U3u2f6cWMd3AH,Paul Weller,02dvkzhdZI2Jn5LNYrOJQW,Days of Speed,album,2001,207827,207.83,0,False,0.529,0.639,11,-5.665,1,0.0286,0.842,0.0,0.88,0.263,82.397,4
7xWQpmrgeO0lvAAJdwMOtT,Going Places,1,1,7Lf3LOZp3U3u2f6cWMd3AH,Paul Weller,1OYAx9Xsaix7Fs5w0w9R8h,Illumination,album,2002,213640,213.64,0,False,0.494,0.826,2,-5.189,1,0.0268,0.00102,0.00125,0.57,0.699,110.648,4
6wACmLlwSvXJE8m0m2H9jD,A Bullet For Everyone,2,1,7Lf3LOZp3U3u2f6cWMd3AH,Paul Weller,1OYAx9Xsaix7Fs5w0w9R8h,Illumination,album,2002,250627,250.63,0,False,0.357,0.94,2,-4.11,1,0.0907,0.000711,0.00307,0.377,0.373,141.747,4
0NIv9R7tqBzW0Tfqa8aqX0,Leafy Mysteries,3,1,7Lf3LOZp3U3u2f6cWMd3AH,Paul Weller,1OYAx9Xsaix7Fs5w0w9R8h,Illumination,album,2002,186493,186.49,0,False,0.323,0.925,2,-4.565,1,0.0592,0.00429,0.000602,0.33,0.523,118.715,4
6J9t5b2YPvpSa5rsyAceLD,It's Written in the Stars,4,1,7Lf3LOZp3U3u2f6cWMd3AH,Paul Weller,1OYAx9Xsaix7Fs5w0w9R8h,Illumination,album,2002,190880,190.88,0,False,0.537,0.721,10,-4.564,1,0.0389,0.0147,0.000482,0.269,0.821,97.162,4
6dMYYEc9vKDKn6Z4mumQ5z,Who Brings Joy,5,1,7Lf3LOZp3U3u2f6cWMd3AH,Paul Weller,1OYAx9Xsaix7Fs5w0w9R8h,Illumination,album,2002,210467,210.47,0,False,0.506,0.646,9,-6.98,0,0.0262,0.711,0.00466,0.168,0.521,104.635,4
2ahboMQIhJi5gwXFL1V1K8,Now the Night Is Here,6,1,7Lf3LOZp3U3u2f6cWMd3AH,Paul Weller,1OYAx9Xsaix7Fs5w0w9R8h,Illumination,album,2002,233360,233.36,0,False,0.402,0.823,0,-5.457,1,0.0364,0.107,0.00786,0.233,0.522,76.028,4
1ZfSfLLMxKlzHjmoSieWpe,Spring (At Last),7,1,7Lf3LOZp3U3u2f6cWMd3AH,Paul Weller,1OYAx9Xsaix7Fs5w0w9R8h,Illumination,album,2002,147827,147.83,0,False,0.0963,0.543,0,-9.322,1,0.035,0.929,0.911,0.11,0.138,183.807,4
7DhsCfgoK86X4tje0InpL3,One X One,8,1,7Lf3LOZp3U3u2f6cWMd3AH,Paul Weller,1OYAx9Xsaix7Fs5w0w9R8h,Illumination,album,2002,335107,335.11,0,False,0.421,0.628,2,-7.754,1,0.0264,0.0492,0.0924,0.142,0.362,96.232,4
20pfhtmstfJ2uOvyjVUcMS,Bag Man,9,1,7Lf3LOZp3U3u2f6cWMd3AH,Paul Weller,1OYAx9Xsaix7Fs5w0w9R8h,Illumination,album,2002,201840,201.84,0,False,0.484,0.57,2,-6.756,1,0.0249,0.194,0.00551,0.141,0.432,101.363,4
480UacZvKzWh2Rm8LYVcah,All Good Books,10,1,7Lf3LOZp3U3u2f6cWMd3AH,Paul Weller,1OYAx9Xsaix7Fs5w0w9R8h,Illumination,album,2002,205173,205.17,0,False,0.652,0.628,9,-5.77,0,0.0263,0.44,0.00145,0.102,0.612,109.027,4
2ccUG1vL2lOOa9thi4A5U6,Call Me No.5,11,1,7Lf3LOZp3U3u2f6cWMd3AH,Paul Weller,1OYAx9Xsaix7Fs5w0w9R8h,Illumination,album,2002,207680,207.68,0,False,0.325,0.918,7,-3.607,0,0.0392,0.019,0.0,0.145,0.908,200.131,4
1N7IDbhQrsKL8Vf0dx6Pxd,Standing Out in the Universe,12,1,7Lf3LOZp3U3u2f6cWMd3AH,Paul Weller,1OYAx9Xsaix7Fs5w0w9R8h,Illumination,album,2002,290267,290.27,0,False,0.251,0.906,6,-4.812,0,0.0492,0.0115,2.93e-05,0.323,0.693,77.736,4
65uIItGG6ZWNNKXr47FMCu,Illumination,13,1,7Lf3LOZp3U3u2f6cWMd3AH,Paul Weller,1OYAx9Xsaix7Fs5w0w9R8h,Illumination,album,2002,215480,215.48,0,False,0.578,0.404,2,-6.453,1,0.0264,0.482,0.0082,0.234,0.33,98.908,4
4zz1TGTA5m5ixeiKK3DbhP,Horseshoe Drama,14,1,7Lf3LOZp3U3u2f6cWMd3AH,Paul Weller,1OYAx9Xsaix7Fs5w0w9R8h,Illumination,album,2002,217720,217.72,0,False,0.499,0.881,9,-4.597,0,0.0434,0.000992,0.189,0.231,0.697,101.917,4
7EXzxqFcL1Ko7AHu9OtkFW,"Push Button, Automatic",15,1,7Lf3LOZp3U3u2f6cWMd3AH,Paul Weller,1OYAx9Xsaix7Fs5w0w9R8h,Illumination,album,2002,200587,200.59,0,False,0.498,0.823,2,-4.732,1,0.045,0.0515,2.65e-05,0.198,0.714,131.97,4
32cn8hkQKCjZ31kByVSdSd,Talisman,16,1,7Lf3LOZp3U3u2f6cWMd3AH,Paul Weller,1OYAx9Xsaix7Fs5w0w9R8h,Illumination,album,2002,225000,225.0,0,False,0.506,0.911,4,-5.934,0,0.0447,0.000901,0.0135,0.218,0.53,127.576,4
60LXIoAGW5tdqQxjaVa1v7,I Shall Be Released,5,3,7Lf3LOZp3U3u2f6cWMd3AH,Paul Weller,0SoHFgEluNLgzk6m6szxLH,Fly On The Wall: B-sides & Rarities 1991 - 2001,album,2003-01-01,183173,183.17,9,False,0.707,0.461,4,-8.946,0,0.0275,0.0605,4.18e-05,0.0826,0.693,77.884,4
02V1k5rXTqkuNoZRXL8jQq,This Is No Time,9,1,7Lf3LOZp3U3u2f6cWMd3AH,Paul Weller,0SoHFgEluNLgzk6m6szxLH,Fly On The Wall: B-sides & Rarities 1991 - 2001,album,2003-01-01,238973,238.97,8,False,0.714,0.309,6,-12.375,1,0.0528,0.32,0.558,0.115,0.69,178.946,4
6Xdxw1uXa2lojI8NMH9BoQ,Ain't No Love In The Heart Of The City,8,3,7Lf3LOZp3U3u2f6cWMd3AH,Paul Weller,0SoHFgEluNLgzk6m6szxLH,Fly On The Wall: B-sides & Rarities 1991 - 2001,album,2003-01-01,195227,195.23,8,False,0.577,0.609,11,-5.882,0,0.0291,0.0493,0.000717,0.0853,0.926,78.392,4
7LVpojqnYck6SUiT3bUbaK,Ohio,2,3,7Lf3LOZp3U3u2f6cWMd3AH,Paul Weller,0SoHFgEluNLgzk6m6szxLH,Fly On The Wall: B-sides & Rarities 1991 - 2001,album,2003-01-01,215267,215.27,7,False,0.546,0.926,7,-6.804,1,0.0506,0.000353,0.0669,0.983,0.615,105.417,4
7ssOnImYuoE13rAFXHC7NN,Bang-Bang,10,3,7Lf3LOZp3U3u2f6cWMd3AH,Paul Weller,0SoHFgEluNLgzk6m6szxLH,Fly On The Wall: B-sides & Rarities 1991 - 2001,album,2003-01-01,150240,150.24,7,False,0.472,0.674,4,-6.877,0,0.0319,0.0246,0.00275,0.115,0.401,80.305,4
3qekL6T0lllTc4JhoRMppR,Instant Karma - Uncut Track,11,3,7Lf3LOZp3U3u2f6cWMd3AH,Paul Weller,0SoHFgEluNLgzk6m6szxLH,Fly On The Wall: B-sides & Rarities 1991 - 2001,album,2003-01-01,251893,251.89,7,False,0.277,0.928,9,-4.562,0,0.0978,0.000261,1.29e-06,0.0621,0.576,118.805,4
0jiONMGw3WLuKNa8m9DEAT,Fly On The Wall,5,1,7Lf3LOZp3U3u2f6cWMd3AH,Paul Weller,0SoHFgEluNLgzk6m6szxLH,Fly On The Wall: B-sides & Rarities 1991 - 2001,album,2003-01-01,194267,194.27,6,False,0.525,0.411,9,-9.162,1,0.0248,0.578,0.00905,0.0875,0.595,104.602,4
6KaWkjePVunj8OsKkVGTVs,I'd Rather Go Blind,6,3,7Lf3LOZp3U3u2f6cWMd3AH,Paul Weller,0SoHFgEluNLgzk6m6szxLH,Fly On The Wall: B-sides & Rarities 1991 - 2001,album,2003-01-01,234293,234.29,6,False,0.61,0.385,4,-9.331,1,0.0309,0.466,1.02e-05,0.297,0.571,95.292,3
0fonpJQPYLy8qlXB0jMRbM,"It's A New Day, Baby",3,2,7Lf3LOZp3U3u2f6cWMd3AH,Paul Weller,0SoHFgEluNLgzk6m6szxLH,Fly On The Wall: B-sides & Rarities 1991 - 2001,album,2003-01-01,131640,131.64,5,False,0.621,0.453,9,-9.386,1,0.0497,0.5,2.94e-06,0.0935,0.608,81.701,4
39QAv5nc6KbCLxNZuS7b8K,A Year Late,4,2,7Lf3LOZp3U3u2f6cWMd3AH,Paul Weller,0SoHFgEluNLgzk6m6szxLH,Fly On The Wall: B-sides & Rarities 1991 - 2001,album,2003-01-01,257093,257.09,5,False,0.371,0.17,4,-14.893,0,0.0444,0.826,0.00334,0.078,0.206,49.114,3
2gnXUwwqdT21pxvWfdeTUA,Shoot The Dove,6,2,7Lf3LOZp3U3u2f6cWMd3AH,Paul Weller,0SoHFgEluNLgzk6m6szxLH,Fly On The Wall: B-sides & Rarities 1991 - 2001,album,2003-01-01,199587,199.59,5,False,0.548,0.597,7,-9.769,1,0.0332,0.169,2.95e-05,0.0918,0.668,79.735,4
0J97vqWwp8eMNYgq41NCHa,Black Sheep Boy,3,3,7Lf3LOZp3U3u2f6cWMd3AH,Paul Weller,0SoHFgEluNLgzk6m6szxLH,Fly On The Wall: B-sides & Rarities 1991 - 2001,album,2003-01-01,107933,107.93,5,False,0.601,0.422,2,-11.54,1,0.0414,0.274,4.04e-05,0.209,0.82,86.396,4
3fJr3RtKn3wxFXJFnfwS81,Sexy Sadie,4,3,7Lf3LOZp3U3u2f6cWMd3AH,Paul Weller,0SoHFgEluNLgzk6m6szxLH,Fly On The Wall: B-sides & Rarities 1991 - 2001,album,2003-01-01,158360,158.36,5,False,0.576,0.431,7,-8.695,1,0.03,0.253,0.000415,0.276,0.54,78.905,4
6ZUUWYOWsVmDvpruIwV7JT,Steam,2,2,7Lf3LOZp3U3u2f6cWMd3AH,Paul Weller,0SoHFgEluNLgzk6m6szxLH,Fly On The Wall: B-sides & Rarities 1991 - 2001,album,2003-01-01,376493,376.49,4,False,0.624,0.797,4,-9.158,1,0.033,0.00141,0.834,0.541,0.806,91.543,4
7JOepeCJJaBYTalMu90NLB,Eye Of The Storm,5,2,7Lf3LOZp3U3u2f6cWMd3AH,Paul Weller,0SoHFgEluNLgzk6m6szxLH,Fly On The Wall: B-sides & Rarities 1991 - 2001,album,2003-01-01,261413,261.41,4,False,0.479,0.765,0,-11.444,1,0.0413,0.00381,0.789,0.112,0.641,165.06,4
46solrsELAMfUhR0lVJJ4z,Right Underneath It,10,2,7Lf3LOZp3U3u2f6cWMd3AH,Paul Weller,0SoHFgEluNLgzk6m6szxLH,Fly On The Wall: B-sides & Rarities 1991 - 2001,album,2003-01-01,240653,240.65,4,False,0.369,0.807,0,-5.97,1,0.0352,0.000628,9.57e-05,0.217,0.718,162.045,4
1Nrbl09lmaVgyFtuPpI1Hs,The River Bank,13,2,7Lf3LOZp3U3u2f6cWMd3AH,Paul Weller,0SoHFgEluNLgzk6m6szxLH,Fly On The Wall: B-sides & Rarities 1991 - 2001,album,2003-01-01,215533,215.53,4,False,0.508,0.45,6,-12.65,0,0.0384,0.248,0.0176,0.0785,0.631,206.233,4
000Mqx7Or66K79kTKxVFOB,Feeling Alright,1,3,7Lf3LOZp3U3u2f6cWMd3AH,Paul Weller,0SoHFgEluNLgzk6m6szxLH,Fly On The Wall: B-sides & Rarities 1991 - 2001,album,2003-01-01,239200,239.2,4,False,0.498,0.792,5,-8.011,1,0.0556,0.148,0.0129,0.121,0.455,87.29,4
3J29OkzIjdNwjJDh5LT0Tc,So You Want To Be A Dancer,8,2,7Lf3LOZp3U3u2f6cWMd3AH,Paul Weller,0SoHFgEluNLgzk6m6szxLH,Fly On The Wall: B-sides & Rarities 1991 - 2001,album,2003-01-01,353120,353.12,3,False,0.448,0.898,4,-8.219,0,0.0599,0.01,0.221,0.0579,0.491,121.108,4
0BtMKyz9noskSiQP3Flt3t,Heliocentric,11,2,7Lf3LOZp3U3u2f6cWMd3AH,Paul Weller,0SoHFgEluNLgzk6m6szxLH,Fly On The Wall: B-sides & Rarities 1991 - 2001,album,2003-01-01,326200,326.2,2,False,0.373,0.87,4,-8.047,1,0.0606,9.81e-05,0.834,0.387,0.284,170.183,4
4hPQxvu50JrSqB7O2q9lwK,Thinking Of You,10,1,7Lf3LOZp3U3u2f6cWMd3AH,Paul Weller,1RNOzdlivRAwt8p9cuAg3C,Studio 150,album,2004-01-01,229640,229.64,27,False,0.532,0.674,2,-5.779,1,0.0433,0.34,1.57e-06,0.335,0.618,99.561,4
70X0btFpFhDoAvPHl7fThM,Early Morning Rain,7,1,7Lf3LOZp3U3u2f6cWMd3AH,Paul Weller,1RNOzdlivRAwt8p9cuAg3C,Studio 150,album,2004-01-01,227640,227.64,22,False,0.425,0.41,4,-7.621,1,0.0277,0.688,2.2e-06,0.141,0.488,172.974,4
3tBuH1llI0a6EyUT1DDOoX,Come Together,6,2,7Lf3LOZp3U3u2f6cWMd3AH,Paul Weller,1RNOzdlivRAwt8p9cuAg3C,Studio 150,album,2004-01-01,219973,219.97,17,False,0.521,0.868,0,-5.921,1,0.0308,0.00177,0.000182,0.359,0.769,96.743,4
7umhVw1qWAGdoqpT5TfRvN,If I Could Only Be Sure,1,1,7Lf3LOZp3U3u2f6cWMd3AH,Paul Weller,1RNOzdlivRAwt8p9cuAg3C,Studio 150,album,2004-01-01,221200,221.2,16,False,0.758,0.634,5,-7.272,1,0.0286,0.0168,0.0123,0.156,0.732,128.574,4
4bXdrjC06tt0RBaqlGGp8D,Wishing On A Star,2,1,7Lf3LOZp3U3u2f6cWMd3AH,Paul Weller,1RNOzdlivRAwt8p9cuAg3C,Studio 150,album,2004-01-01,309093,309.09,16,False,0.652,0.43,7,-7.757,0,0.0302,0.519,0.000188,0.276,0.694,98.061,4
2jmRMHeSbszkjatNW38Tzm,Black Is The Colour,5,1,7Lf3LOZp3U3u2f6cWMd3AH,Paul Weller,1RNOzdlivRAwt8p9cuAg3C,Studio 150,album,2004-01-01,209333,209.33,14,False,0.54,0.287,1,-9.901,0,0.0304,0.78,0.000522,0.123,0.296,113.171,4
0pE5zWTSmRgi6kAcZCwLcj,Close to You,6,1,7Lf3LOZp3U3u2f6cWMd3AH,Paul Weller,1RNOzdlivRAwt8p9cuAg3C,Studio 150,album,2004-01-01,178000,178.0,14,False,0.65,0.716,0,-6.202,1,0.0256,0.658,1.94e-05,0.218,0.852,101.327,4
7aYF1JbdtjCHxoO1LjrJFA,One Way Road,8,1,7Lf3LOZp3U3u2f6cWMd3AH,Paul Weller,1RNOzdlivRAwt8p9cuAg3C,Studio 150,album,2004-01-01,199733,199.73,12,False,0.399,0.656,5,-4.955,1,0.0304,0.263,0.00186,0.208,0.431,141.048,4
5JQSohJGMmYGWCqAsyl9Bc,Don't Make Promises,3,1,7Lf3LOZp3U3u2f6cWMd3AH,Paul Weller,1RNOzdlivRAwt8p9cuAg3C,Studio 150,album,2004-01-01,199467,199.47,10,False,0.568,0.651,9,-7.475,1,0.0755,0.216,0.0576,0.0862,0.887,173.264,4
0RW6zalKuMtpzveCvo0ub0,All Along The Watchtower,11,1,7Lf3LOZp3U3u2f6cWMd3AH,Paul Weller,1RNOzdlivRAwt8p9cuAg3C,Studio 150,album,2004-01-01,354107,354.11,10,False,0.655,0.823,9,-5.523,0,0.0288,0.0242,0.0133,0.278,0.688,119.994,4
1hyaRKqxGjHCtxQBAqOv1W,The Bottle,4,1,7Lf3LOZp3U3u2f6cWMd3AH,Paul Weller,1RNOzdlivRAwt8p9cuAg3C,Studio 150,album,2004-01-01,182707,182.71,9,False,0.576,0.907,7,-4.66,1,0.043,0.0393,8.98e-06,0.213,0.942,127.723,4
13SkxUG3I7aOVo72FbCnQ1,Hercules,9,1,7Lf3LOZp3U3u2f6cWMd3AH,Paul Weller,1RNOzdlivRAwt8p9cuAg3C,Studio 150,album,2004-01-01,207800,207.8,9,False,0.499,0.929,5,-4.776,0,0.049,0.0209,0.038,0.136,0.963,175.032,4
0gijMmxG87kRbVslCYgG7W,Birds,12,1,7Lf3LOZp3U3u2f6cWMd3AH,Paul Weller,1RNOzdlivRAwt8p9cuAg3C,Studio 150,album,2004-01-01,209427,209.43,8,False,0.508,0.443,7,-7.053,1,0.0256,0.818,7.84e-06,0.11,0.259,84.596,4
1CnUMfEJN74W8mV0OraOS8,From The Floorboards Up,8,1,7Lf3LOZp3U3u2f6cWMd3AH,Paul Weller,3DsGYKdmXUYbZzQyViIXHY,As Is Now,album,2005-01-01,147160,147.16,29,False,0.477,0.969,9,-4.25,1,0.0603,0.18,0.0911,0.325,0.938,162.007,4
4i5E7m0sHVcCE6kPDHiUw7,Come On/Let's Go,3,1,7Lf3LOZp3U3u2f6cWMd3AH,Paul Weller,3DsGYKdmXUYbZzQyViIXHY,As Is Now,album,2005-01-01,196533,196.53,28,False,0.522,0.908,4,-5.033,1,0.0366,0.000878,0.00676,0.0937,0.81,147.615,4
57Ug4MxEWL6QO8MnB6mXWJ,Blink And You'll Miss It,1,1,7Lf3LOZp3U3u2f6cWMd3AH,Paul Weller,3DsGYKdmXUYbZzQyViIXHY,As Is Now,album,2005-01-01,203733,203.73,20,False,0.576,0.897,9,-4.934,0,0.0357,0.00231,5.67e-05,0.603,0.941,111.199,4
49Iu8CSy2ZxzCH8TNlMGUx,All On A Misty Morning,7,1,7Lf3LOZp3U3u2f6cWMd3AH,Paul Weller,3DsGYKdmXUYbZzQyViIXHY,As Is Now,album,2005-01-01,269573,269.57,15,False,0.492,0.484,2,-9.435,1,0.0269,0.675,0.00998,0.125,0.368,100.236,4
4mR47rU8xG2PoRIdTCtHr2,Here's The Good News,4,1,7Lf3LOZp3U3u2f6cWMd3AH,Paul Weller,3DsGYKdmXUYbZzQyViIXHY,As Is Now,album,2005-01-01,176200,176.2,14,False,0.711,0.666,11,-5.905,0,0.0289,0.697,3.2e-06,0.083,0.702,82.107,4
3f57aZ356OLNIJ0EySjE7m,The Pebble And The Boy,14,1,7Lf3LOZp3U3u2f6cWMd3AH,Paul Weller,3DsGYKdmXUYbZzQyViIXHY,As Is Now,album,2005-01-01,303333,303.33,13,False,0.304,0.214,7,-10.803,0,0.0295,0.914,0.00112,0.133,0.151,81.227,4
70c1HExiz5Dcm6qTeuFWKM,Paper Smile,2,1,7Lf3LOZp3U3u2f6cWMd3AH,Paul Weller,3DsGYKdmXUYbZzQyViIXHY,As Is Now,album,2005-01-01,185373,185.37,12,False,0.559,0.787,9,-5.364,0,0.0275,0.0523,0.000873,0.324,0.664,127.199,4
2D8rFX1YKFuQO0MQhCqJjX,To The Start Of Forever,5,1,7Lf3LOZp3U3u2f6cWMd3AH,Paul Weller,3DsGYKdmXUYbZzQyViIXHY,As Is Now,album,2005-01-01,295493,295.49,12,False,0.658,0.551,4,-9.608,0,0.0403,0.693,0.32,0.068,0.242,106.671,4
60tWkvcKtcPxsBxT7tyCuH,I Wanna Make It Alright,9,1,7Lf3LOZp3U3u2f6cWMd3AH,Paul Weller,3DsGYKdmXUYbZzQyViIXHY,As Is Now,album,2005-01-01,218493,218.49,12,False,0.736,0.415,4,-9.975,1,0.0423,0.744,0.000391,0.211,0.627,126.021,4
7t8dVio5ntrNHkTyr1WaYl,Savages,10,1,7Lf3LOZp3U3u2f6cWMd3AH,Paul Weller,3DsGYKdmXUYbZzQyViIXHY,As Is Now,album,2005-01-01,178000,178.0,12,False,0.531,0.685,9,-5.972,0,0.0271,0.292,0.000132,0.222,0.447,81.655,4
3EcViBXmbZfVfe7HzyMGUL,Bring Back The Funk (Pt 1 And 2),13,1,7Lf3LOZp3U3u2f6cWMd3AH,Paul Weller,3DsGYKdmXUYbZzQyViIXHY,As Is Now,album,2005-01-01,432693,432.69,12,False,0.632,0.919,4,-5.586,0,0.047,0.0773,0.022,0.0815,0.929,112.867,4
6RyPs63bcI55KBuep9RYqW,Roll Along Summer,12,1,7Lf3LOZp3U3u2f6cWMd3AH,Paul Weller,3DsGYKdmXUYbZzQyViIXHY,As Is Now,album,2005-01-01,219533,219.53,11,False,0.515,0.582,7,-7.836,1,0.032,0.579,0.0196,0.126,0.579,102.946,3
1cTEa7YsEejUA0ypAJFhcg,Fly Little Bird,11,1,7Lf3LOZp3U3u2f6cWMd3AH,Paul Weller,3DsGYKdmXUYbZzQyViIXHY,As Is Now,album,2005-01-01,224027,224.03,10,False,0.58,0.608,0,-5.849,1,0.0302,0.201,0.000254,0.66,0.581,138.968,4
1eVLycZlFAavZni5d4esBI,Pan,6,1,7Lf3LOZp3U3u2f6cWMd3AH,Paul Weller,3DsGYKdmXUYbZzQyViIXHY,As Is Now,album,2005-01-01,146093,146.09,9,False,0.314,0.284,9,-8.603,0,0.0309,0.876,0.0145,0.359,0.204,137.455,4
5XYyZ1ekfsszAMse2AY4Eg,Porcelain Gods / Walk On Gilded Splinters,11,1,7Lf3LOZp3U3u2f6cWMd3AH,Paul Weller,1F4VEAzMq4ksbOmX2ylwz8,Catch-Flame!,album,2006-01-01,656013,656.01,0,False,0.308,0.911,11,-4.247,0,0.0551,0.0081,0.115,0.847,0.604,91.665,4
0XRZstpcP1TdxU5mEohKP4,In The Crowd,1,2,7Lf3LOZp3U3u2f6cWMd3AH,Paul Weller,1F4VEAzMq4ksbOmX2ylwz8,Catch-Flame!,album,2006-01-01,554173,554.17,0,False,0.276,0.97,2,-3.924,1,0.16,0.000614,0.659,0.981,0.241,141.043,4
79nLLQxPoK9svul9PTeckJ,Long Hot Summer,10,2,7Lf3LOZp3U3u2f6cWMd3AH,Paul Weller,1F4VEAzMq4ksbOmX2ylwz8,Catch-Flame!,album,2006-01-01,402627,402.63,0,False,0.482,0.668,7,-7.274,1,0.0559,0.0855,0.0223,0.875,0.742,166.234,4
4SK4Aw0B7uzauDgA0pARbm,Shout To The Top,11,2,7Lf3LOZp3U3u2f6cWMd3AH,Paul Weller,1F4VEAzMq4ksbOmX2ylwz8,Catch-Flame!,album,2006-01-01,274187,274.19,0,False,0.558,0.971,4,-2.871,0,0.0553,0.033,0.27,0.715,0.866,142.186,4
2AIcP6YcU0S0pxG9RkwokQ,Light Nights,1,1,7Lf3LOZp3U3u2f6cWMd3AH,Paul Weller,0JjLpWgG58Af5MVVMIjFKa,22 Dreams,album,2008-01-01,224907,224.91,0,False,0.518,0.563,2,-6.112,1,0.0257,0.544,0.0393,0.364,0.324,132.495,3
3Gvfs9Dyl8XQzVwf4G1EwW,22 Dreams,2,1,7Lf3LOZp3U3u2f6cWMd3AH,Paul Weller,0JjLpWgG58Af5MVVMIjFKa,22 Dreams,album,2008-01-01,168187,168.19,0,False,0.306,0.993,0,-2.349,1,0.0741,0.0106,0.108,0.415,0.54,156.815,4
5RdzDHIxjVN09FttQE6EJo,All I Wanna Do (Is Be With You),3,1,7Lf3LOZp3U3u2f6cWMd3AH,Paul Weller,0JjLpWgG58Af5MVVMIjFKa,22 Dreams,album,2008-01-01,276000,276.0,0,False,0.529,0.732,9,-4.652,1,0.0272,0.0216,0.679,0.362,0.283,98.924,4
3sP9cWAkwadRQDDhZIIGsM,Have You Made Up Your Mind,4,1,7Lf3LOZp3U3u2f6cWMd3AH,Paul Weller,0JjLpWgG58Af5MVVMIjFKa,22 Dreams,album,2008-01-01,195027,195.03,0,False,0.643,0.714,11,-5.323,0,0.0343,0.072,0.0019,0.161,0.646,111.986,4
0JyOghnJP119OBOUfkuMRw,Empty Ring,5,1,7Lf3LOZp3U3u2f6cWMd3AH,Paul Weller,0JjLpWgG58Af5MVVMIjFKa,22 Dreams,album,2008-01-01,183147,183.15,0,False,0.529,0.777,7,-6.021,1,0.0272,0.149,0.0288,0.17,0.641,97.867,4
10QpFOEBjyCfPVA0i5xUa8,Invisible,6,1,7Lf3LOZp3U3u2f6cWMd3AH,Paul Weller,0JjLpWgG58Af5MVVMIjFKa,22 Dreams,album,2008-01-01,246920,246.92,0,False,0.37,0.201,9,-8.765,1,0.0407,0.892,0.00236,0.114,0.154,170.49,3
2GvWaQSK5X3m3GBbJ3IIz0,Song For Alice,7,1,7Lf3LOZp3U3u2f6cWMd3AH,Paul Weller,0JjLpWgG58Af5MVVMIjFKa,22 Dreams,album,2008-01-01,218387,218.39,0,False,0.614,0.744,8,-8.158,1,0.0306,0.174,0.949,0.165,0.708,108.976,4
5dKbeEvbMwKr6sW9MnUF0H,Cold Moments,8,1,7Lf3LOZp3U3u2f6cWMd3AH,Paul Weller,0JjLpWgG58Af5MVVMIjFKa,22 Dreams,album,2008-01-01,300040,300.04,0,False,0.684,0.728,4,-8.854,0,0.0282,0.255,0.00964,0.172,0.944,142.132,4
4X2ObrsTHPCKAJCgZPhNfJ,The Dark Pages Of September Lead To The New Leaves Of Spring,9,1,7Lf3LOZp3U3u2f6cWMd3AH,Paul Weller,0JjLpWgG58Af5MVVMIjFKa,22 Dreams,album,2008-01-01,44613,44.61,0,False,0.509,0.474,2,-6.978,1,0.033,0.166,0.978,0.175,0.571,97.604,4
1iEpRDABA6xaRQDJV2Lw4j,Black River,10,1,7Lf3LOZp3U3u2f6cWMd3AH,Paul Weller,0JjLpWgG58Af5MVVMIjFKa,22 Dreams,album,2008-01-01,227613,227.61,0,False,0.591,0.626,7,-6.947,1,0.0281,0.434,0.00796,0.115,0.567,115.228,4
3qrJy1Z7glP4Noq4fwXZQP,Why Walk When You Can Run,11,1,7Lf3LOZp3U3u2f6cWMd3AH,Paul Weller,0JjLpWgG58Af5MVVMIjFKa,22 Dreams,album,2008-01-01,253707,253.71,0,False,0.336,0.427,9,-7.297,0,0.026,0.78,0.0,0.0904,0.24,100.817,1
284f9GECM4NGRzFE2oWJkm,Push It Along,12,1,7Lf3LOZp3U3u2f6cWMd3AH,Paul Weller,0JjLpWgG58Af5MVVMIjFKa,22 Dreams,album,2008-01-01,172893,172.89,0,False,0.506,0.94,11,-4.441,1,0.0372,0.0209,0.000844,0.114,0.765,126.991,4
0775UqY5Cdwe8XVEnGi1DU,A Dream Reprise,13,1,7Lf3LOZp3U3u2f6cWMd3AH,Paul Weller,0JjLpWgG58Af5MVVMIjFKa,22 Dreams,album,2008-01-01,69400,69.4,0,False,0.352,0.977,7,-3.469,1,0.112,0.000142,0.869,0.174,0.477,158.315,4
02BItfHdD8VyxLzxu9PDFi,Echoes Round The Sun,14,1,7Lf3LOZp3U3u2f6cWMd3AH,Paul Weller,0JjLpWgG58Af5MVVMIjFKa,22 Dreams,album,2008-01-01,188693,188.69,0,False,0.337,0.984,0,-3.461,1,0.0579,0.0207,0.135,0.891,0.783,178.045,4
6TKFbNKe5QuAv09gtYsWIB,One Bright Star,15,1,7Lf3LOZp3U3u2f6cWMd3AH,Paul Weller,0JjLpWgG58Af5MVVMIjFKa,22 Dreams,album,2008-01-01,177920,177.92,0,False,0.613,0.638,5,-6.545,0,0.0274,0.239,0.838,0.204,0.717,106.931,4
7gdyUuWI0ue8SEY71H4vGU,Lullaby Fur Kinder,16,1,7Lf3LOZp3U3u2f6cWMd3AH,Paul Weller,0JjLpWgG58Af5MVVMIjFKa,22 Dreams,album,2008-01-01,143253,143.25,0,False,0.363,0.273,0,-10.291,1,0.0268,0.946,0.364,0.161,0.254,84.683,1
7qXRoC6F4W9fBkPvbMjEzd,Where'er Ye Go,17,1,7Lf3LOZp3U3u2f6cWMd3AH,Paul Weller,0JjLpWgG58Af5MVVMIjFKa,22 Dreams,album,2008-01-01,167347,167.35,0,False,0.445,0.475,4,-6.345,1,0.0265,0.946,0.0393,0.115,0.334,91.464,3
7gFN6LOPEArxFrcHGY0ZOb,111,19,1,7Lf3LOZp3U3u2f6cWMd3AH,Paul Weller,0JjLpWgG58Af5MVVMIjFKa,22 Dreams,album,2008-01-01,143627,143.63,0,False,0.222,0.367,4,-9.47,0,0.0325,0.876,0.927,0.537,0.0444,111.902,3
3EzGypwKmV4JHfpRRxw8m2,Sea Spray,20,1,7Lf3LOZp3U3u2f6cWMd3AH,Paul Weller,0JjLpWgG58Af5MVVMIjFKa,22 Dreams,album,2008-01-01,235120,235.12,0,False,0.63,0.811,2,-6.359,1,0.0307,0.107,2.28e-06,0.293,0.671,120.844,4
7byy0k3v96oV3IVHWm6aou,Night Lights,21,1,7Lf3LOZp3U3u2f6cWMd3AH,Paul Weller,0JjLpWgG58Af5MVVMIjFKa,22 Dreams,album,2008-01-01,366680,366.68,0,False,0.106,0.514,2,-10.372,1,0.0385,0.753,0.499,0.219,0.0447,61.631,4
5uOXuDg7kNceWmywyxmin9,Moonshine,1,1,7Lf3LOZp3U3u2f6cWMd3AH,Paul Weller,3Md6sEQOdNsi8mci9uE6Wz,Wake Up the Nation,album,2010-01-01,128893,128.89,0,False,0.449,0.905,4,-4.05,1,0.0434,6.18e-05,0.000436,0.383,0.645,139.91,4
2nu1WpuRpiDh4RORtoPHfD,Wake Up the Nation,2,1,7Lf3LOZp3U3u2f6cWMd3AH,Paul Weller,3Md6sEQOdNsi8mci9uE6Wz,Wake Up the Nation,album,2010-01-01,138653,138.65,0,False,0.652,0.856,0,-5.275,1,0.0292,0.00323,0.0989,0.252,0.895,129.069,4
66GruH8sjSDg7PHs1M8frd,No Tears to Cry,3,1,7Lf3LOZp3U3u2f6cWMd3AH,Paul Weller,3Md6sEQOdNsi8mci9uE6Wz,Wake Up the Nation,album,2010-01-01,144720,144.72,0,False,0.596,0.821,9,-5.593,1,0.0342,0.0188,0.00318,0.262,0.81,121.922,4
11CJTsNCKtCYk3Rv5UIMi3,Fast Car / Slow Traffic,4,1,7Lf3LOZp3U3u2f6cWMd3AH,Paul Weller,3Md6sEQOdNsi8mci9uE6Wz,Wake Up the Nation,album,2010-01-01,118267,118.27,0,False,0.542,0.803,7,-5.89,0,0.0676,0.00457,0.526,0.0789,0.787,173.105,4
2TcjJyLF7oZ5EsDUvSMNqr,Andromeda,5,1,7Lf3LOZp3U3u2f6cWMd3AH,Paul Weller,3Md6sEQOdNsi8mci9uE6Wz,Wake Up the Nation,album,2010-01-01,113107,113.11,0,False,0.426,0.789,2,-3.244,1,0.0333,0.00372,0.113,0.522,0.596,95.988,4
4kYRIM2wvDuTJpgTGhuMfp,In Amterdam,6,1,7Lf3LOZp3U3u2f6cWMd3AH,Paul Weller,3Md6sEQOdNsi8mci9uE6Wz,Wake Up the Nation,album,2010-01-01,87840,87.84,0,False,0.19,0.682,4,-5.382,1,0.033,0.00284,0.934,0.271,0.716,185.504,3
7fnU1LkYcnmCli4lNdtwcs,She Speaks,7,1,7Lf3LOZp3U3u2f6cWMd3AH,Paul Weller,3Md6sEQOdNsi8mci9uE6Wz,Wake Up the Nation,album,2010-01-01,134360,134.36,0,False,0.498,0.843,4,-8.387,0,0.0688,0.443,0.721,0.111,0.465,111.785,4
1kxl1FmiYVjC8P2Gw0BafE,"Find the Torch, Burn the Plans",8,1,7Lf3LOZp3U3u2f6cWMd3AH,Paul Weller,3Md6sEQOdNsi8mci9uE6Wz,Wake Up the Nation,album,2010-01-01,189133,189.13,0,False,0.404,0.919,7,-4.454,1,0.0454,0.000153,0.000712,0.183,0.397,113.025,4
11ffLlfotgCepIhQyVtotU,Aim High,9,1,7Lf3LOZp3U3u2f6cWMd3AH,Paul Weller,3Md6sEQOdNsi8mci9uE6Wz,Wake Up the Nation,album,2010-01-01,187653,187.65,0,False,0.558,0.917,2,-5.416,0,0.0634,0.0434,6.6e-05,0.0912,0.908,101.999,4
2IXAIC24dn9BfeynkBYFMz,Trees,10,1,7Lf3LOZp3U3u2f6cWMd3AH,Paul Weller,3Md6sEQOdNsi8mci9uE6Wz,Wake Up the Nation,album,2010-01-01,258640,258.64,0,False,0.517,0.822,1,-4.561,1,0.0704,0.034,0.0012,0.174,0.458,140.916,4
3J2q7eFuGiASwfAFeuJBVs,Grasp & Still Connect,11,1,7Lf3LOZp3U3u2f6cWMd3AH,Paul Weller,3Md6sEQOdNsi8mci9uE6Wz,Wake Up the Nation,album,2010-01-01,135560,135.56,0,False,0.469,0.917,9,-4.5,1,0.0761,0.0404,3.86e-06,0.395,0.888,164.063,4
7Dsn7uvJQxe43gfCGPEjPo,Whatever Next,12,1,7Lf3LOZp3U3u2f6cWMd3AH,Paul Weller,3Md6sEQOdNsi8mci9uE6Wz,Wake Up the Nation,album,2010-01-01,98120,98.12,0,False,0.456,0.76,2,-8.567,1,0.0612,0.0044,0.73,0.196,0.253,128.089,4
287368NWTupMGHYumVBtj7,7&3 is the Strikers Name,13,1,7Lf3LOZp3U3u2f6cWMd3AH,Paul Weller,3Md6sEQOdNsi8mci9uE6Wz,Wake Up the Nation,album,2010-01-01,203707,203.71,0,False,0.515,0.946,0,-4.496,1,0.0432,0.03,0.00116,0.303,0.684,99.065,4
4KETw10RRcTR2jqAysva2k,Up the Dosage,14,1,7Lf3LOZp3U3u2f6cWMd3AH,Paul Weller,3Md6sEQOdNsi8mci9uE6Wz,Wake Up the Nation,album,2010-01-01,160440,160.44,0,False,0.581,0.91,9,-5.928,1,0.0299,0.00226,0.514,0.106,0.962,128.944,4
5paIxZyy2qJbP2aHxkNkPp,Pieces of Dream,15,1,7Lf3LOZp3U3u2f6cWMd3AH,Paul Weller,3Md6sEQOdNsi8mci9uE6Wz,Wake Up the Nation,album,2010-01-01,145707,145.71,0,False,0.564,0.606,9,-7.509,0,0.0262,0.0878,0.00174,0.11,0.67,132.991,4
69FAq7s1E30Dk0nRgZE7hM,Two Fat Ladies,16,1,7Lf3LOZp3U3u2f6cWMd3AH,Paul Weller,3Md6sEQOdNsi8mci9uE6Wz,Wake Up the Nation,album,2010-01-01,158693,158.69,0,False,0.479,0.896,7,-4.034,1,0.037,0.00123,0.698,0.116,0.444,120.003,4
5LaWMOw0SdTgIADMXDkHZB,The Attic,2,1,7Lf3LOZp3U3u2f6cWMd3AH,Paul Weller,0wQXQbMnrvupoNZA2YXGTx,Sonik Kicks,album,2012,135267,135.27,7,False,0.44,0.863,0,-4.921,1,0.0346,4.02e-05,0.196,0.145,0.508,150.032,4
4Nz3vJMS02nd9EmaySMZ36,Green,1,1,7Lf3LOZp3U3u2f6cWMd3AH,Paul Weller,0wQXQbMnrvupoNZA2YXGTx,Sonik Kicks,album,2012,183520,183.52,6,False,0.484,0.894,2,-6.548,1,0.15,0.000688,0.428,0.18,0.421,150.997,4
2RIeWhlf1MfumdbHG1wa4F,That Dangerous Age,6,1,7Lf3LOZp3U3u2f6cWMd3AH,Paul Weller,0wQXQbMnrvupoNZA2YXGTx,Sonik Kicks,album,2012,150213,150.21,6,False,0.681,0.964,7,-3.455,1,0.0412,0.127,0.00127,0.266,0.965,110.975,4
40xew6OWabKR3NjRbTLeaC,Study In Blue,7,1,7Lf3LOZp3U3u2f6cWMd3AH,Paul Weller,0wQXQbMnrvupoNZA2YXGTx,Sonik Kicks,album,2012,397587,397.59,5,False,0.501,0.79,9,-6.355,0,0.039,0.0111,0.177,0.195,0.418,145.045,4
5gZIpyk3QXkHQHDyntr06o,When Your Garden's Overgrown,9,1,7Lf3LOZp3U3u2f6cWMd3AH,Paul Weller,0wQXQbMnrvupoNZA2YXGTx,Sonik Kicks,album,2012,191333,191.33,5,False,0.507,0.949,5,-3.947,1,0.0537,0.0248,0.00102,0.449,0.816,152.916,4
4t8hPy9WOLaqwHEa8KJwfB,Around The Lake,10,1,7Lf3LOZp3U3u2f6cWMd3AH,Paul Weller,0wQXQbMnrvupoNZA2YXGTx,Sonik Kicks,album,2012,131707,131.71,5,False,0.45,0.978,9,-3.508,1,0.0466,7.22e-05,0.451,0.881,0.548,145.987,4
2hxuWByinOy0vYCdUyN0yH,Kling I Klang,3,1,7Lf3LOZp3U3u2f6cWMd3AH,Paul Weller,0wQXQbMnrvupoNZA2YXGTx,Sonik Kicks,album,2012,194147,194.15,4,False,0.542,0.997,2,-1.555,0,0.122,0.00648,0.0144,0.933,0.34,143.005,4
0V5t9Jlscyb1qO9CRMiEJw,By The Waters,5,1,7Lf3LOZp3U3u2f6cWMd3AH,Paul Weller,0wQXQbMnrvupoNZA2YXGTx,Sonik Kicks,album,2012,209547,209.55,4,False,0.317,0.34,7,-6.849,1,0.0287,0.746,1.92e-06,0.106,0.183,113.292,4
54eB1sDC4P8nAXuj4eZcmE,Dragonfly,8,1,7Lf3LOZp3U3u2f6cWMd3AH,Paul Weller,0wQXQbMnrvupoNZA2YXGTx,Sonik Kicks,album,2012,221027,221.03,4,False,0.436,0.851,5,-4.721,1,0.0456,0.00111,0.098,0.294,0.275,148.036,4
4xQHJ6tK1UI8lBLS5lKlBZ,Be Happy Children,14,1,7Lf3LOZp3U3u2f6cWMd3AH,Paul Weller,0wQXQbMnrvupoNZA2YXGTx,Sonik Kicks,album,2012,165760,165.76,4,False,0.447,0.619,9,-5.932,1,0.0262,0.0228,0.0,0.119,0.402,94.089,4
5jCgp8jBRqbVBjQHQkNT2R,Sleep Of The Serene,4,1,7Lf3LOZp3U3u2f6cWMd3AH,Paul Weller,0wQXQbMnrvupoNZA2YXGTx,Sonik Kicks,album,2012,120893,120.89,3,False,0.33,0.445,9,-11.62,0,0.0437,0.929,0.752,0.29,0.235,111.013,3
6xiCu3PQk4OHXNBXfHBGCg,Drifters,12,1,7Lf3LOZp3U3u2f6cWMd3AH,Paul Weller,0wQXQbMnrvupoNZA2YXGTx,Sonik Kicks,album,2012,187333,187.33,3,False,0.202,0.897,9,-3.206,1,0.0701,0.00449,3.18e-06,0.259,0.417,121.76,3
3QkXtyXqVLRYFggkUveJoK,Paperchase,13,1,7Lf3LOZp3U3u2f6cWMd3AH,Paul Weller,0wQXQbMnrvupoNZA2YXGTx,Sonik Kicks,album,2012,301813,301.81,3,False,0.414,0.833,5,-2.668,1,0.041,0.0814,0.00247,0.0927,0.176,183.987,4
1c2DsNWHBeI4solfzob7rk,Twilight,11,1,7Lf3LOZp3U3u2f6cWMd3AH,Paul Weller,0wQXQbMnrvupoNZA2YXGTx,Sonik Kicks,album,2012,20453,20.45,0,False,0.454,0.779,9,-9.208,1,0.151,0.759,0.853,0.675,0.185,128.437,3
"1rZLiz1huOrOyNNJ42RLeX, 1rZLiz1huOrOyNNJ42RLeX",Soft Soap Flakes Kill,1,1,7Lf3LOZp3U3u2f6cWMd3AH,"Paul Weller, Damon Albarn",0kboUlvvYnWPSbXHzjMxvT,Bankbusted Nuclear Detergent Blues,album,2014-04-23,455379,455.38,0,False,0.515,0.415,0,-12.157,1,0.197,0.876,5.85e-06,0.211,0.311,124.521,3
"4YUcTmGOGc3rokSCkTeUYq, 4YUcTmGOGc3rokSCkTeUYq",Our Wonderful Culture,2,1,7Lf3LOZp3U3u2f6cWMd3AH,"Paul Weller, Damon Albarn",0kboUlvvYnWPSbXHzjMxvT,Bankbusted Nuclear Detergent Blues,album,2014-04-23,487602,487.6,0,False,0.511,0.424,11,-10.352,0,0.151,0.902,0.0,0.184,0.197,126.813,4
"2tA1zB604uG54Fjb9fhSHp, 2tA1zB604uG54Fjb9fhSHp",It's the Economy That's Stupid,3,1,7Lf3LOZp3U3u2f6cWMd3AH,"Paul Weller, Damon Albarn",0kboUlvvYnWPSbXHzjMxvT,Bankbusted Nuclear Detergent Blues,album,2014-04-23,413701,413.7,0,False,0.465,0.337,7,-12.228,1,0.41,0.917,0.0,0.563,0.397,85.157,4
"0AtAV5F0h5lm7DKHda1Gut, 0AtAV5F0h5lm7DKHda1Gut",Shock'n'awe - What's It for?,4,1,7Lf3LOZp3U3u2f6cWMd3AH,"Paul Weller, Damon Albarn",0kboUlvvYnWPSbXHzjMxvT,Bankbusted Nuclear Detergent Blues,album,2014-04-23,213998,214.0,0,False,0.486,0.204,0,-15.621,1,0.155,0.968,2.21e-05,0.36,0.137,88.752,3
"6HnXNtVxuKoYTHXsntfedo, 6HnXNtVxuKoYTHXsntfedo",Mutually Assured Destruction = Mad,5,1,7Lf3LOZp3U3u2f6cWMd3AH,"Paul Weller, Damon Albarn",0kboUlvvYnWPSbXHzjMxvT,Bankbusted Nuclear Detergent Blues,album,2014-04-23,504874,504.87,0,False,0.568,0.263,0,-13.193,1,0.313,0.947,1.37e-06,0.281,0.254,124.298,5
"2Gm92Y3FLSGIslXHaHn9BV, 2Gm92Y3FLSGIslXHaHn9BV",Talkin' bout Degeneration,6,1,7Lf3LOZp3U3u2f6cWMd3AH,"Paul Weller, Damon Albarn",0kboUlvvYnWPSbXHzjMxvT,Bankbusted Nuclear Detergent Blues,album,2014-04-23,442190,442.19,0,False,0.417,0.177,0,-15.57,1,0.0686,0.969,6.93e-05,0.115,0.0787,79.288,4
0f3zubSyrsz3W5Thb23PMS,White Sky,1,1,7Lf3LOZp3U3u2f6cWMd3AH,Paul Weller,5c66sitgm7icPnFtLXiiZo,Saturns Pattern,album,2015-05-11,296990,296.99,3,False,0.36,0.908,4,-5.906,0,0.115,0.00419,0.598,0.0915,0.158,144.035,4
5Z5cfECBr3tIHQyfUILUjb,Saturns Pattern,2,1,7Lf3LOZp3U3u2f6cWMd3AH,Paul Weller,5c66sitgm7icPnFtLXiiZo,Saturns Pattern,album,2015-05-11,204667,204.67,2,False,0.57,0.583,8,-4.344,0,0.029,0.0125,0.000443,0.0799,0.747,168.045,4
48xlKIxVTY18KZCW1khQN9,Going My Way,3,1,7Lf3LOZp3U3u2f6cWMd3AH,Paul Weller,5c66sitgm7icPnFtLXiiZo,Saturns Pattern,album,2015-05-11,255000,255.0,2,False,0.363,0.585,5,-5.218,1,0.0269,0.468,0.0694,0.111,0.46,172.245,4
2hqG1Kygr0afu7gSTtpQCT,I'm Where I Should Be,6,1,7Lf3LOZp3U3u2f6cWMd3AH,Paul Weller,5c66sitgm7icPnFtLXiiZo,Saturns Pattern,album,2015-05-11,206360,206.36,2,False,0.583,0.867,9,-4.651,1,0.0391,0.0937,0.0683,0.109,0.337,127.415,4
4am7VpIVzI129I2dW4KcmY,Long Time,4,1,7Lf3LOZp3U3u2f6cWMd3AH,Paul Weller,5c66sitgm7icPnFtLXiiZo,Saturns Pattern,album,2015-05-11,132200,132.2,1,False,0.367,0.979,9,-3.2,1,0.105,1.28e-05,0.232,0.0705,0.184,132.196,4
40OZWqWqm1ZOISpzBN27KR,Pick It Up,5,1,7Lf3LOZp3U3u2f6cWMd3AH,Paul Weller,5c66sitgm7icPnFtLXiiZo,Saturns Pattern,album,2015-05-11,376173,376.17,1,False,0.576,0.762,4,-5.445,0,0.0481,0.0256,0.0771,0.0874,0.646,83.003,4
7sxvaVvo3fBxAFu5vY8vfN,Phoenix,7,1,7Lf3LOZp3U3u2f6cWMd3AH,Paul Weller,5c66sitgm7icPnFtLXiiZo,Saturns Pattern,album,2015-05-11,356227,356.23,1,False,0.667,0.689,10,-6.711,0,0.0336,0.136,0.000832,0.127,0.505,127.11,4
7AdGQk6dKmmmPfYwKawhE3,These City Streets,9,1,7Lf3LOZp3U3u2f6cWMd3AH,Paul Weller,5c66sitgm7icPnFtLXiiZo,Saturns Pattern,album,2015-05-11,506347,506.35,1,False,0.553,0.782,4,-6.021,0,0.0284,0.153,0.0619,0.338,0.616,94.064,4
6k4FqAowWEDMKruNVzsr8L,I Work in the Clouds,10,1,7Lf3LOZp3U3u2f6cWMd3AH,Paul Weller,5c66sitgm7icPnFtLXiiZo,Saturns Pattern,album,2015-05-11,339414,339.41,1,False,0.43,0.96,0,-3.677,1,0.0632,0.000312,0.0348,0.149,0.298,142.259,4
5hX913TPOji7GAImDlh0qh,Praise If You Wanna,11,1,7Lf3LOZp3U3u2f6cWMd3AH,Paul Weller,5c66sitgm7icPnFtLXiiZo,Saturns Pattern,album,2015-05-11,99440,99.44,0,False,0.663,0.836,4,-7.761,0,0.063,0.39,0.000567,0.0812,0.686,139.513,4
0eJYLi6W9LCjb4wKg5AVIt,The Ballad of Jimmy McCabe,2,1,7Lf3LOZp3U3u2f6cWMd3AH,Paul Weller,2b33KocoDHpeApZHEEPP4w,Jawbone (Music from the Film),album,2017-03-10,243000,243.0,17,False,0.552,0.268,2,-14.645,1,0.0394,0.921,0.000628,0.271,0.509,136.786,4
43vTR7F7rzNLiefarLOHm9,Jawbone,3,1,7Lf3LOZp3U3u2f6cWMd3AH,Paul Weller,2b33KocoDHpeApZHEEPP4w,Jawbone (Music from the Film),album,2017-03-10,184213,184.21,2,False,0.422,0.603,7,-9.15,1,0.054,0.0627,0.086,0.387,0.332,145.167,4
69RqklstdOrsLTKFMb13jA,Jimmy / Blackout,1,1,7Lf3LOZp3U3u2f6cWMd3AH,Paul Weller,2b33KocoDHpeApZHEEPP4w,Jawbone (Music from the Film),album,2017-03-10,1290307,1290.31,1,False,0.142,0.274,10,-17.685,1,0.0459,0.864,0.828,0.108,0.0375,87.285,4
2FVEpimweQ9EagVGaMoLZg,Man on Fire,6,1,7Lf3LOZp3U3u2f6cWMd3AH,Paul Weller,2b33KocoDHpeApZHEEPP4w,Jawbone (Music from the Film),album,2017-03-10,94773,94.77,1,False,0.101,0.172,9,-21.783,0,0.0491,0.96,0.907,0.105,0.0557,42.122,4
7fY1xDV60YXeHZtJzMgLCS,End Fight Sequence,7,1,7Lf3LOZp3U3u2f6cWMd3AH,Paul Weller,2b33KocoDHpeApZHEEPP4w,Jawbone (Music from the Film),album,2017-03-10,185613,185.61,1,False,0.364,0.297,0,-18.877,1,0.047,0.917,0.858,0.259,0.0343,114.439,4
6HtLfv1PDUikwCGIyLy0EV,Long Long Road,3,1,7Lf3LOZp3U3u2f6cWMd3AH,Paul Weller,0mbzS8xzbJj3sK2n0g6nPh,A Kind Revolution (Deluxe Edition),album,2017-05-12,203789,203.79,20,False,0.454,0.687,0,-5.156,1,0.0273,0.131,0.00586,0.687,0.47,80.535,4
1hnN2Ui2Ui9ZUx0YSe1N7D,Woo Sé Mama,1,1,7Lf3LOZp3U3u2f6cWMd3AH,Paul Weller,0mbzS8xzbJj3sK2n0g6nPh,A Kind Revolution (Deluxe Edition),album,2017-05-12,224374,224.37,18,False,0.709,0.902,10,-6.016,0,0.0282,0.0786,0.119,0.152,0.633,127.093,4
36kUWA62OZNbRaHA5UqqUH,One Tear,8,1,7Lf3LOZp3U3u2f6cWMd3AH,Paul Weller,0mbzS8xzbJj3sK2n0g6nPh,A Kind Revolution (Deluxe Edition),album,2017-05-12,366741,366.74,16,False,0.597,0.698,8,-8.281,0,0.0312,0.165,0.0126,0.159,0.447,110.018,4
3zDnrvd9Uw6iHVqOgauuw6,The Cranes are Back,5,1,7Lf3LOZp3U3u2f6cWMd3AH,Paul Weller,0mbzS8xzbJj3sK2n0g6nPh,A Kind Revolution (Deluxe Edition),album,2017-05-12,263198,263.2,14,False,0.554,0.433,4,-8.618,1,0.0367,0.241,0.00118,0.156,0.351,74.743,4
4Kr7YkiRjdo2243mDKTSZo,Nova,2,1,7Lf3LOZp3U3u2f6cWMd3AH,Paul Weller,0mbzS8xzbJj3sK2n0g6nPh,A Kind Revolution (Deluxe Edition),album,2017-05-12,238350,238.35,13,False,0.647,0.79,9,-6.855,1,0.0379,0.0343,0.294,0.289,0.387,119.012,4
2e9xPZYaUwsDFN1TvGdBDj,She Moves with the Fayre,4,1,7Lf3LOZp3U3u2f6cWMd3AH,Paul Weller,0mbzS8xzbJj3sK2n0g6nPh,A Kind Revolution (Deluxe Edition),album,2017-05-12,262739,262.74,10,False,0.593,0.711,4,-5.779,0,0.0442,0.141,0.0281,0.157,0.705,98.042,4
5nHOrFZM96uJHWqt9h2nZ1,Hopper,6,1,7Lf3LOZp3U3u2f6cWMd3AH,Paul Weller,0mbzS8xzbJj3sK2n0g6nPh,A Kind Revolution (Deluxe Edition),album,2017-05-12,194964,194.96,10,False,0.562,0.652,5,-6.939,1,0.035,0.192,0.204,0.39,0.366,103.085,4
7EkqomzuJQ98YweqjgP6v0,The Impossible Idea,10,1,7Lf3LOZp3U3u2f6cWMd3AH,Paul Weller,0mbzS8xzbJj3sK2n0g6nPh,A Kind Revolution (Deluxe Edition),album,2017-05-12,219707,219.71,9,False,0.224,0.547,0,-6.299,1,0.029,0.431,6.47e-06,0.335,0.321,171.534,3
3y1tQgVkcy0cpGm3wKRvAN,New York,7,1,7Lf3LOZp3U3u2f6cWMd3AH,Paul Weller,0mbzS8xzbJj3sK2n0g6nPh,A Kind Revolution (Deluxe Edition),album,2017-05-12,282814,282.81,8,False,0.573,0.89,7,-6.91,0,0.0477,0.0616,0.385,0.117,0.731,98.014,4
0AVDaUhTt51Wgb1bnZnUOl,Satellite Kid,9,1,7Lf3LOZp3U3u2f6cWMd3AH,Paul Weller,0mbzS8xzbJj3sK2n0g6nPh,A Kind Revolution (Deluxe Edition),album,2017-05-12,317072,317.07,8,False,0.61,0.658,0,-6.927,1,0.0361,0.00881,0.0684,0.108,0.607,80.009,4
14YJhTszrr5BQsWoAcPdul,Alpha,21,1,7Lf3LOZp3U3u2f6cWMd3AH,Paul Weller,0mbzS8xzbJj3sK2n0g6nPh,A Kind Revolution (Deluxe Edition),album,2017-05-12,270907,270.91,3,False,0.6,0.726,0,-10.409,1,0.0318,0.00632,0.91,0.121,0.502,147.993,4
3mDLVvHYf1lfJnvhz4ekl1,Gravity,4,1,7Lf3LOZp3U3u2f6cWMd3AH,Paul Weller,5bMNxytNYTsxLiIB1yELci,True Meanings,album,2018-09-14,153173,153.17,32,False,0.184,0.309,2,-10.086,1,0.0306,0.489,0.000151,0.115,0.345,175.531,3
2MNn7UxNnpwwiKeY1h8Ime,Aspects,7,1,7Lf3LOZp3U3u2f6cWMd3AH,Paul Weller,5bMNxytNYTsxLiIB1yELci,True Meanings,album,2018-09-14,273835,273.83,28,False,0.247,0.369,11,-9.639,0,0.0284,0.883,0.0678,0.0884,0.21,163.503,3
5YIvqEmx62bGzXluzNkHAP,The Soul Searchers,1,1,7Lf3LOZp3U3u2f6cWMd3AH,Paul Weller,5bMNxytNYTsxLiIB1yELci,True Meanings,album,2018-09-14,301933,301.93,27,False,0.679,0.583,11,-7.524,0,0.0274,0.0936,0.611,0.127,0.478,119.993,4
3bzbzZelDhS6cuSRqN88bU,Mayfly,3,1,7Lf3LOZp3U3u2f6cWMd3AH,Paul Weller,5bMNxytNYTsxLiIB1yELci,True Meanings,album,2018-09-14,240400,240.4,27,False,0.703,0.492,4,-10.082,1,0.0285,0.624,0.00121,0.109,0.624,104.94,4
3pLJsDTBkaLYZ2XQDqm5uq,Movin On,12,1,7Lf3LOZp3U3u2f6cWMd3AH,Paul Weller,5bMNxytNYTsxLiIB1yELci,True Meanings,album,2018-09-14,271107,271.11,19,False,0.333,0.481,7,-8.635,1,0.0265,0.167,0.00851,0.0912,0.317,91.611,4
65yzeXye6OFzjelGCZz4lK,Old Castles,5,1,7Lf3LOZp3U3u2f6cWMd3AH,Paul Weller,5bMNxytNYTsxLiIB1yELci,True Meanings,album,2018-09-14,200480,200.48,18,False,0.331,0.576,2,-6.974,0,0.0303,0.138,0.152,0.142,0.405,130.134,3
5QzlxG7NV2VhsUfin72PpI,Bowie,8,1,7Lf3LOZp3U3u2f6cWMd3AH,Paul Weller,5bMNxytNYTsxLiIB1yELci,True Meanings,album,2018-09-14,233053,233.05,18,False,0.316,0.416,7,-10.492,1,0.0307,0.753,0.321,0.396,0.306,137.627,4
327aHHeBrC7druDjYQyM6e,White Horses,14,1,7Lf3LOZp3U3u2f6cWMd3AH,Paul Weller,5bMNxytNYTsxLiIB1yELci,True Meanings,album,2018-09-14,324600,324.6,18,False,0.429,0.358,5,-10.153,1,0.0277,0.422,0.0762,0.14,0.198,179.964,4
3wpoSgBofUgVVVrMNFnZnF,Glide,2,1,7Lf3LOZp3U3u2f6cWMd3AH,Paul Weller,5bMNxytNYTsxLiIB1yELci,True Meanings,album,2018-09-14,138373,138.37,17,False,0.212,0.367,2,-10.042,1,0.0303,0.801,0.0131,0.124,0.29,176.318,3
0CCXILNH8DIwIPbVJoaO1l,What Would He Say?,6,1,7Lf3LOZp3U3u2f6cWMd3AH,Paul Weller,5bMNxytNYTsxLiIB1yELci,True Meanings,album,2018-09-14,240413,240.41,16,False,0.596,0.451,5,-7.75,1,0.028,0.538,0.000252,0.0855,0.357,95.146,4
0Ssoy566mnThpyPG5BN44I,Wishing Well,9,1,7Lf3LOZp3U3u2f6cWMd3AH,Paul Weller,5bMNxytNYTsxLiIB1yELci,True Meanings,album,2018-09-14,276027,276.03,16,False,0.52,0.388,0,-11.898,1,0.0278,0.772,0.0262,0.112,0.356,128.899,4
4nfGjdb91xHU9za6z4yh16,May Love Travel with You,13,1,7Lf3LOZp3U3u2f6cWMd3AH,Paul Weller,5bMNxytNYTsxLiIB1yELci,True Meanings,album,2018-09-14,181720,181.72,16,False,0.376,0.357,2,-9.829,1,0.0277,0.59,0.00669,0.0891,0.314,91.989,4
1cf0CgjFhMDAPoOgTMIq0X,Come Along,10,1,7Lf3LOZp3U3u2f6cWMd3AH,Paul Weller,5bMNxytNYTsxLiIB1yELci,True Meanings,album,2018-09-14,183253,183.25,14,False,0.421,0.353,5,-10.982,1,0.0272,0.806,0.004,0.105,0.398,177.691,3
1t1WNeyEDzpMWGa5e4Yl33,Village,4,1,7Lf3LOZp3U3u2f6cWMd3AH,Paul Weller,1waaO5SrI0BdKtdR9YZLRu,On Sunset (Deluxe),album,2020-07-03,199467,199.47,28,False,0.597,0.511,11,-9.146,0,0.0247,0.31,0.023,0.0979,0.535,101.752,4
2daSDaZgZSSABrDKlQMqgn,Old Father Tyme,3,1,7Lf3LOZp3U3u2f6cWMd3AH,Paul Weller,1waaO5SrI0BdKtdR9YZLRu,On Sunset (Deluxe),album,2020-07-03,236133,236.13,24,False,0.696,0.491,7,-8.689,1,0.0268,0.291,0.00698,0.0458,0.853,99.983,4
1aKQlttljhiHZtaMXqpnUi,On Sunset,6,1,7Lf3LOZp3U3u2f6cWMd3AH,Paul Weller,1waaO5SrI0BdKtdR9YZLRu,On Sunset (Deluxe),album,2020-07-03,394560,394.56,23,False,0.573,0.672,2,-7.852,0,0.0275,0.272,0.0158,0.905,0.678,97.639,4
3edn29DI5h8TLMNYEgVgq0,More,5,1,7Lf3LOZp3U3u2f6cWMd3AH,Paul Weller,1waaO5SrI0BdKtdR9YZLRu,On Sunset (Deluxe),album,2020-07-03,414853,414.85,20,False,0.694,0.721,4,-7.8,0,0.0791,0.0741,0.455,0.0988,0.908,80.389,4
2utnTbWkJ27ELj5n0jo5GU,Baptiste,2,1,7Lf3LOZp3U3u2f6cWMd3AH,Paul Weller,1waaO5SrI0BdKtdR9YZLRu,On Sunset (Deluxe),album,2020-07-03,185680,185.68,17,False,0.521,0.554,9,-9.285,1,0.0342,0.343,0.401,0.142,0.727,170.234,4
18p8KuwD4meYdFYhsxI03V,Rockets,10,1,7Lf3LOZp3U3u2f6cWMd3AH,Paul Weller,1waaO5SrI0BdKtdR9YZLRu,On Sunset (Deluxe),album,2020-07-03,260920,260.92,17,False,0.336,0.563,0,-8.638,1,0.0259,0.271,0.0722,0.0805,0.434,162.263,4
5H3X1ix282WIfs6L2atQKq,Mirror Ball,1,1,7Lf3LOZp3U3u2f6cWMd3AH,Paul Weller,1waaO5SrI0BdKtdR9YZLRu,On Sunset (Deluxe),album,2020-07-03,457333,457.33,15,False,0.475,0.519,1,-10.803,0,0.0326,0.309,0.108,0.104,0.147,102.96,4
3xj5EGvjMvOvq7QpGEdRYA,Earth Beat,9,1,7Lf3LOZp3U3u2f6cWMd3AH,Paul Weller,1waaO5SrI0BdKtdR9YZLRu,On Sunset (Deluxe),album,2020-07-03,258467,258.47,14,False,0.505,0.729,10,-8.742,0,0.0476,0.0911,0.189,0.138,0.359,113.341,4
7s6ziTJm11EFeXxSQDQHLz,Equanimity,7,1,7Lf3LOZp3U3u2f6cWMd3AH,Paul Weller,1waaO5SrI0BdKtdR9YZLRu,On Sunset (Deluxe),album,2020-07-03,234773,234.77,13,False,0.714,0.274,3,-11.207,1,0.0337,0.77,0.00427,0.456,0.664,120.51,4
1tms8ClACbQPDTPH8YomCl,Walkin',8,1,7Lf3LOZp3U3u2f6cWMd3AH,Paul Weller,1waaO5SrI0BdKtdR9YZLRu,On Sunset (Deluxe),album,2020-07-03,236733,236.73,13,False,0.617,0.631,5,-7.481,1,0.0245,0.527,0.0915,0.183,0.793,78.988,4
5CwSDI8oNftBjLop8BcnTE,4th Dimension,11,1,7Lf3LOZp3U3u2f6cWMd3AH,Paul Weller,1waaO5SrI0BdKtdR9YZLRu,On Sunset (Deluxe),album,2020-07-03,335973,335.97,11,False,0.665,0.57,1,-11.848,1,0.0315,0.202,0.862,0.569,0.573,108.996,4
4Ath1Fe2UfvAs3crallRYT,Ploughman,12,1,7Lf3LOZp3U3u2f6cWMd3AH,Paul Weller,1waaO5SrI0BdKtdR9YZLRu,On Sunset (Deluxe),album,2020-07-03,194787,194.79,10,False,0.49,0.924,0,-7.312,1,0.066,0.0213,0.0484,0.286,0.79,126.66,4
0L34FMQ3wbhrldEbN4O5oH,I’ll Think Of Something,13,1,7Lf3LOZp3U3u2f6cWMd3AH,Paul Weller,1waaO5SrI0BdKtdR9YZLRu,On Sunset (Deluxe),album,2020-07-03,246853,246.85,9,False,0.439,0.228,2,-15.16,1,0.0282,0.901,0.32,0.115,0.176,102.424,4
6ggoPGUGRzXBBArldt4ESv,Shades Of Blue,4,1,7Lf3LOZp3U3u2f6cWMd3AH,Paul Weller,2k16u3isATvgM4cQpvOPGz,Fat Pop,album,2021-05-14,186613,186.61,23,False,0.623,0.65,5,-6.726,1,0.024,0.409,0.0466,0.154,0.749,138.016,4
4bA1sUm0ehx3FZIWM6rDl2,Glad Times,5,1,7Lf3LOZp3U3u2f6cWMd3AH,Paul Weller,2k16u3isATvgM4cQpvOPGz,Fat Pop,album,2021-05-14,243840,243.84,21,False,0.451,0.62,1,-8.04,0,0.0429,0.138,0.178,0.12,0.458,164.111,4
3Hr91vr862eQqocik4Og50,That Pleasure,8,1,7Lf3LOZp3U3u2f6cWMd3AH,Paul Weller,2k16u3isATvgM4cQpvOPGz,Fat Pop,album,2021-05-14,212333,212.33,19,False,0.604,0.765,1,-7.366,0,0.0252,0.0483,0.254,0.142,0.93,98.928,4
6Qjaa8xn44u0WgRHhF8maL,In Better Times,11,1,7Lf3LOZp3U3u2f6cWMd3AH,Paul Weller,2k16u3isATvgM4cQpvOPGz,Fat Pop,album,2021-05-14,287573,287.57,19,False,0.543,0.763,7,-7.823,1,0.0272,0.496,0.248,0.154,0.544,114.213,4
3Q7R2on0ViJhl4Zo8qOk9f,Cosmic Fringes,1,1,7Lf3LOZp3U3u2f6cWMd3AH,Paul Weller,2k16u3isATvgM4cQpvOPGz,Fat Pop,album,2021-05-14,140827,140.83,18,False,0.872,0.663,9,-7.591,1,0.0384,0.000395,0.292,0.134,0.964,130.021,4
3vXAqNH1WAid5Tzpm7MC74,True,2,1,7Lf3LOZp3U3u2f6cWMd3AH,Paul Weller,2k16u3isATvgM4cQpvOPGz,Fat Pop,album,2021-05-14,127667,127.67,15,False,0.668,0.716,0,-6.007,1,0.0287,0.024,0.703,0.116,0.965,122.183,4
0mEqtPkhXubY1RLbzxGtvF,Fat Pop,3,1,7Lf3LOZp3U3u2f6cWMd3AH,Paul Weller,2k16u3isATvgM4cQpvOPGz,Fat Pop,album,2021-05-14,199600,199.6,15,True,0.818,0.568,8,-8.269,1,0.027,0.353,0.0295,0.188,0.817,96.1,4
5CAdXvvBfu2CRqBy7hpvmp,Cobweb / Connections,6,1,7Lf3LOZp3U3u2f6cWMd3AH,Paul Weller,2k16u3isATvgM4cQpvOPGz,Fat Pop,album,2021-05-14,176933,176.93,15,False,0.494,0.496,2,-7.266,1,0.0277,0.62,0.001,0.24,0.601,154.096,4
5F8WcZPpizVYlCJLjsg3UJ,Failed,9,1,7Lf3LOZp3U3u2f6cWMd3AH,Paul Weller,2k16u3isATvgM4cQpvOPGz,Fat Pop,album,2021-05-14,163507,163.51,15,True,0.66,0.687,8,-7.093,0,0.0377,0.112,0.00399,0.166,0.637,127.024,4
2cmzpYfH0BRpZwhd2dyTfq,Testify,7,1,7Lf3LOZp3U3u2f6cWMd3AH,Paul Weller,2k16u3isATvgM4cQpvOPGz,Fat Pop,album,2021-05-14,173720,173.72,14,False,0.677,0.907,0,-4.8,0,0.0839,0.247,0.000202,0.103,0.906,77.272,4
1msmi59PvRgl7s3SMa4BjU,Moving Canvas,10,1,7Lf3LOZp3U3u2f6cWMd3AH,Paul Weller,2k16u3isATvgM4cQpvOPGz,Fat Pop,album,2021-05-14,174853,174.85,11,False,0.804,0.537,5,-8.103,1,0.0379,0.132,0.587,0.101,0.769,126.024,4
2tHBWQ7nb9GgDBMBaz18xN,The Piper,1,1,7Lf3LOZp3U3u2f6cWMd3AH,Paul Weller,6k4DEcrMDFBnqK4j6kyncB,Will Of The People,album,2022-10-28,226144,226.14,14,False,0.711,0.714,0,-5.904,1,0.0282,0.0158,0.000256,0.121,0.965,115.52,4
7vbshsdQMEmbV8g1c53sY0,Rip The Pages Up,10,2,7Lf3LOZp3U3u2f6cWMd3AH,Paul Weller,6k4DEcrMDFBnqK4j6kyncB,Will Of The People,album,2022-10-28,271707,271.71,14,False,0.457,0.96,9,-5.236,1,0.137,0.00656,0.0952,0.0617,0.683,195.94,4
4XcFL3SjAE6bOp2GMeWBEh,How Sweet It Is (To Be Loved By You),11,2,7Lf3LOZp3U3u2f6cWMd3AH,Paul Weller,6k4DEcrMDFBnqK4j6kyncB,Will Of The People,album,2022-10-28,230813,230.81,12,False,0.452,0.668,4,-7.637,0,0.0298,0.068,7.59e-05,0.0826,0.383,107.136,4
5TYH7KiGVkaIbG6NgUNGie,Into The Sea,2,1,7Lf3LOZp3U3u2f6cWMd3AH,Paul Weller,6k4DEcrMDFBnqK4j6kyncB,Will Of The People,album,2022-10-28,162147,162.15,10,False,0.464,0.323,0,-10.486,1,0.0279,0.873,0.00975,0.0879,0.0757,119.65,4
7iX4ujAVcITW7MmJe312z0,Big Brass Buttons,3,1,7Lf3LOZp3U3u2f6cWMd3AH,Paul Weller,6k4DEcrMDFBnqK4j6kyncB,Will Of The People,album,2022-10-28,191644,191.64,10,False,0.565,0.967,4,-7.397,0,0.0698,0.000156,0.128,0.649,0.716,124.804,4
0dp9tmXpMdLTYpWVNY6uBb,Mother Ethiopia - Pt.1,10,1,7Lf3LOZp3U3u2f6cWMd3AH,Paul Weller,6k4DEcrMDFBnqK4j6kyncB,Will Of The People,album,2022-10-28,193600,193.6,9,False,0.787,0.656,0,-6.826,0,0.0647,0.121,0.88,0.0723,0.964,138.951,4
6O0ZOhs34n1rrRNv9VTps9,Devotion,1,2,7Lf3LOZp3U3u2f6cWMd3AH,Paul Weller,6k4DEcrMDFBnqK4j6kyncB,Will Of The People,album,2022-10-28,242188,242.19,9,False,0.433,0.5,0,-8.2,1,0.0366,0.0456,0.06,0.655,0.436,180.885,4
6VNxsi0DGoaW3arNDkcf9H,Alone,3,2,7Lf3LOZp3U3u2f6cWMd3AH,Paul Weller,6k4DEcrMDFBnqK4j6kyncB,Will Of The People,album,2022-10-28,234467,234.47,9,False,0.615,0.86,4,-6.358,1,0.0363,0.0869,0.0328,0.169,0.839,91.774,4
03abxrsFFsXse3tRMzlvHt,I Spy,7,1,7Lf3LOZp3U3u2f6cWMd3AH,Paul Weller,6k4DEcrMDFBnqK4j6kyncB,Will Of The People,album,2022-10-28,215133,215.13,8,False,0.53,0.689,4,-7.207,1,0.025,0.0567,0.00145,0.0987,0.631,105.496,4
3uCjwH3L6GXRexnMAjK5ku,We Got A Lot,11,1,7Lf3LOZp3U3u2f6cWMd3AH,Paul Weller,6k4DEcrMDFBnqK4j6kyncB,Will Of The People,album,2022-10-28,184526,184.53,8,False,0.527,0.758,9,-6.127,1,0.0275,0.0143,0.00234,0.667,0.302,99.08,4
02O6uSZbDD3tzBqxLvZYIW,Oranges and Rosewater,8,1,7Lf3LOZp3U3u2f6cWMd3AH,Paul Weller,6k4DEcrMDFBnqK4j6kyncB,Will Of The People,album,2022-10-28,187091,187.09,7,False,0.607,0.409,2,-9.757,1,0.0255,0.58,0.00555,0.111,0.203,103.051,4
5fHlciRpeEbAv6pRWOCE0q,Sun Goes,2,2,7Lf3LOZp3U3u2f6cWMd3AH,Paul Weller,6k4DEcrMDFBnqK4j6kyncB,Will Of The People,album,2022-10-28,198903,198.9,7,False,0.492,0.818,0,-6.706,1,0.0344,0.134,5.4e-05,0.147,0.652,148.083,4
4h60diITLiB89qbAv4v5G6,Lay Down Your Weary Burden,4,2,7Lf3LOZp3U3u2f6cWMd3AH,Paul Weller,6k4DEcrMDFBnqK4j6kyncB,Will Of The People,album,2022-10-28,224856,224.86,7,False,0.582,0.493,7,-6.275,1,0.0277,0.624,0.0,0.196,0.354,98.67,4
5VhvCDIdXRAbssauxYQnSw,Landslide,7,2,7Lf3LOZp3U3u2f6cWMd3AH,Paul Weller,6k4DEcrMDFBnqK4j6kyncB,Will Of The People,album,2022-10-28,164519,164.52,7,False,0.458,0.78,9,-5.813,0,0.0332,0.00136,0.0621,0.409,0.621,124.362,4
5IV51FslYnmdqrpVyQI0d3,Golden Leaves,12,2,7Lf3LOZp3U3u2f6cWMd3AH,Paul Weller,6k4DEcrMDFBnqK4j6kyncB,Will Of The People,album,2022-10-28,230893,230.89,7,False,0.571,0.549,10,-7.354,1,0.0236,0.318,0.0733,0.359,0.78,108.531,4
7JXWMUIVQyaD3B3J3uNwZX,The Olde Original,5,2,7Lf3LOZp3U3u2f6cWMd3AH,Paul Weller,6k4DEcrMDFBnqK4j6kyncB,Will Of The People,album,2022-10-28,160733,160.73,6,False,0.451,0.672,7,-4.159,1,0.0279,0.113,0.0,0.104,0.585,83.829,4
2lW9RZTZg4t2R7ABIQDVrD,Dusk Til Dawn,8,2,7Lf3LOZp3U3u2f6cWMd3AH,Paul Weller,6k4DEcrMDFBnqK4j6kyncB,Will Of The People,album,2022-10-28,127641,127.64,6,False,0.348,0.637,7,-8.0,1,0.0334,0.0674,0.000152,0.28,0.352,174.768,3
5pj2Q0Qr0IaJLlwYZDTqFB,Birthday,1,3,7Lf3LOZp3U3u2f6cWMd3AH,Paul Weller,6k4DEcrMDFBnqK4j6kyncB,Will Of The People,album,2022-10-28,166018,166.02,6,False,0.653,0.842,4,-4.862,1,0.0335,0.0593,6.73e-06,0.0889,0.962,142.359,4
09GN6xtRWdKxXqyB0tFzV6,Pure Sound,6,2,7Lf3LOZp3U3u2f6cWMd3AH,Paul Weller,6k4DEcrMDFBnqK4j6kyncB,Will Of The People,album,2022-10-28,179111,179.11,5,False,0.69,0.482,9,-9.414,1,0.0437,0.703,0.148,0.114,0.188,140.999,3
2fzur3l6Max1syxAbontsY,Serafina,2,3,7Lf3LOZp3U3u2f6cWMd3AH,Paul Weller,6k4DEcrMDFBnqK4j6kyncB,Will Of The People,album,2022-10-28,171493,171.49,4,False,0.343,0.23,6,-12.813,0,0.0295,0.934,0.0216,0.103,0.202,153.025,3
2jckqLtesH78APzlHuuUn5,Portal To The Past,4,3,7Lf3LOZp3U3u2f6cWMd3AH,Paul Weller,6k4DEcrMDFBnqK4j6kyncB,Will Of The People,album,2022-10-28,183480,183.48,4,False,0.389,0.759,7,-6.852,1,0.0534,0.000542,0.139,0.165,0.35,83.054,4
43BZ2THNlXB7VWwSWGg5Ir,Rise Up Singing,6,1,7Lf3LOZp3U3u2f6cWMd3AH,Paul Weller,1Mjh8aa3oKEaDO9U1uwhEp,66,album,2024-05-24,182697,182.7,33,False,0.418,0.645,7,-7.887,1,0.0356,0.0173,0.000239,0.126,0.58,157.925,4
2IhEAgTDJ6I5KrLCExuLag,Nothing,4,1,7Lf3LOZp3U3u2f6cWMd3AH,Paul Weller,1Mjh8aa3oKEaDO9U1uwhEp,66,album,2024-05-24,256114,256.11,31,False,0.675,0.45,2,-10.338,1,0.0269,0.348,0.0276,0.186,0.541,99.063,4
1QFaBKerXimH1z3FieDOXr,Ship Of Fools,1,1,7Lf3LOZp3U3u2f6cWMd3AH,Paul Weller,1Mjh8aa3oKEaDO9U1uwhEp,66,album,2024-05-24,178530,178.53,30,False,0.7,0.363,11,-9.834,0,0.0321,0.857,0.0313,0.131,0.344,110.652,4
20UXHfP8HY1Wau8l2cEP9E,Flying Fish,2,1,7Lf3LOZp3U3u2f6cWMd3AH,Paul Weller,1Mjh8aa3oKEaDO9U1uwhEp,66,album,2024-05-24,281819,281.82,29,False,0.649,0.742,0,-7.726,1,0.0272,0.000791,0.00987,0.143,0.78,120.007,4
1sP0AFB0504edd4f60KPYU,Jumble Queen,3,1,7Lf3LOZp3U3u2f6cWMd3AH,Paul Weller,1Mjh8aa3oKEaDO9U1uwhEp,66,album,2024-05-24,154567,154.57,29,False,0.698,0.881,6,-6.454,0,0.0299,0.00885,0.547,0.38,0.961,128.99,4
0miI6L1Ayva7SYFYyKT367,Soul Wandering,11,1,7Lf3LOZp3U3u2f6cWMd3AH,Paul Weller,1Mjh8aa3oKEaDO9U1uwhEp,66,album,2024-05-24,199098,199.1,28,False,0.46,0.777,0,-7.054,1,0.0373,0.00577,0.0942,0.287,0.434,93.987,4
6xlGPnFeqOhXyP4r2Vhf0b,I Woke Up,7,1,7Lf3LOZp3U3u2f6cWMd3AH,Paul Weller,1Mjh8aa3oKEaDO9U1uwhEp,66,album,2024-05-24,204957,204.96,26,False,0.381,0.452,2,-8.907,1,0.0254,0.159,0.715,0.299,0.379,98.304,4
1JJR4DIZHPjJtBXoTH6KRN,My Best Friend's Coat,5,1,7Lf3LOZp3U3u2f6cWMd3AH,Paul Weller,1Mjh8aa3oKEaDO9U1uwhEp,66,album,2024-05-24,166027,166.03,24,False,0.47,0.505,1,-8.004,0,0.0261,0.0137,0.1,0.136,0.585,145.978,3
5fnSD6RhCaQiKXNOg1O3ko,A Glimpse Of You,8,1,7Lf3LOZp3U3u2f6cWMd3AH,Paul Weller,1Mjh8aa3oKEaDO9U1uwhEp,66,album,2024-05-24,213849,213.85,24,False,0.507,0.52,9,-9.294,0,0.0275,0.135,0.0539,0.189,0.49,127.992,4
46G1kDWbPRYkK6TyMxCfnz,Sleepy Hollow,9,1,7Lf3LOZp3U3u2f6cWMd3AH,Paul Weller,1Mjh8aa3oKEaDO9U1uwhEp,66,album,2024-05-24,201069,201.07,23,False,0.562,0.508,7,-11.413,1,0.0453,0.555,0.0445,0.112,0.514,114.916,4
5ASbwZ7ICzeSxIMt5DYG2H,In Full Flight,10,1,7Lf3LOZp3U3u2f6cWMd3AH,Paul Weller,1Mjh8aa3oKEaDO9U1uwhEp,66,album,2024-05-24,238687,238.69,23,False,0.407,0.587,2,-8.237,1,0.0262,0.319,0.57,0.257,0.549,167.933,3
2bnaKfimPmoOFY64onrlGe,Burn Out,12,1,7Lf3LOZp3U3u2f6cWMd3AH,Paul Weller,1Mjh8aa3oKEaDO9U1uwhEp,66,album,2024-05-24,238845,238.84,23,False,0.423,0.436,8,-9.021,1,0.0292,0.272,0.0939,0.22,0.0592,119.162,4
2t5zvzeSF5kaRdlD4Dae20,Handouts in the Rain,1,1,7Lf3LOZp3U3u2f6cWMd3AH,Paul Weller,1n9CQ6OBmGzVBHkWuByfQh,Find El Dorado,album,2025-07-25,359671,359.67,0,False,0.556,0.395,2,-9.121,1,0.027,0.522,0.0197,0.111,0.286,118.101,4
4h5wSFz3WGt2FyCaEkUg9q,Small Town Talk,2,1,7Lf3LOZp3U3u2f6cWMd3AH,Paul Weller,1n9CQ6OBmGzVBHkWuByfQh,Find El Dorado,album,2025-07-25,225467,225.47,0,False,0.671,0.525,2,-9.228,1,0.0281,0.31,0.00461,0.096,0.681,75.489,4
0OpvptoJ19YMRBmOyua580,El Dorado,3,1,7Lf3LOZp3U3u2f6cWMd3AH,Paul Weller,1n9CQ6OBmGzVBHkWuByfQh,Find El Dorado,album,2025-07-25,327507,327.51,0,False,0.247,0.341,4,-9.781,1,0.0347,0.808,0.000518,0.357,0.207,201.665,4
07y8GduzsusbQFtXbnRlDx,White Line Fever,4,1,7Lf3LOZp3U3u2f6cWMd3AH,Paul Weller,1n9CQ6OBmGzVBHkWuByfQh,Find El Dorado,album,2025-07-25,191541,191.54,0,False,0.602,0.817,2,-7.209,1,0.0314,0.0932,0.000185,0.0975,0.732,126.091,4
1OkSUxLYdNHxJZh7nFYjXM,One Last Cold Kiss,5,1,7Lf3LOZp3U3u2f6cWMd3AH,Paul Weller,1n9CQ6OBmGzVBHkWuByfQh,Find El Dorado,album,2025-07-25,213596,213.6,0,False,0.375,0.45,0,-8.904,1,0.0331,0.707,2.13e-05,0.0895,0.392,173.926,4
2SuIf85IBwsU5WLJ6GYskG,When you are a King,6,1,7Lf3LOZp3U3u2f6cWMd3AH,Paul Weller,1n9CQ6OBmGzVBHkWuByfQh,Find El Dorado,album,2025-07-25,146903,146.9,0,False,0.548,0.428,8,-7.977,1,0.0266,0.687,0.0,0.0975,0.455,108.984,4
6w04OHz5LYYYaZtBRH57U0,Pinball,7,1,7Lf3LOZp3U3u2f6cWMd3AH,Paul Weller,1n9CQ6OBmGzVBHkWuByfQh,Find El Dorado,album,2025-07-25,187731,187.73,0,False,0.724,0.437,11,-9.125,0,0.0277,0.499,0.000857,0.0617,0.666,149.837,4
6V6KeRTiRIRauKbCY7eZQf,"Where There’s Smoke, There’s Fire",8,1,7Lf3LOZp3U3u2f6cWMd3AH,Paul Weller,1n9CQ6OBmGzVBHkWuByfQh,Find El Dorado,album,2025-07-25,192151,192.15,0,False,0.631,0.648,5,-8.926,0,0.0334,0.142,0.576,0.0574,0.802,157.01,4
5jx7MwLof9Ux9P5e6QtL9a,I Started a Joke,9,1,7Lf3LOZp3U3u2f6cWMd3AH,Paul Weller,1n9CQ6OBmGzVBHkWuByfQh,Find El Dorado,album,2025-07-25,257186,257.19,0,False,0.439,0.385,2,-8.114,1,0.0259,0.323,0.0139,0.127,0.285,82.532,3
5OAxkrLWBZlKZ9QymG2tQP,Never the Same,10,1,7Lf3LOZp3U3u2f6cWMd3AH,Paul Weller,1n9CQ6OBmGzVBHkWuByfQh,Find El Dorado,album,2025-07-25,187191,187.19,0,False,0.338,0.203,2,-13.755,0,0.038,0.929,0.00438,0.349,0.22,185.246,4
37EOSsf63Ik8FZEun49AUO,Lawdy Rolla,11,1,7Lf3LOZp3U3u2f6cWMd3AH,Paul Weller,1n9CQ6OBmGzVBHkWuByfQh,Find El Dorado,album,2025-07-25,242943,242.94,0,False,0.67,0.844,2,-8.25,1,0.0324,0.205,0.683,0.0601,0.938,136.859,4
5Z1hwqfnw8cGQByVO59aQa,Nobody’s Fool,12,1,7Lf3LOZp3U3u2f6cWMd3AH,Paul Weller,1n9CQ6OBmGzVBHkWuByfQh,Find El Dorado,album,2025-07-25,155018,155.02,0,False,0.505,0.377,10,-8.817,1,0.0271,0.737,4.49e-05,0.189,0.235,93.967,4
1hXmV2vRkANgYMPm8sjTpo,Journey,13,1,7Lf3LOZp3U3u2f6cWMd3AH,Paul Weller,1n9CQ6OBmGzVBHkWuByfQh,Find El Dorado,album,2025-07-25,186743,186.74,0,False,0.694,0.518,7,-11.104,1,0.0403,0.664,0.000108,0.11,0.556,121.058,4
0lgtsfq1BYzgsY8Sqd7u3A,Daltry Street,14,1,7Lf3LOZp3U3u2f6cWMd3AH,Paul Weller,1n9CQ6OBmGzVBHkWuByfQh,Find El Dorado,album,2025-07-25,222628,222.63,0,False,0.379,0.583,5,-7.372,1,0.0285,0.688,2.16e-06,0.141,0.547,192.106,4
3cDVAfkekSJDtutmmR9D2b,Clive’s Song,15,1,7Lf3LOZp3U3u2f6cWMd3AH,Paul Weller,1n9CQ6OBmGzVBHkWuByfQh,Find El Dorado,album,2025-07-25,243328,243.33,0,False,0.666,0.605,0,-8.419,1,0.033,0.161,0.0614,0.0912,0.148,99.951,4
1ITjbmn7VsA7EWYStcnmFW,My Lighthouse,1,1,36E7oYfz3LLRto6l2WmDcD,Pulp,0stBtK28A7JaZAyzOz39HY,It,album,1983-01-01,210773,210.77,0,False,0.398,0.552,4,-11.422,1,0.0341,0.337,0.0549,0.252,0.532,137.865,4
6IxxaTqEjzdQkEKKBufB0V,Wishful Thinking,2,1,36E7oYfz3LLRto6l2WmDcD,Pulp,0stBtK28A7JaZAyzOz39HY,It,album,1983-01-01,257173,257.17,0,False,0.494,0.389,5,-11.966,1,0.0296,0.0443,0.00993,0.147,0.154,126.988,4
0hpert0m9bKWptep31SZLs,Joking Aside,3,1,36E7oYfz3LLRto6l2WmDcD,Pulp,0stBtK28A7JaZAyzOz39HY,It,album,1983-01-01,260000,260.0,0,False,0.228,0.43,4,-14.076,1,0.0354,0.133,0.00135,0.144,0.355,179.036,3
5cFJmGy4os695UCV3RXnlp,Boats and Trains,4,1,36E7oYfz3LLRto6l2WmDcD,Pulp,0stBtK28A7JaZAyzOz39HY,It,album,1983-01-01,94213,94.21,0,False,0.438,0.403,9,-16.135,0,0.0322,0.441,0.878,0.364,0.584,125.881,4
16LOyX67qvcIzElbeEXCep,Blue Girls,5,1,36E7oYfz3LLRto6l2WmDcD,Pulp,0stBtK28A7JaZAyzOz39HY,It,album,1983-01-01,355733,355.73,0,False,0.294,0.173,10,-19.007,0,0.0393,0.814,0.000306,0.805,0.216,136.518,5
4w8hFcqY0FUM71gisvAyej,Love Love,6,1,36E7oYfz3LLRto6l2WmDcD,Pulp,0stBtK28A7JaZAyzOz39HY,It,album,1983-01-01,189426,189.43,0,False,0.539,0.569,0,-10.598,1,0.0305,0.304,0.463,0.175,0.69,135.393,4
60eRosuCBGOzeDGCaccPdM,In Many Ways,7,1,36E7oYfz3LLRto6l2WmDcD,Pulp,0stBtK28A7JaZAyzOz39HY,It,album,1983-01-01,166186,166.19,0,False,0.336,0.447,4,-13.057,1,0.0352,0.425,0.726,0.195,0.474,134.651,4
00RrHXEEzQqIWdPpPc6aFf,Looking for Life,8,1,36E7oYfz3LLRto6l2WmDcD,Pulp,0stBtK28A7JaZAyzOz39HY,It,album,1983-01-01,327386,327.39,0,False,0.228,0.609,9,-10.461,1,0.0339,0.379,0.893,0.468,0.232,125.635,4
3WLOJzErGH7JtQcbC2OPA0,Please Don't Worry,10,1,36E7oYfz3LLRto6l2WmDcD,Pulp,4BIb6cLvS3lpzw6DhkxyVn,It (2012) [Remastered],album,1983-04-18,203625,203.62,0,False,0.389,0.675,4,-8.271,1,0.0383,0.389,0.0,0.334,0.445,140.878,4
2jSPXAHBRZOeoDlPTdlVKi,Sink Or Swim,12,1,36E7oYfz3LLRto6l2WmDcD,Pulp,4BIb6cLvS3lpzw6DhkxyVn,It (2012) [Remastered],album,1983-04-18,242280,242.28,0,False,0.543,0.439,0,-11.109,1,0.0295,0.24,0.0265,0.129,0.757,125.833,4
0AAigTnpklPOAYZLcY7X11,Little Girl (With Blue Eyes),1,1,36E7oYfz3LLRto6l2WmDcD,Pulp,3UVRDd6NDSgB2af1iZLa8D,Masters Of The Universe: Pulp On Fire 1985-86,album,1986,208907,208.91,0,False,0.392,0.335,9,-13.348,1,0.0364,0.357,1.15e-05,0.105,0.168,101.566,4
03CHzMRBWYWNQHfUkHg5Cz,Simultaneous,2,1,36E7oYfz3LLRto6l2WmDcD,Pulp,3UVRDd6NDSgB2af1iZLa8D,Masters Of The Universe: Pulp On Fire 1985-86,album,1986,249227,249.23,0,False,0.257,0.17,7,-16.632,1,0.0285,0.0499,0.00216,0.27,0.19,94.629,4
6sS3Nfk4tTnPqHTSzfA5Bx,Blue Glow,3,1,36E7oYfz3LLRto6l2WmDcD,Pulp,3UVRDd6NDSgB2af1iZLa8D,Masters Of The Universe: Pulp On Fire 1985-86,album,1986,186000,186.0,0,False,0.43,0.268,2,-11.709,0,0.0392,0.0591,0.0269,0.112,0.48,111.38,4
3tAhoWpOJ7BJiDvxiKv2xm,The Will to Power,4,1,36E7oYfz3LLRto6l2WmDcD,Pulp,3UVRDd6NDSgB2af1iZLa8D,Masters Of The Universe: Pulp On Fire 1985-86,album,1986,205240,205.24,0,False,0.393,0.429,9,-12.142,1,0.0743,0.0829,0.234,0.0908,0.317,105.668,4
2keQF3Gs6OHEA4OvFuAyIn,Dogs Are Everywhere,5,1,36E7oYfz3LLRto6l2WmDcD,Pulp,3UVRDd6NDSgB2af1iZLa8D,Masters Of The Universe: Pulp On Fire 1985-86,album,1986,293933,293.93,0,False,0.416,0.344,4,-13.212,1,0.0282,0.459,0.0,0.0914,0.488,93.436,4
0cDrK6jOLX2LmafHuEteBE,The Mark Of The Devil,6,1,36E7oYfz3LLRto6l2WmDcD,Pulp,3UVRDd6NDSgB2af1iZLa8D,Masters Of The Universe: Pulp On Fire 1985-86,album,1986,276000,276.0,0,False,0.346,0.363,0,-11.99,1,0.0415,0.0427,0.000775,0.0414,0.553,137.341,4
0G3HjWiyh1WAt6c56kMhba,97 Lovers,7,1,36E7oYfz3LLRto6l2WmDcD,Pulp,3UVRDd6NDSgB2af1iZLa8D,Masters Of The Universe: Pulp On Fire 1985-86,album,1986,270400,270.4,0,False,0.171,0.106,5,-18.969,1,0.032,0.319,0.0,0.115,0.0515,77.888,3
4bG0aGuBJrxpdjCJndYRJF,Aborigine,8,1,36E7oYfz3LLRto6l2WmDcD,Pulp,3UVRDd6NDSgB2af1iZLa8D,Masters Of The Universe: Pulp On Fire 1985-86,album,1986,293293,293.29,0,False,0.5,0.388,5,-12.946,1,0.0332,0.49,0.0132,0.129,0.292,126.047,4
661abRgjmsVS2a0CZUJiF1,Goodnight,9,1,36E7oYfz3LLRto6l2WmDcD,Pulp,3UVRDd6NDSgB2af1iZLa8D,Masters Of The Universe: Pulp On Fire 1985-86,album,1986,308373,308.37,0,False,0.191,0.135,7,-18.439,1,0.0403,0.0228,0.00617,0.122,0.157,177.225,3
0tLnRAQUJ52jIJZBEy0vzx,They Suffocate At Night,10,1,36E7oYfz3LLRto6l2WmDcD,Pulp,3UVRDd6NDSgB2af1iZLa8D,Masters Of The Universe: Pulp On Fire 1985-86,album,1986,379400,379.4,0,False,0.373,0.631,10,-12.626,1,0.0285,0.0372,0.000135,0.143,0.307,101.173,4
0dKKoDhAE7Izb8TkBOVVTu,Tunnel,11,1,36E7oYfz3LLRto6l2WmDcD,Pulp,3UVRDd6NDSgB2af1iZLa8D,Masters Of The Universe: Pulp On Fire 1985-86,album,1986,493333,493.33,0,False,0.371,0.733,7,-11.091,0,0.14,0.145,0.21,0.226,0.225,137.648,4
4UZQEYpcBmGUT2wBIH2Ldi,Master Of The Universe,12,1,36E7oYfz3LLRto6l2WmDcD,Pulp,3UVRDd6NDSgB2af1iZLa8D,Masters Of The Universe: Pulp On Fire 1985-86,album,1986,203360,203.36,0,False,0.388,0.716,2,-12.406,0,0.0335,0.0158,3.45e-06,0.0568,0.679,126.682,4
6vMcOwEpRCrruapBcQoZzQ,Manon,13,1,36E7oYfz3LLRto6l2WmDcD,Pulp,3UVRDd6NDSgB2af1iZLa8D,Masters Of The Universe: Pulp On Fire 1985-86,album,1986,213573,213.57,0,False,0.256,0.238,5,-14.644,1,0.0354,0.359,0.00653,0.0616,0.0726,81.969,4
4f1wVpomWhrWKhhEbRyQBM,Fairground,1,1,36E7oYfz3LLRto6l2WmDcD,Pulp,3b0EU3LeJtJDUQAPXVFvEo,Freaks,album,1987-05-01,307466,307.47,0,False,0.254,0.486,4,-13.1,1,0.0381,0.283,0.0,0.151,0.244,91.934,3
5H3IFgwVJVIR9DnzBn9qCx,I Want You,2,1,36E7oYfz3LLRto6l2WmDcD,Pulp,3b0EU3LeJtJDUQAPXVFvEo,Freaks,album,1987-05-01,282320,282.32,0,False,0.376,0.509,4,-12.128,1,0.0604,0.262,0.0,0.274,0.467,95.517,4
3hfTHAmyxR0xBQnKr8FZlM,Being Followed Home,3,1,36E7oYfz3LLRto6l2WmDcD,Pulp,3b0EU3LeJtJDUQAPXVFvEo,Freaks,album,1987-05-01,363600,363.6,0,False,0.351,0.447,10,-13.129,1,0.0379,0.136,0.000116,0.0553,0.234,133.051,4
4JSNMPBbRXtHc6FYD1S5Ef,Life Must Be So Wonderful,5,1,36E7oYfz3LLRto6l2WmDcD,Pulp,3b0EU3LeJtJDUQAPXVFvEo,Freaks,album,1987-05-01,238826,238.83,0,False,0.471,0.237,9,-16.792,1,0.0426,0.198,0.0001,0.068,0.444,100.768,3
3jaqrXwZDQBQUBKm5BoAh1,There's No Emotion,6,1,36E7oYfz3LLRto6l2WmDcD,Pulp,3b0EU3LeJtJDUQAPXVFvEo,Freaks,album,1987-05-01,267626,267.63,0,False,0.408,0.408,7,-13.613,1,0.0395,0.338,0.0,0.286,0.261,99.366,4
6zSTBcdfTkSqZkbEbKrO93,Anorexic Beauty,7,1,36E7oYfz3LLRto6l2WmDcD,Pulp,3b0EU3LeJtJDUQAPXVFvEo,Freaks,album,1987-05-01,179546,179.55,0,False,0.565,0.319,9,-12.888,1,0.0367,0.375,3.2e-05,0.193,0.7,119.477,4
0karGviwp8mQzE6Vmjmtby,The Never Ending Story,8,1,36E7oYfz3LLRto6l2WmDcD,Pulp,3b0EU3LeJtJDUQAPXVFvEo,Freaks,album,1987-05-01,181173,181.17,0,False,0.319,0.45,9,-11.196,0,0.0419,0.149,0.0,0.256,0.578,82.51,3
0wCVHLjdG3AN3f7mnLaKab,Don't You Know,9,1,36E7oYfz3LLRto6l2WmDcD,Pulp,3b0EU3LeJtJDUQAPXVFvEo,Freaks,album,1987-05-01,249066,249.07,0,False,0.512,0.516,7,-12.222,1,0.0346,0.139,0.00212,0.115,0.675,127.258,4
3eYo71k7L4ZlzOfXxvjgYX,Death II,8,1,36E7oYfz3LLRto6l2WmDcD,Pulp,04MS6xuaTEJllBAeBYQ4Zl,Separations,album,1992-01-01,336133,336.13,31,True,0.715,0.553,2,-14.332,0,0.033,0.0395,0.0922,0.111,0.96,124.437,4
7CoOxqpbrXCxHSJEESOKVw,Countdown,6,1,36E7oYfz3LLRto6l2WmDcD,Pulp,04MS6xuaTEJllBAeBYQ4Zl,Separations,album,1992-01-01,281000,281.0,28,True,0.724,0.717,1,-11.569,1,0.0394,0.00101,0.015,0.0717,0.904,127.813,4
6p7mqhWs6DMMx6zY5j6mLj,Love Is Blind,1,1,36E7oYfz3LLRto6l2WmDcD,Pulp,04MS6xuaTEJllBAeBYQ4Zl,Separations,album,1992-01-01,345027,345.03,27,True,0.666,0.438,1,-14.554,1,0.0388,0.00373,0.0542,0.164,0.603,119.784,4
1VyDuU80SZN8kxcF36drdg,Don't You Want Me Anymore,2,1,36E7oYfz3LLRto6l2WmDcD,Pulp,04MS6xuaTEJllBAeBYQ4Zl,Separations,album,1992-01-01,232707,232.71,27,True,0.733,0.451,1,-14.686,1,0.039,0.0735,0.00155,0.188,0.728,121.053,4
0xKJHO6PTHIyqO1cnE7mNV,She's Dead,3,1,36E7oYfz3LLRto6l2WmDcD,Pulp,04MS6xuaTEJllBAeBYQ4Zl,Separations,album,1992-01-01,309067,309.07,27,True,0.563,0.336,9,-14.267,1,0.0232,0.0573,0.0901,0.198,0.396,82.786,4
033YDZwlgopNae29ip7gYO,My Legendary Girlfriend,7,1,36E7oYfz3LLRto6l2WmDcD,Pulp,04MS6xuaTEJllBAeBYQ4Zl,Separations,album,1992-01-01,411733,411.73,24,True,0.609,0.556,0,-15.44,1,0.0391,0.000124,0.52,0.123,0.75,129.658,4
4M7oOyjwcq8vySkFshx5dT,Separations,4,1,36E7oYfz3LLRto6l2WmDcD,Pulp,04MS6xuaTEJllBAeBYQ4Zl,Separations,album,1992-01-01,285267,285.27,18,True,0.311,0.485,2,-16.309,1,0.0952,0.211,0.000101,0.0718,0.152,160.991,3
5bVnPQD9WNNV4t8nos5Efe,Down by the River,5,1,36E7oYfz3LLRto6l2WmDcD,Pulp,04MS6xuaTEJllBAeBYQ4Zl,Separations,album,1992-01-01,219667,219.67,18,True,0.557,0.281,11,-16.345,0,0.0287,0.00847,0.00205,0.153,0.315,106.501,3
57sdy5p4mjolfychP43eF2,This House Is Condemned,9,1,36E7oYfz3LLRto6l2WmDcD,Pulp,04MS6xuaTEJllBAeBYQ4Zl,Separations,album,1992-01-01,472800,472.8,16,True,0.727,0.616,7,-19.162,1,0.0518,0.00155,0.352,0.0693,0.727,119.734,4
4j3obTRIyR7QzvdeQz9vaO,Babies,5,1,36E7oYfz3LLRto6l2WmDcD,Pulp,2HyDLO6tHAOx2QiQr9RLCf,His N Hers,album,1994-04-18,244827,244.83,59,False,0.302,0.854,2,-6.619,1,0.0757,0.102,1.45e-06,0.0835,0.589,156.278,4
0txLC5NA64M8siGn3mnET0,Do You Remember The First Time?,8,1,36E7oYfz3LLRto6l2WmDcD,Pulp,2HyDLO6tHAOx2QiQr9RLCf,His N Hers,album,1994-04-18,262827,262.83,58,False,0.404,0.902,7,-5.685,0,0.0468,0.0431,0.0,0.119,0.231,131.894,4
1h9GNQ3aCkQyMAaM40a5xU,Lipgloss,2,1,36E7oYfz3LLRto6l2WmDcD,Pulp,2HyDLO6tHAOx2QiQr9RLCf,His N Hers,album,1994-04-18,214533,214.53,44,False,0.296,0.939,0,-4.893,1,0.061,0.114,5.45e-05,0.0736,0.466,135.178,4
1pWNYcXIr97LPoYyrg4gNz,Pink Glove,9,1,36E7oYfz3LLRto6l2WmDcD,Pulp,2HyDLO6tHAOx2QiQr9RLCf,His N Hers,album,1994-04-18,286707,286.71,40,False,0.558,0.659,1,-6.553,1,0.045,0.0812,3.38e-05,0.125,0.19,129.957,4
4tvQNzT0gpfENRbW0abkit,Have You Seen Her Lately?,4,1,36E7oYfz3LLRto6l2WmDcD,Pulp,2HyDLO6tHAOx2QiQr9RLCf,His N Hers,album,1994-04-18,251307,251.31,36,False,0.285,0.697,5,-7.626,1,0.0384,0.0327,0.00016,0.15,0.216,121.963,4
2F7YEAkDRGuPNX2WdIEIuo,Joyriders,1,1,36E7oYfz3LLRto6l2WmDcD,Pulp,2HyDLO6tHAOx2QiQr9RLCf,His N Hers,album,1994-04-18,205293,205.29,34,False,0.316,0.692,0,-6.1,1,0.0337,0.0901,3.41e-05,0.374,0.311,102.209,4
5mJTv6ZRyjLdzSwMirJ7qS,Acrylic Afternoons,3,1,36E7oYfz3LLRto6l2WmDcD,Pulp,2HyDLO6tHAOx2QiQr9RLCf,His N Hers,album,1994-04-18,249400,249.4,34,False,0.551,0.699,9,-9.541,0,0.085,0.00046,0.000963,0.149,0.293,143.331,4
1IO8AA2cSPTPG8HpFiHPHr,She's A Lady,6,1,36E7oYfz3LLRto6l2WmDcD,Pulp,2HyDLO6tHAOx2QiQr9RLCf,His N Hers,album,1994-04-18,349267,349.27,32,False,0.565,0.803,11,-7.434,1,0.0603,0.0366,0.00461,0.151,0.241,125.733,4
3ZC8rTabR4E2S4s8LEQsEa,Someone Like The Moon,10,1,36E7oYfz3LLRto6l2WmDcD,Pulp,2HyDLO6tHAOx2QiQr9RLCf,His N Hers,album,1994-04-18,257773,257.77,32,False,0.164,0.384,0,-10.221,1,0.036,0.00116,0.0475,0.135,0.0549,78.691,1
5yjKWD8yEufEzUQrQhr0CI,Happy Endings,7,1,36E7oYfz3LLRto6l2WmDcD,Pulp,2HyDLO6tHAOx2QiQr9RLCf,His N Hers,album,1994-04-18,297707,297.71,31,False,0.3,0.637,2,-7.641,1,0.031,0.0723,0.0,0.0885,0.231,90.486,4
5j2W9gvoVQ7gtiPSJSQ2MF,Seconds,8,2,36E7oYfz3LLRto6l2WmDcD,Pulp,2HyDLO6tHAOx2QiQr9RLCf,His N Hers,album,1994-04-18,259000,259.0,30,False,0.485,0.719,9,-6.791,0,0.0379,0.0144,1.55e-05,0.157,0.324,145.947,4
2QAwomxTvAFtwvPsmD2uPZ,His 'N' Hers,9,2,36E7oYfz3LLRto6l2WmDcD,Pulp,2HyDLO6tHAOx2QiQr9RLCf,His N Hers,album,1994-04-18,377800,377.8,29,False,0.494,0.571,4,-8.83,0,0.034,0.00801,0.0226,0.0633,0.277,122.809,4
67emeXGAacTijR3Nm8OoQX,David's Last Summer,11,1,36E7oYfz3LLRto6l2WmDcD,Pulp,2HyDLO6tHAOx2QiQr9RLCf,His N Hers,album,1994-04-18,421000,421.0,26,False,0.468,0.706,9,-10.553,1,0.0354,0.0629,0.704,0.353,0.255,134.843,4
6J577haIPgzkWrJLl6TIbQ,Your Sister's Clothes,7,2,36E7oYfz3LLRto6l2WmDcD,Pulp,2HyDLO6tHAOx2QiQr9RLCf,His N Hers,album,1994-04-18,279373,279.37,24,False,0.511,0.837,9,-5.726,0,0.0361,0.0535,0.0,0.231,0.486,129.751,4
4FcEx7SpUp5ZBMZDF3W2ga,Street Lites,10,2,36E7oYfz3LLRto6l2WmDcD,Pulp,2HyDLO6tHAOx2QiQr9RLCf,His N Hers,album,1994-04-18,355040,355.04,22,False,0.343,0.559,0,-9.837,1,0.0371,0.0444,2.96e-05,0.1,0.151,140.365,4
6Urn3aYEf7jUYGZz5L3IlX,Deep Fried In Kelvin,13,2,36E7oYfz3LLRto6l2WmDcD,Pulp,2HyDLO6tHAOx2QiQr9RLCf,His N Hers,album,1994-04-18,588840,588.84,20,False,0.555,0.678,4,-11.983,0,0.042,0.051,0.508,0.0606,0.528,136.607,4
7lYHgP2IF4gW7inUnz7oPF,The Babysitter,12,2,36E7oYfz3LLRto6l2WmDcD,Pulp,2HyDLO6tHAOx2QiQr9RLCf,His N Hers,album,1994-04-18,298507,298.51,18,False,0.17,0.698,0,-8.135,1,0.0319,0.00681,0.083,0.0863,0.119,176.851,4
0TnjxMTTsCKoqxkuNp43A6,Mis-Shapes,1,1,36E7oYfz3LLRto6l2WmDcD,Pulp,2buT9KOxv0C805HkEUIQtu,Different Class,album,1995-10-30,226560,226.56,0,False,0.322,0.86,2,-6.719,1,0.0628,0.0162,0.0,0.462,0.679,147.313,4
1CBxPOi1iHFlPRjNWmHUJx,Pencil Skirt,2,1,36E7oYfz3LLRto6l2WmDcD,Pulp,2buT9KOxv0C805HkEUIQtu,Different Class,album,1995-10-30,191307,191.31,0,False,0.49,0.504,7,-10.807,1,0.0315,0.0347,0.000821,0.349,0.528,97.16,4
0TVDr7WHHQeeRrNOwO82xJ,Common People,3,1,36E7oYfz3LLRto6l2WmDcD,Pulp,2buT9KOxv0C805HkEUIQtu,Different Class,album,1995-10-30,351693,351.69,0,False,0.318,0.785,0,-9.089,1,0.0385,0.00623,5.92e-05,0.0742,0.527,144.741,4
4lp1N0qlUTjksByHpyTx3c,I Spy,4,1,36E7oYfz3LLRto6l2WmDcD,Pulp,2buT9KOxv0C805HkEUIQtu,Different Class,album,1995-10-30,355200,355.2,0,False,0.523,0.863,8,-8.13,1,0.0552,0.00137,0.069,0.0797,0.183,129.923,4
3O0ZuqmDLb6ph2PVg6SAKW,Disco 2000,5,1,36E7oYfz3LLRto6l2WmDcD,Pulp,2buT9KOxv0C805HkEUIQtu,Different Class,album,1995-10-30,273573,273.57,0,False,0.563,0.905,7,-7.577,0,0.0679,0.0123,0.0,0.0553,0.553,133.053,4
6NbVXlNupkMJo8o2z4a9RB,Live Bed Show,6,1,36E7oYfz3LLRto6l2WmDcD,Pulp,2buT9KOxv0C805HkEUIQtu,Different Class,album,1995-10-30,209827,209.83,0,False,0.363,0.677,9,-9.088,0,0.0326,0.00371,2.04e-05,0.112,0.306,94.726,4
0LPSqhSlSwRrI1NiQB6g8M,Something Changed,7,1,36E7oYfz3LLRto6l2WmDcD,Pulp,2buT9KOxv0C805HkEUIQtu,Different Class,album,1995-10-30,198600,198.6,0,False,0.514,0.682,7,-8.252,1,0.0312,0.0237,0.00955,0.289,0.359,120.562,4
6LrJSqwwIYTixohW1MQapR,Sorted For E's & Wizz,8,1,36E7oYfz3LLRto6l2WmDcD,Pulp,2buT9KOxv0C805HkEUIQtu,Different Class,album,1995-10-30,227840,227.84,0,False,0.53,0.775,0,-9.449,1,0.0559,0.246,2.02e-06,0.357,0.505,93.825,4
1Y8tpQQYYHIU4AGFcJpuON,F.E.E.L.I.N.G.C.A.L.L.E.D.L.O.V.E.,9,1,36E7oYfz3LLRto6l2WmDcD,Pulp,2buT9KOxv0C805HkEUIQtu,Different Class,album,1995-10-30,361360,361.36,0,False,0.397,0.534,9,-10.424,0,0.0463,0.0145,0.00375,0.0816,0.457,136.401,4
0KUHs6stBOi1qqsy1JIjJ6,Underwear,10,1,36E7oYfz3LLRto6l2WmDcD,Pulp,2buT9KOxv0C805HkEUIQtu,Different Class,album,1995-10-30,246307,246.31,0,False,0.277,0.633,9,-9.448,1,0.0311,0.115,2.8e-06,0.117,0.211,96.646,4
0YFCp9QdGMJ6KvrCnqKNQs,Monday Morning,11,1,36E7oYfz3LLRto6l2WmDcD,Pulp,2buT9KOxv0C805HkEUIQtu,Different Class,album,1995-10-30,258392,258.39,0,False,0.354,0.698,6,-7.931,0,0.0375,0.000487,0.116,0.0854,0.734,147.301,4
0iLtR3vw6oAbkRgf0Va7q4,Bar Italia,12,1,36E7oYfz3LLRto6l2WmDcD,Pulp,2buT9KOxv0C805HkEUIQtu,Different Class,album,1995-10-30,222333,222.33,0,False,0.47,0.552,5,-7.868,1,0.0401,0.403,2.17e-05,0.169,0.14,124.005,1
2TI7jHYVbAqumEm7LHgPo0,Mile End,2,2,36E7oYfz3LLRto6l2WmDcD,Pulp,1W0fmt3UzzyxvzRqvHoNFw,Different Class / Deluxe Edition,album,1995-10-30,270800,270.8,0,False,0.605,0.775,5,-8.909,1,0.0412,0.141,0.000472,0.0918,0.406,98.361,4
4uQNtydi3dzeVqUdgNfEUA,P.T.A. - Parent Teacher Association,3,2,36E7oYfz3LLRto6l2WmDcD,Pulp,1W0fmt3UzzyxvzRqvHoNFw,Different Class / Deluxe Edition,album,1995-10-30,195773,195.77,0,False,0.442,0.864,7,-5.536,1,0.0373,0.0294,2.11e-05,0.355,0.819,152.032,4
1weJOlBVEf3VaAlGNuRpdD,Whiskey In The Jar,9,2,36E7oYfz3LLRto6l2WmDcD,Pulp,1W0fmt3UzzyxvzRqvHoNFw,Different Class / Deluxe Edition,album,1995-10-30,287267,287.27,0,False,0.398,0.746,4,-7.723,0,0.0502,0.357,3.54e-05,0.679,0.437,124.818,4
0EYvyoSfbjHE6OLGXLH86F,Death Goes To The Disco,2,1,36E7oYfz3LLRto6l2WmDcD,Pulp,4qrpudPKkYJbb4KdpN9k9G,Countdown: 1992-1983,album,1996-06-03,343067,343.07,0,False,0.796,0.718,0,-13.049,1,0.0416,0.00414,0.309,0.219,0.655,110.399,4
6NDeYUp2bn6ywQX7B4hnsb,This Is Hardcore,5,1,36E7oYfz3LLRto6l2WmDcD,Pulp,32T4VUVJCN17nA2uybRRon,This Is Hardcore,album,1998-03-30,385080,385.08,32,False,0.391,0.444,9,-10.102,0,0.0246,0.00554,0.00126,0.149,0.106,77.18,4
3RcSVRMoqd6H6MKOP9YQqd,Like A Friend,13,1,36E7oYfz3LLRto6l2WmDcD,Pulp,32T4VUVJCN17nA2uybRRon,This Is Hardcore,album,1998-03-30,272040,272.04,31,False,0.315,0.517,5,-9.861,1,0.0437,0.0336,0.00023,0.252,0.353,114.719,4
6CB9dEcJawIBQBw1UTGfUc,The Fear,1,1,36E7oYfz3LLRto6l2WmDcD,Pulp,32T4VUVJCN17nA2uybRRon,This Is Hardcore,album,1998-03-30,335000,335.0,26,False,0.156,0.738,9,-9.407,0,0.0358,0.0573,0.107,0.141,0.36,175.916,4
5VB2IkFHOX70DjPDHijkxb,Dishes,2,1,36E7oYfz3LLRto6l2WmDcD,Pulp,32T4VUVJCN17nA2uybRRon,This Is Hardcore,album,1998-03-30,210027,210.03,26,False,0.456,0.248,0,-14.095,1,0.0276,0.381,0.00147,0.111,0.408,84.025,4
6v90ogq4aY6xoM4pY8nwzw,Help The Aged,4,1,36E7oYfz3LLRto6l2WmDcD,Pulp,32T4VUVJCN17nA2uybRRon,This Is Hardcore,album,1998-03-30,268887,268.89,26,False,0.293,0.588,7,-9.399,1,0.0374,0.115,5.48e-06,0.0921,0.368,88.154,4
77knlhpQqHNqHu8AjUySY8,A Little Soul,7,1,36E7oYfz3LLRto6l2WmDcD,Pulp,32T4VUVJCN17nA2uybRRon,This Is Hardcore,album,1998-03-30,199733,199.73,24,False,0.643,0.457,7,-11.347,1,0.0324,0.159,0.00255,0.264,0.515,96.005,4
4tBkCVE4ilmUG8fo7GVlr6,I'm A Man,8,1,36E7oYfz3LLRto6l2WmDcD,Pulp,32T4VUVJCN17nA2uybRRon,This Is Hardcore,album,1998-03-30,299973,299.97,24,False,0.458,0.845,4,-8.796,1,0.0359,0.0602,6.07e-05,0.105,0.54,95.616,4
7cc2gARncEvBqP4Zxj67E4,Party Hard,3,1,36E7oYfz3LLRto6l2WmDcD,Pulp,32T4VUVJCN17nA2uybRRon,This Is Hardcore,album,1998-03-30,240440,240.44,23,False,0.495,0.924,7,-9.4,1,0.0487,0.00181,0.545,0.144,0.498,124.003,4
4rZv2kWueiHpTnF5BRIjUy,Seductive Barry,9,1,36E7oYfz3LLRto6l2WmDcD,Pulp,32T4VUVJCN17nA2uybRRon,This Is Hardcore,album,1998-03-30,511467,511.47,23,False,0.496,0.472,2,-12.997,1,0.0275,0.0447,0.423,0.103,0.295,95.0,4
0MOCejwDcm1V6JdCeobiYR,Sylvia,10,1,36E7oYfz3LLRto6l2WmDcD,Pulp,32T4VUVJCN17nA2uybRRon,This Is Hardcore,album,1998-03-30,344400,344.4,22,False,0.322,0.551,4,-10.177,1,0.0301,0.0045,3.03e-06,0.191,0.206,93.546,4
5zo4UAqQ7hnFmwbwNqEccV,Glory Days,11,1,36E7oYfz3LLRto6l2WmDcD,Pulp,32T4VUVJCN17nA2uybRRon,This Is Hardcore,album,1998-03-30,295400,295.4,22,False,0.529,0.809,7,-9.876,1,0.0411,0.0112,0.00185,0.0569,0.448,133.011,4
23v2HwDsIJExxPQd7qh02A,TV Movie,6,1,36E7oYfz3LLRto6l2WmDcD,Pulp,32T4VUVJCN17nA2uybRRon,This Is Hardcore,album,1998-03-30,205293,205.29,21,False,0.382,0.283,7,-14.173,1,0.0394,0.45,0.000513,0.101,0.161,86.993,4
2VLs1V9IP8JkhZWCtQHnj1,The Day After The Revolution,12,1,36E7oYfz3LLRto6l2WmDcD,Pulp,32T4VUVJCN17nA2uybRRon,This Is Hardcore,album,1998-03-30,352160,352.16,21,False,0.402,0.732,6,-8.949,1,0.0333,0.000417,0.000589,0.128,0.269,112.262,4
6sAEtisNgrA84IdPtwYJbO,Cocaine Socialism,1,2,36E7oYfz3LLRto6l2WmDcD,Pulp,2hf0aTKqdxsobNVda2vvUz,This Is Hardcore Deluxe Edition (2 CD ),album,1998-03-30,313533,313.53,0,False,0.539,0.949,7,-6.153,1,0.0841,0.00103,0.0142,0.171,0.332,133.041,4
0cHm9kszj5trfP73Ah6dL1,The Professional,4,2,36E7oYfz3LLRto6l2WmDcD,Pulp,2hf0aTKqdxsobNVda2vvUz,This Is Hardcore Deluxe Edition (2 CD ),album,1998-03-30,309493,309.49,0,False,0.418,0.542,9,-11.751,1,0.12,0.000683,0.0807,0.0701,0.566,181.094,4
52Bw3bS9aWmrlUgjoAZdF1,Ladies' Man,5,2,36E7oYfz3LLRto6l2WmDcD,Pulp,2hf0aTKqdxsobNVda2vvUz,This Is Hardcore Deluxe Edition (2 CD ),album,1998-03-30,283373,283.37,0,False,0.71,0.4,9,-12.113,0,0.0483,0.365,0.799,0.0894,0.462,118.924,4
62i9xKIHQ4lBZZld4CpF0b,Laughing Boy,6,2,36E7oYfz3LLRto6l2WmDcD,Pulp,2hf0aTKqdxsobNVda2vvUz,This Is Hardcore Deluxe Edition (2 CD ),album,1998-03-30,228707,228.71,0,False,0.552,0.25,0,-14.158,1,0.0275,0.0187,0.00241,0.0982,0.321,70.048,4
2oEECCEcxqEto4KRMDU2tF,We Are The Boys,7,2,36E7oYfz3LLRto6l2WmDcD,Pulp,2hf0aTKqdxsobNVda2vvUz,This Is Hardcore Deluxe Edition (2 CD ),album,1998-03-30,192067,192.07,0,False,0.347,0.935,4,-4.739,1,0.114,0.00876,0.000223,0.441,0.24,149.902,4
4J9fgzcMHOQe3TfG6wLqMg,Tomorrow Never Lies,8,2,36E7oYfz3LLRto6l2WmDcD,Pulp,2hf0aTKqdxsobNVda2vvUz,This Is Hardcore Deluxe Edition (2 CD ),album,1998-03-30,291000,291.0,0,False,0.13,0.81,4,-6.74,1,0.06,0.02,0.0,0.12,0.36,175.02,4
2YnnLjMC8xTCH9ikzY63NN,The Trees,4,1,36E7oYfz3LLRto6l2WmDcD,Pulp,07Ho17MqU3WH5BCOcHXufz,We Love Life,album,2001-01-01,292453,292.45,19,False,0.477,0.621,6,-6.504,1,0.0243,0.000249,2.33e-05,0.0954,0.253,109.987,4
5D3qROnMqiZLL4LotIiHtA,Bad Cover Version,9,1,36E7oYfz3LLRto6l2WmDcD,Pulp,07Ho17MqU3WH5BCOcHXufz,We Love Life,album,2001-01-01,258960,258.96,18,False,0.259,0.608,2,-6.375,1,0.0272,0.00937,0.0,0.0778,0.337,179.671,4
1Zq2kaj7ZJ4rx4XvpK5zZz,Birds In Your Garden,7,1,36E7oYfz3LLRto6l2WmDcD,Pulp,07Ho17MqU3WH5BCOcHXufz,We Love Life,album,2001-01-01,254667,254.67,16,False,0.362,0.518,7,-7.603,1,0.0336,0.125,8.56e-05,0.11,0.115,94.64,4
2cjkj9iaZ13YrB0q2rbFTi,Sunrise,11,1,36E7oYfz3LLRto6l2WmDcD,Pulp,07Ho17MqU3WH5BCOcHXufz,We Love Life,album,2001-01-01,356827,356.83,14,False,0.259,0.605,2,-5.943,1,0.0331,0.00483,0.549,0.08,0.0438,133.529,5
3i3Z98bJjTihG4N5flBjiM,Weeds,1,1,36E7oYfz3LLRto6l2WmDcD,Pulp,07Ho17MqU3WH5BCOcHXufz,We Love Life,album,2001-01-01,223893,223.89,12,False,0.145,0.82,7,-4.393,1,0.0481,0.000955,0.0,0.25,0.407,174.068,4
4YuYYujW5QassRbpykoR5E,The Night That Minnie Timperley Died,3,1,36E7oYfz3LLRto6l2WmDcD,Pulp,07Ho17MqU3WH5BCOcHXufz,We Love Life,album,2001-01-01,282147,282.15,8,False,0.536,0.864,2,-5.216,1,0.0404,0.00415,0.0,0.214,0.568,93.001,4
3GGhd9ifONnwPZhtrnAbls,Wickerman,5,1,36E7oYfz3LLRto6l2WmDcD,Pulp,07Ho17MqU3WH5BCOcHXufz,We Love Life,album,2001-01-01,501053,501.05,8,False,0.334,0.661,4,-8.482,0,0.0424,0.0226,0.00164,0.333,0.133,116.101,4
3fO3PkYur0T4KpsbobfV5s,Bob Lind (The Only Way Is Down),8,1,36E7oYfz3LLRto6l2WmDcD,Pulp,07Ho17MqU3WH5BCOcHXufz,We Love Life,album,2001-01-01,257253,257.25,8,False,0.286,0.773,2,-4.47,1,0.0324,0.0013,0.0,0.0893,0.301,131.642,4
5zgvODYDS8PNgsDDdXIyUT,I Love Life,6,1,36E7oYfz3LLRto6l2WmDcD,Pulp,07Ho17MqU3WH5BCOcHXufz,We Love Life,album,2001-01-01,334133,334.13,7,False,0.231,0.552,1,-6.161,0,0.0287,0.00762,0.000219,0.252,0.113,87.156,4
0R0OFra7VeWG9wLVxnPb9E,Roadkill,10,1,36E7oYfz3LLRto6l2WmDcD,Pulp,07Ho17MqU3WH5BCOcHXufz,We Love Life,album,2001-01-01,257893,257.89,6,False,0.32,0.139,5,-13.305,1,0.0287,0.773,0.0133,0.107,0.0467,88.618,4
7h69ev9ZHGs7krGVT63iW6,Yesterday,12,1,36E7oYfz3LLRto6l2WmDcD,Pulp,07Ho17MqU3WH5BCOcHXufz,We Love Life,album,2001-01-01,234027,234.03,5,False,0.486,0.629,11,-9.528,1,0.0249,0.00157,0.524,0.0962,0.379,92.185,4
3oAT7mLfu3p3F2iZ1H1CG3,Forever In My Dreams,13,1,36E7oYfz3LLRto6l2WmDcD,Pulp,07Ho17MqU3WH5BCOcHXufz,We Love Life,album,2001-01-01,263360,263.36,5,False,0.425,0.475,0,-9.89,1,0.0335,0.459,0.0,0.0548,0.325,216.166,4
2Zc1HjfnmobygsHyNSPYtU,Turkey Mambo Momma - John Peel 07/11/81,1,1,36E7oYfz3LLRto6l2WmDcD,Pulp,3uEw8r5i8KPjg0d4VUdQNP,The John Peel Sessions (BBC Version),album,2006-10-23,173600,173.6,0,False,0.505,0.927,9,-6.134,1,0.22,0.0927,1.28e-05,0.0851,0.96,164.593,4
3ydzAhDRpJbvyG9CyoGhtS,Refuse To Be Blind - John Peel 07/11/81,4,1,36E7oYfz3LLRto6l2WmDcD,Pulp,3uEw8r5i8KPjg0d4VUdQNP,The John Peel Sessions (BBC Version),album,2006-10-23,265933,265.93,0,False,0.366,0.864,2,-7.889,1,0.104,0.0712,0.0143,0.119,0.428,94.61,4
28Pgg5ucPVw6TbQV859EXZ,You're A Nightmare - John Peel 07/02.93,6,1,36E7oYfz3LLRto6l2WmDcD,Pulp,3uEw8r5i8KPjg0d4VUdQNP,The John Peel Sessions (BBC Version),album,2006-10-23,319467,319.47,0,False,0.378,0.528,0,-9.091,1,0.0347,0.205,1.89e-05,0.101,0.598,93.216,4
5eCEwajaTiJfLqaIfZdas2,Duck Diving - John Peel 12/08/01,14,1,36E7oYfz3LLRto6l2WmDcD,Pulp,3uEw8r5i8KPjg0d4VUdQNP,The John Peel Sessions (BBC Version),album,2006-10-23,394093,394.09,0,False,0.437,0.68,5,-8.992,1,0.0993,0.116,0.185,0.344,0.618,100.035,4
2WtG1vMY5H1aGresVwJ59Z,Theme From Peter Gunn - Kings College (John Peel) 11/10/01,1,2,36E7oYfz3LLRto6l2WmDcD,Pulp,3uEw8r5i8KPjg0d4VUdQNP,The John Peel Sessions (BBC Version),album,2006-10-23,246040,246.04,0,False,0.311,0.724,11,-7.269,0,0.0353,0.132,0.364,0.634,0.482,100.475,4
1c66APUihMSvbniRdka1Er,Spike Island,1,1,36E7oYfz3LLRto6l2WmDcD,Pulp,4et2xBFMKmsaWQPjlKTbG6,More,album,2025-06-06,282460,282.46,0,False,0.581,0.89,7,-5.58,1,0.037,0.0024,4.04e-05,0.0949,0.534,113.029,4
7uFif00qArtq2USCkQEGac,Tina,2,1,36E7oYfz3LLRto6l2WmDcD,Pulp,4et2xBFMKmsaWQPjlKTbG6,More,album,2025-06-06,212374,212.37,0,True,0.529,0.814,9,-4.876,0,0.0426,0.0264,1.77e-05,0.0912,0.328,116.487,4
6Uhe8b6DCz9a3UWCtioH1n,Grown Ups,3,1,36E7oYfz3LLRto6l2WmDcD,Pulp,4et2xBFMKmsaWQPjlKTbG6,More,album,2025-06-06,356181,356.18,0,False,0.71,0.595,11,-6.504,0,0.037,0.0633,1.02e-05,0.0748,0.59,130.034,4
7mnug6FnByIxbrvXYsJbCL,Slow Jam,4,1,36E7oYfz3LLRto6l2WmDcD,Pulp,4et2xBFMKmsaWQPjlKTbG6,More,album,2025-06-06,306933,306.93,0,False,0.654,0.463,0,-10.413,1,0.0323,0.0155,0.0465,0.0843,0.343,89.999,4
5fCPLcQyzDdkQx9ABomVBN,Farmers Market,5,1,36E7oYfz3LLRto6l2WmDcD,Pulp,4et2xBFMKmsaWQPjlKTbG6,More,album,2025-06-06,270288,270.29,0,False,0.2,0.385,0,-10.562,1,0.0466,0.183,0.0361,0.141,0.0632,73.875,1
2lGVqy4UBYTlKC6igDdXDb,My Sex,6,1,36E7oYfz3LLRto6l2WmDcD,Pulp,4et2xBFMKmsaWQPjlKTbG6,More,album,2025-06-06,265873,265.87,0,False,0.528,0.682,9,-5.817,0,0.0462,0.0224,0.0561,0.24,0.773,169.918,4
4Z6rhg5FOWidgYhJ2Masw6,Got to Have Love,7,1,36E7oYfz3LLRto6l2WmDcD,Pulp,4et2xBFMKmsaWQPjlKTbG6,More,album,2025-06-06,292229,292.23,0,True,0.536,0.888,9,-6.016,0,0.0536,8.73e-05,0.00578,0.0936,0.367,128.017,4
0hHE2ObOBkUDaeISIwt1sN,Background Noise,8,1,36E7oYfz3LLRto6l2WmDcD,Pulp,4et2xBFMKmsaWQPjlKTbG6,More,album,2025-06-06,221779,221.78,0,False,0.306,0.719,0,-6.806,1,0.034,0.00417,0.011,0.275,0.216,97.0,4
70JPdIveHLZ4rmckNtQALM,Partial Eclipse,9,1,36E7oYfz3LLRto6l2WmDcD,Pulp,4et2xBFMKmsaWQPjlKTbG6,More,album,2025-06-06,278871,278.87,0,False,0.187,0.386,5,-12.368,1,0.0285,0.437,0.719,0.12,0.125,84.746,4
4jfdT0MQ52Ap73scZDNNt5,The Hymn of the North,10,1,36E7oYfz3LLRto6l2WmDcD,Pulp,4et2xBFMKmsaWQPjlKTbG6,More,album,2025-06-06,340617,340.62,0,False,0.382,0.336,0,-9.633,1,0.0285,0.117,0.0232,0.0984,0.193,81.665,4
1zqpcS6DRz0xCDYKS6QNoI,A Sunset,11,1,36E7oYfz3LLRto6l2WmDcD,Pulp,4et2xBFMKmsaWQPjlKTbG6,More,album,2025-06-06,194278,194.28,0,False,0.515,0.418,0,-9.067,1,0.0267,0.381,0.000807,0.144,0.324,93.012,4
4QoJS0F5NAQ3xyLrODKi1Z,Dirty Soul,1,1,3iejrAcqxYoVgyxp6zkWgs,Shed Seven,099SQUrYKGVWJYEaraJ50j,Change Giver,album,1964-09-06,218093,218.09,0,False,0.532,0.837,9,-7.496,1,0.0456,0.00209,0.000756,0.0612,0.527,139.76,4
1VXnksZDs7ApvjtBUdkcep,Speakeasy,2,1,3iejrAcqxYoVgyxp6zkWgs,Shed Seven,099SQUrYKGVWJYEaraJ50j,Change Giver,album,1964-09-06,199760,199.76,0,False,0.5,0.807,9,-6.636,0,0.0405,0.000367,0.00101,0.0856,0.632,115.83,4
1sPM2o9MUALnUXXxosWRpl,Long Time Dead,3,1,3iejrAcqxYoVgyxp6zkWgs,Shed Seven,099SQUrYKGVWJYEaraJ50j,Change Giver,album,1964-09-06,230267,230.27,0,False,0.456,0.788,7,-6.997,1,0.043,0.0014,0.0,0.0983,0.379,140.869,4
5xUietf1G2lEDBuQo0EH2R,Head And Hands,4,1,3iejrAcqxYoVgyxp6zkWgs,Shed Seven,099SQUrYKGVWJYEaraJ50j,Change Giver,album,1964-09-06,238760,238.76,0,False,0.453,0.838,9,-7.272,1,0.0315,6.03e-05,0.01,0.0775,0.639,150.686,4
18B49bWOFO8UgStiamJ3NW,Casino Girl,5,1,3iejrAcqxYoVgyxp6zkWgs,Shed Seven,099SQUrYKGVWJYEaraJ50j,Change Giver,album,1964-09-06,238133,238.13,0,False,0.317,0.887,4,-6.41,1,0.0466,0.000991,0.0205,0.341,0.382,157.626,4
6TFZ8zGLcoumVWMR4GBk2i,Missing Out,6,1,3iejrAcqxYoVgyxp6zkWgs,Shed Seven,099SQUrYKGVWJYEaraJ50j,Change Giver,album,1964-09-06,192867,192.87,0,False,0.282,0.694,4,-9.726,1,0.0393,0.0123,0.000137,0.11,0.337,103.791,3
3SID4ogdbexydo6jLJhriq,Dolphin,7,1,3iejrAcqxYoVgyxp6zkWgs,Shed Seven,099SQUrYKGVWJYEaraJ50j,Change Giver,album,1964-09-06,217173,217.17,0,False,0.594,0.938,9,-7.503,1,0.0587,0.00184,0.000561,0.0904,0.854,125.661,4
1KVG50LE5XO8nkRoGjnW8p,Stars In Your Eyes,8,1,3iejrAcqxYoVgyxp6zkWgs,Shed Seven,099SQUrYKGVWJYEaraJ50j,Change Giver,album,1964-09-06,247067,247.07,0,False,0.345,0.791,4,-7.322,1,0.0428,0.00108,0.000303,0.0889,0.463,165.671,4
7HgslBE9t6AZwq9PBtwYwM,Mark,9,1,3iejrAcqxYoVgyxp6zkWgs,Shed Seven,099SQUrYKGVWJYEaraJ50j,Change Giver,album,1964-09-06,221440,221.44,0,False,0.472,0.942,2,-6.732,1,0.0712,0.000223,0.284,0.122,0.625,140.081,4
68XKHJiyZL3tSZy77trAiP,Ocean Pie,10,1,3iejrAcqxYoVgyxp6zkWgs,Shed Seven,099SQUrYKGVWJYEaraJ50j,Change Giver,album,1964-09-06,279773,279.77,0,False,0.478,0.68,7,-8.048,1,0.0296,0.00878,0.000204,0.45,0.382,137.806,4
67qsGCX8BEYy6m1yhr8Tzq,On An Island With You,11,1,3iejrAcqxYoVgyxp6zkWgs,Shed Seven,099SQUrYKGVWJYEaraJ50j,Change Giver,album,1964-09-06,495000,495.0,0,False,0.501,0.783,9,-7.584,1,0.0358,0.00152,0.0817,0.369,0.504,149.635,4
4IFC2bM8SquqQYOu9tiQ8C,Chasing Rainbows,10,1,3iejrAcqxYoVgyxp6zkWgs,Shed Seven,6CET3JYJyXlmfVLLQx2XeG,Let It Ride,album,1998-01-01,265133,265.13,53,False,0.202,0.853,4,-6.326,1,0.0475,0.0245,9.5e-05,0.143,0.37,100.625,4
5Yr6PtlymPSLry6Cjw6udV,She Left Me On Friday,6,1,3iejrAcqxYoVgyxp6zkWgs,Shed Seven,6CET3JYJyXlmfVLLQx2XeG,Let It Ride,album,1998-01-01,209333,209.33,30,False,0.456,0.966,9,-4.609,1,0.103,0.000651,0.0,0.112,0.568,101.74,4
2Jg0yO2Tc4I6QUoRzB3cBv,Devil In Your Shoes,5,1,3iejrAcqxYoVgyxp6zkWgs,Shed Seven,6CET3JYJyXlmfVLLQx2XeG,Let It Ride,album,1998-01-01,325533,325.53,25,False,0.176,0.75,10,-5.7,1,0.0325,0.0176,4.83e-06,0.119,0.473,173.3,4
50LAWuVkHBQV1xWRcAf8OA,The Heroes,3,1,3iejrAcqxYoVgyxp6zkWgs,Shed Seven,6CET3JYJyXlmfVLLQx2XeG,Let It Ride,album,1998-01-01,341733,341.73,21,False,0.297,0.752,6,-5.878,0,0.0472,0.0354,1.98e-05,0.227,0.345,108.351,3
6SZhua76SHvjmUCq7ZDHND,Let It Ride,2,1,3iejrAcqxYoVgyxp6zkWgs,Shed Seven,6CET3JYJyXlmfVLLQx2XeG,Let It Ride,album,1998-01-01,298200,298.2,17,False,0.433,0.949,4,-4.815,1,0.0614,0.000267,0.00386,0.125,0.567,115.931,4
2r96NHVbR1mpPr9ECzRYDc,Return,1,1,3iejrAcqxYoVgyxp6zkWgs,Shed Seven,6CET3JYJyXlmfVLLQx2XeG,Let It Ride,album,1998-01-01,387627,387.63,16,False,0.351,0.882,2,-6.78,1,0.053,0.00166,0.0193,0.145,0.151,98.469,4
0HUs077ep6YYMxwDmmuXTw,Halfway Home,4,1,3iejrAcqxYoVgyxp6zkWgs,Shed Seven,6CET3JYJyXlmfVLLQx2XeG,Let It Ride,album,1998-01-01,220573,220.57,14,False,0.439,0.853,2,-5.034,1,0.0333,0.015,1.21e-06,0.209,0.381,104.564,4
4ZO2zBggB9lXfDKv3k6ij2,A Hole,7,1,3iejrAcqxYoVgyxp6zkWgs,Shed Seven,6CET3JYJyXlmfVLLQx2XeG,Let It Ride,album,1998-01-01,250693,250.69,10,False,0.522,0.601,3,-9.994,1,0.0274,0.186,3.61e-05,0.11,0.65,104.253,4
3yFgYrCgdniO2NcZyA1aLx,Drink Your Love,8,1,3iejrAcqxYoVgyxp6zkWgs,Shed Seven,6CET3JYJyXlmfVLLQx2XeG,Let It Ride,album,1998-01-01,302507,302.51,10,False,0.235,0.811,4,-5.02,1,0.0444,0.0875,7.37e-05,0.401,0.549,128.014,4
50T04JUhBoR4pXFXH2z5jq,Goodbye,11,1,3iejrAcqxYoVgyxp6zkWgs,Shed Seven,6CET3JYJyXlmfVLLQx2XeG,Let It Ride,album,1998-01-01,134667,134.67,10,False,0.493,0.357,7,-10.831,1,0.0322,0.0569,0.0894,0.0847,0.336,151.352,4
3AxeNHUDtvbVFUzOe3lQG8,Stand Up And Be Counted,9,1,3iejrAcqxYoVgyxp6zkWgs,Shed Seven,6CET3JYJyXlmfVLLQx2XeG,Let It Ride,album,1998-01-01,290693,290.69,9,False,0.345,0.848,6,-5.568,0,0.0362,0.000619,0.000227,0.0953,0.584,82.901,4
2q1VaYfLyPur3bwZswF5o2,Going For Gold,1,1,3iejrAcqxYoVgyxp6zkWgs,Shed Seven,31ecsOgZxowxwp717fYqIu,Going For Gold,album,1999-01-01,267493,267.49,0,False,0.36,0.844,9,-4.847,1,0.0353,0.0171,0.348,0.0818,0.483,96.186,4
2CYNjxPqUrL3qX3pSOWau3,Disco Down,2,1,3iejrAcqxYoVgyxp6zkWgs,Shed Seven,31ecsOgZxowxwp717fYqIu,Going For Gold,album,1999-01-01,231240,231.24,0,False,0.585,0.933,7,-4.964,1,0.0694,0.0991,2.73e-06,0.247,0.537,113.777,4
38WTAMLrpHLQrPtPnYevD9,Getting Better,3,1,3iejrAcqxYoVgyxp6zkWgs,Shed Seven,31ecsOgZxowxwp717fYqIu,Going For Gold,album,1999-01-01,253160,253.16,0,False,0.31,0.967,2,-4.443,1,0.0774,3.88e-05,0.33,0.108,0.353,141.788,4
2feEO9UBGpyon2rEKUUa6x,On Standby,7,1,3iejrAcqxYoVgyxp6zkWgs,Shed Seven,31ecsOgZxowxwp717fYqIu,Going For Gold,album,1999-01-01,233200,233.2,0,False,0.412,0.896,1,-5.071,1,0.0521,0.00102,0.0427,0.141,0.511,128.628,4
035Pv9UaXBKm3SRnQ3oFHT,High Hopes,9,1,3iejrAcqxYoVgyxp6zkWgs,Shed Seven,31ecsOgZxowxwp717fYqIu,Going For Gold,album,1999-01-01,245600,245.6,0,False,0.28,0.655,5,-6.252,1,0.0365,0.36,7.4e-05,0.141,0.331,178.862,3
5itdVVvGftt7ms2q9lmgK6,Bully Boy,10,1,3iejrAcqxYoVgyxp6zkWgs,Shed Seven,31ecsOgZxowxwp717fYqIu,Going For Gold,album,1999-01-01,194360,194.36,0,False,0.351,0.944,7,-3.995,1,0.0738,0.000226,0.46,0.317,0.431,145.001,4
39z2EPOP2EapBLU7ddYC7g,Where Have You Been Tonight,12,1,3iejrAcqxYoVgyxp6zkWgs,Shed Seven,31ecsOgZxowxwp717fYqIu,Going For Gold,album,1999-01-01,224160,224.16,0,False,0.483,0.92,9,-4.492,0,0.06,0.00289,0.000735,0.088,0.651,103.965,4
1NbdxZt6aNBDGzgx9SQGDk,Wired For Sound,2,1,3iejrAcqxYoVgyxp6zkWgs,Shed Seven,0xAtsEa77Cnva1Nq5rr2pA,The Collection,album,2004-01-01,247493,247.49,0,False,0.342,0.821,0,-6.057,1,0.0402,0.0139,2.88e-06,0.0288,0.758,157.024,4
64aNJ4tMxfEUg0mRBXCZei,Bottom Upwards,3,1,3iejrAcqxYoVgyxp6zkWgs,Shed Seven,0xAtsEa77Cnva1Nq5rr2pA,The Collection,album,2004-01-01,268080,268.08,0,False,0.243,0.692,4,-6.023,1,0.0332,0.0168,0.0,0.288,0.483,174.251,4
4giXM1EAQ78xYKhZ7kXheS,Song Seven,4,1,3iejrAcqxYoVgyxp6zkWgs,Shed Seven,0xAtsEa77Cnva1Nq5rr2pA,The Collection,album,2004-01-01,193533,193.53,0,False,0.338,0.884,7,-4.64,1,0.0523,0.000458,0.00315,0.209,0.35,142.348,4
6iCCU6flui1GRlTEsUyLiM,Sleep Easy,5,1,3iejrAcqxYoVgyxp6zkWgs,Shed Seven,0xAtsEa77Cnva1Nq5rr2pA,The Collection,album,2004-01-01,203947,203.95,0,False,0.63,0.575,2,-9.094,1,0.0297,0.00377,0.000838,0.122,0.278,125.904,4
54dNBBZi5ixxz80dBcgdLz,Parallel Lines,8,1,3iejrAcqxYoVgyxp6zkWgs,Shed Seven,0xAtsEa77Cnva1Nq5rr2pA,The Collection,album,2004-01-01,523173,523.17,0,False,0.159,0.855,2,-6.281,1,0.0599,0.00296,0.147,0.349,0.308,159.246,4
2gYcfbQRp43BpFVMVhdbOU,Never Again,9,1,3iejrAcqxYoVgyxp6zkWgs,Shed Seven,0xAtsEa77Cnva1Nq5rr2pA,The Collection,album,2004-01-01,219360,219.36,0,False,0.472,0.906,9,-6.318,1,0.0471,0.00225,0.045,0.129,0.424,129.781,4
4AamwTvsH9eJZr5zgYeK8W,Only Dreaming,10,1,3iejrAcqxYoVgyxp6zkWgs,Shed Seven,0xAtsEa77Cnva1Nq5rr2pA,The Collection,album,2004-01-01,337893,337.89,0,False,0.455,0.843,9,-4.752,0,0.0334,0.000366,0.17,0.202,0.338,137.15,4
05NXJaKPsAmh4cYPxuA58G,Stepping On Hearts,11,1,3iejrAcqxYoVgyxp6zkWgs,Shed Seven,0xAtsEa77Cnva1Nq5rr2pA,The Collection,album,2004-01-01,217480,217.48,0,False,0.393,0.925,9,-4.279,1,0.059,0.000331,0.0,0.181,0.42,142.247,4
28369mUKEckiebRL0ow7vL,Happy Now,13,1,3iejrAcqxYoVgyxp6zkWgs,Shed Seven,0xAtsEa77Cnva1Nq5rr2pA,The Collection,album,2004-01-01,310960,310.96,0,False,0.368,0.748,5,-6.486,1,0.0401,0.00103,0.00712,0.302,0.469,123.188,4
1TkMrnmyQ82UzdUTq0zfhA,Dumb Scene,14,1,3iejrAcqxYoVgyxp6zkWgs,Shed Seven,0xAtsEa77Cnva1Nq5rr2pA,The Collection,album,2004-01-01,247253,247.25,0,False,0.31,0.869,4,-6.47,1,0.0536,0.00404,0.000136,0.134,0.624,122.074,4
3EFnegNgq9l0pPDV7EGAGl,Cry for Help,3,1,3iejrAcqxYoVgyxp6zkWgs,Shed Seven,4t9d2YI2uCkB4YTsRuT08C,Truth Be Told,album,2006-05-30,233733,233.73,19,False,0.382,0.761,9,-8.382,1,0.0354,0.0231,8.88e-05,0.211,0.524,94.662,4
6nET1BIt608sLMNjBUewoD,Thinking Again,4,1,3iejrAcqxYoVgyxp6zkWgs,Shed Seven,4t9d2YI2uCkB4YTsRuT08C,Truth Be Told,album,2006-05-30,220560,220.56,9,False,0.368,0.638,0,-7.156,1,0.0307,0.0585,0.000272,0.202,0.376,172.032,4
5AYDcWOxIuynJ2l1toNSE3,Eyes Before,2,1,3iejrAcqxYoVgyxp6zkWgs,Shed Seven,4t9d2YI2uCkB4YTsRuT08C,Truth Be Told,album,2006-05-30,245973,245.97,8,False,0.269,0.851,0,-8.085,1,0.0434,0.00987,0.000194,0.117,0.362,153.52,4
1WzKp2HYaxiMa8w3PWJKsL,If The Music Don't Move Yer,1,1,3iejrAcqxYoVgyxp6zkWgs,Shed Seven,4t9d2YI2uCkB4YTsRuT08C,Truth Be Told,album,2006-05-30,228160,228.16,7,False,0.27,0.947,2,-7.682,1,0.0812,0.000197,0.0889,0.0757,0.332,143.937,4
7cHYdzrTuTuw2KVbTJnFIe,Feathers,7,1,3iejrAcqxYoVgyxp6zkWgs,Shed Seven,4t9d2YI2uCkB4YTsRuT08C,Truth Be Told,album,2006-05-30,253267,253.27,7,False,0.482,0.715,4,-7.256,1,0.0272,0.0351,0.0,0.144,0.484,155.359,4
7LL5F0L6s9dNZiYdAi6pJv,Be Myself,5,1,3iejrAcqxYoVgyxp6zkWgs,Shed Seven,4t9d2YI2uCkB4YTsRuT08C,Truth Be Told,album,2006-05-30,178640,178.64,6,False,0.215,0.739,4,-7.35,0,0.0401,0.00342,0.000885,0.244,0.511,187.461,4
6H2buzzgckL85JLROalc4d,Laughter Lines,6,1,3iejrAcqxYoVgyxp6zkWgs,Shed Seven,4t9d2YI2uCkB4YTsRuT08C,Truth Be Told,album,2006-05-30,244133,244.13,4,False,0.355,0.529,7,-9.22,1,0.0285,0.131,0.00552,0.0878,0.125,151.786,4
0D2wP5OxPQVhoZ1JfJgdr5,Step Inside Your Love,11,1,3iejrAcqxYoVgyxp6zkWgs,Shed Seven,4t9d2YI2uCkB4YTsRuT08C,Truth Be Told,album,2006-05-30,317640,317.64,4,False,0.165,0.817,4,-7.713,1,0.0573,0.0111,0.0,0.442,0.373,196.387,4
1dwp035znMxp52rMI9ll6m,Never Felt So Cold,8,1,3iejrAcqxYoVgyxp6zkWgs,Shed Seven,4t9d2YI2uCkB4YTsRuT08C,Truth Be Told,album,2006-05-30,174627,174.63,3,False,0.43,0.902,2,-7.168,1,0.0449,0.00328,0.00447,0.124,0.431,111.491,4
4heMxyvGi4QYCCVWWWH9SI,To The Wind,9,1,3iejrAcqxYoVgyxp6zkWgs,Shed Seven,4t9d2YI2uCkB4YTsRuT08C,Truth Be Told,album,2006-05-30,207107,207.11,3,False,0.487,0.771,7,-8.692,1,0.0285,0.244,0.00015,0.097,0.571,102.352,3
0oFLM8ajZRn4SdIo8RPFbv,Love Equals,10,1,3iejrAcqxYoVgyxp6zkWgs,Shed Seven,4t9d2YI2uCkB4YTsRuT08C,Truth Be Told,album,2006-05-30,150227,150.23,3,False,0.166,0.665,11,-7.886,1,0.0425,0.0556,0.00178,0.106,0.64,198.998,4
3f4Us15GEqEO1OaoMcVcKY,Magic Streets,2,1,3iejrAcqxYoVgyxp6zkWgs,Shed Seven,4gxUFIOBuo8RiTGWRzsusW,A Maximum High (Re-Presents),album,2014-01-01,245213,245.21,22,False,0.282,0.94,2,-5.041,1,0.0825,5.63e-05,0.413,0.107,0.52,128.094,4
5T9EfObDULfyb4xhNmoFZG,Out By My Side,6,1,3iejrAcqxYoVgyxp6zkWgs,Shed Seven,4gxUFIOBuo8RiTGWRzsusW,A Maximum High (Re-Presents),album,2014-01-01,148013,148.01,21,False,0.517,0.539,7,-8.448,1,0.0249,0.203,0.0,0.125,0.496,97.979,1
2s1uvF9rbsQYYOcMfmHIJd,Lies,7,1,3iejrAcqxYoVgyxp6zkWgs,Shed Seven,4gxUFIOBuo8RiTGWRzsusW,A Maximum High (Re-Presents),album,2014-01-01,252307,252.31,18,False,0.355,0.915,4,-5.929,0,0.0571,0.00552,0.00583,0.261,0.246,107.51,4
2Fun7Bn7HqO38RUgkX4V8i,Ladyman,9,1,3iejrAcqxYoVgyxp6zkWgs,Shed Seven,4gxUFIOBuo8RiTGWRzsusW,A Maximum High (Re-Presents),album,2014-01-01,255773,255.77,18,False,0.553,0.765,4,-7.064,1,0.0268,0.00673,0.0679,0.102,0.696,114.081,4
5hXeDRM83lR0XXZRHq9gKX,This Day Was Ours,8,1,3iejrAcqxYoVgyxp6zkWgs,Shed Seven,4gxUFIOBuo8RiTGWRzsusW,A Maximum High (Re-Presents),album,2014-01-01,203147,203.15,16,False,0.464,0.948,9,-4.803,0,0.0892,0.000472,0.0935,0.184,0.516,143.499,4
1OTp8H48LAlti4lszIjygS,Falling From The Sky,10,1,3iejrAcqxYoVgyxp6zkWgs,Shed Seven,4gxUFIOBuo8RiTGWRzsusW,A Maximum High (Re-Presents),album,2014-01-01,235760,235.76,9,False,0.35,0.8,9,-4.478,1,0.0352,1.85e-05,0.0217,0.068,0.646,105.241,4
2ZBwEVC6xJLhqV89Wd5mmX,Immobilise,1,2,3iejrAcqxYoVgyxp6zkWgs,Shed Seven,5CR50zyPEsVgldmscjQvZV,Change Giver (Re-Presents),album,2014-01-01,200000,200.0,8,False,0.471,0.883,0,-6.018,1,0.0377,0.0014,0.000791,0.146,0.612,131.615,4
618nK1HVnBz0uJB6AgD6eC,Around Your House,2,2,3iejrAcqxYoVgyxp6zkWgs,Shed Seven,5CR50zyPEsVgldmscjQvZV,Change Giver (Re-Presents),album,2014-01-01,187840,187.84,8,False,0.487,0.929,4,-5.804,1,0.0604,0.00227,0.0247,0.0821,0.433,119.601,4
7sWgos0bOu1v5Vje2s4is1,Killing Time,1,2,3iejrAcqxYoVgyxp6zkWgs,Shed Seven,4gxUFIOBuo8RiTGWRzsusW,A Maximum High (Re-Presents),album,2014-01-01,258920,258.92,8,False,0.519,0.938,2,-5.957,1,0.039,0.00131,1.28e-05,0.108,0.508,110.078,4
1OwVIDpj74XQdCptaouG6s,This Is My House,2,2,3iejrAcqxYoVgyxp6zkWgs,Shed Seven,4gxUFIOBuo8RiTGWRzsusW,A Maximum High (Re-Presents),album,2014-01-01,153107,153.11,8,False,0.537,0.939,0,-4.259,1,0.0436,0.0217,1.4e-06,0.071,0.796,152.001,4
0fzBNwa4f3MyLsAgNZ7l9V,Mispent Youth,4,2,3iejrAcqxYoVgyxp6zkWgs,Shed Seven,2xfivIUwS4Sa2qLMnvmZWv,Let It Ride (Re-Presents),album,2014-01-01,211893,211.89,6,False,0.311,0.896,7,-4.874,1,0.0537,0.0096,0.0,0.144,0.355,117.01,4
3ksvr7rw3kRIx7EK9IVqGA,Swing My Wave,3,2,3iejrAcqxYoVgyxp6zkWgs,Shed Seven,4gxUFIOBuo8RiTGWRzsusW,A Maximum High (Re-Presents),album,2014-01-01,282080,282.08,6,False,0.593,0.863,9,-4.699,0,0.0306,0.0271,0.000442,0.334,0.675,134.985,4
5pmJp8NhgrGRy9wSdfGUKP,Barracuda,4,2,3iejrAcqxYoVgyxp6zkWgs,Shed Seven,4gxUFIOBuo8RiTGWRzsusW,A Maximum High (Re-Presents),album,2014-01-01,232227,232.23,6,False,0.617,0.628,2,-7.443,0,0.0285,0.0025,0.0522,0.0868,0.692,121.161,4
2hoGCSonvvOLyoCqQ6DMCU,Your Guess Is As Good As Mine,5,2,3iejrAcqxYoVgyxp6zkWgs,Shed Seven,5CR50zyPEsVgldmscjQvZV,Change Giver (Re-Presents),album,2014-01-01,186360,186.36,4,False,0.486,0.642,0,-6.781,1,0.0265,0.00326,0.00197,0.325,0.29,109.801,4
1DeI12PlYRNJ9wpVs1k6tP,The Skin I'm In,1,2,3iejrAcqxYoVgyxp6zkWgs,Shed Seven,2xfivIUwS4Sa2qLMnvmZWv,Let It Ride (Re-Presents),album,2014-01-01,167600,167.6,3,False,0.533,0.769,2,-6.195,1,0.0257,0.00161,0.301,0.0992,0.721,101.34,3
3cW37nTrSIktEa9CgvJuDb,In Command,2,2,3iejrAcqxYoVgyxp6zkWgs,Shed Seven,2xfivIUwS4Sa2qLMnvmZWv,Let It Ride (Re-Presents),album,2014-01-01,207720,207.72,2,False,0.383,0.898,1,-4.934,1,0.0492,0.00112,3.43e-06,0.179,0.64,142.737,4
5cY2esSzooK05mzNNYDnZ1,Sensitive,4,2,3iejrAcqxYoVgyxp6zkWgs,Shed Seven,5CR50zyPEsVgldmscjQvZV,Change Giver (Re-Presents),album,2014-01-01,260067,260.07,2,False,0.441,0.888,4,-6.069,1,0.0346,0.000475,0.0194,0.0939,0.527,143.788,4
1CVotBZElR6epjDOASXaIJ,Slinky Love Theme,5,2,3iejrAcqxYoVgyxp6zkWgs,Shed Seven,2xfivIUwS4Sa2qLMnvmZWv,Let It Ride (Re-Presents),album,2014-01-01,268040,268.04,1,False,0.544,0.815,11,-5.667,0,0.0628,0.00559,0.0,0.117,0.791,140.074,4
3Ca4mxgaxykTeT2fL41kxW,Room In My House,1,1,3iejrAcqxYoVgyxp6zkWgs,Shed Seven,1PArddp5dHsmCdp1F44lmi,Instant Pleasures,album,2017-11-10,306693,306.69,0,False,0.221,0.82,4,-5.866,1,0.0522,9.46e-06,0.00901,0.116,0.267,98.028,4
2S8kqrwRbxzyxxIGi9NllE,Nothing To Live Down,2,1,3iejrAcqxYoVgyxp6zkWgs,Shed Seven,1PArddp5dHsmCdp1F44lmi,Instant Pleasures,album,2017-11-10,238319,238.32,0,False,0.42,0.913,0,-5.44,1,0.0645,1.53e-05,1.9e-06,0.12,0.458,144.058,4
1B210nTcPS5XwuokqufUV0,It's Not Easy,3,1,3iejrAcqxYoVgyxp6zkWgs,Shed Seven,1PArddp5dHsmCdp1F44lmi,Instant Pleasures,album,2017-11-10,303410,303.41,0,False,0.189,0.696,9,-5.333,1,0.0455,0.00379,0.0,0.076,0.423,167.271,3
0uEttjcCuVnhJz7W3sxHs5,Said I'm Sorry,4,1,3iejrAcqxYoVgyxp6zkWgs,Shed Seven,1PArddp5dHsmCdp1F44lmi,Instant Pleasures,album,2017-11-10,256769,256.77,0,False,0.538,0.718,7,-5.941,1,0.0571,9.76e-05,0.000143,0.118,0.267,112.038,4
7w0m5faFyF2oc1cva3T6PT,Victoria,5,1,3iejrAcqxYoVgyxp6zkWgs,Shed Seven,1PArddp5dHsmCdp1F44lmi,Instant Pleasures,album,2017-11-10,227259,227.26,0,False,0.542,0.683,2,-5.847,1,0.0562,0.00376,0.0,0.0795,0.605,129.172,4
6IRBRuzTWfR9YTeYM7GjqA,Better Days,6,1,3iejrAcqxYoVgyxp6zkWgs,Shed Seven,1PArddp5dHsmCdp1F44lmi,Instant Pleasures,album,2017-11-10,245572,245.57,0,False,0.313,0.545,0,-5.579,1,0.0323,0.165,0.0,0.215,0.232,145.991,3
5NR9Vt8l7mjNkC3zaqIZ0y,Enemies And Friends,7,1,3iejrAcqxYoVgyxp6zkWgs,Shed Seven,1PArddp5dHsmCdp1F44lmi,Instant Pleasures,album,2017-11-10,267391,267.39,0,False,0.492,0.707,2,-7.581,1,0.041,1.28e-05,0.00599,0.142,0.0762,142.109,4
5RAsH1nrISC3W9md4TO8n8,Star Crossed Lovers,8,1,3iejrAcqxYoVgyxp6zkWgs,Shed Seven,1PArddp5dHsmCdp1F44lmi,Instant Pleasures,album,2017-11-10,233149,233.15,0,False,0.487,0.854,4,-5.519,1,0.0414,0.00018,4.6e-05,0.141,0.479,127.0,4
6H9xU60hB1KElMO0rWSaDV,Hang on,9,1,3iejrAcqxYoVgyxp6zkWgs,Shed Seven,1PArddp5dHsmCdp1F44lmi,Instant Pleasures,album,2017-11-10,316997,317.0,0,False,0.268,0.686,2,-6.079,1,0.0525,0.00202,0.0,0.106,0.295,155.137,3
6QUvNEX3Sd9NARHBqmuxqw,Butterfly On A Wheel,10,1,3iejrAcqxYoVgyxp6zkWgs,Shed Seven,1PArddp5dHsmCdp1F44lmi,Instant Pleasures,album,2017-11-10,240621,240.62,0,False,0.455,0.815,7,-5.481,1,0.0388,2.88e-05,0.0,0.0814,0.309,140.043,4
5VkdqfNr7mSYq0sjNwp84e,People Will Talk,11,1,3iejrAcqxYoVgyxp6zkWgs,Shed Seven,1PArddp5dHsmCdp1F44lmi,Instant Pleasures,album,2017-11-10,236230,236.23,0,False,0.463,0.874,9,-6.305,1,0.0474,3.65e-05,1.12e-05,0.118,0.542,101.0,4
6v2xac7Cz4uv0GmawNVWdd,Invincible,12,1,3iejrAcqxYoVgyxp6zkWgs,Shed Seven,1PArddp5dHsmCdp1F44lmi,Instant Pleasures,album,2017-11-10,238655,238.66,0,False,0.261,0.757,6,-6.215,0,0.0381,0.0019,0.0,0.151,0.361,174.061,4
6kHSCTkK1dMvY1ulT5DkyN,Talk of the Town,3,1,3iejrAcqxYoVgyxp6zkWgs,Shed Seven,1MubHea0GIiXMyvcZZ3lel,A Matter of Time,album,2024-01-05,266107,266.11,33,False,0.477,0.918,2,-5.774,1,0.0446,0.00104,0.0,0.0523,0.548,105.964,4
1zS5UyeWHy6QM4NxxZiTrM,Let's Go Dancing,4,1,3iejrAcqxYoVgyxp6zkWgs,Shed Seven,1MubHea0GIiXMyvcZZ3lel,A Matter of Time,album,2024-01-05,300560,300.56,29,False,0.338,0.78,6,-6.761,0,0.0533,0.0967,7.13e-06,0.0734,0.267,159.983,3
0thRcPOzyVj5UdMBo08RV6,In Ecstasy,5,1,3iejrAcqxYoVgyxp6zkWgs,Shed Seven,1MubHea0GIiXMyvcZZ3lel,A Matter of Time,album,2024-01-05,281840,281.84,24,False,0.459,0.96,9,-5.339,1,0.153,0.000599,2.18e-06,0.171,0.391,159.978,4
5dZ0bZdiuIVHU1gptUxJzC,Starlings,10,1,3iejrAcqxYoVgyxp6zkWgs,Shed Seven,1MubHea0GIiXMyvcZZ3lel,A Matter of Time,album,2024-01-05,303920,303.92,24,False,0.472,0.685,2,-7.717,0,0.0335,0.28,1.06e-05,0.0897,0.207,98.02,4
1dVYKimIL2LNZ060VMhX33,Throwaways,12,1,3iejrAcqxYoVgyxp6zkWgs,Shed Seven,1MubHea0GIiXMyvcZZ3lel,A Matter of Time,album,2024-01-05,371240,371.24,23,False,0.416,0.764,9,-6.089,1,0.0306,0.000171,0.00016,0.0957,0.413,135.996,4
119jOsrRdkGsVdIzH1Alna,Kissing California,2,1,3iejrAcqxYoVgyxp6zkWgs,Shed Seven,1MubHea0GIiXMyvcZZ3lel,A Matter of Time,album,2024-01-05,253907,253.91,22,False,0.475,0.966,7,-5.512,1,0.0446,6.34e-05,1.31e-05,0.789,0.754,133.997,4
42vMs8CvBZt81Qdkx3pS8R,Tripping with You,6,1,3iejrAcqxYoVgyxp6zkWgs,Shed Seven,1MubHea0GIiXMyvcZZ3lel,A Matter of Time,album,2024-01-05,293773,293.77,20,False,0.507,0.788,7,-6.896,1,0.0269,0.0455,4.59e-06,0.212,0.571,97.018,3
7amx8KtCn9CVzyoCje4NBq,F: K: H,9,1,3iejrAcqxYoVgyxp6zkWgs,Shed Seven,1MubHea0GIiXMyvcZZ3lel,A Matter of Time,album,2024-01-05,288800,288.8,20,False,0.357,0.913,7,-5.275,1,0.069,0.000228,0.000546,0.121,0.394,186.092,4
3pxh61OoczvUfQ3rwGigc7,Real Love,8,1,3iejrAcqxYoVgyxp6zkWgs,Shed Seven,1MubHea0GIiXMyvcZZ3lel,A Matter of Time,album,2024-01-05,251853,251.85,19,False,0.453,0.936,11,-6.731,0,0.0605,0.000104,1.75e-06,0.144,0.761,154.911,4
1WrWnsPI8FETiwc7cVdZC8,Ring the Changes,11,1,3iejrAcqxYoVgyxp6zkWgs,Shed Seven,1MubHea0GIiXMyvcZZ3lel,A Matter of Time,album,2024-01-05,236720,236.72,18,False,0.517,0.916,2,-5.881,1,0.0465,0.00167,0.000229,0.338,0.69,105.011,4
38ALQ59YiZVIzwXzufp8kb,Let's Go (Again),7,1,3iejrAcqxYoVgyxp6zkWgs,Shed Seven,1MubHea0GIiXMyvcZZ3lel,A Matter of Time,album,2024-01-05,27947,27.95,0,False,0.249,0.429,5,-12.452,1,0.0513,0.39,0.0,0.105,0.0369,105.731,5
36c8Sq4GPKTXmBrTU8pgpE,Heads and Hands - Revisited,4,1,3iejrAcqxYoVgyxp6zkWgs,Shed Seven,5wNrZxddFOgpSndGsxvcSm,Changed Giver,album,2024-12-13,244520,244.52,14,False,0.479,0.632,9,-6.94,0,0.0257,0.171,0.000477,0.148,0.357,145.011,4
1L3ckD3jqY7TBL1kREI8bb,All Roads Lead to You,11,1,3iejrAcqxYoVgyxp6zkWgs,Shed Seven,25QKBTY20S0Zxbcmf8LjeR,Liquid Gold (Live at York Museum Gardens Edition),album,2025-05-23,213813,213.81,0,False,0.484,0.858,2,-7.271,1,0.0421,0.000113,0.00413,0.33,0.685,133.006,4
0ohlYvqvAhb8yrLpSf3Mxv,Inbetweener,1,1,0NbfEPYRgMczimdfM3skmH,Sleeper,1IOtNsOaLtYHEITkEOf20J,Smart,album,1995,199493,199.49,13,False,0.416,0.898,5,-7.609,1,0.0499,0.000105,0.0,0.796,0.802,134.984,4
6Pj9rHsp0LQrAOeLLes6yS,Amuse,5,1,0NbfEPYRgMczimdfM3skmH,Sleeper,1IOtNsOaLtYHEITkEOf20J,Smart,album,1995,129400,129.4,13,False,0.625,0.164,8,-18.73,1,0.0556,0.755,0.000548,0.115,0.448,99.671,4
3QNXFP5IZdQymqoVdzOvDA,Delicious,3,1,0NbfEPYRgMczimdfM3skmH,Sleeper,1IOtNsOaLtYHEITkEOf20J,Smart,album,1995,180600,180.6,12,False,0.318,0.941,4,-8.474,1,0.0714,0.000168,1.04e-06,0.194,0.637,165.859,4
3OtxM34qMFwfKuSXXwa1YN,Swallow,2,1,0NbfEPYRgMczimdfM3skmH,Sleeper,1IOtNsOaLtYHEITkEOf20J,Smart,album,1995,161907,161.91,11,False,0.41,0.939,5,-7.773,1,0.0512,0.00274,2.13e-06,0.201,0.593,140.137,4
4Gn77DMgTlG0jv693Af4FF,Vegas,8,1,0NbfEPYRgMczimdfM3skmH,Sleeper,1IOtNsOaLtYHEITkEOf20J,Smart,album,1995,195427,195.43,11,False,0.49,0.58,4,-10.229,1,0.0356,0.0268,0.0,0.111,0.388,119.342,4
2C62iHbwZ8baWO8vkI3gkd,Hunch,4,1,0NbfEPYRgMczimdfM3skmH,Sleeper,1IOtNsOaLtYHEITkEOf20J,Smart,album,1995,219093,219.09,10,False,0.401,0.303,4,-10.897,1,0.0271,0.301,0.00192,0.109,0.35,77.905,4
6xuECPYDLdeMn0gL0zhDAT,Alice in Vain,10,1,0NbfEPYRgMczimdfM3skmH,Sleeper,1IOtNsOaLtYHEITkEOf20J,Smart,album,1995,215733,215.73,10,False,0.42,0.636,7,-9.119,1,0.0349,0.0134,0.0,0.339,0.382,104.728,4
0cg8G4tVoTY0OYDW28K9nQ,Bedhead,6,1,0NbfEPYRgMczimdfM3skmH,Sleeper,1IOtNsOaLtYHEITkEOf20J,Smart,album,1995,179733,179.73,9,False,0.425,0.884,4,-8.635,1,0.0786,0.0038,0.00119,0.0837,0.596,152.622,4
1pM46fKrHif6oI5k6da9oc,Lady Love Your Countryside,7,1,0NbfEPYRgMczimdfM3skmH,Sleeper,1IOtNsOaLtYHEITkEOf20J,Smart,album,1995,162640,162.64,8,False,0.356,0.646,4,-8.444,1,0.0454,0.0985,0.0,0.346,0.513,120.964,4
7kOWjnpMdIEgLVH6bKWN0d,Poor Flying Man,9,1,0NbfEPYRgMczimdfM3skmH,Sleeper,1IOtNsOaLtYHEITkEOf20J,Smart,album,1995,241733,241.73,8,False,0.261,0.526,4,-9.807,1,0.0347,0.00278,0.0,0.0878,0.494,97.326,4
51z8Pxq5Vwv0HEzoaOtnlS,Twisted,11,1,0NbfEPYRgMczimdfM3skmH,Sleeper,1IOtNsOaLtYHEITkEOf20J,Smart,album,1995,181373,181.37,8,False,0.419,0.742,4,-9.926,1,0.0461,0.00147,7.45e-06,0.142,0.45,101.137,4
2fHrLsNizLImrB8A7FrkTG,Pyrotechnician,12,1,0NbfEPYRgMczimdfM3skmH,Sleeper,1IOtNsOaLtYHEITkEOf20J,Smart,album,1995,205547,205.55,8,False,0.358,0.747,9,-8.062,1,0.0303,0.00264,0.0,0.127,0.744,76.274,4
5D7NMBAY9zchPaELBEVoxn,Sale of the Century,2,1,0NbfEPYRgMczimdfM3skmH,Sleeper,1GZ048oNeb3cMvWnUmG70l,The It Girl,album,1996,269933,269.93,28,False,0.457,0.755,7,-5.485,1,0.0324,0.169,0.0,0.0897,0.485,140.464,4
3FQu6cnkuypA2UIwnz9zwf,Statuesque,4,1,0NbfEPYRgMczimdfM3skmH,Sleeper,1GZ048oNeb3cMvWnUmG70l,The It Girl,album,1996,203573,203.57,25,False,0.436,0.854,11,-5.199,1,0.0379,0.00768,0.0,0.083,0.758,141.231,4
68MJxkTBr6YJ88NGEIXD2z,What Do I Do Now?,8,1,0NbfEPYRgMczimdfM3skmH,Sleeper,1GZ048oNeb3cMvWnUmG70l,The It Girl,album,1996,221800,221.8,22,False,0.544,0.674,1,-6.574,1,0.0309,0.0864,0.0,0.0893,0.616,119.511,4
6Q1QAEr9XXlqJClLouegmB,Lie Detector,7,1,0NbfEPYRgMczimdfM3skmH,Sleeper,1GZ048oNeb3cMvWnUmG70l,The It Girl,album,1996,152067,152.07,14,False,0.293,0.853,6,-5.498,1,0.0562,0.00392,0.0,0.411,0.544,148.419,4
39JyzHLLH7qRPwLti4dSFA,Dress Like Your Mother,3,1,0NbfEPYRgMczimdfM3skmH,Sleeper,1GZ048oNeb3cMvWnUmG70l,The It Girl,album,1996,152827,152.83,10,False,0.413,0.926,5,-4.934,1,0.0614,0.0505,0.0,0.24,0.701,151.094,4
4eahjDyEUFb5lYO8gC8Xi4,Shrink Wrapped,9,1,0NbfEPYRgMczimdfM3skmH,Sleeper,1GZ048oNeb3cMvWnUmG70l,The It Girl,album,1996,286467,286.47,10,False,0.345,0.383,4,-9.083,1,0.0424,0.214,0.00042,0.0907,0.535,181.199,4
0IHAc5F8I8ym9wpN8erWLQ,Feeling Peaky,1,1,0NbfEPYRgMczimdfM3skmH,Sleeper,1GZ048oNeb3cMvWnUmG70l,The It Girl,album,1996,174173,174.17,8,False,0.355,0.727,4,-6.04,1,0.0583,0.00743,0.0,0.307,0.667,166.911,4
6QsWqIQDyGQsbJaGb7PQt4,Good Luck Mr. Gorsky,10,1,0NbfEPYRgMczimdfM3skmH,Sleeper,1GZ048oNeb3cMvWnUmG70l,The It Girl,album,1996,245693,245.69,8,False,0.638,0.464,1,-10.535,1,0.0244,0.226,0.0,0.0609,0.52,108.331,4
0EjVnS0Dq4vJJHaCalG3ov,Stop Your Crying,6,1,0NbfEPYRgMczimdfM3skmH,Sleeper,1GZ048oNeb3cMvWnUmG70l,The It Girl,album,1996,215400,215.4,7,False,0.452,0.861,6,-6.117,1,0.0354,0.0498,0.0,0.389,0.559,143.775,4
2uqXCHkVosp4rOCw133niA,Click..Off..Gone,12,1,0NbfEPYRgMczimdfM3skmH,Sleeper,1GZ048oNeb3cMvWnUmG70l,The It Girl,album,1996,172907,172.91,7,False,0.535,0.144,0,-15.512,1,0.0406,0.609,0.0,0.122,0.406,184.938,4
1ETG9vq0Rd0wXNH2eYl3VG,Factor 41,11,1,0NbfEPYRgMczimdfM3skmH,Sleeper,1GZ048oNeb3cMvWnUmG70l,The It Girl,album,1996,176107,176.11,6,False,0.468,0.802,4,-7.393,1,0.0741,0.0629,0.0,0.181,0.794,123.991,4
7w2xxDxz2mopx9tkyUouk2,Nice Guy Eddie,5,1,0NbfEPYRgMczimdfM3skmH,Sleeper,1GZ048oNeb3cMvWnUmG70l,The It Girl,album,1996,200000,200.0,0,False,0.54,0.79,4,-6.29,1,0.04,0.14,0.0,0.1,0.63,124.14,4
1AomWLxI4PqrEVXTxOV2hi,Paradise Waiting,1,1,0NbfEPYRgMczimdfM3skmH,Sleeper,6aS2CDRYGj70IcxARxhyhE,The Modern Age,album,2019-03-22,202627,202.63,0,False,0.559,0.671,9,-4.399,1,0.0306,0.00648,0.00791,0.314,0.722,119.052,4
2brOeuJkGoOxnakjOd6bui,Look At You Now,2,1,0NbfEPYRgMczimdfM3skmH,Sleeper,6aS2CDRYGj70IcxARxhyhE,The Modern Age,album,2019-03-22,247853,247.85,0,False,0.503,0.838,4,-5.216,1,0.0502,0.0066,1.87e-05,0.0738,0.254,125.12,4
2flJmTk7ybXB8OvixeYZTY,The Sun Also Rises,3,1,0NbfEPYRgMczimdfM3skmH,Sleeper,6aS2CDRYGj70IcxARxhyhE,The Modern Age,album,2019-03-22,219107,219.11,0,False,0.449,0.904,4,-4.005,1,0.0549,0.000409,1.2e-05,0.297,0.311,120.127,4
4RT25rWx8igaAaxInkUcOy,Dig,4,1,0NbfEPYRgMczimdfM3skmH,Sleeper,6aS2CDRYGj70IcxARxhyhE,The Modern Age,album,2019-03-22,170120,170.12,0,False,0.217,0.866,5,-3.749,1,0.0709,0.000674,0.000393,0.124,0.229,168.215,4
4hKFdJ2aSimzRG2AFSgs5A,The Modern Age,5,1,0NbfEPYRgMczimdfM3skmH,Sleeper,6aS2CDRYGj70IcxARxhyhE,The Modern Age,album,2019-03-22,244920,244.92,0,False,0.555,0.773,4,-6.434,1,0.0393,0.164,0.000436,0.107,0.642,146.094,4
2sZDrfmzATwx1AKfYfVAjc,Cellophane,6,1,0NbfEPYRgMczimdfM3skmH,Sleeper,6aS2CDRYGj70IcxARxhyhE,The Modern Age,album,2019-03-22,207667,207.67,0,False,0.465,0.862,7,-3.874,1,0.0626,0.000562,0.000173,0.455,0.523,128.089,4
19YppmZy41k4bAdgLP9vQg,Car Into The Sea,7,1,0NbfEPYRgMczimdfM3skmH,Sleeper,6aS2CDRYGj70IcxARxhyhE,The Modern Age,album,2019-03-22,247560,247.56,0,False,0.598,0.814,9,-8.043,1,0.029,0.0206,0.15,0.0955,0.383,138.511,4
1OCUuz8L1tCwte1u14PwGh,Blue Like You,8,1,0NbfEPYRgMczimdfM3skmH,Sleeper,6aS2CDRYGj70IcxARxhyhE,The Modern Age,album,2019-03-22,215907,215.91,0,False,0.452,0.916,6,-3.586,1,0.0416,0.00609,0.00114,0.114,0.32,119.867,4
5TrlWtkoIpvZTX84yrIDUr,More Than I Do,9,1,0NbfEPYRgMczimdfM3skmH,Sleeper,6aS2CDRYGj70IcxARxhyhE,The Modern Age,album,2019-03-22,224093,224.09,0,False,0.52,0.74,0,-4.534,1,0.0477,0.0135,3.44e-05,0.0802,0.526,127.069,4
2f3V3NFn9BFUBxft3ht1L7,Big Black Sun,10,1,0NbfEPYRgMczimdfM3skmH,Sleeper,6aS2CDRYGj70IcxARxhyhE,The Modern Age,album,2019-03-22,230213,230.21,0,False,0.605,0.589,4,-8.979,1,0.0326,0.615,0.000571,0.225,0.469,82.995,4
3VqhwPbyo4yicXSlqkevLd,Tell Me Where You're Going,1,1,0NbfEPYRgMczimdfM3skmH,Sleeper,3Lb38LUDDPJUnfde3bcQDd,This Time Tomorrow,album,2021-06-11,286625,286.62,0,False,0.625,0.524,0,-9.433,1,0.0298,0.0498,0.0715,0.109,0.298,116.003,4
7oww2Jy6uoaKiekCOi0jHj,New Year's Kiss,2,1,0NbfEPYRgMczimdfM3skmH,Sleeper,3Lb38LUDDPJUnfde3bcQDd,This Time Tomorrow,album,2021-06-11,241000,241.0,0,False,0.54,0.75,4,-7.81,1,0.03,0.15,0.0,0.18,0.64,102.98,4
1D5n3YnjvxEyYHxzwnuoyG,Let's Start A Fire,3,1,0NbfEPYRgMczimdfM3skmH,Sleeper,3Lb38LUDDPJUnfde3bcQDd,This Time Tomorrow,album,2021-06-11,180500,180.5,0,False,0.446,0.607,1,-9.582,1,0.0348,0.229,0.000715,0.281,0.563,178.286,4
4yuy3RTt6pLw1krziVWCGV,Goodbye Things To Do,4,1,0NbfEPYRgMczimdfM3skmH,Sleeper,3Lb38LUDDPJUnfde3bcQDd,This Time Tomorrow,album,2021-06-11,273816,273.82,0,False,0.532,0.606,9,-10.736,1,0.0274,0.192,0.0125,0.165,0.532,114.043,4
40VYIR0xESgIqJBkqz5Qi4,We Should Be Together,5,1,0NbfEPYRgMczimdfM3skmH,Sleeper,3Lb38LUDDPJUnfde3bcQDd,This Time Tomorrow,album,2021-06-11,225934,225.93,0,False,0.597,0.72,6,-9.164,1,0.0261,0.0902,6.82e-06,0.133,0.783,133.043,4
3STVWAwB3DS3qOaS1odgVP,Cab Song,6,1,0NbfEPYRgMczimdfM3skmH,Sleeper,3Lb38LUDDPJUnfde3bcQDd,This Time Tomorrow,album,2021-06-11,187000,187.0,0,False,0.744,0.591,1,-10.03,1,0.0396,0.0449,0.000673,0.33,0.768,119.983,4
6jn7XtXPMZtE7v8C3sEZ6F,We Are Cinderella,7,1,0NbfEPYRgMczimdfM3skmH,Sleeper,3Lb38LUDDPJUnfde3bcQDd,This Time Tomorrow,album,2021-06-11,229000,229.0,0,False,0.588,0.577,9,-9.04,1,0.0377,0.302,2.52e-06,0.176,0.483,81.936,4
2I8LQDsC5Sv4wzZkuuzGK5,Poor Henry,8,1,0NbfEPYRgMczimdfM3skmH,Sleeper,3Lb38LUDDPJUnfde3bcQDd,This Time Tomorrow,album,2021-06-11,251000,251.0,0,False,0.519,0.274,4,-14.368,1,0.0313,0.683,0.00706,0.787,0.15,82.493,4
3BMYXEiWZq0NALYb8EYGfn,Will There's A Way,9,1,0NbfEPYRgMczimdfM3skmH,Sleeper,3Lb38LUDDPJUnfde3bcQDd,This Time Tomorrow,album,2021-06-11,214500,214.5,0,False,0.539,0.543,0,-8.614,1,0.0253,0.0177,0.0,0.0818,0.586,101.239,4
3Azy3f5hJxWqfXQMYcSH9Z,Hard Hat,10,1,0NbfEPYRgMczimdfM3skmH,Sleeper,3Lb38LUDDPJUnfde3bcQDd,This Time Tomorrow,album,2021-06-11,275000,275.0,0,False,0.733,0.398,5,-11.007,1,0.0515,0.215,3.86e-05,0.0999,0.433,141.962,4
1YQOZmJQKIY48aBH1YTbvj,Universe Present,1,1,0NbfEPYRgMczimdfM3skmH,Sleeper,1a3apiGgnq6Um6sVXvZG85,Sleeper,album,2024-10-11,121448,121.45,0,False,0.19,0.234,9,-16.626,1,0.0345,0.981,0.987,0.0973,0.0355,98.092,4
3cZp39Lxx9R0rofWeyOriW,Roaming Sedation,2,1,0NbfEPYRgMczimdfM3skmH,Sleeper,1a3apiGgnq6Um6sVXvZG85,Sleeper,album,2024-10-11,139734,139.73,0,False,0.178,0.34,9,-15.227,1,0.0422,0.944,0.945,0.257,0.0382,90.168,3
4LoimuIomlSn6MjFEQ8vDG,Functions Seeker,3,1,0NbfEPYRgMczimdfM3skmH,Sleeper,1a3apiGgnq6Um6sVXvZG85,Sleeper,album,2024-10-11,166431,166.43,0,False,0.218,0.31,11,-14.665,0,0.037,0.938,0.973,0.345,0.038,55.369,4
0kwVnU9bBkHly7P9GYneGj,Person Sounds,4,1,0NbfEPYRgMczimdfM3skmH,Sleeper,1a3apiGgnq6Um6sVXvZG85,Sleeper,album,2024-10-11,131976,131.98,0,False,0.161,0.478,9,-14.76,1,0.0487,0.979,0.996,0.227,0.0866,130.04,4
5HYQmkZqy7ENULSZowVf9M,Softening Vipassana,5,1,0NbfEPYRgMczimdfM3skmH,Sleeper,1a3apiGgnq6Um6sVXvZG85,Sleeper,album,2024-10-11,147231,147.23,0,False,0.093,0.433,11,-14.174,0,0.0419,0.962,0.968,0.0971,0.0386,85.771,5
0Nza2P6PRdulCUpeshsCo1,Morn Transcendal,6,1,0NbfEPYRgMczimdfM3skmH,Sleeper,1a3apiGgnq6Um6sVXvZG85,Sleeper,album,2024-10-11,112331,112.33,0,False,0.109,0.375,9,-15.726,1,0.0426,0.949,0.977,0.355,0.059,88.649,4
2VQypLyFDIO2nR5KttuZ0x,Forgiving Grounding,7,1,0NbfEPYRgMczimdfM3skmH,Sleeper,1a3apiGgnq6Um6sVXvZG85,Sleeper,album,2024-10-11,113455,113.46,0,False,0.0683,0.249,9,-15.122,1,0.0392,0.954,0.443,0.401,0.0371,74.944,4
1QCnz3XNNFmY4u37Gp3oEu,Practise Passion,8,1,0NbfEPYRgMczimdfM3skmH,Sleeper,1a3apiGgnq6Um6sVXvZG85,Sleeper,album,2024-10-11,129154,129.15,0,False,0.176,0.224,9,-15.962,1,0.04,0.827,0.981,0.536,0.0376,91.76,3
5Ug0tuoRtzF8WNR61O7RZu,Sense Gratifys,9,1,0NbfEPYRgMczimdfM3skmH,Sleeper,1a3apiGgnq6Um6sVXvZG85,Sleeper,album,2024-10-11,143025,143.02,0,False,0.186,0.297,11,-14.721,0,0.0379,0.959,0.994,0.277,0.0389,110.711,3
48tnv7TEOXlS19nYFyZFfQ,Openness Retreating,10,1,0NbfEPYRgMczimdfM3skmH,Sleeper,1a3apiGgnq6Um6sVXvZG85,Sleeper,album,2024-10-11,135502,135.5,0,False,0.172,0.289,9,-14.804,1,0.0409,0.894,0.923,0.348,0.037,121.517,3
5CCNWap9224g0CiVEdjt0b,So Young,1,1,6PHIK3kjWggLtVygsOtpqS,Suede,0lBGKCm1xxUk94GXb7VMGW,Suede,album,1993-03-24,218360,218.36,0,False,0.308,0.775,8,-8.469,0,0.0565,0.785,3.27e-05,0.296,0.419,116.72,4
7K4U8VbyhVfHCRfaeL0NTt,Animal Nitrate,2,1,6PHIK3kjWggLtVygsOtpqS,Suede,0lBGKCm1xxUk94GXb7VMGW,Suede,album,1993-03-24,207507,207.51,0,False,0.251,0.842,6,-8.337,1,0.0448,0.816,1.27e-06,0.0673,0.271,99.989,4
1C5O0tno4mqsZ5OrPBh79I,She's Not Dead,3,1,6PHIK3kjWggLtVygsOtpqS,Suede,0lBGKCm1xxUk94GXb7VMGW,Suede,album,1993-03-24,274000,274.0,0,False,0.382,0.421,10,-14.113,0,0.0273,0.77,0.000603,0.131,0.111,102.219,4
10uTw95ilpyxrplAKRUYdj,Moving,4,1,6PHIK3kjWggLtVygsOtpqS,Suede,0lBGKCm1xxUk94GXb7VMGW,Suede,album,1993-03-24,170067,170.07,0,False,0.213,0.859,8,-8.573,1,0.0589,0.0597,5.57e-05,0.055,0.504,156.9,4
1lumw1XLAxoAtD6yIRxR4W,Pantomine Horse,5,1,6PHIK3kjWggLtVygsOtpqS,Suede,0lBGKCm1xxUk94GXb7VMGW,Suede,album,1993-03-24,349573,349.57,0,False,0.231,0.475,8,-10.594,1,0.0407,0.0686,9.78e-05,0.104,0.177,120.336,3
54HkOTKqsCY2JTdiCL5W5W,The Drowners,6,1,6PHIK3kjWggLtVygsOtpqS,Suede,0lBGKCm1xxUk94GXb7VMGW,Suede,album,1993-03-24,250040,250.04,0,False,0.459,0.795,8,-10.876,1,0.0346,0.0687,2.11e-06,0.166,0.662,148.058,4
4rJc9xLTUXuFD4PSb2fI81,Sleeping Pills,7,1,6PHIK3kjWggLtVygsOtpqS,Suede,0lBGKCm1xxUk94GXb7VMGW,Suede,album,1993-03-24,231040,231.04,0,False,0.266,0.403,8,-11.005,1,0.0307,0.766,1.08e-06,0.307,0.0837,134.375,4
7EbX2UgzLUgeDOloHNr0gk,Breakdown,8,1,6PHIK3kjWggLtVygsOtpqS,Suede,0lBGKCm1xxUk94GXb7VMGW,Suede,album,1993-03-24,362067,362.07,0,False,0.36,0.309,8,-12.332,1,0.0293,0.684,0.00111,0.0908,0.111,130.466,4
4lUHCPcgs8TdDDvYoBP8Vh,Metal Mickey,9,1,6PHIK3kjWggLtVygsOtpqS,Suede,0lBGKCm1xxUk94GXb7VMGW,Suede,album,1993-03-24,207867,207.87,0,False,0.48,0.95,2,-8.923,1,0.0494,0.202,4.74e-06,0.0788,0.261,111.899,4
2UPqftyWW63N1Q2zvZdKn8,Animal Lover,10,1,6PHIK3kjWggLtVygsOtpqS,Suede,0lBGKCm1xxUk94GXb7VMGW,Suede,album,1993-03-24,254867,254.87,0,False,0.258,0.906,6,-6.908,0,0.0764,0.399,0.0,0.0444,0.319,125.926,4
038yfpVNXW1Ztd4QNywK0a,The Next Life,11,1,6PHIK3kjWggLtVygsOtpqS,Suede,0lBGKCm1xxUk94GXb7VMGW,Suede,album,1993-03-24,212093,212.09,0,False,0.309,0.0792,7,-15.2,1,0.0419,0.89,4.99e-06,0.103,0.0511,146.394,3
0XNUBmBz8oRZMnWbPtgRMM,Introducing The Band,1,1,6PHIK3kjWggLtVygsOtpqS,Suede,7ogyZNoHk0K4vQhSHJrUt7,Dog Man Star,album,1994-10-03,158592,158.59,0,False,0.232,0.572,6,-11.76,1,0.0551,0.00252,0.00406,0.0951,0.0896,186.861,4
2uYww2hA5e5LgJNMDy5Zg6,We Are The Pigs,2,1,6PHIK3kjWggLtVygsOtpqS,Suede,7ogyZNoHk0K4vQhSHJrUt7,Dog Man Star,album,1994-10-03,258717,258.72,0,False,0.418,0.708,3,-9.214,0,0.0668,0.225,0.0,0.618,0.293,106.583,3
1cQtLYJmY40RcV4RqDNZm3,Heroïne,3,1,6PHIK3kjWggLtVygsOtpqS,Suede,7ogyZNoHk0K4vQhSHJrUt7,Dog Man Star,album,1994-10-03,199134,199.13,0,False,0.463,0.874,11,-7.957,1,0.0625,0.256,2.47e-06,0.169,0.509,111.848,4
7druxL0Tf3mcp2PLlZetem,The Wild Ones,4,1,6PHIK3kjWggLtVygsOtpqS,Suede,7ogyZNoHk0K4vQhSHJrUt7,Dog Man Star,album,1994-10-03,290203,290.2,0,False,0.345,0.5,3,-11.191,1,0.0304,0.744,2.94e-05,0.0386,0.385,169.357,4
1vka7LJ8c3VlFOB5M80VSR,Daddy's Speeding,5,1,6PHIK3kjWggLtVygsOtpqS,Suede,7ogyZNoHk0K4vQhSHJrUt7,Dog Man Star,album,1994-10-03,321457,321.46,0,False,0.34,0.287,11,-16.665,1,0.0311,0.694,0.000459,0.0955,0.159,94.966,4
3INwcRYrSJ7bO0scQevcLW,The Power,6,1,6PHIK3kjWggLtVygsOtpqS,Suede,7ogyZNoHk0K4vQhSHJrUt7,Dog Man Star,album,1994-10-03,271488,271.49,0,False,0.448,0.62,9,-10.424,1,0.0326,0.11,8.06e-06,0.459,0.622,74.856,4
76S0cO7F50CvTLib6FBoxp,New Generation,7,1,6PHIK3kjWggLtVygsOtpqS,Suede,7ogyZNoHk0K4vQhSHJrUt7,Dog Man Star,album,1994-10-03,277525,277.52,0,False,0.433,0.794,1,-7.972,1,0.042,0.167,5.25e-05,0.292,0.457,123.795,4
3Y5o1nARcmLEJaMsoSdLDP,This Hollywood Life,8,1,6PHIK3kjWggLtVygsOtpqS,Suede,7ogyZNoHk0K4vQhSHJrUt7,Dog Man Star,album,1994-10-03,227834,227.83,0,False,0.125,0.751,6,-7.877,1,0.0583,0.369,0.0,0.289,0.325,87.158,4
7p9QHy1cX5xU0tb7TkgXcW,The 2 Of Us,9,1,6PHIK3kjWggLtVygsOtpqS,Suede,7ogyZNoHk0K4vQhSHJrUt7,Dog Man Star,album,1994-10-03,345281,345.28,0,False,0.373,0.294,0,-13.614,1,0.0343,0.938,0.00111,0.0508,0.104,136.335,4
2tw0YQSvaCM3DB2Sh8yVRZ,Black Or Blue,10,1,6PHIK3kjWggLtVygsOtpqS,Suede,7ogyZNoHk0K4vQhSHJrUt7,Dog Man Star,album,1994-10-03,226162,226.16,0,False,0.223,0.2,1,-12.104,1,0.0318,0.853,4.95e-05,0.12,0.142,82.115,4
26WnPpXX6YuPwNGknmkyUz,The Asphalt World,11,1,6PHIK3kjWggLtVygsOtpqS,Suede,7ogyZNoHk0K4vQhSHJrUt7,Dog Man Star,album,1994-10-03,564942,564.94,0,False,0.252,0.703,4,-10.436,0,0.113,0.108,0.00038,0.339,0.0628,142.425,4
7ufhwNOy7xy9XAtrap28QL,Still Life,12,1,6PHIK3kjWggLtVygsOtpqS,Suede,7ogyZNoHk0K4vQhSHJrUt7,Dog Man Star,album,1994-10-03,323500,323.5,0,False,0.111,0.38,1,-11.496,1,0.033,0.479,0.0595,0.129,0.155,184.824,3
2a5jsFFgvYy1JOeID9GtyZ,Trash,1,1,6PHIK3kjWggLtVygsOtpqS,Suede,0RedIGWsZHVKkZFTKxKKVA,Coming Up,album,1996-09-02,246267,246.27,0,False,0.469,0.989,11,-5.479,1,0.0989,0.000687,3.92e-05,0.277,0.228,124.354,4
1nqeG6C4htBV9LmD7GYdIq,Filmstar,2,1,6PHIK3kjWggLtVygsOtpqS,Suede,0RedIGWsZHVKkZFTKxKKVA,Coming Up,album,1996-09-02,205493,205.49,0,False,0.392,0.971,3,-5.68,0,0.103,0.00379,2.09e-05,0.233,0.665,150.804,4
7o16Xbryte0QxSr7aY19aG,Lazy,3,1,6PHIK3kjWggLtVygsOtpqS,Suede,0RedIGWsZHVKkZFTKxKKVA,Coming Up,album,1996-09-02,199667,199.67,0,False,0.482,0.906,3,-5.753,0,0.0367,0.0081,7.8e-06,0.301,0.726,111.032,4
6gTExDpf8MmxP11WQJXA8r,By The Sea,4,1,6PHIK3kjWggLtVygsOtpqS,Suede,0RedIGWsZHVKkZFTKxKKVA,Coming Up,album,1996-09-02,255733,255.73,0,False,0.374,0.49,9,-8.488,1,0.0277,0.58,0.000352,0.0878,0.117,77.871,4
75vGDqVkcAuwVhZDnI2cBV,Beautiful Ones,6,1,6PHIK3kjWggLtVygsOtpqS,Suede,0RedIGWsZHVKkZFTKxKKVA,Coming Up,album,1996-09-02,230867,230.87,0,False,0.57,0.965,8,-5.535,0,0.0346,0.0472,0.0,0.414,0.92,98.825,4
422VBDz9qdgG3fzST8Bg2v,Starcrazy,7,1,6PHIK3kjWggLtVygsOtpqS,Suede,0RedIGWsZHVKkZFTKxKKVA,Coming Up,album,1996-09-02,213267,213.27,0,False,0.485,0.989,3,-3.358,0,0.0401,0.0056,0.00849,0.328,0.712,104.936,4
3M1d8gOFdxxwkIB3JMIg6e,Picnic By The Motorway,8,1,6PHIK3kjWggLtVygsOtpqS,Suede,0RedIGWsZHVKkZFTKxKKVA,Coming Up,album,1996-09-02,285533,285.53,0,False,0.493,0.681,4,-9.434,1,0.0382,0.0056,0.0,0.239,0.134,115.452,4
0BDDgMv96w7J71nAyaaQun,The Chemistry Between Us,9,1,6PHIK3kjWggLtVygsOtpqS,Suede,0RedIGWsZHVKkZFTKxKKVA,Coming Up,album,1996-09-02,424507,424.51,0,False,0.31,0.775,6,-7.061,1,0.0347,0.0695,0.000102,0.0931,0.546,171.167,4
5fDrCG4uZtN503uAz40GS2,Saturday Night,10,1,6PHIK3kjWggLtVygsOtpqS,Suede,0RedIGWsZHVKkZFTKxKKVA,Coming Up,album,1996-09-02,272400,272.4,0,False,0.535,0.758,8,-7.993,1,0.0419,0.114,0.0,0.22,0.332,116.435,4
0BSZxKBqJa0K0aqtrNmq6a,MY INSATIABLE ONE,1,1,6PHIK3kjWggLtVygsOtpqS,Suede,3SqG0WkJrx8Tjmldvmn3No,Sci-Fi Lullabies,album,1997-10-06,177760,177.76,0,False,0.36,0.707,1,-5.073,1,0.0349,0.172,0.0,0.0711,0.337,79.542,4
58OaCp7uggsbj2CJa0HSof,TO THE BIRDS,2,1,6PHIK3kjWggLtVygsOtpqS,Suede,3SqG0WkJrx8Tjmldvmn3No,Sci-Fi Lullabies,album,1997-10-06,323907,323.91,0,False,0.25,0.725,1,-5.841,1,0.0332,0.234,0.0,0.0905,0.548,169.214,4
3d66idihRKkTSnOT3dDKqy,WHERE THE PIGS DON'T FLY,3,1,6PHIK3kjWggLtVygsOtpqS,Suede,3SqG0WkJrx8Tjmldvmn3No,Sci-Fi Lullabies,album,1997-10-06,333733,333.73,0,False,0.327,0.605,8,-7.759,1,0.0304,0.659,0.000686,0.0726,0.289,115.262,4
05Iexd3FgtR3fQepqH2xsw,HE'S DEAD,4,1,6PHIK3kjWggLtVygsOtpqS,Suede,3SqG0WkJrx8Tjmldvmn3No,Sci-Fi Lullabies,album,1997-10-06,313200,313.2,0,False,0.283,0.791,6,-7.669,0,0.0412,0.0347,0.0181,0.272,0.331,114.957,4
72y2Imc09yxYuTtPaDVw2T,THE BIG TIME,5,1,6PHIK3kjWggLtVygsOtpqS,Suede,3SqG0WkJrx8Tjmldvmn3No,Sci-Fi Lullabies,album,1997-10-06,268160,268.16,0,False,0.183,0.343,8,-13.687,0,0.0315,0.837,0.00281,0.1,0.132,95.098,3
0gW0S2YjQC3scHajLJbK9N,HIGH RISING,6,1,6PHIK3kjWggLtVygsOtpqS,Suede,3SqG0WkJrx8Tjmldvmn3No,Sci-Fi Lullabies,album,1997-10-06,349707,349.71,0,False,0.28,0.265,0,-11.27,1,0.0284,0.545,0.00487,0.098,0.0374,77.362,4
0eMhmfl2AltZZ2kEuAwFtW,THE LIVING DEAD,7,1,6PHIK3kjWggLtVygsOtpqS,Suede,3SqG0WkJrx8Tjmldvmn3No,Sci-Fi Lullabies,album,1997-10-06,168627,168.63,0,False,0.457,0.181,11,-13.542,1,0.0297,0.808,0.000811,0.124,0.306,106.283,4
6LPCnxWbtGy81CZNcTI41J,MY DARK STAR,8,1,6PHIK3kjWggLtVygsOtpqS,Suede,3SqG0WkJrx8Tjmldvmn3No,Sci-Fi Lullabies,album,1997-10-06,266840,266.84,0,False,0.516,0.674,11,-7.178,1,0.029,0.0647,1.11e-05,0.32,0.228,109.659,4
3YAAiVgqc91X45rzJT8yq5,Killing Of A Flashboy,9,1,6PHIK3kjWggLtVygsOtpqS,Suede,3SqG0WkJrx8Tjmldvmn3No,Sci-Fi Lullabies,album,1997-10-06,247227,247.23,0,False,0.412,0.884,3,-6.446,0,0.0579,0.0493,0.0,0.33,0.829,111.84,4
16ZywIabPaGbX47viYggYC,WHIPSNADE,10,1,6PHIK3kjWggLtVygsOtpqS,Suede,3SqG0WkJrx8Tjmldvmn3No,Sci-Fi Lullabies,album,1997-10-06,262133,262.13,0,False,0.55,0.71,8,-8.992,1,0.0407,0.654,3.98e-06,0.0606,0.446,112.921,4
00WJCqVizBDSMwi8DrbJFm,MODERN BOYS,11,1,6PHIK3kjWggLtVygsOtpqS,Suede,3SqG0WkJrx8Tjmldvmn3No,Sci-Fi Lullabies,album,1997-10-06,248067,248.07,0,False,0.58,0.765,6,-8.107,1,0.0275,0.192,2.04e-05,0.178,0.749,104.149,4
7rDxetNCdrstVdoj8uZzZE,TOGETHER,12,1,6PHIK3kjWggLtVygsOtpqS,Suede,3SqG0WkJrx8Tjmldvmn3No,Sci-Fi Lullabies,album,1997-10-06,269440,269.44,0,False,0.187,0.918,11,-6.846,1,0.0937,0.0212,0.0,0.154,0.69,183.033,4
72H8vScLeOmoQI7xDh2PPv,BENTSWOOD BOYS,13,1,6PHIK3kjWggLtVygsOtpqS,Suede,3SqG0WkJrx8Tjmldvmn3No,Sci-Fi Lullabies,album,1997-10-06,195400,195.4,0,False,0.477,0.57,1,-12.052,1,0.0279,0.101,4.65e-06,0.119,0.558,143.425,4
2eZpKFbxDi1KPIDITZ7CbZ,Europe Is Our Playground,14,1,6PHIK3kjWggLtVygsOtpqS,Suede,3SqG0WkJrx8Tjmldvmn3No,Sci-Fi Lullabies,album,1997-10-06,336933,336.93,0,False,0.149,0.624,8,-9.148,0,0.0349,0.000109,0.685,0.076,0.159,82.656,4
2Y3RkQAKbPmIsqPvzpQod1,EVERY MONDAY MORNING COMES,1,2,6PHIK3kjWggLtVygsOtpqS,Suede,3SqG0WkJrx8Tjmldvmn3No,Sci-Fi Lullabies,album,1997-10-06,268267,268.27,0,False,0.156,0.8,5,-7.772,1,0.0511,0.0165,0.0257,0.14,0.448,168.542,4
5lX04mVI5LLdADvO61BFyU,Have You Ever Been This Low?,2,2,6PHIK3kjWggLtVygsOtpqS,Suede,3SqG0WkJrx8Tjmldvmn3No,Sci-Fi Lullabies,album,1997-10-06,232067,232.07,0,False,0.335,0.891,1,-7.379,0,0.0594,0.26,0.011,0.386,0.427,150.637,4
6KODiEovzzKIshiq9rRQk3,Another No One,3,2,6PHIK3kjWggLtVygsOtpqS,Suede,3SqG0WkJrx8Tjmldvmn3No,Sci-Fi Lullabies,album,1997-10-06,236867,236.87,0,False,0.178,0.17,4,-16.617,0,0.0369,0.644,6.5e-06,0.444,0.171,185.763,4
0paRK2Oadj1yql71tLLv4Z,YOUNG MEN,4,2,6PHIK3kjWggLtVygsOtpqS,Suede,3SqG0WkJrx8Tjmldvmn3No,Sci-Fi Lullabies,album,1997-10-06,275533,275.53,0,False,0.353,0.926,10,-4.564,0,0.0447,0.00472,0.0144,0.359,0.524,141.981,4
3J9PmQNYCQDn4m291NaHwU,THE SOUND OF THE STREETS,5,2,6PHIK3kjWggLtVygsOtpqS,Suede,3SqG0WkJrx8Tjmldvmn3No,Sci-Fi Lullabies,album,1997-10-06,299827,299.83,0,False,0.41,0.881,1,-5.963,1,0.0345,0.00418,5.31e-05,0.087,0.569,119.895,4
2LdNv7OYyTudwNMYUtl7Or,MONEY,6,2,6PHIK3kjWggLtVygsOtpqS,Suede,3SqG0WkJrx8Tjmldvmn3No,Sci-Fi Lullabies,album,1997-10-06,244800,244.8,0,False,0.503,0.994,6,-5.068,0,0.0558,8.47e-05,0.601,0.269,0.637,145.814,4
1ZlRmCB993mjqu918kYy8M,W.S.D.,7,2,6PHIK3kjWggLtVygsOtpqS,Suede,3SqG0WkJrx8Tjmldvmn3No,Sci-Fi Lullabies,album,1997-10-06,346600,346.6,0,False,0.513,0.818,10,-7.29,0,0.0285,0.00341,0.00298,0.0728,0.9,171.267,4
7ELL3gi4K2BZH0VWV4IdM1,This Time,8,2,6PHIK3kjWggLtVygsOtpqS,Suede,3SqG0WkJrx8Tjmldvmn3No,Sci-Fi Lullabies,album,1997-10-06,346107,346.11,0,False,0.468,0.59,9,-6.899,1,0.0262,0.196,0.00257,0.0726,0.472,84.454,4
2JTzgq8g537QlOWUqKpCqZ,Jumble Sale Mums,9,2,6PHIK3kjWggLtVygsOtpqS,Suede,3SqG0WkJrx8Tjmldvmn3No,Sci-Fi Lullabies,album,1997-10-06,255267,255.27,0,False,0.208,0.528,8,-8.26,0,0.0304,0.015,0.00565,0.106,0.406,71.474,4
7d2A828TFnsMFDxpLAlf2L,THESE ARE THE SAD SONGS,10,2,6PHIK3kjWggLtVygsOtpqS,Suede,3SqG0WkJrx8Tjmldvmn3No,Sci-Fi Lullabies,album,1997-10-06,380827,380.83,0,False,0.345,0.915,1,-5.689,0,0.0515,3.72e-05,0.0148,0.0737,0.38,112.752,4
05uxQR8xfB9cg8m7ZsD0XV,SADIE,11,2,6PHIK3kjWggLtVygsOtpqS,Suede,3SqG0WkJrx8Tjmldvmn3No,Sci-Fi Lullabies,album,1997-10-06,324000,324.0,0,False,0.205,0.815,1,-6.548,0,0.0336,0.00134,8.05e-05,0.0983,0.558,172.868,4
2x0StHGJpEJIQmiVQqemP9,GRAFFITI WOMEN,12,2,6PHIK3kjWggLtVygsOtpqS,Suede,3SqG0WkJrx8Tjmldvmn3No,Sci-Fi Lullabies,album,1997-10-06,291333,291.33,0,False,0.512,0.67,1,-6.755,1,0.0244,0.0144,0.000898,0.076,0.651,96.989,4
55aMBV9Y2XBM54yi6lI6IF,DUCHESS,13,2,6PHIK3kjWggLtVygsOtpqS,Suede,3SqG0WkJrx8Tjmldvmn3No,Sci-Fi Lullabies,album,1997-10-06,235173,235.17,0,False,0.36,0.268,2,-10.166,1,0.0318,0.23,0.0895,0.373,0.25,95.139,4
0750F9XDWcXwngkRMKcXQ3,Everything Will Flow,4,1,6PHIK3kjWggLtVygsOtpqS,Suede,0bMynXnBvTBLqTB3mmjJvT,Head Music,album,1999-04-03,281067,281.07,0,False,0.476,0.824,2,-7.284,0,0.037,0.0569,0.00594,0.222,0.339,108.901,4
3R0N6s5qutYWTRF4VdGZVP,She's In Fashion,6,1,6PHIK3kjWggLtVygsOtpqS,Suede,0bMynXnBvTBLqTB3mmjJvT,Head Music,album,1999-04-03,293040,293.04,0,False,0.455,0.954,2,-7.217,1,0.0455,0.113,0.0128,0.312,0.897,79.766,4
6GQ2T5AWzGvFg1lPkkW4CM,Asbestos,7,1,6PHIK3kjWggLtVygsOtpqS,Suede,0bMynXnBvTBLqTB3mmjJvT,Head Music,album,1999-04-03,317933,317.93,0,False,0.549,0.664,3,-8.162,0,0.0256,0.461,0.672,0.348,0.89,95.759,4
7GU4FtXWnkXqyD03Ctt5VN,Head Music,8,1,6PHIK3kjWggLtVygsOtpqS,Suede,0bMynXnBvTBLqTB3mmjJvT,Head Music,album,1999-04-03,203533,203.53,0,False,0.567,0.985,7,-6.264,1,0.0396,0.0758,4.64e-05,0.324,0.86,113.754,4
38eA1hrPj4fmTPItfTaC6p,Elephant Man,9,1,6PHIK3kjWggLtVygsOtpqS,Suede,0bMynXnBvTBLqTB3mmjJvT,Head Music,album,1999-04-03,186467,186.47,0,False,0.661,0.726,4,-7.333,1,0.0364,0.000729,0.000485,0.307,0.751,120.003,4
4rvjQ54tbpSEP78JBjSHay,Hi-Fi,10,1,6PHIK3kjWggLtVygsOtpqS,Suede,0bMynXnBvTBLqTB3mmjJvT,Head Music,album,1999-04-03,309693,309.69,0,False,0.585,0.695,9,-7.631,1,0.0294,0.129,0.89,0.456,0.806,99.073,4
7rBQZZyFXdN7IMqQ6STyBd,Indian Strings,11,1,6PHIK3kjWggLtVygsOtpqS,Suede,0bMynXnBvTBLqTB3mmjJvT,Head Music,album,1999-04-03,261200,261.2,0,False,0.543,0.554,9,-7.964,0,0.0297,0.0369,0.0732,0.105,0.617,100.579,4
6CmhhBQbNMDoj7Wo202X7o,He's Gone,12,1,6PHIK3kjWggLtVygsOtpqS,Suede,0bMynXnBvTBLqTB3mmjJvT,Head Music,album,1999-04-03,335107,335.11,0,False,0.22,0.658,7,-9.521,1,0.0421,0.0257,0.496,0.53,0.232,205.291,4
2tPo0PdIPFWaYNTavhorh2,Crack In The Union Jack,13,1,6PHIK3kjWggLtVygsOtpqS,Suede,0bMynXnBvTBLqTB3mmjJvT,Head Music,album,1999-04-03,116200,116.2,0,False,0.559,0.399,0,-9.923,1,0.0269,0.796,1.13e-05,0.164,0.14,127.166,4
4Rb79eBZCshCLs5LmsuOFr,Obsessions,2,1,6PHIK3kjWggLtVygsOtpqS,Suede,6IAiBFSob57UYuE5HKlHZX,A New Morning,album,2002-09-30,251200,251.2,0,False,0.47,0.961,1,-3.303,1,0.0861,0.000392,0.0,0.138,0.695,122.773,4
7I3lYVRVXifkOL5ek0Dap6,Elaine Paige,2,1,6PHIK3kjWggLtVygsOtpqS,Suede,1BRmSpPxnT80HuX5kiS8sf,See You in the Next Life,album,2004-02-12,203147,203.15,7,False,0.49,0.347,0,-13.694,1,0.0293,0.554,0.0,0.469,0.468,114.071,4
0k4AIfrB3UR2mDOrQbALKP,Barriers,1,1,6PHIK3kjWggLtVygsOtpqS,Suede,0KxFgCRvWpee2Dd7D7kRyM,Bloodsports,album,2013-03-18,222440,222.44,0,False,0.388,0.874,11,-4.814,1,0.0718,0.00156,0.000821,0.127,0.245,108.91,4
6wsf778LvORKZFUqCuJw4h,Snowblind,2,1,6PHIK3kjWggLtVygsOtpqS,Suede,0KxFgCRvWpee2Dd7D7kRyM,Bloodsports,album,2013-03-18,243893,243.89,0,False,0.443,0.967,6,-2.22,1,0.0644,0.00348,0.000326,0.348,0.533,120.039,4
3isTAn9bchmvkZa6yfidLV,It Starts And Ends With You,3,1,6PHIK3kjWggLtVygsOtpqS,Suede,0KxFgCRvWpee2Dd7D7kRyM,Bloodsports,album,2013-03-18,231520,231.52,0,False,0.419,0.919,2,-3.441,1,0.0423,5.08e-05,0.158,0.478,0.444,118.043,4
5Jqlqpu5PSsNoNvVqQoI56,Sabotage,4,1,6PHIK3kjWggLtVygsOtpqS,Suede,0KxFgCRvWpee2Dd7D7kRyM,Bloodsports,album,2013-03-18,225240,225.24,0,False,0.305,0.923,5,-3.67,0,0.0531,0.000769,0.0183,0.0884,0.35,182.053,4
1NyOgchtcJLSnQB15qhkB7,For The Strangers,5,1,6PHIK3kjWggLtVygsOtpqS,Suede,0KxFgCRvWpee2Dd7D7kRyM,Bloodsports,album,2013-03-18,252133,252.13,0,False,0.348,0.879,9,-2.952,1,0.0346,0.00849,8.34e-06,0.22,0.381,142.052,4
5iIeekL9RIZLmNTqNEa3yx,Hit Me,6,1,6PHIK3kjWggLtVygsOtpqS,Suede,0KxFgCRvWpee2Dd7D7kRyM,Bloodsports,album,2013-03-18,243467,243.47,0,False,0.517,0.92,11,-4.722,0,0.044,4.43e-05,0.00592,0.184,0.85,126.01,4
4pXqgxpJLTIscj61XT2yZL,Sometimes I Feel I'll Float Away,7,1,6PHIK3kjWggLtVygsOtpqS,Suede,0KxFgCRvWpee2Dd7D7kRyM,Bloodsports,album,2013-03-18,252333,252.33,0,False,0.235,0.666,1,-4.417,0,0.0309,0.0907,2.92e-06,0.159,0.16,154.007,4
7wSQhYyduiPQV80NHimREn,What Are You Not Telling Me?,8,1,6PHIK3kjWggLtVygsOtpqS,Suede,0KxFgCRvWpee2Dd7D7kRyM,Bloodsports,album,2013-03-18,192307,192.31,0,False,0.338,0.457,5,-7.504,0,0.035,0.956,0.0174,0.144,0.0978,80.574,4
02cF7Uq4V2iaaKtITnFTT4,Always,9,1,6PHIK3kjWggLtVygsOtpqS,Suede,0KxFgCRvWpee2Dd7D7kRyM,Bloodsports,album,2013-03-18,282493,282.49,0,False,0.429,0.782,9,-4.713,0,0.0331,0.000241,0.227,0.18,0.101,118.022,4
539N1TyyRBz5u8xx3RHmKR,Faultlines,10,1,6PHIK3kjWggLtVygsOtpqS,Suede,0KxFgCRvWpee2Dd7D7kRyM,Bloodsports,album,2013-03-18,244440,244.44,0,False,0.239,0.604,6,-4.545,0,0.0322,0.419,0.00267,0.0674,0.124,105.936,4
4ix0suYaC4ZUv1i1ZOru87,Outsiders,2,1,6PHIK3kjWggLtVygsOtpqS,Suede,5cyFF9f6VhtSXIr3GZ88sD,Night Thoughts,album,2016-01-22,233147,233.15,36,False,0.374,0.908,6,-6.176,1,0.0468,0.00206,0.000442,0.257,0.332,92.531,4
3pSaOIP5KFRc5j1jMMvNzN,Like Kids,9,1,6PHIK3kjWggLtVygsOtpqS,Suede,5cyFF9f6VhtSXIr3GZ88sD,Night Thoughts,album,2016-01-22,216360,216.36,25,False,0.456,0.867,8,-6.123,1,0.0442,8.12e-05,0.00028,0.672,0.546,124.956,4
6lObkwOtjQt4MPcEXGUB3k,I Don't Know How to Reach You,5,1,6PHIK3kjWggLtVygsOtpqS,Suede,5cyFF9f6VhtSXIr3GZ88sD,Night Thoughts,album,2016-01-22,372387,372.39,21,False,0.231,0.87,11,-6.136,1,0.0607,0.00237,0.0139,0.134,0.149,108.055,4
476s20ocoXoHa9BifCBrwI,No Tomorrow,3,1,6PHIK3kjWggLtVygsOtpqS,Suede,5cyFF9f6VhtSXIr3GZ88sD,Night Thoughts,album,2016-01-22,231080,231.08,20,False,0.48,0.922,8,-5.839,0,0.0663,0.000208,6.23e-05,0.37,0.45,122.539,4
6a8XA2L0q7blrQCzFKA75y,When You Are Young,1,1,6PHIK3kjWggLtVygsOtpqS,Suede,5cyFF9f6VhtSXIr3GZ88sD,Night Thoughts,album,2016-01-22,258947,258.95,19,False,0.114,0.489,2,-9.349,1,0.0343,0.0676,0.000306,0.398,0.0792,91.943,4
6fX3aGrwUhmHqAPoidQrCc,What I'm Trying to Tell You,6,1,6PHIK3kjWggLtVygsOtpqS,Suede,5cyFF9f6VhtSXIr3GZ88sD,Night Thoughts,album,2016-01-22,251560,251.56,19,False,0.294,0.922,11,-5.423,1,0.0399,0.00755,0.00266,0.207,0.593,100.304,4
1Wugo6eHLecaPatV3A1jqX,Pale Snow,4,1,6PHIK3kjWggLtVygsOtpqS,Suede,5cyFF9f6VhtSXIr3GZ88sD,Night Thoughts,album,2016-01-22,162507,162.51,17,False,0.173,0.476,6,-7.167,0,0.0355,0.633,0.0295,0.0879,0.0389,67.006,4
2EyuQ6iOBa5IJMXe2ycmtQ,Tightrope,7,1,6PHIK3kjWggLtVygsOtpqS,Suede,5cyFF9f6VhtSXIr3GZ88sD,Night Thoughts,album,2016-01-22,231280,231.28,17,False,0.355,0.503,0,-7.356,0,0.0335,0.419,3.74e-06,0.124,0.119,115.029,3
1NT1ZvmDUxAzyh9nnAX0I3,I Can't Give Her What She Wants,10,1,6PHIK3kjWggLtVygsOtpqS,Suede,5cyFF9f6VhtSXIr3GZ88sD,Night Thoughts,album,2016-01-22,285773,285.77,15,False,0.359,0.417,8,-9.657,0,0.0314,0.502,5.64e-06,0.385,0.0536,72.929,4
00b5q1DyiTsOmrCVeyEOxF,Learning to Be,8,1,6PHIK3kjWggLtVygsOtpqS,Suede,5cyFF9f6VhtSXIr3GZ88sD,Night Thoughts,album,2016-01-22,201827,201.83,14,False,0.235,0.426,6,-12.054,1,0.0328,0.56,0.00367,0.509,0.141,81.417,4
1l7P1FpJDWBfoJ3wgNGYJU,The Fur & the Feathers,12,1,6PHIK3kjWggLtVygsOtpqS,Suede,5cyFF9f6VhtSXIr3GZ88sD,Night Thoughts,album,2016-01-22,280733,280.73,14,False,0.117,0.496,9,-8.787,1,0.0336,0.0513,0.00183,0.442,0.243,78.933,3
4zF31YfToEaxF2eWNfWVoV,Life is Golden,7,1,6PHIK3kjWggLtVygsOtpqS,Suede,1jQpwIHC250JWDTGxUG1JJ,The Blue Hour,album,2018-09-21,237773,237.77,40,False,0.354,0.798,3,-6.524,0,0.0327,0.00157,0.727,0.159,0.356,155.954,4
0rsIekknROxMviNb2WzMhZ,Wastelands,2,1,6PHIK3kjWggLtVygsOtpqS,Suede,1jQpwIHC250JWDTGxUG1JJ,The Blue Hour,album,2018-09-21,331960,331.96,28,False,0.476,0.911,11,-5.99,1,0.0522,0.0113,0.137,0.119,0.15,112.906,4
6xEkDgFPBZeXQca2U8hbxW,Mistress,3,1,6PHIK3kjWggLtVygsOtpqS,Suede,1jQpwIHC250JWDTGxUG1JJ,The Blue Hour,album,2018-09-21,203733,203.73,24,False,0.468,0.544,10,-7.759,0,0.0285,0.0301,0.0114,0.122,0.0964,116.097,4
7jTFuHioAQGWInnPk0CyvI,Beyond the Outskirts,4,1,6PHIK3kjWggLtVygsOtpqS,Suede,1jQpwIHC250JWDTGxUG1JJ,The Blue Hour,album,2018-09-21,246720,246.72,22,False,0.416,0.542,11,-8.336,0,0.0285,0.00497,0.79,0.148,0.11,137.945,4
5t9NGItU3zSKafLxtEGnfs,The Invisibles,13,1,6PHIK3kjWggLtVygsOtpqS,Suede,1jQpwIHC250JWDTGxUG1JJ,The Blue Hour,album,2018-09-21,249600,249.6,22,False,0.39,0.376,10,-10.431,1,0.0275,0.703,3.89e-06,0.3,0.253,97.911,4
7mIxV3p8rFiXLxlOqMp9AP,Cold Hands,6,1,6PHIK3kjWggLtVygsOtpqS,Suede,1jQpwIHC250JWDTGxUG1JJ,The Blue Hour,album,2018-09-21,196947,196.95,21,False,0.424,0.966,7,-5.986,1,0.0579,0.00206,0.0488,0.84,0.305,117.003,4
7JRe34FlcJ23Yb5XPMsFLf,Flytipping,14,1,6PHIK3kjWggLtVygsOtpqS,Suede,1jQpwIHC250JWDTGxUG1JJ,The Blue Hour,album,2018-09-21,401333,401.33,20,False,0.205,0.466,2,-7.539,1,0.0314,0.0805,0.19,0.0948,0.245,151.909,4
2eVk9ZFOQzqsvctaTougLJ,As One,1,1,6PHIK3kjWggLtVygsOtpqS,Suede,1jQpwIHC250JWDTGxUG1JJ,The Blue Hour,album,2018-09-21,250467,250.47,19,False,0.382,0.335,1,-9.91,0,0.0299,0.0818,0.0554,0.808,0.101,101.062,4
3MdQ4hv0LKnrkeCqM7styP,Tides,9,1,6PHIK3kjWggLtVygsOtpqS,Suede,1jQpwIHC250JWDTGxUG1JJ,The Blue Hour,album,2018-09-21,248653,248.65,19,False,0.447,0.667,10,-7.149,0,0.0324,0.00373,0.82,0.0998,0.271,117.036,4
2kPMCXJRbn7NmZZdvttkmK,Don't Be Afraid If Nobody Loves You,10,1,6PHIK3kjWggLtVygsOtpqS,Suede,1jQpwIHC250JWDTGxUG1JJ,The Blue Hour,album,2018-09-21,264467,264.47,19,False,0.477,0.857,1,-9.099,1,0.0492,1.89e-05,0.633,0.29,0.489,111.928,4
525yYjROciAo9VoSegjH4N,Chalk Circles,5,1,6PHIK3kjWggLtVygsOtpqS,Suede,1jQpwIHC250JWDTGxUG1JJ,The Blue Hour,album,2018-09-21,124213,124.21,18,False,0.196,0.392,1,-10.93,1,0.031,0.418,0.00791,0.125,0.281,109.233,4
5HpnW9jVWmVEyoF85k5G31,Roadkill,8,1,6PHIK3kjWggLtVygsOtpqS,Suede,1jQpwIHC250JWDTGxUG1JJ,The Blue Hour,album,2018-09-21,126613,126.61,17,False,0.152,0.627,7,-13.31,0,0.0637,0.859,0.0564,0.106,0.0578,90.678,4
3F34EtMmXRlmfSfBqt6LWe,All the Wild Places,12,1,6PHIK3kjWggLtVygsOtpqS,Suede,1jQpwIHC250JWDTGxUG1JJ,The Blue Hour,album,2018-09-21,195307,195.31,16,False,0.293,0.349,0,-11.368,0,0.0339,0.862,0.000225,0.139,0.159,128.548,4
2PN0UjVoQjeNZ5kPgIa7YH,Dead Bird,11,1,6PHIK3kjWggLtVygsOtpqS,Suede,1jQpwIHC250JWDTGxUG1JJ,The Blue Hour,album,2018-09-21,26520,26.52,0,False,0.131,0.241,5,-14.955,0,0.0349,0.106,0.00054,0.507,0.107,205.916,5
3CW0oWvqNlW3lh3MJg7jAJ,She Still Leads Me On,1,1,6PHIK3kjWggLtVygsOtpqS,Suede,05cR7IbWsAhbAJ252I75nu,Autofiction,album,2022-09-16,248600,248.6,41,False,0.216,0.93,1,-3.763,0,0.152,0.00393,3.78e-05,0.642,0.208,147.455,4
6q0JHhBfkVIDTvWo5uQJSc,Personality Disorder,2,1,6PHIK3kjWggLtVygsOtpqS,Suede,05cR7IbWsAhbAJ252I75nu,Autofiction,album,2022-09-16,240200,240.2,37,False,0.293,0.96,1,-1.822,0,0.0562,0.00875,0.0623,0.435,0.324,124.406,4
2gfZ5IV38kYzX8KBEE5Yeq,15 Again,3,1,6PHIK3kjWggLtVygsOtpqS,Suede,05cR7IbWsAhbAJ252I75nu,Autofiction,album,2022-09-16,204560,204.56,34,False,0.343,0.939,8,-2.96,1,0.0825,0.000182,0.179,0.296,0.366,133.13,4
6TIN99BQni1o4p5FvLi49i,The Only Way I Can Love You,4,1,6PHIK3kjWggLtVygsOtpqS,Suede,05cR7IbWsAhbAJ252I75nu,Autofiction,album,2022-09-16,247587,247.59,33,False,0.42,0.948,11,-2.513,1,0.0601,0.000151,0.00696,0.29,0.609,115.008,4
4nH8khgHoSrYQSwFSp3VFU,Turn off Your Brain and Yell,11,1,6PHIK3kjWggLtVygsOtpqS,Suede,05cR7IbWsAhbAJ252I75nu,Autofiction,album,2022-09-16,354413,354.41,28,False,0.479,0.84,5,-4.482,0,0.0448,0.00057,0.516,0.173,0.197,114.034,4
0CBJWZvPwv8By6fFCMxjWx,That Boy on the Stage,5,1,6PHIK3kjWggLtVygsOtpqS,Suede,05cR7IbWsAhbAJ252I75nu,Autofiction,album,2022-09-16,155600,155.6,27,False,0.219,0.911,3,-3.393,1,0.0479,7.15e-06,0.0342,0.335,0.396,113.692,4
3uzraEbcP1SbbpzWycRmHC,Shadow Self,8,1,6PHIK3kjWggLtVygsOtpqS,Suede,05cR7IbWsAhbAJ252I75nu,Autofiction,album,2022-09-16,213893,213.89,27,False,0.327,0.954,6,-3.133,1,0.072,5.29e-06,0.938,0.626,0.621,158.04,4
1qd6CBtFve1SIivohmPTrE,Black Ice,7,1,6PHIK3kjWggLtVygsOtpqS,Suede,05cR7IbWsAhbAJ252I75nu,Autofiction,album,2022-09-16,165200,165.2,22,False,0.444,0.817,6,-2.348,1,0.0329,0.000474,0.00428,0.136,0.635,86.023,4
1In4GbxCJ8VrFcBk0ZCO1b,What am I Without You?,10,1,6PHIK3kjWggLtVygsOtpqS,Suede,05cR7IbWsAhbAJ252I75nu,Autofiction,album,2022-09-16,377800,377.8,21,False,0.185,0.591,6,-4.95,0,0.0319,0.00842,0.0388,0.0899,0.0948,141.566,4
1liHgZr6JkhpSFB6S014jU,Drive Myself Home,6,1,6PHIK3kjWggLtVygsOtpqS,Suede,05cR7IbWsAhbAJ252I75nu,Autofiction,album,2022-09-16,269693,269.69,20,False,0.107,0.263,7,-9.063,1,0.0385,0.271,0.36,0.131,0.0739,172.942,3
0nAujg22Cb9yKIrjDuHLsh,"The Sadness In You, The Sadness In Me",1,2,6PHIK3kjWggLtVygsOtpqS,Suede,12DwIit0HMm9T32c99tsRP,Autofiction: Expanded,album,2023-12-08,270120,270.12,23,False,0.495,0.851,1,-3.868,0,0.0352,0.000188,0.00104,0.0793,0.617,96.016,4
4L5x1uxWMfpjoMMAbJO9aQ,The Prey,3,2,6PHIK3kjWggLtVygsOtpqS,Suede,12DwIit0HMm9T32c99tsRP,Autofiction: Expanded,album,2023-12-08,216253,216.25,15,False,0.265,0.768,3,-5.694,1,0.0355,0.0142,9.38e-05,0.253,0.336,151.394,4
3235OL2xWJMu2NqLQ4b5ZK,You Don't Know Me,4,2,6PHIK3kjWggLtVygsOtpqS,Suede,12DwIit0HMm9T32c99tsRP,Autofiction: Expanded,album,2023-12-08,213387,213.39,15,False,0.32,0.988,6,-1.418,0,0.0972,0.00132,0.902,0.361,0.183,129.072,4
7qGeN3aZaTYiL79kk8ouYA,Still Waiting,6,2,6PHIK3kjWggLtVygsOtpqS,Suede,12DwIit0HMm9T32c99tsRP,Autofiction: Expanded,album,2023-12-08,170400,170.4,14,False,0.307,0.32,10,-8.104,1,0.0294,0.635,0.000207,0.0894,0.0391,94.556,3
1tK6yhH51GwDhWVwEd2qZO,Days Like Dead Moths,2,2,6PHIK3kjWggLtVygsOtpqS,Suede,12DwIit0HMm9T32c99tsRP,Autofiction: Expanded,album,2023-12-08,224360,224.36,13,False,0.287,0.44,11,-8.041,1,0.0308,0.248,0.000507,0.106,0.0509,90.223,4
39msiYiabT6H2kNk85D1nL,There Is No Me If There Is No You,5,2,6PHIK3kjWggLtVygsOtpqS,Suede,12DwIit0HMm9T32c99tsRP,Autofiction: Expanded,album,2023-12-08,187693,187.69,12,False,0.412,0.94,5,-3.701,1,0.0628,0.00119,0.000579,0.361,0.595,125.683,4
4niiifyeVSX3VGVP7SFuag,Blinded,19,1,6PHIK3kjWggLtVygsOtpqS,Suede,3SDX9H4Q31VXNaoBdFDPao,Sci-Fi Lullabies Vol. 2,album,2025-04-11,298253,298.25,36,False,0.299,0.6,10,-6.239,0,0.0308,0.288,0.00024,0.321,0.0945,91.097,4
0RmQvg8oa8xiNNJB3x9FzV,Dawn Chorus,2,1,6PHIK3kjWggLtVygsOtpqS,Suede,3SDX9H4Q31VXNaoBdFDPao,Sci-Fi Lullabies Vol. 2,album,2025-04-11,244024,244.02,30,False,0.268,0.879,8,-6.361,0,0.0602,0.0134,0.000126,0.089,0.477,187.607,4
7Jk92gjk3nLZ7ZAyL0Dw31,Let Go,3,1,6PHIK3kjWggLtVygsOtpqS,Suede,3SDX9H4Q31VXNaoBdFDPao,Sci-Fi Lullabies Vol. 2,album,2025-04-11,267053,267.05,29,False,0.553,0.942,8,-4.788,0,0.0391,0.0153,5.03e-05,0.0477,0.924,126.064,4
0aSIEQK0Fg0QUKRP1HhAqF,Crackhead,4,1,6PHIK3kjWggLtVygsOtpqS,Suede,3SDX9H4Q31VXNaoBdFDPao,Sci-Fi Lullabies Vol. 2,album,2025-04-11,353633,353.63,28,False,0.635,0.931,9,-5.152,1,0.0335,0.328,0.0,0.308,0.902,116.867,4
40l1yScUYN4qhwGx2OXmFE,Cheap,5,1,6PHIK3kjWggLtVygsOtpqS,Suede,3SDX9H4Q31VXNaoBdFDPao,Sci-Fi Lullabies Vol. 2,album,2025-04-11,283403,283.4,27,False,0.471,0.845,2,-6.9,0,0.036,0.45,0.0,0.348,0.403,135.243,4
6rEPYkVeI5W5q9UUomomc0,Simon,6,1,6PHIK3kjWggLtVygsOtpqS,Suede,3SDX9H4Q31VXNaoBdFDPao,Sci-Fi Lullabies Vol. 2,album,2025-04-11,274790,274.79,26,False,0.401,0.486,4,-6.74,1,0.0263,0.377,0.0,0.1,0.314,83.282,4
3j76DoGFPbWg2W3Ov1IHpn,What Violet Says,7,1,6PHIK3kjWggLtVygsOtpqS,Suede,3SDX9H4Q31VXNaoBdFDPao,Sci-Fi Lullabies Vol. 2,album,2025-04-11,252456,252.46,26,False,0.246,0.752,4,-5.968,0,0.039,0.619,2.19e-05,0.356,0.451,166.215,4
2ZhEmGM0elqDQibHhLE740,Since You Went Away,12,1,6PHIK3kjWggLtVygsOtpqS,Suede,3SDX9H4Q31VXNaoBdFDPao,Sci-Fi Lullabies Vol. 2,album,2025-04-11,187574,187.57,23,False,0.625,0.84,7,-5.473,1,0.0279,0.297,2.76e-06,0.119,0.84,119.99,4
7nwaw1EUIhfM3wsGwhAR3G,Leaving,14,1,6PHIK3kjWggLtVygsOtpqS,Suede,3SDX9H4Q31VXNaoBdFDPao,Sci-Fi Lullabies Vol. 2,album,2025-04-11,257349,257.35,23,False,0.331,0.677,2,-5.373,0,0.0303,0.468,0.000355,0.0942,0.401,169.276,4
2ouCtEzxEnzQ5GM8c1cqML,God's Gift,15,1,6PHIK3kjWggLtVygsOtpqS,Suede,3SDX9H4Q31VXNaoBdFDPao,Sci-Fi Lullabies Vol. 2,album,2025-04-11,176202,176.2,22,False,0.303,0.506,9,-8.394,1,0.0304,0.916,0.0675,0.113,0.505,93.484,4
6vz9YZ3CZK2S2VecKkyXnB,Darkest Days,17,1,6PHIK3kjWggLtVygsOtpqS,Suede,3SDX9H4Q31VXNaoBdFDPao,Sci-Fi Lullabies Vol. 2,album,2025-04-11,228925,228.92,21,False,0.307,0.916,6,-4.937,0,0.0666,0.000534,0.0,0.255,0.435,118.349,4
60SAPyhsCnOIArnVDnp5Pu,Manipulation,9,1,6PHIK3kjWggLtVygsOtpqS,Suede,3SDX9H4Q31VXNaoBdFDPao,Sci-Fi Lullabies Vol. 2,album,2025-04-11,129981,129.98,0,False,0.358,0.953,6,-4.555,0,0.0858,0.00067,0.826,0.685,0.445,145.038,4
4TydIMmvW6ugl5zEM5KbbJ,The Sound And The Summer,5,1,6PHIK3kjWggLtVygsOtpqS,Suede,6N0IlrIaCkdqM4V6u3BYxk,Antidepressants,album,2025-09-05,222032,222.03,19,False,0.333,0.926,11,-4.588,0,0.0474,3.37e-05,0.693,0.112,0.172,130.368,4
527x8zKAZzQNCc28xhPYIc,Disintegrate,1,1,6PHIK3kjWggLtVygsOtpqS,Suede,6N0IlrIaCkdqM4V6u3BYxk,Antidepressants,album,2025-09-05,221685,221.68,18,False,0.492,0.897,8,-4.984,1,0.0426,0.000328,0.00441,0.178,0.378,131.984,4
4gfN0mL224iQZqZGb2Kn8C,Antidepressants,3,1,6PHIK3kjWggLtVygsOtpqS,Suede,6N0IlrIaCkdqM4V6u3BYxk,Antidepressants,album,2025-09-05,206786,206.79,18,False,0.472,0.963,6,-3.299,1,0.0742,0.00616,0.00172,0.144,0.426,146.017,4
7HCKULopbmxSdxBejV0bIi,Dancing With The Europeans,2,1,6PHIK3kjWggLtVygsOtpqS,Suede,6N0IlrIaCkdqM4V6u3BYxk,Antidepressants,album,2025-09-05,225000,225.0,17,False,0.487,0.944,6,-3.897,1,0.0412,0.000999,0.0224,0.0605,0.595,128.079,4
5HSv7viK9t4guofH0me2NR,Sweet Kid,4,1,6PHIK3kjWggLtVygsOtpqS,Suede,6N0IlrIaCkdqM4V6u3BYxk,Antidepressants,album,2025-09-05,179900,179.9,17,False,0.495,0.905,1,-3.893,1,0.0387,2.42e-05,0.0174,0.2,0.361,127.121,4
4VCe8dDRKjiE8hfNjwUneU,Somewhere Between An Atom And A Star,6,1,6PHIK3kjWggLtVygsOtpqS,Suede,6N0IlrIaCkdqM4V6u3BYxk,Antidepressants,album,2025-09-05,170899,170.9,16,False,0.291,0.465,4,-7.88,1,0.0347,0.241,0.000791,0.081,0.0596,149.106,3
3CVYrz9GGSiijCquIOTUhl,Broken Music For Broken People,7,1,6PHIK3kjWggLtVygsOtpqS,Suede,6N0IlrIaCkdqM4V6u3BYxk,Antidepressants,album,2025-09-05,191891,191.89,15,False,0.469,0.883,8,-4.464,1,0.0514,0.00125,0.000715,0.141,0.255,132.968,4
6l2Eqn3cnpdQXNOoPZFSmP,Criminal Ways,8,1,6PHIK3kjWggLtVygsOtpqS,Suede,6N0IlrIaCkdqM4V6u3BYxk,Antidepressants,album,2025-09-05,147751,147.75,15,False,0.409,0.873,10,-4.023,0,0.0381,6.72e-05,0.0386,0.202,0.305,139.033,4
0Vdriq3lbtp5nIIci3o4uQ,June Rain,10,1,6PHIK3kjWggLtVygsOtpqS,Suede,6N0IlrIaCkdqM4V6u3BYxk,Antidepressants,album,2025-09-05,237395,237.4,14,False,0.445,0.472,9,-8.118,0,0.0329,0.177,9.45e-05,0.277,0.159,124.416,4
0TxmDt3QiR6BvfA3wq9c8X,Trance State,9,1,6PHIK3kjWggLtVygsOtpqS,Suede,6N0IlrIaCkdqM4V6u3BYxk,Antidepressants,album,2025-09-05,263017,263.02,13,False,0.641,0.805,3,-5.422,0,0.0374,0.0719,0.147,0.122,0.667,121.982,4
678uKJAoVvoklfxTpgE2lc,"Life Is Endless, Life Is A Moment",11,1,6PHIK3kjWggLtVygsOtpqS,Suede,6N0IlrIaCkdqM4V6u3BYxk,Antidepressants,album,2025-09-05,307502,307.5,13,False,0.321,0.813,3,-6.387,0,0.0481,0.0531,0.645,0.142,0.187,164.077,4
5xC8uOesnn0udeXAYlAnoY,Alright,4,1,0sHeX8oQ6o7xic3wMf4NBU,Supergrass,3YfIjaJEWqiSbKPguS9Bxd,I Should Coco,album,1995-05-15,180880,180.88,5,False,0.467,0.958,4,-4.808,0,0.0775,0.000479,0.199,0.299,0.701,145.92,4
66KKHqWcjAgQi2iGFwBiTZ,I'd Like To Know,1,1,0sHeX8oQ6o7xic3wMf4NBU,Supergrass,3YfIjaJEWqiSbKPguS9Bxd,I Should Coco,album,1995-05-15,242493,242.49,0,False,0.179,0.946,2,-6.181,1,0.114,3.5e-05,0.764,0.38,0.229,165.835,4
0iAcyO7WLhnC7WOTOpjGv1,Caught By the Fuzz,2,1,0sHeX8oQ6o7xic3wMf4NBU,Supergrass,3YfIjaJEWqiSbKPguS9Bxd,I Should Coco,album,1995-05-15,136773,136.77,0,False,0.322,0.952,9,-6.925,1,0.205,0.000202,0.219,0.0671,0.257,161.79,4
5afa3W4rCWxEWeXW3hWMRe,Mansize Rooster,3,1,0sHeX8oQ6o7xic3wMf4NBU,Supergrass,3YfIjaJEWqiSbKPguS9Bxd,I Should Coco,album,1995-05-15,154627,154.63,0,False,0.286,0.844,0,-6.41,1,0.0462,5.29e-05,0.00205,0.0596,0.684,163.738,4
3zUS56FvsxCIyXdnlJ3896,Lose It,5,1,0sHeX8oQ6o7xic3wMf4NBU,Supergrass,3YfIjaJEWqiSbKPguS9Bxd,I Should Coco,album,1995-05-15,157707,157.71,0,False,0.167,0.935,4,-5.379,0,0.0924,6.48e-05,0.751,0.0916,0.271,150.816,4
28Zeh6S7YqHabnKurm39IE,Lenny,6,1,0sHeX8oQ6o7xic3wMf4NBU,Supergrass,3YfIjaJEWqiSbKPguS9Bxd,I Should Coco,album,1995-05-15,162733,162.73,0,False,0.439,0.727,9,-7.672,1,0.0712,8.11e-05,0.482,0.0897,0.547,159.654,4
0vPepcVQ3aYlkhTtfCBg89,Strange Ones,7,1,0sHeX8oQ6o7xic3wMf4NBU,Supergrass,3YfIjaJEWqiSbKPguS9Bxd,I Should Coco,album,1995-05-15,259760,259.76,0,True,0.2,0.932,9,-8.314,0,0.16,8.56e-05,0.0731,0.187,0.158,155.455,4
6SWS8H4nUiVZCyULZdhBX1,Sitting Up Straight,8,1,0sHeX8oQ6o7xic3wMf4NBU,Supergrass,3YfIjaJEWqiSbKPguS9Bxd,I Should Coco,album,1995-05-15,140267,140.27,0,False,0.21,0.749,2,-7.192,1,0.0495,1.64e-05,0.741,0.106,0.349,159.217,4
294BfoD9CPpQ57lxKAalOx,She's So Loose,9,1,0sHeX8oQ6o7xic3wMf4NBU,Supergrass,3YfIjaJEWqiSbKPguS9Bxd,I Should Coco,album,1995-05-15,179840,179.84,0,False,0.434,0.846,0,-8.235,1,0.0476,0.00034,0.0246,0.291,0.475,155.882,4
68GQEjPCy9ZSmlNev7BCSp,We're Not Supposed To,10,1,0sHeX8oQ6o7xic3wMf4NBU,Supergrass,3YfIjaJEWqiSbKPguS9Bxd,I Should Coco,album,1995-05-15,123893,123.89,0,False,0.548,0.775,9,-8.596,1,0.0726,0.248,0.000121,0.472,0.877,87.342,4
1TAU8ZSZc3nu4JhaPadyfS,Time,11,1,0sHeX8oQ6o7xic3wMf4NBU,Supergrass,3YfIjaJEWqiSbKPguS9Bxd,I Should Coco,album,1995-05-15,190507,190.51,0,False,0.592,0.549,9,-8.403,1,0.0285,0.00807,0.516,0.101,0.624,137.981,3
2xmvZFubrZBrpiHPUhs6Ns,Sofa Of My Lethargy,12,1,0sHeX8oQ6o7xic3wMf4NBU,Supergrass,3YfIjaJEWqiSbKPguS9Bxd,I Should Coco,album,1995-05-15,378600,378.6,0,False,0.18,0.66,2,-8.14,1,0.0366,0.00216,0.175,0.31,0.327,169.836,4
12b2y61Z3K7pZFEM4mKAwX,Sun Hits the Sky,6,1,0sHeX8oQ6o7xic3wMf4NBU,Supergrass,020brgMKGgdPSYjcVNypql,In It For The Money,album,1997-04-21,295800,295.8,49,False,0.373,0.939,10,-6.91,1,0.0562,5.28e-05,0.502,0.0973,0.341,150.455,4
09rr4TfhpyF6tmaoSt3j4T,Richard III,2,1,0sHeX8oQ6o7xic3wMf4NBU,Supergrass,020brgMKGgdPSYjcVNypql,In It For The Money,album,1997-04-21,192960,192.96,45,False,0.142,0.777,10,-5.736,1,0.0558,3.08e-06,0.712,0.113,0.164,149.535,4
0z135Km0PZBHNc1LBbaMmL,Late in the Day,4,1,0sHeX8oQ6o7xic3wMf4NBU,Supergrass,020brgMKGgdPSYjcVNypql,In It For The Money,album,1997-04-21,283427,283.43,43,False,0.288,0.548,9,-10.521,0,0.0253,0.000578,0.00164,0.096,0.253,85.646,4
7D1FXKTNz2gQDG5bqOPfZ4,Going Out,7,1,0sHeX8oQ6o7xic3wMf4NBU,Supergrass,020brgMKGgdPSYjcVNypql,In It For The Money,album,1997-04-21,256867,256.87,34,False,0.36,0.67,2,-7.364,0,0.0506,0.000264,0.521,0.117,0.471,98.433,4
5W2rilNamGJ7LZ06t5vh1T,In It for the Money,1,1,0sHeX8oQ6o7xic3wMf4NBU,Supergrass,020brgMKGgdPSYjcVNypql,In It For The Money,album,1997-04-21,185053,185.05,30,False,0.174,0.63,7,-6.316,1,0.0439,0.000221,0.365,0.55,0.0634,116.304,4
1WBb7KtcUh56W7Eun4b3jz,Cheapskate,9,1,0sHeX8oQ6o7xic3wMf4NBU,Supergrass,020brgMKGgdPSYjcVNypql,In It For The Money,album,1997-04-21,163173,163.17,27,False,0.519,0.835,9,-9.279,1,0.0402,0.000204,0.732,0.131,0.375,131.287,4
3hFBY9YucrCF4t2j7jxofp,Tonight,3,1,0sHeX8oQ6o7xic3wMf4NBU,Supergrass,020brgMKGgdPSYjcVNypql,In It For The Money,album,1997-04-21,189707,189.71,25,False,0.369,0.826,2,-6.274,1,0.0601,0.00013,0.0345,0.276,0.633,153.373,4
0smFlFsvuSEJ5PsB1PCfTI,G-Song,5,1,0sHeX8oQ6o7xic3wMf4NBU,Supergrass,020brgMKGgdPSYjcVNypql,In It For The Money,album,1997-04-21,207507,207.51,24,False,0.263,0.731,9,-7.916,0,0.0394,0.000968,0.472,0.219,0.526,167.101,4
6FVcPcbkdWmkvumW1cp0qB,It's Not Me,8,1,0sHeX8oQ6o7xic3wMf4NBU,Supergrass,020brgMKGgdPSYjcVNypql,In It For The Money,album,1997-04-21,176493,176.49,24,False,0.501,0.485,6,-8.525,1,0.0255,0.173,0.0,0.0902,0.0656,103.937,4
19pGPA89RFvgPfZHgXpyJN,You Can See Me,10,1,0sHeX8oQ6o7xic3wMf4NBU,Supergrass,020brgMKGgdPSYjcVNypql,In It For The Money,album,1997-04-21,220760,220.76,21,False,0.456,0.761,9,-7.731,0,0.0382,0.000104,0.0103,0.166,0.378,121.37,4
46aeIZrEbFQgRf3Xa8cGor,Hollow Little Reign,11,1,0sHeX8oQ6o7xic3wMf4NBU,Supergrass,020brgMKGgdPSYjcVNypql,In It For The Money,album,1997-04-21,248667,248.67,20,False,0.503,0.739,5,-9.983,1,0.0311,0.000877,0.158,0.377,0.252,131.693,1
4F9cI58vD7w68NIkzC2w9P,Blockades - Studio Out Take,8,1,0sHeX8oQ6o7xic3wMf4NBU,Supergrass,0MGCu6KaAqwRbF7JtvO9Kk,Supergrass,album,1999-01-01,252627,252.63,0,False,0.437,0.466,5,-14.071,0,0.0321,0.364,0.814,0.108,0.618,204.265,4
0jIoObixbkax1eBQ1WHANV,Za,1,1,0sHeX8oQ6o7xic3wMf4NBU,Supergrass,0qQ6VctzOWHPQzAgt45zJP,Life On Other Planets,album,2002-01-01,183773,183.77,0,False,0.521,0.863,7,-6.95,1,0.0323,0.00087,0.378,0.134,0.577,118.699,4
7G3zdEFGPDl9JGYHYZwZKX,Rush Hour Soul,2,1,0sHeX8oQ6o7xic3wMf4NBU,Supergrass,0qQ6VctzOWHPQzAgt45zJP,Life On Other Planets,album,2002-01-01,174813,174.81,0,False,0.269,0.898,2,-6.342,1,0.07,4.07e-05,0.518,0.0921,0.458,138.78,4
5kYQdMbQeLChg9hQWJsGia,Seen The Light,3,1,0sHeX8oQ6o7xic3wMf4NBU,Supergrass,0qQ6VctzOWHPQzAgt45zJP,Life On Other Planets,album,2002-01-01,146080,146.08,0,False,0.483,0.859,9,-6.421,1,0.0475,0.000196,0.702,0.129,0.521,125.716,4
416bGO3iOl2PmvJF9wvHHp,Brecon Beacons,4,1,0sHeX8oQ6o7xic3wMf4NBU,Supergrass,0qQ6VctzOWHPQzAgt45zJP,Life On Other Planets,album,2002-01-01,176280,176.28,0,False,0.383,0.977,9,-5.57,1,0.13,1.26e-05,0.0459,0.251,0.658,143.821,4
69GFzoDcAFrW6CD5tBEMTK,Can't Get Up,5,1,0sHeX8oQ6o7xic3wMf4NBU,Supergrass,0qQ6VctzOWHPQzAgt45zJP,Life On Other Planets,album,2002-01-01,242293,242.29,0,False,0.507,0.911,5,-5.363,0,0.0591,0.000369,0.000266,0.182,0.366,126.7,4
4hHj5r733jBEGUj6NIP7Rq,Evening Of The Day,6,1,0sHeX8oQ6o7xic3wMf4NBU,Supergrass,0qQ6VctzOWHPQzAgt45zJP,Life On Other Planets,album,2002-01-01,318373,318.37,0,False,0.36,0.582,11,-7.658,0,0.0304,0.064,0.00142,0.673,0.425,93.697,4
1rnOzbldCQJODoDhKNIuNM,Never Done Nothing Like That Before,7,1,0sHeX8oQ6o7xic3wMf4NBU,Supergrass,0qQ6VctzOWHPQzAgt45zJP,Life On Other Planets,album,2002-01-01,103720,103.72,0,False,0.304,0.923,0,-4.799,1,0.0708,0.0002,0.86,0.124,0.196,158.879,4
5DbM2Bh3UopI5hVEWHoQFU,Funniest Thing,8,1,0sHeX8oQ6o7xic3wMf4NBU,Supergrass,0qQ6VctzOWHPQzAgt45zJP,Life On Other Planets,album,2002-01-01,149347,149.35,0,False,0.417,0.769,9,-5.482,0,0.0435,0.00684,0.11,0.0918,0.294,134.545,4
2b1MLisc5enrrOLGHbxfhB,Grace,9,1,0sHeX8oQ6o7xic3wMf4NBU,Supergrass,0qQ6VctzOWHPQzAgt45zJP,Life On Other Planets,album,2002-01-01,150147,150.15,0,False,0.374,0.84,2,-3.915,1,0.046,0.00102,0.0,0.0973,0.344,141.664,4
7mH4USoUNtwmJ9ZhiMqx8g,La Song,10,1,0sHeX8oQ6o7xic3wMf4NBU,Supergrass,0qQ6VctzOWHPQzAgt45zJP,Life On Other Planets,album,2002-01-01,224773,224.77,0,False,0.18,0.881,6,-6.006,1,0.0835,2.17e-05,0.744,0.0998,0.152,155.797,4
4CTGMbSmCHgawWqG34EoLd,Prophet 15,11,1,0sHeX8oQ6o7xic3wMf4NBU,Supergrass,0qQ6VctzOWHPQzAgt45zJP,Life On Other Planets,album,2002-01-01,244680,244.68,0,False,0.532,0.72,2,-6.736,0,0.0288,0.000308,0.0204,0.0864,0.162,145.419,4
3TQGqi0c4tWkHAKfj8TOoe,Run,12,1,0sHeX8oQ6o7xic3wMf4NBU,Supergrass,0qQ6VctzOWHPQzAgt45zJP,Life On Other Planets,album,2002-01-01,328680,328.68,0,False,0.183,0.52,7,-8.118,1,0.039,0.000264,0.582,0.118,0.0383,114.118,4
2Dr3Ncdhxol8XE9rDZcl6X,"Tales of Endurance, Pt. 4, 5 & 6",1,1,0sHeX8oQ6o7xic3wMf4NBU,Supergrass,2abIxxJnpkaYhxOU0JKhMr,Road To Rouen,album,2005-06-13,331427,331.43,49,False,0.285,0.648,9,-7.604,0,0.0285,0.012,0.394,0.216,0.115,91.429,4
5xyj9HH6fYJdo7tEWjCnYU,St. Petersburg,2,1,0sHeX8oQ6o7xic3wMf4NBU,Supergrass,2abIxxJnpkaYhxOU0JKhMr,Road To Rouen,album,2005-06-13,189547,189.55,47,False,0.483,0.602,6,-8.571,0,0.0289,0.404,0.527,0.105,0.462,125.113,4
1HkLGn0GJ7QBjkrdZdtEcw,Coffee in the Pot,5,1,0sHeX8oQ6o7xic3wMf4NBU,Supergrass,2abIxxJnpkaYhxOU0JKhMr,Road To Rouen,album,2005-06-13,110013,110.01,38,False,0.672,0.581,2,-9.891,0,0.285,0.739,0.893,0.0963,0.964,93.557,4
4XMc2pOJTWSPpfwN5lb8DC,Road to Rouen,6,1,0sHeX8oQ6o7xic3wMf4NBU,Supergrass,2abIxxJnpkaYhxOU0JKhMr,Road To Rouen,album,2005-06-13,231453,231.45,38,False,0.564,0.913,9,-7.826,0,0.0568,0.00158,0.0258,0.0514,0.49,120.529,4
0mIzYr6kUx2giyXdr2Sqnb,Low C,8,1,0sHeX8oQ6o7xic3wMf4NBU,Supergrass,2abIxxJnpkaYhxOU0JKhMr,Road To Rouen,album,2005-06-13,259745,259.74,29,False,0.356,0.581,0,-9.336,1,0.0277,0.0448,0.463,0.0816,0.531,134.475,4
12vyriJtIctPwQXsYn6XPb,Sad Girl,3,1,0sHeX8oQ6o7xic3wMf4NBU,Supergrass,2abIxxJnpkaYhxOU0JKhMr,Road To Rouen,album,2005-06-13,216987,216.99,28,False,0.539,0.648,8,-7.714,0,0.026,0.54,0.708,0.112,0.541,92.073,4
3UI5D0ZdnFHnWtkRpOg4lx,Fin,9,1,0sHeX8oQ6o7xic3wMf4NBU,Supergrass,2abIxxJnpkaYhxOU0JKhMr,Road To Rouen,album,2005-06-13,191187,191.19,26,False,0.6,0.489,7,-12.525,1,0.0316,0.725,0.915,0.109,0.408,124.944,4
3W8Loyuqk3LqBEtcD720M1,Kick in the Teeth,7,1,0sHeX8oQ6o7xic3wMf4NBU,Supergrass,2abIxxJnpkaYhxOU0JKhMr,Road To Rouen,album,2005-06-13,216560,216.56,25,True,0.407,0.932,6,-6.244,1,0.0478,1.88e-05,0.838,0.0968,0.703,129.007,4
6LE5UIN4xzTnuQqFkKZXJL,Roxy,4,1,0sHeX8oQ6o7xic3wMf4NBU,Supergrass,2abIxxJnpkaYhxOU0JKhMr,Road To Rouen,album,2005-06-13,377640,377.64,24,False,0.208,0.562,0,-8.716,1,0.032,0.00577,0.284,0.112,0.112,105.994,4
7fHyzxGThKOdGsc4jpkDM9,Diamond Hoo Ha Man,1,1,0sHeX8oQ6o7xic3wMf4NBU,Supergrass,382JtzxLVy3scTeWO5Z51u,Diamond Hoo Ha,album,2008-01-14,205560,205.56,37,False,0.478,0.875,0,-5.484,1,0.0544,0.00483,0.00972,0.121,0.509,148.433,4
4OIegCKtOfWTbagfiRMumO,Bad Blood,2,1,0sHeX8oQ6o7xic3wMf4NBU,Supergrass,382JtzxLVy3scTeWO5Z51u,Diamond Hoo Ha,album,2008-01-14,184440,184.44,32,False,0.445,0.826,4,-3.519,0,0.0459,0.000483,0.000164,0.274,0.415,80.784,4
6wTY9PdO7FvZbj9bao2ovH,Rebel in You,3,1,0sHeX8oQ6o7xic3wMf4NBU,Supergrass,382JtzxLVy3scTeWO5Z51u,Diamond Hoo Ha,album,2008-01-14,281093,281.09,24,False,0.526,0.833,0,-4.442,1,0.0401,0.00246,0.0015,0.277,0.494,120.796,4
5swXx79Lvg8XiblixQeJb5,When I Needed You,4,1,0sHeX8oQ6o7xic3wMf4NBU,Supergrass,382JtzxLVy3scTeWO5Z51u,Diamond Hoo Ha,album,2008-01-14,151107,151.11,21,False,0.514,0.809,9,-4.28,0,0.031,0.0359,9.86e-05,0.0965,0.598,113.543,4
4hv77eNyUVVGGQZeHVJyhI,345,5,1,0sHeX8oQ6o7xic3wMf4NBU,Supergrass,382JtzxLVy3scTeWO5Z51u,Diamond Hoo Ha,album,2008-01-14,219400,219.4,19,False,0.437,0.942,9,-4.266,1,0.0593,0.0297,0.00802,0.0627,0.54,147.096,4
7EC7zVKUIB61zDp8702FBY,Ghost of a Friend,8,1,0sHeX8oQ6o7xic3wMf4NBU,Supergrass,382JtzxLVy3scTeWO5Z51u,Diamond Hoo Ha,album,2008-01-14,234333,234.33,18,False,0.405,0.94,0,-3.523,1,0.0779,0.0127,0.0,0.315,0.569,142.773,4
5e9brrsXP0eHBSfjUvBzcU,The Return Of ...,6,1,0sHeX8oQ6o7xic3wMf4NBU,Supergrass,382JtzxLVy3scTeWO5Z51u,Diamond Hoo Ha,album,2008-01-14,215667,215.67,15,False,0.538,0.804,0,-6.795,1,0.0369,0.0304,0.166,0.403,0.326,116.158,4
5xOWMKbKO9WrC09MhIxbDJ,Butterfly,11,1,0sHeX8oQ6o7xic3wMf4NBU,Supergrass,382JtzxLVy3scTeWO5Z51u,Diamond Hoo Ha,album,2008-01-14,310200,310.2,15,False,0.468,0.927,2,-3.584,1,0.0404,0.00237,0.00764,0.0695,0.478,119.16,4
3iVGH8GV4OT28VyGMS75AW,Rough Knuckles,7,1,0sHeX8oQ6o7xic3wMf4NBU,Supergrass,382JtzxLVy3scTeWO5Z51u,Diamond Hoo Ha,album,2008-01-14,204720,204.72,14,False,0.563,0.96,5,-4.174,1,0.0437,0.00278,0.000134,0.0414,0.681,141.231,4
7HrRe3si6h1HHwaw1thxyT,Whiskey & Green Tea,9,1,0sHeX8oQ6o7xic3wMf4NBU,Supergrass,382JtzxLVy3scTeWO5Z51u,Diamond Hoo Ha,album,2008-01-14,256027,256.03,14,False,0.479,0.925,7,-3.48,1,0.0553,0.116,2.89e-06,0.574,0.388,138.208,4
5UG0DTBZVJ3XMQAa2cYyYi,Outside,10,1,0sHeX8oQ6o7xic3wMf4NBU,Supergrass,382JtzxLVy3scTeWO5Z51u,Diamond Hoo Ha,album,2008-01-14,212173,212.17,14,False,0.471,0.952,11,-4.649,0,0.0425,0.00678,0.000892,0.155,0.719,148.138,4
1z6VOhCz9CW51doXtR9jjJ,Kiss Of Life,8,1,0sHeX8oQ6o7xic3wMf4NBU,Supergrass,2pcVCyLvZY5DjHx8fUsSVM,The Strange Ones: 1994-2008,album,2020-01-24,243133,243.13,0,False,0.651,0.858,5,-6.313,1,0.0392,0.0239,0.00149,0.0586,0.711,132.016,4
7x5sCA1JMzdLMkeS7y8M1Y,Moving,13,1,0sHeX8oQ6o7xic3wMf4NBU,Supergrass,2pcVCyLvZY5DjHx8fUsSVM,The Strange Ones: 1994-2008,album,2020-01-24,266800,266.8,0,False,0.467,0.853,7,-6.661,1,0.0377,0.00731,0.000863,0.354,0.236,110.953,4
2HSl7ZSI4cim4VyDmQzjax,Mary,14,1,0sHeX8oQ6o7xic3wMf4NBU,Supergrass,2pcVCyLvZY5DjHx8fUsSVM,The Strange Ones: 1994-2008,album,2020-01-24,239960,239.96,0,False,0.519,0.747,0,-6.79,0,0.0349,0.0371,0.00503,0.0722,0.302,112.981,4
51PU0auynUUt4I8DGvS2XN,Beautiful People,15,1,0sHeX8oQ6o7xic3wMf4NBU,Supergrass,2pcVCyLvZY5DjHx8fUsSVM,The Strange Ones: 1994-2008,album,2020-01-24,202040,202.04,0,False,0.613,0.835,2,-5.249,1,0.03,0.00118,0.301,0.152,0.62,116.003,4
0YWZD8l1mQz8XPSK2asTj6,Pumping On Your Stereo,16,1,0sHeX8oQ6o7xic3wMf4NBU,Supergrass,2pcVCyLvZY5DjHx8fUsSVM,The Strange Ones: 1994-2008,album,2020-01-24,200400,200.4,0,False,0.461,0.904,2,-4.789,1,0.0784,0.011,0.0852,0.835,0.238,131.967,4
1gwfSb3XuBncwcZBfLPu9F,You're Not Very Well,1,1,5fScAXreYFnuqwOgBsJgSd,The Charlatans,0JWdN38GXUuoG3zHmXKmnj,Some Friendly,album,1990-09-25,210827,210.83,0,False,0.568,0.841,6,-13.92,0,0.0384,0.0024,0.134,0.11,0.875,113.797,4
3J01GMYKdXmh2Ag8MvMma7,White Shirt,2,1,5fScAXreYFnuqwOgBsJgSd,The Charlatans,0JWdN38GXUuoG3zHmXKmnj,Some Friendly,album,1990-09-25,205880,205.88,0,False,0.459,0.607,7,-11.913,1,0.0368,0.00904,0.00263,0.106,0.665,141.838,4
17hdos7cv1vAvcfoTU4Pym,The Only One I Know,3,1,5fScAXreYFnuqwOgBsJgSd,The Charlatans,0JWdN38GXUuoG3zHmXKmnj,Some Friendly,album,1990-09-25,238120,238.12,0,False,0.543,0.572,5,-13.124,1,0.0317,0.0685,0.00119,0.0823,0.533,113.312,4
6kcZsylr92YXKfGFWU5dMn,Opportunity,4,1,5fScAXreYFnuqwOgBsJgSd,The Charlatans,0JWdN38GXUuoG3zHmXKmnj,Some Friendly,album,1990-09-25,401093,401.09,0,False,0.365,0.61,3,-15.906,1,0.0377,0.0246,0.851,0.358,0.703,195.285,4
6pxJNqerC3k8yK174VTp6v,Then,5,1,5fScAXreYFnuqwOgBsJgSd,The Charlatans,0JWdN38GXUuoG3zHmXKmnj,Some Friendly,album,1990-09-25,251000,251.0,0,False,0.27,0.655,9,-13.62,1,0.0433,0.0117,0.831,0.0499,0.443,111.633,4
2bdBRHfd7Mdt9SBUsgdBR4,109 Pt2,6,1,5fScAXreYFnuqwOgBsJgSd,The Charlatans,0JWdN38GXUuoG3zHmXKmnj,Some Friendly,album,1990-09-25,198000,198.0,0,False,0.5,0.6,0,-17.21,0,0.06,0.38,0.62,0.08,0.07,134.92,4
5geyAkFXU4E8sEwpuw64tN,Polar Bear,7,1,5fScAXreYFnuqwOgBsJgSd,The Charlatans,0JWdN38GXUuoG3zHmXKmnj,Some Friendly,album,1990-09-25,295907,295.91,0,False,0.544,0.799,7,-15.811,1,0.0379,0.00506,0.663,0.176,0.88,115.924,4
1jRteuHHKpPTTmXxvBaapt,Believe You Me,8,1,5fScAXreYFnuqwOgBsJgSd,The Charlatans,0JWdN38GXUuoG3zHmXKmnj,Some Friendly,album,1990-09-25,221360,221.36,0,False,0.635,0.585,10,-14.922,1,0.0508,0.00209,0.0851,0.0972,0.881,114.772,4
0Wn3DOFM7ZCgZj1pQKFPHw,Flower,9,1,5fScAXreYFnuqwOgBsJgSd,The Charlatans,0JWdN38GXUuoG3zHmXKmnj,Some Friendly,album,1990-09-25,327587,327.59,0,False,0.583,0.479,0,-14.911,1,0.0243,6.45e-05,0.162,0.635,0.493,97.814,4
6nkgFw68UPsueX1CX3PhsM,Sonic,10,1,5fScAXreYFnuqwOgBsJgSd,The Charlatans,0JWdN38GXUuoG3zHmXKmnj,Some Friendly,album,1990-09-25,212000,212.0,0,False,0.39,0.7,9,-12.4,0,0.04,0.04,0.56,0.14,0.96,110.91,4
7CcQoHyRwacoKdMVh7y8Ny,Sproston Green,11,1,5fScAXreYFnuqwOgBsJgSd,The Charlatans,0JWdN38GXUuoG3zHmXKmnj,Some Friendly,album,1990-09-25,310160,310.16,0,False,0.427,0.622,9,-15.015,1,0.0386,0.019,0.516,0.0759,0.265,139.476,4
1yaOpRf6Q3vqbiTsA3DAkF,I Don't Want to See the Sights,1,1,5fScAXreYFnuqwOgBsJgSd,The Charlatans,3fGZuTQk8DHHsvGTKqtFqI,Between 10th And 11th,album,1992-03-23,293267,293.27,0,False,0.539,0.799,2,-12.626,1,0.0376,6.17e-05,0.568,0.0795,0.851,100.129,4
4OE55p9KHrjAv4MNFa2RIn,Ignition,2,1,5fScAXreYFnuqwOgBsJgSd,The Charlatans,3fGZuTQk8DHHsvGTKqtFqI,Between 10th And 11th,album,1992-03-23,183160,183.16,0,False,0.452,0.554,0,-11.716,1,0.0377,5.29e-05,0.256,0.432,0.398,129.152,4
0lq2CvuRQ7lTZ6ArvlZDKu,Page One,3,1,5fScAXreYFnuqwOgBsJgSd,The Charlatans,3fGZuTQk8DHHsvGTKqtFqI,Between 10th And 11th,album,1992-03-23,253040,253.04,0,False,0.612,0.569,5,-12.112,1,0.0294,0.00914,0.402,0.121,0.579,110.194,4
1BsUt1QIL29XQ83qrw01PP,Tremelo Song,4,1,5fScAXreYFnuqwOgBsJgSd,The Charlatans,3fGZuTQk8DHHsvGTKqtFqI,Between 10th And 11th,album,1992-03-23,277960,277.96,0,False,0.584,0.709,9,-12.968,1,0.0298,0.000208,0.0833,0.161,0.788,119.183,4
2sHkTpKGryr1A0RbprOjp3,The End of Everything,5,1,5fScAXreYFnuqwOgBsJgSd,The Charlatans,3fGZuTQk8DHHsvGTKqtFqI,Between 10th And 11th,album,1992-03-23,350133,350.13,0,False,0.402,0.631,7,-11.043,1,0.0339,0.00114,0.0126,0.226,0.432,133.249,4
62Sh2u7WG3see1YnpD0qO1,Subtitle,6,1,5fScAXreYFnuqwOgBsJgSd,The Charlatans,3fGZuTQk8DHHsvGTKqtFqI,Between 10th And 11th,album,1992-03-23,252507,252.51,0,False,0.178,0.293,0,-21.45,1,0.0392,0.252,0.933,0.146,0.137,105.268,4
63RpgWbyMgVUhh89LtEe1S,Can't Even Be Bothered,7,1,5fScAXreYFnuqwOgBsJgSd,The Charlatans,3fGZuTQk8DHHsvGTKqtFqI,Between 10th And 11th,album,1992-03-23,221027,221.03,0,False,0.648,0.371,2,-13.851,1,0.0322,0.00062,0.0975,0.102,0.73,116.157,4
6ExZGaqQjthptrUtrJYqFb,Weirdo,8,1,5fScAXreYFnuqwOgBsJgSd,The Charlatans,3fGZuTQk8DHHsvGTKqtFqI,Between 10th And 11th,album,1992-03-23,218173,218.17,0,False,0.647,0.78,11,-11.6,0,0.0429,0.00124,0.892,0.519,0.92,123.088,4
5T3y7yIio9RQWPHtOYIFkJ,Chewing Gum Weekend,9,1,5fScAXreYFnuqwOgBsJgSd,The Charlatans,3fGZuTQk8DHHsvGTKqtFqI,Between 10th And 11th,album,1992-03-23,306093,306.09,0,False,0.567,0.64,7,-11.954,1,0.0338,0.0445,0.0295,0.164,0.456,114.827,4
0F6kEzCniYHm3RthlA9vyt,(No One) Not Even the Rain,10,1,5fScAXreYFnuqwOgBsJgSd,The Charlatans,3fGZuTQk8DHHsvGTKqtFqI,Between 10th And 11th,album,1992-03-23,264133,264.13,0,False,0.598,0.502,10,-14.497,1,0.0297,0.000103,0.165,0.669,0.883,110.143,4
1y4tQ4V581EmLIW4vKBihB,Come In Number 21,1,1,5fScAXreYFnuqwOgBsJgSd,The Charlatans,1Pzh32jMQGOO95E4cU07hE,Up to Our Hips,album,1994-03-21,266200,266.2,0,False,0.586,0.677,7,-13.045,1,0.0249,0.182,0.604,0.109,0.569,101.934,4
4dqdVeRhOyTdQh68mnhco9,I Never Want an Easy Life If Me and He Were Ever to Get There,2,1,5fScAXreYFnuqwOgBsJgSd,The Charlatans,1Pzh32jMQGOO95E4cU07hE,Up to Our Hips,album,1994-03-21,250133,250.13,0,False,0.343,0.674,0,-11.335,1,0.0293,0.000522,0.0267,0.285,0.692,177.889,4
3b8Kr4A0XP1umaHNEE2bfe,Can't Get Out of Bed,3,1,5fScAXreYFnuqwOgBsJgSd,The Charlatans,1Pzh32jMQGOO95E4cU07hE,Up to Our Hips,album,1994-03-21,191040,191.04,0,False,0.56,0.59,5,-10.904,1,0.0269,0.0133,0.0,0.0791,0.632,95.974,4
51zpb1YXH2kdqYEllV9VuG,Feel Flows,4,1,5fScAXreYFnuqwOgBsJgSd,The Charlatans,1Pzh32jMQGOO95E4cU07hE,Up to Our Hips,album,1994-03-21,377560,377.56,0,False,0.442,0.679,9,-11.265,0,0.0265,1.05e-05,0.861,0.164,0.512,91.118,4
2oSGIWbACjYOUy37iV9Gjx,Autograph,5,1,5fScAXreYFnuqwOgBsJgSd,The Charlatans,1Pzh32jMQGOO95E4cU07hE,Up to Our Hips,album,1994-03-21,271040,271.04,0,False,0.633,0.457,2,-12.585,1,0.0311,0.411,0.333,0.0904,0.508,149.821,4
4l6MigA2peyUsrsBwgiiRk,Jesus Hairdo,6,1,5fScAXreYFnuqwOgBsJgSd,The Charlatans,1Pzh32jMQGOO95E4cU07hE,Up to Our Hips,album,1994-03-21,193600,193.6,0,False,0.537,0.895,6,-11.099,0,0.0335,0.000945,0.00083,0.117,0.723,104.128,4
53bo1pAmVw61c55IOrNGHk,Up to Our Hips,7,1,5fScAXreYFnuqwOgBsJgSd,The Charlatans,1Pzh32jMQGOO95E4cU07hE,Up to Our Hips,album,1994-03-21,272000,272.0,0,False,0.397,0.583,5,-12.988,1,0.0371,0.0236,0.00598,0.351,0.552,165.724,4
60xxn735Y3yRebK4h35oTQ,Patrol,8,1,5fScAXreYFnuqwOgBsJgSd,The Charlatans,1Pzh32jMQGOO95E4cU07hE,Up to Our Hips,album,1994-03-21,366093,366.09,0,False,0.534,0.628,7,-15.215,1,0.0319,0.00144,0.141,0.064,0.828,89.285,4
0doGfVn8qFKXeH2jsBMLJX,Another Rider Up in Flames,9,1,5fScAXreYFnuqwOgBsJgSd,The Charlatans,1Pzh32jMQGOO95E4cU07hE,Up to Our Hips,album,1994-03-21,202067,202.07,0,False,0.535,0.662,9,-11.708,0,0.0271,0.000737,5.86e-05,0.137,0.632,79.847,4
7Df9QLaoQC1UrBugvYQSB7,Inside-looking Out,10,1,5fScAXreYFnuqwOgBsJgSd,The Charlatans,1Pzh32jMQGOO95E4cU07hE,Up to Our Hips,album,1994-03-21,305173,305.17,0,False,0.324,0.487,1,-14.146,1,0.0335,0.0448,0.218,0.0716,0.344,167.996,4
0uqn625244juq4sKbo9iXw,Just When You're Thinkin' Things Over,7,1,5fScAXreYFnuqwOgBsJgSd,The Charlatans,3w929DsUH49KkQ8FNLo2wE,The Charlatans,album,1995-08-28,291867,291.87,39,False,0.553,0.946,9,-4.584,1,0.0331,0.000871,0.0488,0.105,0.907,101.438,4
3n7pxAJPMu63o0SbPZLXl2,Just Lookin',3,1,5fScAXreYFnuqwOgBsJgSd,The Charlatans,3w929DsUH49KkQ8FNLo2wE,The Charlatans,album,1995-08-28,229400,229.4,31,False,0.371,0.816,9,-4.935,1,0.0323,0.000561,6.62e-06,0.27,0.479,179.339,4
05gWETMNfy027NTLRwxmIP,Crashin' In,4,1,5fScAXreYFnuqwOgBsJgSd,The Charlatans,3w929DsUH49KkQ8FNLo2wE,The Charlatans,album,1995-08-28,302160,302.16,25,False,0.157,0.89,11,-3.265,0,0.0397,0.000331,0.00984,0.473,0.441,206.499,4
4GGLR9eUBlwdcJWCHKBqqd,Here Comes a Soul Saver,6,1,5fScAXreYFnuqwOgBsJgSd,The Charlatans,3w929DsUH49KkQ8FNLo2wE,The Charlatans,album,1995-08-28,203667,203.67,23,False,0.282,0.754,7,-4.797,1,0.0322,0.00185,3.59e-06,0.169,0.449,166.457,4
3FKoa9tkUayT26t0Afxt6X,Feeling Holy,2,1,5fScAXreYFnuqwOgBsJgSd,The Charlatans,3w929DsUH49KkQ8FNLo2wE,The Charlatans,album,1995-08-28,316800,316.8,19,False,0.197,0.837,2,-6.358,1,0.0418,3.44e-06,0.144,0.113,0.436,93.891,4
1L3TXMVwlKMAAn7ENumaNE,Bullet Comes,5,1,5fScAXreYFnuqwOgBsJgSd,The Charlatans,3w929DsUH49KkQ8FNLo2wE,The Charlatans,album,1995-08-28,325533,325.53,18,False,0.496,0.959,5,-3.992,1,0.0787,0.00106,0.0059,0.12,0.709,165.293,4
23yzP4jp4E7osUqzK5sCNw,Toothache,9,1,5fScAXreYFnuqwOgBsJgSd,The Charlatans,3w929DsUH49KkQ8FNLo2wE,The Charlatans,album,1995-08-28,316160,316.16,17,False,0.413,0.89,9,-4.939,1,0.0483,0.000114,0.844,0.2,0.551,164.615,4
6BvW2qZsqUTwCK9spn0F8t,Tell Everyone,8,1,5fScAXreYFnuqwOgBsJgSd,The Charlatans,3w929DsUH49KkQ8FNLo2wE,The Charlatans,album,1995-08-28,212773,212.77,16,False,0.269,0.847,9,-4.862,1,0.0623,0.00453,9.42e-05,0.272,0.536,169.243,4
02oqRLsoZLLrAcfapzkJfz,Nine Acre Court,1,1,5fScAXreYFnuqwOgBsJgSd,The Charlatans,3w929DsUH49KkQ8FNLo2wE,The Charlatans,album,1995-08-28,225133,225.13,15,False,0.442,0.947,7,-5.521,1,0.0768,0.000135,0.0571,0.0703,0.521,174.82,4
7GYoJeItFQdoSpWovFkoE5,See It Through,11,1,5fScAXreYFnuqwOgBsJgSd,The Charlatans,3w929DsUH49KkQ8FNLo2wE,The Charlatans,album,1995-08-28,247933,247.93,15,False,0.154,0.842,7,-5.822,1,0.0432,0.000131,0.00734,0.464,0.424,211.899,4
1fbJJlhNuVhQu0mtdCxP2N,No Fiction,10,1,5fScAXreYFnuqwOgBsJgSd,The Charlatans,3w929DsUH49KkQ8FNLo2wE,The Charlatans,album,1995-08-28,238773,238.77,14,False,0.308,0.794,2,-4.212,1,0.0349,2.24e-05,0.00136,0.0859,0.67,178.161,4
7hlMh3xKHRav6209HDBgok,Thank You,12,1,5fScAXreYFnuqwOgBsJgSd,The Charlatans,3w929DsUH49KkQ8FNLo2wE,The Charlatans,album,1995-08-28,213693,213.69,14,False,0.528,0.861,2,-5.763,1,0.0286,0.00136,0.806,0.242,0.716,97.174,4
6arphpgC2iZe361yAePzyh,With No Shoes,1,1,5fScAXreYFnuqwOgBsJgSd,The Charlatans,1uFl7z1fWq9by4BcFJbirj,Tellin' Stories,album,1997-04-21,283600,283.6,0,False,0.305,0.87,2,-7.387,1,0.0394,0.00388,0.000447,0.0902,0.518,185.959,4
4ZdpA0IqOavto4cpXtyKuZ,North Country Boy,2,1,5fScAXreYFnuqwOgBsJgSd,The Charlatans,1uFl7z1fWq9by4BcFJbirj,Tellin' Stories,album,1997-04-21,244867,244.87,0,False,0.322,0.899,2,-5.281,1,0.0457,0.00254,0.0,0.107,0.466,85.463,4
1xmEPxjGvdkwqqfkMm0LdH,Tellin' Stories,3,1,5fScAXreYFnuqwOgBsJgSd,The Charlatans,1uFl7z1fWq9by4BcFJbirj,Tellin' Stories,album,1997-04-21,313160,313.16,0,False,0.437,0.827,0,-6.485,1,0.0282,0.000144,0.000486,0.122,0.561,96.398,4
1zw4l0t9dCHXRmiLpcrYZq,One to Another,4,1,5fScAXreYFnuqwOgBsJgSd,The Charlatans,1uFl7z1fWq9by4BcFJbirj,Tellin' Stories,album,1997-04-21,269840,269.84,0,False,0.453,0.883,10,-5.124,1,0.0423,0.000198,0.000144,0.593,0.303,102.39,4
1WqM8JqmWMOsRnGSvSHWHS,You're a Big Girl Now,5,1,5fScAXreYFnuqwOgBsJgSd,The Charlatans,1uFl7z1fWq9by4BcFJbirj,Tellin' Stories,album,1997-04-21,168400,168.4,0,False,0.65,0.523,0,-7.972,1,0.0258,0.0369,0.0,0.13,0.328,108.94,4
3loSyoOKbRtSuz7wOeUWbz,How Can You Leave Us,6,1,5fScAXreYFnuqwOgBsJgSd,The Charlatans,1uFl7z1fWq9by4BcFJbirj,Tellin' Stories,album,1997-04-21,226960,226.96,0,False,0.497,0.901,2,-3.734,1,0.0384,0.00122,7.73e-06,0.112,0.569,105.303,4
3cK5cRbMzx7VYTCfc4VNfs,Area 51,7,1,5fScAXreYFnuqwOgBsJgSd,The Charlatans,1uFl7z1fWq9by4BcFJbirj,Tellin' Stories,album,1997-04-21,217173,217.17,0,False,0.607,0.935,9,-7.799,1,0.0319,0.00025,0.893,0.42,0.319,103.961,4
7cONVgU4YimAyLhu21hIfQ,How High,8,1,5fScAXreYFnuqwOgBsJgSd,The Charlatans,1uFl7z1fWq9by4BcFJbirj,Tellin' Stories,album,1997-04-21,186067,186.07,0,False,0.387,0.882,0,-2.377,1,0.0354,0.000332,0.0,0.259,0.673,99.469,4
50lPcbujgi1GOWObInAQFH,Only Teethin',9,1,5fScAXreYFnuqwOgBsJgSd,The Charlatans,1uFl7z1fWq9by4BcFJbirj,Tellin' Stories,album,1997-04-21,319600,319.6,0,False,0.503,0.79,5,-6.33,1,0.0386,0.0126,0.000167,0.0433,0.814,189.201,4
6Yzy1w5zcl896RqPunSvAk,Get On It,10,1,5fScAXreYFnuqwOgBsJgSd,The Charlatans,1uFl7z1fWq9by4BcFJbirj,Tellin' Stories,album,1997-04-21,356867,356.87,0,False,0.275,0.884,7,-3.57,1,0.0393,0.00206,0.0729,0.175,0.337,94.292,4
5R5XUO9PquhFRpXRZSfZMG,Rob's Theme,11,1,5fScAXreYFnuqwOgBsJgSd,The Charlatans,1uFl7z1fWq9by4BcFJbirj,Tellin' Stories,album,1997-04-21,234760,234.76,0,False,0.626,0.46,2,-15.092,1,0.171,0.17,0.354,0.346,0.154,83.229,4
4vAlEmhtCo7BE9mQiSJyti,Over Rising,4,1,5fScAXreYFnuqwOgBsJgSd,The Charlatans,635zMYbfMaEJx8YgPliLaV,Melting Pot,album,1997-09-29,219533,219.53,0,False,0.539,0.83,9,-4.655,1,0.0278,0.0357,0.0162,0.156,0.642,99.81,4
4idqzRyJnjSlmKSwqFJd3B,Theme from The Wish,7,1,5fScAXreYFnuqwOgBsJgSd,The Charlatans,635zMYbfMaEJx8YgPliLaV,Melting Pot,album,1997-09-29,212840,212.84,0,False,0.463,0.964,9,-5.001,0,0.0329,5.91e-06,0.886,0.168,0.949,104.787,4
1K8oLX9ti5UwAb6MRuuuwL,My Beautiful Friend,7,1,5fScAXreYFnuqwOgBsJgSd,The Charlatans,0XSSV7KhGKcmWRTAnfvAc0,Us And Us Only Deluxe Edition,album,1999-10-18,275000,275.0,32,False,0.351,0.89,2,-5.287,1,0.055,5.37e-05,0.0953,0.348,0.128,191.049,4
2catb79ry9Dnl6FaSZnHv0,Impossible,3,1,5fScAXreYFnuqwOgBsJgSd,The Charlatans,0XSSV7KhGKcmWRTAnfvAc0,Us And Us Only Deluxe Edition,album,1999-10-18,305133,305.13,14,False,0.556,0.81,9,-6.131,1,0.0237,0.000314,0.716,0.146,0.555,95.665,4
3sZQIhzovoYhfPQXMNH6x6,The Blonde Waltz,4,1,5fScAXreYFnuqwOgBsJgSd,The Charlatans,0XSSV7KhGKcmWRTAnfvAc0,Us And Us Only Deluxe Edition,album,1999-10-18,274000,274.0,8,False,0.523,0.638,9,-6.303,0,0.0259,0.0417,0.0115,0.111,0.424,140.913,3
7EtA7ki3aZfPpmiSgwKUgP,The Blind Stagger,9,1,5fScAXreYFnuqwOgBsJgSd,The Charlatans,0XSSV7KhGKcmWRTAnfvAc0,Us And Us Only Deluxe Edition,album,1999-10-18,299667,299.67,8,False,0.47,0.824,7,-5.865,1,0.0287,0.000212,0.549,0.18,0.571,147.709,4
4bKsnvgkiSPudQBeFp9zun,A House Is Not A Home,5,1,5fScAXreYFnuqwOgBsJgSd,The Charlatans,0XSSV7KhGKcmWRTAnfvAc0,Us And Us Only Deluxe Edition,album,1999-10-18,292267,292.27,7,False,0.237,0.887,4,-3.839,1,0.0481,4.12e-05,0.188,0.251,0.405,172.69,4
3NAlzhatT7QFYDpwPlrV5n,Senses,6,1,5fScAXreYFnuqwOgBsJgSd,The Charlatans,0XSSV7KhGKcmWRTAnfvAc0,Us And Us Only Deluxe Edition,album,1999-10-18,286267,286.27,7,False,0.39,0.571,2,-5.299,1,0.0324,0.00214,0.299,0.164,0.0656,130.75,4
0gJtCSuaMei1wYsQyNgdAD,Watching You,11,1,5fScAXreYFnuqwOgBsJgSd,The Charlatans,0XSSV7KhGKcmWRTAnfvAc0,Us And Us Only Deluxe Edition,album,1999-10-18,337565,337.56,7,False,0.411,0.754,8,-6.892,1,0.0333,0.0576,0.0121,0.205,0.224,143.095,4
7uCxT7LuayRqZrNYaJYBkR,"Good Witch, Bad Witch 1",2,1,5fScAXreYFnuqwOgBsJgSd,The Charlatans,0XSSV7KhGKcmWRTAnfvAc0,Us And Us Only Deluxe Edition,album,1999-10-18,51360,51.36,6,False,0.477,0.0552,10,-19.333,0,0.0546,0.946,0.616,0.0871,0.038,79.063,4
4PgBnFWkNTFYgN8aJwnK0m,I Don't Care Where You Live,8,1,5fScAXreYFnuqwOgBsJgSd,The Charlatans,0XSSV7KhGKcmWRTAnfvAc0,Us And Us Only Deluxe Edition,album,1999-10-18,178800,178.8,6,False,0.553,0.626,9,-5.701,1,0.0281,0.0613,0.00862,0.13,0.593,115.255,4
7k6jq52bVjW4fq5ivI5saS,Sleepy Little Sunshine Boy,4,2,5fScAXreYFnuqwOgBsJgSd,The Charlatans,0XSSV7KhGKcmWRTAnfvAc0,Us And Us Only Deluxe Edition,album,1999-10-18,281000,281.0,4,False,0.43,0.82,5,-6.55,1,0.05,0.02,0.0,0.36,0.78,156.18,4
4MCJROxKJ2Wgobx3NnxINL,A Great Place To Leave,2,2,5fScAXreYFnuqwOgBsJgSd,The Charlatans,0XSSV7KhGKcmWRTAnfvAc0,Us And Us Only Deluxe Edition,album,1999-10-18,305000,305.0,3,False,0.51,0.92,2,-6.02,1,0.09,0.0,0.17,0.16,0.63,83.12,4
5YhQBbV5azKNbmgyjA0Ak0,When Your Ship Comes In,3,2,5fScAXreYFnuqwOgBsJgSd,The Charlatans,0XSSV7KhGKcmWRTAnfvAc0,Us And Us Only Deluxe Edition,album,1999-10-18,295000,295.0,3,False,0.43,0.83,0,-5.8,1,0.05,0.14,0.06,0.08,0.63,100.24,4
4alivFxbHqIXLUbjq9xhJd,Tony's Bar & Grill,16,1,5fScAXreYFnuqwOgBsJgSd,The Charlatans,0XSSV7KhGKcmWRTAnfvAc0,Us And Us Only Deluxe Edition,album,1999-10-18,73319,73.32,2,False,0.674,0.365,7,-13.075,0,0.103,0.973,0.934,0.972,0.739,135.972,4
35Ubde0SG2uNZTuYBFc4z0,Scorched,5,2,5fScAXreYFnuqwOgBsJgSd,The Charlatans,0XSSV7KhGKcmWRTAnfvAc0,Us And Us Only Deluxe Edition,album,1999-10-18,284000,284.0,2,False,0.53,0.88,7,-6.69,1,0.06,0.0,0.73,0.08,0.54,179.73,4
3vR6Dyy48TIxZZnrP2wtAm,Your Precious Love,6,2,5fScAXreYFnuqwOgBsJgSd,The Charlatans,0XSSV7KhGKcmWRTAnfvAc0,Us And Us Only Deluxe Edition,album,1999-10-18,208000,208.0,2,False,0.42,0.97,0,-5.09,1,0.07,0.0,0.46,0.32,0.4,109.71,4
5nW6LwO6ERMXMqurGbttKH,Don't Go Giving It Up,7,2,5fScAXreYFnuqwOgBsJgSd,The Charlatans,0XSSV7KhGKcmWRTAnfvAc0,Us And Us Only Deluxe Edition,album,1999-10-18,212000,212.0,2,False,0.53,0.87,7,-6.66,0,0.03,0.01,0.62,0.12,0.56,96.01,4
7pM2nRPO2nTELbdTOx2MxA,"You Got It, I Want It",8,2,5fScAXreYFnuqwOgBsJgSd,The Charlatans,0XSSV7KhGKcmWRTAnfvAc0,Us And Us Only Deluxe Edition,album,1999-10-18,242000,242.0,2,False,0.66,0.74,0,-6.81,0,0.03,0.0,0.09,0.08,0.75,110.03,4
3Em4laJizgQuEERAJQ0dUJ,You're So Pretty - We're So Pretty,1,1,5fScAXreYFnuqwOgBsJgSd,The Charlatans,4I1ZmjAJ8Yprhn4ofolMI6,Wonderland (INTERNATIONAL),album,2001-09-10,284267,284.27,5,False,0.693,0.845,7,-5.578,1,0.033,0.000107,0.669,0.39,0.577,103.19,4
6JuhMfHcki9tMDfWuPRGyO,A Man Needs To Be Told,4,1,5fScAXreYFnuqwOgBsJgSd,The Charlatans,4I1ZmjAJ8Yprhn4ofolMI6,Wonderland (INTERNATIONAL),album,2001-09-10,273173,273.17,5,False,0.471,0.832,0,-7.371,1,0.0322,0.0162,0.0294,0.147,0.868,160.037,4
6tV4y5yuAuFJPZdXqdoTFP,Love Is The Key,3,1,5fScAXreYFnuqwOgBsJgSd,The Charlatans,4I1ZmjAJ8Yprhn4ofolMI6,Wonderland (INTERNATIONAL),album,2001-09-10,268027,268.03,3,False,0.576,0.924,0,-4.657,0,0.0383,0.00255,0.265,0.634,0.376,112.544,4
7DgT6zf48ufzojwWWtwEXT,Judas,2,1,5fScAXreYFnuqwOgBsJgSd,The Charlatans,4I1ZmjAJ8Yprhn4ofolMI6,Wonderland (INTERNATIONAL),album,2001-09-10,244667,244.67,2,False,0.555,0.859,0,-5.296,1,0.047,1.58e-05,0.848,0.519,0.204,95.956,4
5BcMToYxQZXNqFIYABjW9j,And If I Fall,7,1,5fScAXreYFnuqwOgBsJgSd,The Charlatans,4I1ZmjAJ8Yprhn4ofolMI6,Wonderland (INTERNATIONAL),album,2001-09-10,318200,318.2,2,False,0.588,0.733,4,-8.34,0,0.0529,0.0384,0.0244,0.101,0.628,170.503,4
1TTOhcZlkEel7PEXMQbGwN,I Just Can't Get Over Losing You,5,1,5fScAXreYFnuqwOgBsJgSd,The Charlatans,4I1ZmjAJ8Yprhn4ofolMI6,Wonderland (INTERNATIONAL),album,2001-09-10,294667,294.67,1,False,0.628,0.823,4,-5.811,0,0.0307,0.00158,0.113,0.078,0.692,114.002,4
13uimZyxJEXdWdrHQPagsv,The Bell And The Butterfly,6,1,5fScAXreYFnuqwOgBsJgSd,The Charlatans,4I1ZmjAJ8Yprhn4ofolMI6,Wonderland (INTERNATIONAL),album,2001-09-10,257333,257.33,1,False,0.63,0.938,6,-5.919,0,0.0373,0.000249,0.842,0.106,0.835,126.536,4
4qmqWKj5Z4Cxf4MLoTDNxQ,Wake Up,8,1,5fScAXreYFnuqwOgBsJgSd,The Charlatans,4I1ZmjAJ8Yprhn4ofolMI6,Wonderland (INTERNATIONAL),album,2001-09-10,310360,310.36,1,False,0.678,0.735,9,-6.786,1,0.0287,0.00413,0.000995,0.104,0.787,109.567,4
6ifIiLksIY7Z9GF1xcV8xl,Is It In You?,9,1,5fScAXreYFnuqwOgBsJgSd,The Charlatans,4I1ZmjAJ8Yprhn4ofolMI6,Wonderland (INTERNATIONAL),album,2001-09-10,285933,285.93,1,False,0.463,0.888,7,-5.444,1,0.0297,2.73e-05,0.621,0.088,0.328,92.007,4
3UGzv8fY3t4sJgAwuYbJ4L,Ballad Of The Band,10,1,5fScAXreYFnuqwOgBsJgSd,The Charlatans,4I1ZmjAJ8Yprhn4ofolMI6,Wonderland (INTERNATIONAL),album,2001-09-10,355107,355.11,1,False,0.478,0.815,0,-4.837,1,0.0299,3.81e-05,0.0155,0.104,0.488,93.931,4
6rKVP8PsVpmKHWT61KzsTF,Right On,11,1,5fScAXreYFnuqwOgBsJgSd,The Charlatans,1H7phm8IXBmeTOZku2Cq1M,Wonderland,album,2001-09-10,262014,262.01,0,False,0.447,0.91,7,-5.119,0,0.0506,0.00127,0.195,0.281,0.365,106.06,4
5XvPdlG2ruczWqdyttUGHC,Love To You,12,1,5fScAXreYFnuqwOgBsJgSd,The Charlatans,1H7phm8IXBmeTOZku2Cq1M,Wonderland,album,2001-09-10,294533,294.53,0,False,0.465,0.594,6,-8.616,1,0.042,0.00361,1.36e-05,0.243,0.402,86.971,4
7HUOwPTdsWFzRc05ieRDLe,Try Again Today,9,1,5fScAXreYFnuqwOgBsJgSd,The Charlatans,6jCWYwOu05DRamjLXTKOae,Up At The Lake,album,2004-05-17,221067,221.07,8,False,0.335,0.75,2,-6.653,1,0.0496,0.00462,0.0,0.198,0.316,175.818,4
5PhRENvF4pKGSlSG7YEMPt,Up At The Lake,1,1,5fScAXreYFnuqwOgBsJgSd,The Charlatans,6jCWYwOu05DRamjLXTKOae,Up At The Lake,album,2004-05-17,225533,225.53,5,False,0.33,0.858,11,-5.262,0,0.0362,0.00081,3.07e-06,0.131,0.345,164.235,4
4FwYETSLcw8lK90VMQKC6E,Loving You Is Easy,8,1,5fScAXreYFnuqwOgBsJgSd,The Charlatans,6jCWYwOu05DRamjLXTKOae,Up At The Lake,album,2004-05-17,300333,300.33,5,False,0.314,0.575,4,-8.446,0,0.0277,0.513,0.0765,0.122,0.121,90.561,4
7unqpyD1HjZdO1JWJJgkBm,Dead Love,11,1,5fScAXreYFnuqwOgBsJgSd,The Charlatans,6jCWYwOu05DRamjLXTKOae,Up At The Lake,album,2004-05-17,141227,141.23,4,False,0.424,0.28,2,-9.049,1,0.0301,0.694,0.0,0.103,0.303,126.981,5
4HE10zvEVAAYJGcSmclixS,High Up Your Tree,6,1,5fScAXreYFnuqwOgBsJgSd,The Charlatans,6jCWYwOu05DRamjLXTKOae,Up At The Lake,album,2004-05-17,241307,241.31,3,False,0.5,0.829,10,-5.891,1,0.03,0.252,0.000259,0.0877,0.597,103.532,4
7nfybdEKyxDuvTZItlELq1,Feel The Pressure,2,1,5fScAXreYFnuqwOgBsJgSd,The Charlatans,6jCWYwOu05DRamjLXTKOae,Up At The Lake,album,2004-05-17,213627,213.63,2,False,0.619,0.868,9,-6.54,0,0.0324,0.000923,4.13e-05,0.171,0.661,118.029,4
2VTT3cHR1qNdctKU5fCJfi,Cry Yourself To Sleep,4,1,5fScAXreYFnuqwOgBsJgSd,The Charlatans,6jCWYwOu05DRamjLXTKOae,Up At The Lake,album,2004-05-17,262733,262.73,2,False,0.35,0.501,9,-8.717,0,0.03,0.291,2.2e-06,0.111,0.14,160.55,3
2Yiivz5ydJ2aWR6r5WbAIx,As I Watch You In Disbelief,3,1,5fScAXreYFnuqwOgBsJgSd,The Charlatans,6jCWYwOu05DRamjLXTKOae,Up At The Lake,album,2004-05-17,226907,226.91,1,False,0.417,0.882,9,-4.888,1,0.0706,0.00143,0.0,0.274,0.432,120.037,4
0MkI8gwkUkaGzmxe33AFmp,Bona Fide Treasure,5,1,5fScAXreYFnuqwOgBsJgSd,The Charlatans,6jCWYwOu05DRamjLXTKOae,Up At The Lake,album,2004-05-17,202827,202.83,1,False,0.523,0.735,0,-6.777,1,0.0362,0.137,1.22e-06,0.126,0.616,146.897,4
6rvEu0rEKuce6LqVv6hJhi,Blue For You,7,1,5fScAXreYFnuqwOgBsJgSd,The Charlatans,6jCWYwOu05DRamjLXTKOae,Up At The Lake,album,2004-05-17,235160,235.16,1,False,0.124,0.782,4,-6.322,1,0.0602,0.0317,0.0242,0.418,0.191,67.753,4
7fLcqITacm9JhCxyaaIrS6,Apples and Oranges,10,1,5fScAXreYFnuqwOgBsJgSd,The Charlatans,6jCWYwOu05DRamjLXTKOae,Up At The Lake,album,2004-05-17,258867,258.87,1,False,0.342,0.754,4,-6.167,1,0.0314,0.0391,0.813,0.326,0.273,103.556,4
7pS3wC75UsTCHi4Bun2N5b,Blackened Blue Eyes,1,1,5fScAXreYFnuqwOgBsJgSd,The Charlatans,0mhKg6vMNevrN7D46dEctV,Simpatico,album,2006-04-17,259867,259.87,0,False,0.448,0.91,3,-4.889,1,0.0372,0.00107,2.66e-05,0.398,0.624,97.021,4
7GYqwvjInKchUkoM9KOTj2,NYC (No Need To Stop),2,1,5fScAXreYFnuqwOgBsJgSd,The Charlatans,0mhKg6vMNevrN7D46dEctV,Simpatico,album,2006-04-17,212520,212.52,0,False,0.684,0.844,4,-6.074,0,0.0536,0.0215,7.03e-05,0.845,0.83,117.999,4
3XBfmNFClyGnZZRdw2cooA,For Your Entertainment,3,1,5fScAXreYFnuqwOgBsJgSd,The Charlatans,0mhKg6vMNevrN7D46dEctV,Simpatico,album,2006-04-17,238640,238.64,0,False,0.612,0.811,0,-6.211,0,0.0294,0.00166,0.00113,0.104,0.314,141.078,4
2EXWQUuL50RArys63yztYN,Dead Man's Eyes,4,1,5fScAXreYFnuqwOgBsJgSd,The Charlatans,0mhKg6vMNevrN7D46dEctV,Simpatico,album,2006-04-17,261800,261.8,0,False,0.567,0.859,11,-6.528,0,0.0854,0.00301,0.0,0.173,0.724,136.089,4
6VZ5sNYR1hkl0gKIFp88tM,Muddy Ground,5,1,5fScAXreYFnuqwOgBsJgSd,The Charlatans,0mhKg6vMNevrN7D46dEctV,Simpatico,album,2006-04-17,240533,240.53,0,False,0.543,0.752,8,-5.539,0,0.0246,0.0186,3.39e-06,0.134,0.59,82.008,4
69Whs7lUWRt2cDMLDAeMun,City of the Dead,6,1,5fScAXreYFnuqwOgBsJgSd,The Charlatans,0mhKg6vMNevrN7D46dEctV,Simpatico,album,2006-04-17,242227,242.23,0,False,0.656,0.673,11,-5.839,0,0.0246,0.0484,0.00087,0.216,0.809,102.126,4
2j5DthkJ87DjoeQOvrPIfA,Road To Paradise,7,1,5fScAXreYFnuqwOgBsJgSd,The Charlatans,0mhKg6vMNevrN7D46dEctV,Simpatico,album,2006-04-17,272133,272.13,0,False,0.614,0.65,5,-6.215,0,0.0299,0.0999,5.66e-05,0.105,0.648,144.449,4
4X6nsCda0xpRgBH6FiurNE,When the Lights Go Out In London,8,1,5fScAXreYFnuqwOgBsJgSd,The Charlatans,0mhKg6vMNevrN7D46dEctV,Simpatico,album,2006-04-17,260480,260.48,0,False,0.647,0.798,0,-5.641,1,0.028,0.00376,0.0,0.207,0.439,126.03,4
3PUuJNSjK4FnuhKObPoQcN,The Architect,9,1,5fScAXreYFnuqwOgBsJgSd,The Charlatans,0mhKg6vMNevrN7D46dEctV,Simpatico,album,2006-04-17,250253,250.25,0,False,0.577,0.736,2,-6.236,0,0.0275,0.00906,0.00025,0.49,0.583,76.999,4
2Yd5wKSFI2DRrcSQR3USjA,Glory Glory,10,1,5fScAXreYFnuqwOgBsJgSd,The Charlatans,0mhKg6vMNevrN7D46dEctV,Simpatico,album,2006-04-17,211441,211.44,0,False,0.619,0.423,9,-7.867,1,0.0279,0.112,0.00046,0.108,0.206,78.018,4
31w2nTqO0U99qjvolnPiaj,Sunset & Vine,11,1,5fScAXreYFnuqwOgBsJgSd,The Charlatans,0mhKg6vMNevrN7D46dEctV,Simpatico,album,2006-04-17,225560,225.56,0,False,0.587,0.659,9,-6.526,0,0.0336,0.00789,0.796,0.0446,0.433,155.052,4
6pop9S0RdbUEGuBmy55YdZ,Oh! Vanity,1,1,5fScAXreYFnuqwOgBsJgSd,The Charlatans,0BSxT2dYWRXsJ2JFgXYxeW,You Cross My Path,album,2008-05-03,235040,235.04,0,False,0.505,0.763,0,-3.471,1,0.0312,1.05e-05,0.789,0.166,0.824,132.018,4
2OtKJU86aARwiwHtHmz7G2,Bad Days,2,1,5fScAXreYFnuqwOgBsJgSd,The Charlatans,0BSxT2dYWRXsJ2JFgXYxeW,You Cross My Path,album,2008-05-03,205587,205.59,0,False,0.532,0.918,7,-4.95,1,0.0783,0.000344,0.000402,0.405,0.346,144.018,4
4ZMrlP4LmaiIjSaY2Q7w03,Mis-Takes,3,1,5fScAXreYFnuqwOgBsJgSd,The Charlatans,0BSxT2dYWRXsJ2JFgXYxeW,You Cross My Path,album,2008-05-03,203200,203.2,0,False,0.485,0.882,7,-3.619,1,0.0288,2.15e-05,0.895,0.0916,0.835,131.985,4
47VQa3JEGnKTAf4jtoIfqZ,The Misbegotten,4,1,5fScAXreYFnuqwOgBsJgSd,The Charlatans,0BSxT2dYWRXsJ2JFgXYxeW,You Cross My Path,album,2008-05-03,251747,251.75,0,False,0.511,0.888,0,-4.683,1,0.0307,5.05e-05,0.0599,0.404,0.376,135.998,4
6yTi2Vnh1Ekl4qmx15tj2y,A Day for Letting Go,5,1,5fScAXreYFnuqwOgBsJgSd,The Charlatans,0BSxT2dYWRXsJ2JFgXYxeW,You Cross My Path,album,2008-05-03,169333,169.33,0,False,0.44,0.791,2,-4.451,0,0.0332,5.49e-05,0.802,0.244,0.383,126.025,4
1tmHhaJjyWox789rnOIs2P,You Cross My Path,6,1,5fScAXreYFnuqwOgBsJgSd,The Charlatans,0BSxT2dYWRXsJ2JFgXYxeW,You Cross My Path,album,2008-05-03,242853,242.85,0,False,0.488,0.944,2,-3.906,0,0.0412,0.000319,0.13,0.369,0.327,145.952,4
3D3MjTBpA8GavdBJAvNyTY,Missing Beats (Of a Generation),7,1,5fScAXreYFnuqwOgBsJgSd,The Charlatans,0BSxT2dYWRXsJ2JFgXYxeW,You Cross My Path,album,2008-05-03,215493,215.49,0,False,0.487,0.867,8,-3.217,1,0.041,4.58e-05,0.284,0.145,0.831,142.013,4
595yZrl2VR5g8FFB0HVzpL,My Name Is Despair,8,1,5fScAXreYFnuqwOgBsJgSd,The Charlatans,0BSxT2dYWRXsJ2JFgXYxeW,You Cross My Path,album,2008-05-03,257373,257.37,0,False,0.282,0.823,2,-4.851,1,0.043,0.00103,0.0262,0.491,0.0888,140.289,4
5r3oKiD6oz5sKT8BsgFQPR,Bird,9,1,5fScAXreYFnuqwOgBsJgSd,The Charlatans,0BSxT2dYWRXsJ2JFgXYxeW,You Cross My Path,album,2008-05-03,155840,155.84,0,False,0.404,0.828,10,-4.242,1,0.0421,1.18e-06,0.966,0.427,0.445,126.051,4
64J6c8sZxRmwBBA0tserXp,This Is the End,10,1,5fScAXreYFnuqwOgBsJgSd,The Charlatans,0BSxT2dYWRXsJ2JFgXYxeW,You Cross My Path,album,2008-05-03,268560,268.56,0,False,0.467,0.932,0,-5.744,1,0.0437,0.000914,0.867,0.251,0.53,140.037,4
1eKqi4cXGPad8kGvTMeClh,Love Is Ending,1,1,5fScAXreYFnuqwOgBsJgSd,The Charlatans,0K4NmVfZFjTYE5GvmUjNnN,Who We Touch,album,2010-09-06,228893,228.89,0,False,0.358,0.943,9,-4.029,1,0.103,0.00012,0.181,0.383,0.331,147.987,4
0SIKksAwcwELCTz3S3dDUD,My Foolish Pride,2,1,5fScAXreYFnuqwOgBsJgSd,The Charlatans,0K4NmVfZFjTYE5GvmUjNnN,Who We Touch,album,2010-09-06,249080,249.08,0,False,0.526,0.718,3,-5.031,1,0.0281,0.00388,0.00238,0.081,0.522,135.959,4
7qUfFAkQWJcm58pljppPdo,Your Pure Soul,3,1,5fScAXreYFnuqwOgBsJgSd,The Charlatans,0K4NmVfZFjTYE5GvmUjNnN,Who We Touch,album,2010-09-06,339720,339.72,0,False,0.538,0.689,6,-5.215,0,0.0259,0.00709,4.88e-05,0.263,0.554,91.029,4
3HTJgD3VUSd7AqB4Rgy6bB,Smash the System,4,1,5fScAXreYFnuqwOgBsJgSd,The Charlatans,0K4NmVfZFjTYE5GvmUjNnN,Who We Touch,album,2010-09-06,214613,214.61,0,False,0.546,0.643,3,-5.881,1,0.0304,0.00175,3.31e-05,0.241,0.21,88.022,4
7duFzMZJpjjdLIRJIbqRCq,Intimacy,5,1,5fScAXreYFnuqwOgBsJgSd,The Charlatans,0K4NmVfZFjTYE5GvmUjNnN,Who We Touch,album,2010-09-06,312067,312.07,0,False,0.477,0.545,6,-6.536,0,0.0263,0.000375,0.000542,0.137,0.411,174.089,4
3vkDIwNWD7DUBqLRbgomLI,Sincerity,6,1,5fScAXreYFnuqwOgBsJgSd,The Charlatans,0K4NmVfZFjTYE5GvmUjNnN,Who We Touch,album,2010-09-06,388800,388.8,0,False,0.404,0.735,2,-4.272,1,0.0412,0.000214,0.0452,0.0984,0.369,148.997,4
1BGMGzERJ3AQZeGo7vXGN8,Trust In Desire,7,1,5fScAXreYFnuqwOgBsJgSd,The Charlatans,0K4NmVfZFjTYE5GvmUjNnN,Who We Touch,album,2010-09-06,309800,309.8,0,False,0.426,0.608,2,-6.479,1,0.031,0.000667,0.0091,0.148,0.0754,126.079,4
4i8rmz2wTS7Ze6PuPgH3BT,When I Wonder,8,1,5fScAXreYFnuqwOgBsJgSd,The Charlatans,0K4NmVfZFjTYE5GvmUjNnN,Who We Touch,album,2010-09-06,219360,219.36,0,False,0.492,0.9,4,-5.975,1,0.0406,0.000113,0.234,0.118,0.355,133.995,4
0c0F44tCuvlnbgM7FCGdgN,"You Can Swim - contains 2 hidden tracks: ""On The Threshold"" & ""I Sing The Body Eclectic""",10,1,5fScAXreYFnuqwOgBsJgSd,The Charlatans,0K4NmVfZFjTYE5GvmUjNnN,Who We Touch,album,2010-09-06,782240,782.24,0,False,0.267,0.362,1,-8.148,1,0.0683,0.0982,0.00101,0.102,0.0948,130.778,4
02Y0Nq4KVbg4z8UmzVq5rD,Talking In Tones,1,1,5fScAXreYFnuqwOgBsJgSd,The Charlatans,04lLbYQ2K2w09NCdLeUzcj,Modern Nature,album,2014-01-26,281000,281.0,0,False,0.572,0.87,9,-4.864,0,0.0433,0.000646,0.00171,0.0846,0.224,102.037,4
1xCk5t84zGBx7gNrootjFO,So Oh,2,1,5fScAXreYFnuqwOgBsJgSd,The Charlatans,04lLbYQ2K2w09NCdLeUzcj,Modern Nature,album,2014-01-26,250000,250.0,0,False,0.476,0.933,2,-4.37,1,0.0432,1.23e-05,0.243,0.36,0.709,104.013,4
1ppybvNT9Bg4TpegakBdvp,Come Home Baby,3,1,5fScAXreYFnuqwOgBsJgSd,The Charlatans,04lLbYQ2K2w09NCdLeUzcj,Modern Nature,album,2014-01-26,236000,236.0,0,False,0.6,0.861,5,-5.36,0,0.0286,0.0025,0.00026,0.254,0.536,94.011,4
1k67hYZT41hTIUZCks4J5y,Keep Enough,4,1,5fScAXreYFnuqwOgBsJgSd,The Charlatans,04lLbYQ2K2w09NCdLeUzcj,Modern Nature,album,2014-01-26,259000,259.0,0,False,0.561,0.611,9,-3.969,0,0.0243,0.00463,0.095,0.164,0.383,171.985,4
0n71kykitkrshRKsTKbsR6,In The Tall Grass,5,1,5fScAXreYFnuqwOgBsJgSd,The Charlatans,04lLbYQ2K2w09NCdLeUzcj,Modern Nature,album,2014-01-26,230000,230.0,0,False,0.592,0.584,9,-7.111,1,0.0327,0.0149,0.0153,0.151,0.669,94.047,4
5v5Aukngi28dmvegyfQHrT,Emilie,6,1,5fScAXreYFnuqwOgBsJgSd,The Charlatans,04lLbYQ2K2w09NCdLeUzcj,Modern Nature,album,2014-01-26,198000,198.0,0,False,0.607,0.889,2,-4.921,1,0.0346,0.0097,0.00603,0.0773,0.377,128.003,4
3QvYdlKDcTuWAAvBvhmveK,Let The Good Times Be Never Ending,7,1,5fScAXreYFnuqwOgBsJgSd,The Charlatans,04lLbYQ2K2w09NCdLeUzcj,Modern Nature,album,2014-01-26,391000,391.0,0,False,0.623,0.717,0,-5.8,1,0.0267,2.2e-05,0.0674,0.107,0.342,131.99,4
3DBQrcugKkRYdYZc0ehCy3,I Need You To Know,8,1,5fScAXreYFnuqwOgBsJgSd,The Charlatans,04lLbYQ2K2w09NCdLeUzcj,Modern Nature,album,2014-01-26,279000,279.0,0,False,0.255,0.909,11,-3.932,0,0.0651,0.000415,0.00524,0.319,0.453,176.324,4
1kv3kAqisZtjKoZpwcG1Nr,Lean In,9,1,5fScAXreYFnuqwOgBsJgSd,The Charlatans,04lLbYQ2K2w09NCdLeUzcj,Modern Nature,album,2014-01-26,224000,224.0,0,False,0.419,0.884,7,-3.902,1,0.0355,9.46e-06,0.000648,0.0826,0.54,134.021,4
0YUXxVXoqFknDkWnbvYEvD,Trouble Understanding,10,1,5fScAXreYFnuqwOgBsJgSd,The Charlatans,04lLbYQ2K2w09NCdLeUzcj,Modern Nature,album,2014-01-26,247000,247.0,0,False,0.454,0.888,0,-4.962,1,0.0554,6.53e-05,0.031,0.118,0.718,179.996,4
5oAzpHW4v0aWdxiP34RGlz,Lot To Say,11,1,5fScAXreYFnuqwOgBsJgSd,The Charlatans,04lLbYQ2K2w09NCdLeUzcj,Modern Nature,album,2014-01-26,213000,213.0,0,False,0.426,0.877,7,-5.97,0,0.0471,0.00183,0.0271,0.234,0.521,180.088,4
7ikQDguecUgSwuE7xGmcIU,Hey Sunrise,1,1,5fScAXreYFnuqwOgBsJgSd,The Charlatans,0VRq7oW2YN6ukcJ3DfqGCI,Different Days,album,2017-05-26,253667,253.67,0,False,0.427,0.838,0,-6.34,1,0.0332,0.00128,0.00432,0.0577,0.48,161.023,3
5vazAtIyysWXlnMX53qe48,Solutions,2,1,5fScAXreYFnuqwOgBsJgSd,The Charlatans,0VRq7oW2YN6ukcJ3DfqGCI,Different Days,album,2017-05-26,246973,246.97,0,False,0.5,0.846,2,-5.529,1,0.0456,0.000174,0.000688,0.191,0.695,160.18,4
1ikGEKtw4QFVA8URdQiC3o,Different Days,3,1,5fScAXreYFnuqwOgBsJgSd,The Charlatans,0VRq7oW2YN6ukcJ3DfqGCI,Different Days,album,2017-05-26,240907,240.91,0,False,0.519,0.839,9,-4.753,0,0.0412,0.00927,0.000736,0.288,0.556,93.976,4
0aU9NartDNAZUBOUYQBRSs,Future Tense,4,1,5fScAXreYFnuqwOgBsJgSd,The Charlatans,0VRq7oW2YN6ukcJ3DfqGCI,Different Days,album,2017-05-26,49760,49.76,0,False,0.301,0.943,9,-6.137,0,0.0846,0.0425,0.14,0.548,0.491,119.174,4
7yNgthF7p6ChQUbz7xWYzV,Plastic Machinery,5,1,5fScAXreYFnuqwOgBsJgSd,The Charlatans,0VRq7oW2YN6ukcJ3DfqGCI,Different Days,album,2017-05-26,223320,223.32,0,False,0.441,0.913,9,-3.041,0,0.0407,3.54e-05,6.83e-05,0.298,0.357,121.992,4
39a6Q1PNEkEHfZbH03F3Uw,The Forgotten One,6,1,5fScAXreYFnuqwOgBsJgSd,The Charlatans,0VRq7oW2YN6ukcJ3DfqGCI,Different Days,album,2017-05-26,40773,40.77,0,False,0.515,0.197,4,-26.857,0,0.353,0.859,0.00117,0.182,0.112,110.195,3
3TsDArWpsYL8SZ4dTArnHS,Not Forgotten,7,1,5fScAXreYFnuqwOgBsJgSd,The Charlatans,0VRq7oW2YN6ukcJ3DfqGCI,Different Days,album,2017-05-26,335733,335.73,0,False,0.464,0.903,11,-3.734,0,0.0326,4.68e-05,0.167,0.072,0.722,94.031,4
5Dj5Gvmj5iXLxz5y1EzViV,There Will Be Chances,8,1,5fScAXreYFnuqwOgBsJgSd,The Charlatans,0VRq7oW2YN6ukcJ3DfqGCI,Different Days,album,2017-05-26,277413,277.41,0,False,0.532,0.868,7,-5.599,1,0.0337,0.0174,5.04e-05,0.0607,0.471,97.978,4
6kFhyuvCfMSI4wu83Wf8JW,Over Again,9,1,5fScAXreYFnuqwOgBsJgSd,The Charlatans,0VRq7oW2YN6ukcJ3DfqGCI,Different Days,album,2017-05-26,240573,240.57,0,False,0.751,0.883,0,-4.902,1,0.0421,0.099,0.000216,0.0939,0.731,102.017,4
0IjPPf7AD5NgC8I6rfc32Q,The Same House,10,1,5fScAXreYFnuqwOgBsJgSd,The Charlatans,0VRq7oW2YN6ukcJ3DfqGCI,Different Days,album,2017-05-26,171893,171.89,0,False,0.742,0.736,7,-4.694,1,0.0509,0.248,0.0,0.0502,0.585,124.105,4
2XCmrdtT4gDyACXv33niWS,Let's Go Together,11,1,5fScAXreYFnuqwOgBsJgSd,The Charlatans,0VRq7oW2YN6ukcJ3DfqGCI,Different Days,album,2017-05-26,256680,256.68,0,False,0.473,0.91,7,-3.471,1,0.0515,0.000962,1.9e-05,0.207,0.42,122.102,4
0ExxvgT0LLmrGJ1GrCFulw,The Setting Sun,12,1,5fScAXreYFnuqwOgBsJgSd,The Charlatans,0VRq7oW2YN6ukcJ3DfqGCI,Different Days,album,2017-05-26,97893,97.89,0,False,0.187,0.46,4,-11.684,0,0.0315,0.00252,0.303,0.0706,0.106,66.688,4
0vofxS72dl42XGyfRts1vR,Spinning Out,13,1,5fScAXreYFnuqwOgBsJgSd,The Charlatans,0VRq7oW2YN6ukcJ3DfqGCI,Different Days,album,2017-05-26,275960,275.96,0,False,0.407,0.534,5,-7.457,1,0.0286,0.211,0.0198,0.106,0.474,77.142,4
1XsLJQdk9SiKMyQaggJfQ2,"Tootache - Hultsfred Festival, Sweden 1997",7,1,5fScAXreYFnuqwOgBsJgSd,The Charlatans,3FdHn8J1sPaaCrPpBdOl7E,Trust Is For Believers (Live),album,2021-11-12,300173,300.17,1,False,0.167,0.876,4,-7.633,0,0.071,0.0102,0.68,0.39,0.453,175.725,4
0D3Th2YU14U737O0nSHXT8,There She Goes,5,1,47Z8LEl3LnQkcpva0xSthT,The La's,0zRA1bjDDC1AhclMra2bl8,The La's,album,1990,162160,162.16,43,False,0.537,0.638,7,-14.6,1,0.0301,0.0113,0.517,0.183,0.94,122.754,4
7DGuEKxF0rz2qvkBM3ugvr,Timeless Melody,3,1,47Z8LEl3LnQkcpva0xSthT,The La's,0zRA1bjDDC1AhclMra2bl8,The La's,album,1990,181733,181.73,8,False,0.537,0.791,0,-10.872,1,0.0399,0.0154,0.0,0.24,0.665,120.826,4
5c5aL31bRgjXwNc1T4fB9H,Feelin',7,1,47Z8LEl3LnQkcpva0xSthT,The La's,0zRA1bjDDC1AhclMra2bl8,The La's,album,1990,104893,104.89,8,False,0.507,0.849,0,-14.387,1,0.0371,0.0323,0.0227,0.114,0.957,92.118,4
0FbpZJhUnDRY6ccOy56UFU,Son Of A Gun,1,1,47Z8LEl3LnQkcpva0xSthT,The La's,0zRA1bjDDC1AhclMra2bl8,The La's,album,1990,116533,116.53,7,False,0.658,0.419,10,-17.107,0,0.0322,0.0944,1.22e-05,0.11,0.912,146.531,4
6Gpc5cbFDzzYy1nQ4CsRy6,I Can't Sleep,2,1,47Z8LEl3LnQkcpva0xSthT,The La's,0zRA1bjDDC1AhclMra2bl8,The La's,album,1990,157707,157.71,7,False,0.505,0.836,8,-11.999,1,0.0431,0.0483,0.107,0.366,0.934,134.547,4
4WQ6jW5bi2cPcW8uj1QrfL,Liberty Ship,4,1,47Z8LEl3LnQkcpva0xSthT,The La's,0zRA1bjDDC1AhclMra2bl8,The La's,album,1990,150187,150.19,5,False,0.543,0.413,1,-18.188,1,0.046,0.151,4.46e-05,0.126,0.939,188.868,4
4gWzy1bWsYRMupWgjScXzq,Way Out,8,1,47Z8LEl3LnQkcpva0xSthT,The La's,0zRA1bjDDC1AhclMra2bl8,The La's,album,1990,152533,152.53,5,False,0.507,0.795,5,-15.233,0,0.0408,0.0188,0.0102,0.618,0.753,98.987,3
7ykVlrKh7U9s3DTGeecZ83,Looking Glass,12,1,47Z8LEl3LnQkcpva0xSthT,The La's,0zRA1bjDDC1AhclMra2bl8,The La's,album,1990,472400,472.4,5,False,0.548,0.464,3,-15.967,1,0.0268,0.007,0.019,0.191,0.535,92.995,4
4PpJ6fo99RairWqKoaqoJ3,Doledrum,6,1,47Z8LEl3LnQkcpva0xSthT,The La's,0zRA1bjDDC1AhclMra2bl8,The La's,album,1990,171440,171.44,4,False,0.482,0.603,2,-11.755,1,0.0279,0.239,0.00893,0.244,0.823,89.714,4
3FzFC1xYeODlENeQMPSCgJ,Freedom Song,10,1,47Z8LEl3LnQkcpva0xSthT,The La's,0zRA1bjDDC1AhclMra2bl8,The La's,album,1990,143600,143.6,4,False,0.704,0.199,5,-21.502,1,0.0703,0.115,5.21e-06,0.662,0.706,117.42,4
1rPGk05WTtwSWY1Kxy8u0j,I.O.U.,9,1,47Z8LEl3LnQkcpva0xSthT,The La's,0zRA1bjDDC1AhclMra2bl8,The La's,album,1990,128707,128.71,3,False,0.481,0.666,0,-15.862,1,0.0638,0.105,0.000961,0.191,0.688,180.069,4
22Kei6Qz4QVKgdhNLjkdwI,Failure,11,1,47Z8LEl3LnQkcpva0xSthT,The La's,0zRA1bjDDC1AhclMra2bl8,The La's,album,1990,174267,174.27,3,False,0.427,0.914,4,-13.86,1,0.0484,0.0441,0.00107,0.304,0.509,97.88,4
4A2a3RLYI119smHlU78taz,What Do You Do?,9,1,47Z8LEl3LnQkcpva0xSthT,The La's,4M88YpQQxgEY1LwUySLaqc,Lost La's 1984-1986 Breakloose,album,1999,165400,165.4,8,False,0.528,0.318,11,-16.817,1,0.0316,0.646,0.0196,0.287,0.442,124.033,4
22mhFuFqsi44rxtA4LjkX2,Open Your Heart,2,1,47Z8LEl3LnQkcpva0xSthT,The La's,4M88YpQQxgEY1LwUySLaqc,Lost La's 1984-1986 Breakloose,album,1999,200773,200.77,7,False,0.637,0.279,8,-16.01,1,0.0741,0.891,0.00786,0.0704,0.771,138.922,4
72Jb8ylLHtuyxidYpg81B8,Get Down Over,8,1,47Z8LEl3LnQkcpva0xSthT,The La's,4M88YpQQxgEY1LwUySLaqc,Lost La's 1984-1986 Breakloose,album,1999,160453,160.45,7,False,0.74,0.663,8,-11.546,1,0.0483,0.545,1.52e-05,0.248,0.618,126.603,4
3YD43JEMzwKV9FDNldcwEs,Trees & Plants,4,1,47Z8LEl3LnQkcpva0xSthT,The La's,4M88YpQQxgEY1LwUySLaqc,Lost La's 1984-1986 Breakloose,album,1999,138200,138.2,6,False,0.486,0.389,4,-15.148,1,0.0384,0.432,0.77,0.111,0.827,178.139,4
7KJ2niXXPGwv8TogxoOk1I,I Did the Painting,10,1,47Z8LEl3LnQkcpva0xSthT,The La's,4M88YpQQxgEY1LwUySLaqc,Lost La's 1984-1986 Breakloose,album,1999,130840,130.84,5,False,0.876,0.361,4,-18.012,1,0.115,0.859,0.845,0.125,0.371,131.576,4
0so3pdp5Y0NDnLi3Hl5PvJ,My Girl Sits Like a Reindeer,11,1,47Z8LEl3LnQkcpva0xSthT,The La's,4M88YpQQxgEY1LwUySLaqc,Lost La's 1984-1986 Breakloose,album,1999,89000,89.0,4,False,0.331,0.955,9,-12.351,1,0.0781,0.633,0.149,0.454,0.403,172.747,4
3ZBzXI6xZJcp013m7ZbO99,Sweet 35,3,1,47Z8LEl3LnQkcpva0xSthT,The La's,4M88YpQQxgEY1LwUySLaqc,Lost La's 1984-1986 Breakloose,album,1999,97147,97.15,2,False,0.541,0.294,2,-14.593,1,0.0409,0.9,0.339,0.175,0.37,49.335,4
3zsI1bImUBim9N0h158RUN,Red Deer Stalk,5,1,47Z8LEl3LnQkcpva0xSthT,The La's,4M88YpQQxgEY1LwUySLaqc,Lost La's 1984-1986 Breakloose,album,1999,123667,123.67,1,False,0.721,0.45,9,-19.453,1,0.451,0.83,0.00937,0.128,0.899,83.296,4
4nJlqyC8u99LzpzQUuFNmY,Dovecot Dub,6,1,47Z8LEl3LnQkcpva0xSthT,The La's,4M88YpQQxgEY1LwUySLaqc,Lost La's 1984-1986 Breakloose,album,1999,175240,175.24,1,False,0.396,0.452,11,-20.269,1,0.0402,0.869,0.492,0.131,0.575,110.447,3
72Y9MJMvlnZplBQOepJhUY,Night Walk,7,1,47Z8LEl3LnQkcpva0xSthT,The La's,4M88YpQQxgEY1LwUySLaqc,Lost La's 1984-1986 Breakloose,album,1999,129973,129.97,1,False,0.759,0.392,2,-17.212,1,0.083,0.935,0.492,0.068,0.801,129.35,3
6abyT3se3Hp9DOHnPec5z8,Money in Your Talk,12,1,47Z8LEl3LnQkcpva0xSthT,The La's,4M88YpQQxgEY1LwUySLaqc,Lost La's 1984-1986 Breakloose,album,1999,193573,193.57,1,False,0.562,0.644,4,-10.824,1,0.0806,0.752,0.823,0.0785,0.922,135.768,4
5szlmM110kXboRFXKgPuFG,You Blue,13,1,47Z8LEl3LnQkcpva0xSthT,The La's,4M88YpQQxgEY1LwUySLaqc,Lost La's 1984-1986 Breakloose,album,1999,113400,113.4,1,False,0.53,0.371,4,-16.824,1,0.0303,0.881,0.000155,0.239,0.607,88.097,4
1M7F4zyw0w2ChcQwSwANOJ,Moonlight,14,1,47Z8LEl3LnQkcpva0xSthT,The La's,4M88YpQQxgEY1LwUySLaqc,Lost La's 1984-1986 Breakloose,album,1999,1106200,1106.2,1,False,0.494,2.02e-05,11,-10.67,0,0.107,0.79,0.0087,0.348,0.371,120.431,4
6oLPKmUy5AttgjdIWIFVbU,Tears in the Rain - Rehearsal,7,1,47Z8LEl3LnQkcpva0xSthT,The La's,3pIGWHotrt2R77eZW1sl1V,Lost La's 1986-1987 Callin' All,album,2001,119227,119.23,13,False,0.541,0.619,0,-7.889,1,0.0339,0.886,0.748,0.0821,0.67,138.592,4
5ddmGgXKTh0xt577hcgMV0,Callin' All,8,1,47Z8LEl3LnQkcpva0xSthT,The La's,3pIGWHotrt2R77eZW1sl1V,Lost La's 1986-1987 Callin' All,album,2001,252507,252.51,3,False,0.663,0.622,8,-12.275,1,0.217,0.959,0.00385,0.119,0.284,148.191,4
2LtthjshHTQ0mVe6zVniXe,Clean Prophet,5,1,47Z8LEl3LnQkcpva0xSthT,The La's,3pIGWHotrt2R77eZW1sl1V,Lost La's 1986-1987 Callin' All,album,2001,102267,102.27,2,False,0.633,0.449,11,-12.276,1,0.0357,0.0993,0.00599,0.422,0.95,129.767,4
3cV5bQlgPySAJf1b3BJW7i,Come in Come Out,9,1,47Z8LEl3LnQkcpva0xSthT,The La's,3pIGWHotrt2R77eZW1sl1V,Lost La's 1986-1987 Callin' All,album,2001,155880,155.88,1,False,0.281,0.919,1,-7.695,0,0.171,0.663,0.03,0.895,0.307,105.98,4
1y4ZFrOuoGe39Bw2T4PuzN,Midnight Shift,16,1,47Z8LEl3LnQkcpva0xSthT,The La's,7bed0mWTXfa7eWCuWPwMKI,1984-1986 Breakloose (Remastered with Bonus Tracks),album,2009-03-09,120187,120.19,6,False,0.586,0.69,8,-10.12,1,0.0617,0.995,0.705,0.109,0.97,92.906,4
6900Fl2wT6x8cZVPIASHkv,Cool Water,19,1,47Z8LEl3LnQkcpva0xSthT,The La's,7bed0mWTXfa7eWCuWPwMKI,1984-1986 Breakloose (Remastered with Bonus Tracks),album,2009-03-09,217440,217.44,5,False,0.629,0.23,2,-9.826,1,0.0377,0.866,1.12e-06,0.397,0.483,117.21,4
19bHPGWg7fA7JHC4D3pudP,You Don't Say,17,1,47Z8LEl3LnQkcpva0xSthT,The La's,7bed0mWTXfa7eWCuWPwMKI,1984-1986 Breakloose (Remastered with Bonus Tracks),album,2009-03-09,108013,108.01,4,False,0.826,0.352,5,-9.601,1,0.379,0.868,0.00271,0.12,0.683,133.609,4
5pBAVVxSLdFcb5J1vY6kbA,Breakloose,1,1,47Z8LEl3LnQkcpva0xSthT,The La's,7bed0mWTXfa7eWCuWPwMKI,1984-1986 Breakloose (Remastered with Bonus Tracks),album,2009-03-09,154587,154.59,3,False,0.627,0.847,2,-7.941,1,0.0345,0.747,0.659,0.111,0.708,144.121,4
1fiCnGMqwyxbOcpDTGOBWZ,Space Rocketry,11,1,47Z8LEl3LnQkcpva0xSthT,The La's,7bed0mWTXfa7eWCuWPwMKI,1984-1986 Breakloose (Remastered with Bonus Tracks),album,2009-03-09,127520,127.52,1,False,0.595,0.7,1,-12.072,0,0.0985,0.486,0.0,0.26,0.768,169.682,4
3NUKmejzJsoV2Ie3JbVApo,It's Not Impossible,18,1,47Z8LEl3LnQkcpva0xSthT,The La's,7ekc7hR5g4W6xspFN1grvN,1987,album,2017-09-22,158213,158.21,0,False,0.643,0.873,9,-12.282,1,0.063,0.726,0.926,0.081,0.967,136.637,4
1eyn6Tiq0PqgToARgHe92H,Knock Me Down,23,1,47Z8LEl3LnQkcpva0xSthT,The La's,7ekc7hR5g4W6xspFN1grvN,1987,album,2017-09-22,185267,185.27,0,False,0.452,0.552,0,-12.554,0,0.0885,0.855,2.12e-06,0.839,0.554,76.918,4
4g9D0c7dRwWF9w0WrxV0if,Jumpin' Jack Flash,24,1,47Z8LEl3LnQkcpva0xSthT,The La's,7ekc7hR5g4W6xspFN1grvN,1987,album,2017-09-22,183587,183.59,0,False,0.489,0.763,5,-13.575,1,0.0987,0.824,0.78,0.968,0.728,159.357,4
2qOzeV7mAjesXLTwhNB8hK,The Way We Came,25,1,47Z8LEl3LnQkcpva0xSthT,The La's,7ekc7hR5g4W6xspFN1grvN,1987,album,2017-09-22,591280,591.28,0,False,0.308,0.47,3,-13.402,1,0.0419,0.937,0.844,0.128,0.36,127.122,4
6ilbIdvvsGRCwSKK0nYc61,A New Decade,1,1,2cGwlqi3k18jFpUyTrsR84,The Verve,4V4NjX74cttwZSKabeqMQc,A Northern Soul,album,1995-06-20,251960,251.96,0,False,0.283,0.763,9,-8.538,1,0.0621,0.0368,3.66e-05,0.187,0.208,126.427,4
4DTXxgwWv384nwC76aXgVB,This Is Music,2,1,2cGwlqi3k18jFpUyTrsR84,The Verve,4V4NjX74cttwZSKabeqMQc,A Northern Soul,album,1995-06-20,215840,215.84,0,False,0.263,0.832,11,-7.406,0,0.0511,0.000229,0.0,0.171,0.302,142.05,4
56nLjyg1wmMN1n6XVixBSt,On Your Own,3,1,2cGwlqi3k18jFpUyTrsR84,The Verve,4V4NjX74cttwZSKabeqMQc,A Northern Soul,album,1995-06-20,213693,213.69,0,False,0.276,0.685,4,-9.165,0,0.0283,0.14,3.64e-06,0.161,0.389,173.97,4
1tf9gSxIUNW15SFwI7feSb,So It Goes,4,1,2cGwlqi3k18jFpUyTrsR84,The Verve,4V4NjX74cttwZSKabeqMQc,A Northern Soul,album,1995-06-20,371400,371.4,0,False,0.382,0.647,0,-8.239,1,0.0343,0.00152,9.63e-05,0.0883,0.361,123.276,4
3PtQ4oZ2u9JjQk1qTnbDXf,A Northern Soul,5,1,2cGwlqi3k18jFpUyTrsR84,The Verve,4V4NjX74cttwZSKabeqMQc,A Northern Soul,album,1995-06-20,392467,392.47,0,False,0.409,0.918,1,-7.19,0,0.0509,0.0807,0.0,0.429,0.561,122.857,4
3ax6ofkpfQw7Jwiz7oNr53,Brainstorm Interlude,6,1,2cGwlqi3k18jFpUyTrsR84,The Verve,4V4NjX74cttwZSKabeqMQc,A Northern Soul,album,1995-06-20,311373,311.37,0,False,0.27,0.97,11,-7.253,0,0.189,0.0778,0.0592,0.282,0.13,166.506,4
4Joi9L9a7ikiFnv5HjrCcy,Drive You Home,7,1,2cGwlqi3k18jFpUyTrsR84,The Verve,4V4NjX74cttwZSKabeqMQc,A Northern Soul,album,1995-06-20,401693,401.69,0,False,0.481,0.388,4,-12.965,1,0.0306,0.671,0.0363,0.111,0.159,113.562,4
0Hgh5mKEewq93FwMbgupMs,History,8,1,2cGwlqi3k18jFpUyTrsR84,The Verve,4V4NjX74cttwZSKabeqMQc,A Northern Soul,album,1995-06-20,326000,326.0,0,False,0.325,0.601,2,-9.901,1,0.0363,0.0795,0.0,0.0883,0.106,134.225,4
4xxFc8OauoOgbyiv6FAOjZ,No Knock On My Door,9,1,2cGwlqi3k18jFpUyTrsR84,The Verve,4V4NjX74cttwZSKabeqMQc,A Northern Soul,album,1995-06-20,311533,311.53,0,False,0.244,0.748,7,-7.183,1,0.0455,0.18,0.503,0.215,0.487,138.532,4
44OGRm1PtBGnRspJf0mnWf,Life's An Ocean,10,1,2cGwlqi3k18jFpUyTrsR84,The Verve,4V4NjX74cttwZSKabeqMQc,A Northern Soul,album,1995-06-20,343973,343.97,0,False,0.369,0.542,11,-11.216,0,0.271,0.0176,0.0225,0.0967,0.316,172.642,4
4MPlfiAJ9b521kNBYer7xy,Stormy Clouds,11,1,2cGwlqi3k18jFpUyTrsR84,The Verve,4V4NjX74cttwZSKabeqMQc,A Northern Soul,album,1995-06-20,334960,334.96,0,False,0.34,0.529,2,-13.475,1,0.0439,0.645,0.00016,0.21,0.259,128.023,4
5yEPxDjbbzUzyauGtnmVEC,Bitter Sweet Symphony,1,1,2cGwlqi3k18jFpUyTrsR84,The Verve,2okCg9scHue9GNELoB8U9g,Urban Hymns,album,1997-09-29,357000,357.0,5,False,0.38,0.91,9,-5.41,1,0.04,0.03,0.0,0.35,0.51,171.05,4
4vvK7kQ42AAXabZAXiGsDH,Sonnet,2,1,2cGwlqi3k18jFpUyTrsR84,The Verve,2okCg9scHue9GNELoB8U9g,Urban Hymns,album,1997-09-29,264000,264.0,0,False,0.43,0.71,0,-8.01,1,0.03,0.17,0.0,0.21,0.32,88.04,4
3p4c8oIkEy3tOEnST22K0E,The Rolling People,3,1,2cGwlqi3k18jFpUyTrsR84,The Verve,2okCg9scHue9GNELoB8U9g,Urban Hymns,album,1997-09-29,421000,421.0,0,False,0.2,0.92,9,-7.81,1,0.09,0.0,0.0,0.36,0.5,164.74,4
2KArbNRAnfGcnZ1gSYhVy5,The Drugs Don't Work,4,1,2cGwlqi3k18jFpUyTrsR84,The Verve,2okCg9scHue9GNELoB8U9g,Urban Hymns,album,1997-09-29,303000,303.0,0,False,0.44,0.5,0,-9.79,1,0.03,0.23,0.0,0.17,0.16,77.37,4
32L6gXAoF0md68yO988TvE,Catching The Butterfly,5,1,2cGwlqi3k18jFpUyTrsR84,The Verve,2okCg9scHue9GNELoB8U9g,Urban Hymns,album,1997-09-29,386000,386.0,0,False,0.38,0.83,2,-9.56,1,0.04,0.28,0.84,0.24,0.43,92.68,4
257nIX1mlKFXn0TxfHTmNw,Neon Wilderness,6,1,2cGwlqi3k18jFpUyTrsR84,The Verve,2okCg9scHue9GNELoB8U9g,Urban Hymns,album,1997-09-29,157000,157.0,0,False,0.34,0.58,4,-10.8,0,0.04,0.15,0.49,0.07,0.07,123.09,5
1P7gg1ii1cyDElnspTWbkp,Space And Time,7,1,2cGwlqi3k18jFpUyTrsR84,The Verve,2okCg9scHue9GNELoB8U9g,Urban Hymns,album,1997-09-29,336000,336.0,0,False,0.21,0.73,2,-8.77,1,0.04,0.04,0.01,0.15,0.35,164.76,4
6RCYQVnuM57xjDj8OGtMpa,Weeping Willow,8,1,2cGwlqi3k18jFpUyTrsR84,The Verve,2okCg9scHue9GNELoB8U9g,Urban Hymns,album,1997-09-29,289933,289.93,0,False,0.327,0.776,4,-6.642,0,0.0319,0.0173,0.000111,0.0635,0.47,151.962,4
5tBnCBnTlDQQRdlqHe9qXq,Lucky Man,9,1,2cGwlqi3k18jFpUyTrsR84,The Verve,2okCg9scHue9GNELoB8U9g,Urban Hymns,album,1997-09-29,293000,293.0,0,False,0.39,0.61,2,-8.3,1,0.03,0.36,0.0,0.09,0.21,75.97,4
5THJZZuuIAneALBDJtDgsq,One Day,10,1,2cGwlqi3k18jFpUyTrsR84,The Verve,2okCg9scHue9GNELoB8U9g,Urban Hymns,album,1997-09-29,302000,302.0,0,False,0.45,0.47,7,-9.19,1,0.03,0.84,0.05,0.13,0.26,156.0,4
2jGq02ChRHIiOeNIyeCBDS,This Time,11,1,2cGwlqi3k18jFpUyTrsR84,The Verve,2okCg9scHue9GNELoB8U9g,Urban Hymns,album,1997-09-29,231000,231.0,0,False,0.51,0.8,9,-8.24,0,0.04,0.04,0.0,0.19,0.6,103.02,4
4AzN1fbi8dF5lbr9OfuIu7,Velvet Morning,12,1,2cGwlqi3k18jFpUyTrsR84,The Verve,2okCg9scHue9GNELoB8U9g,Urban Hymns,album,1997-09-29,297000,297.0,0,False,0.43,0.57,9,-7.51,1,0.03,0.1,0.03,0.09,0.18,87.13,4
0OL99qUMmgmDdUHUXAeIJA,Come On,13,1,2cGwlqi3k18jFpUyTrsR84,The Verve,2okCg9scHue9GNELoB8U9g,Urban Hymns,album,1997-09-29,400182,400.18,0,False,0.142,0.939,9,-6.906,1,0.0764,0.000323,0.000806,0.367,0.326,171.374,4
7nLIBKE8mVcHxg81Ily8s5,Deep Freeze,14,1,2cGwlqi3k18jFpUyTrsR84,The Verve,2okCg9scHue9GNELoB8U9g,Urban Hymns,album,1997-09-29,132171,132.17,0,False,0.195,0.626,9,-10.937,0,0.0618,0.604,0.258,0.625,0.349,119.396,4
4EEROK5pIdO868gQTWqavg,Love Is Noise,2,1,2cGwlqi3k18jFpUyTrsR84,The Verve,2uVFrakyYRbfhO0dWMHNxB,Forth,album,2008-01-01,327960,327.96,12,False,0.426,0.865,7,-4.153,1,0.0411,0.000472,0.0,0.385,0.311,123.06,4
68t00eMzEkWoQKa3w63TbG,Rather Be,3,1,2cGwlqi3k18jFpUyTrsR84,The Verve,2uVFrakyYRbfhO0dWMHNxB,Forth,album,2008-01-01,337240,337.24,10,False,0.438,0.69,9,-5.533,0,0.0261,0.0117,3.89e-06,0.0802,0.539,81.733,4
0y407tU7JjYlHBozvKWTlW,Sit and Wonder,1,1,2cGwlqi3k18jFpUyTrsR84,The Verve,2uVFrakyYRbfhO0dWMHNxB,Forth,album,2008-01-01,412053,412.05,9,False,0.291,0.91,6,-5.059,0,0.0528,4.08e-05,2.19e-05,0.722,0.343,96.906,4
5t9odb8vnOnzN0I8JHwI0y,Judas,4,1,2cGwlqi3k18jFpUyTrsR84,The Verve,2uVFrakyYRbfhO0dWMHNxB,Forth,album,2008-01-01,377613,377.61,9,False,0.433,0.72,7,-7.611,1,0.0343,0.0522,0.0483,0.115,0.318,115.264,4
6JJYc8BJP1TvDHowuDpzXr,Numbness,5,1,2cGwlqi3k18jFpUyTrsR84,The Verve,2uVFrakyYRbfhO0dWMHNxB,Forth,album,2008-01-01,394547,394.55,7,False,0.282,0.634,4,-7.221,1,0.0286,0.00381,0.545,0.153,0.277,123.59,4
0cGL6b5XdMlTnlktzZsyt4,I See Houses,6,1,2cGwlqi3k18jFpUyTrsR84,The Verve,2uVFrakyYRbfhO0dWMHNxB,Forth,album,2008-01-01,336560,336.56,7,False,0.515,0.493,9,-6.663,0,0.0252,0.00186,0.00403,0.142,0.318,141.581,4
3zkRzhsB8AhsgCaD707dSQ,Valium Skies,8,1,2cGwlqi3k18jFpUyTrsR84,The Verve,2uVFrakyYRbfhO0dWMHNxB,Forth,album,2008-01-01,274427,274.43,7,False,0.344,0.768,9,-6.122,1,0.0346,8.83e-05,0.00253,0.0815,0.226,147.732,4
6j8ENXynfvr1Ym4nMLp1g5,Columbo,9,1,2cGwlqi3k18jFpUyTrsR84,The Verve,2uVFrakyYRbfhO0dWMHNxB,Forth,album,2008-01-01,448920,448.92,7,False,0.321,0.711,9,-8.53,0,0.0372,0.00287,0.623,0.196,0.078,124.12,4
51v637T5X0IHR461Xkdtkh,Appalachian Springs,11,1,2cGwlqi3k18jFpUyTrsR84,The Verve,2uVFrakyYRbfhO0dWMHNxB,Forth,album,2008-01-01,453840,453.84,7,False,0.269,0.554,11,-8.089,0,0.0395,0.119,0.00757,0.0814,0.212,142.893,4
693HPfl6HbtLXtFe9cVV7H,Noise Epic,7,1,2cGwlqi3k18jFpUyTrsR84,The Verve,2uVFrakyYRbfhO0dWMHNxB,Forth,album,2008-01-01,492107,492.11,6,False,0.274,0.897,11,-5.098,0,0.0777,9.7e-05,0.017,0.313,0.265,148.176,4
7emqpYT1aX3mW1BsLuzbyj,Mama Soul,10,1,2cGwlqi3k18jFpUyTrsR84,The Verve,2uVFrakyYRbfhO0dWMHNxB,Forth,album,2008-01-01,340760,340.76,5,False,0.254,0.896,2,-5.524,1,0.0863,5.7e-05,0.498,0.0583,0.21,93.845,4
5MmWgG5KgiqSxkOZdVXRQA,Why Does It Always Rain On Me?,7,1,3bUwxJgNakzYKkqAVgZLlh,Travis,1cUp1HbKtGF7CiSl962vH5,The Man Who,album,1997,265000,265.0,64,False,0.497,0.537,4,-9.264,1,0.0269,0.079,0.000139,0.0782,0.371,108.448,4
40l4DYTW2jfArPOL63YogV,Driftwood,4,1,3bUwxJgNakzYKkqAVgZLlh,Travis,1cUp1HbKtGF7CiSl962vH5,The Man Who,album,1997,213667,213.67,54,False,0.385,0.498,9,-8.127,1,0.0286,0.0784,0.000182,0.102,0.747,86.101,4
5mj5Y0kWPa0rNR4Du3iKPe,Writing To Reach You,1,1,3bUwxJgNakzYKkqAVgZLlh,Travis,1cUp1HbKtGF7CiSl962vH5,The Man Who,album,1997,221760,221.76,52,False,0.222,0.652,9,-8.385,1,0.0311,0.0457,0.00191,0.164,0.513,163.817,4
7iPxrlyL4kW6UfFITHeNAG,Turn,6,1,3bUwxJgNakzYKkqAVgZLlh,Travis,1cUp1HbKtGF7CiSl962vH5,The Man Who,album,1997,264227,264.23,49,False,0.449,0.497,4,-8.176,1,0.0288,0.00122,0.000432,0.117,0.194,73.868,4
5efsUUAvuy72DGRZ13xekp,As You Are,3,1,3bUwxJgNakzYKkqAVgZLlh,Travis,1cUp1HbKtGF7CiSl962vH5,The Man Who,album,1997,254267,254.27,39,False,0.407,0.279,3,-11.727,1,0.0298,0.636,0.457,0.105,0.0476,124.747,4
4v98H4hqZYF2aCWuWxukqB,The Fear,2,1,3bUwxJgNakzYKkqAVgZLlh,Travis,1cUp1HbKtGF7CiSl962vH5,The Man Who,album,1997,252573,252.57,35,False,0.329,0.56,4,-12.512,0,0.0344,0.55,0.0474,0.645,0.463,155.291,4
3212cdjvFFFv0CyKNiT1B4,Luv,8,1,3bUwxJgNakzYKkqAVgZLlh,Travis,1cUp1HbKtGF7CiSl962vH5,The Man Who,album,1997,295240,295.24,32,False,0.225,0.392,2,-9.642,1,0.0313,0.153,0.001,0.16,0.294,130.748,4
4FLyQHpCdVYGTOA8uIdpB7,The Last Laugh Of The Laughter,5,1,3bUwxJgNakzYKkqAVgZLlh,Travis,1cUp1HbKtGF7CiSl962vH5,The Man Who,album,1997,260267,260.27,31,False,0.406,0.351,2,-11.278,1,0.0295,0.785,0.000445,0.138,0.306,154.734,4
5r7B37bXympA70DUGSikLg,She's So Strange,9,1,3bUwxJgNakzYKkqAVgZLlh,Travis,1cUp1HbKtGF7CiSl962vH5,The Man Who,album,1997,195467,195.47,31,False,0.367,0.407,7,-13.18,1,0.028,0.0544,0.0162,0.347,0.349,133.63,4
4YA1rJ9TLvMaWxFZPKCeh6,Slide Show,10,1,3bUwxJgNakzYKkqAVgZLlh,Travis,1cUp1HbKtGF7CiSl962vH5,The Man Who,album,1997,631027,631.03,28,False,0.191,0.00075,2,-8.843,1,0.046,0.223,7.45e-06,0.255,0.97,215.252,4
0GlxGXQ7SuI3fYzf6Pb867,All I Want to Do Is Rock,1,1,3bUwxJgNakzYKkqAVgZLlh,Travis,0AdoHVpn9I5bpwtRP6t5jb,Good Feeling,album,1997,233293,233.29,0,False,0.367,0.49,2,-8.179,1,0.029,0.000252,4.02e-06,0.308,0.237,134.753,4
6bL3882KOyDp2cEhanbApz,U16 Girls,2,1,3bUwxJgNakzYKkqAVgZLlh,Travis,0AdoHVpn9I5bpwtRP6t5jb,Good Feeling,album,1997,240600,240.6,0,False,0.402,0.842,2,-6.782,1,0.0437,0.000472,6.64e-05,0.223,0.368,134.355,4
0wRy7RJYxOKZM35eqxHQom,The Line Is Fine,3,1,3bUwxJgNakzYKkqAVgZLlh,Travis,0AdoHVpn9I5bpwtRP6t5jb,Good Feeling,album,1997,244907,244.91,0,False,0.396,0.705,4,-7.355,1,0.0267,0.00365,1.09e-06,0.195,0.422,73.248,4
4m3WwYwNoZCKHzyY9902mv,Good Day to Die,4,1,3bUwxJgNakzYKkqAVgZLlh,Travis,0AdoHVpn9I5bpwtRP6t5jb,Good Feeling,album,1997,197333,197.33,0,False,0.281,0.593,4,-8.506,0,0.0351,0.000243,0.0,0.139,0.251,144.915,4
4a9SZjNd7XoqJNrPahSCk5,Good Feeling,5,1,3bUwxJgNakzYKkqAVgZLlh,Travis,0AdoHVpn9I5bpwtRP6t5jb,Good Feeling,album,1997,204760,204.76,0,False,0.428,0.508,9,-8.429,0,0.0282,0.0358,9.31e-06,0.117,0.242,133.599,4
4yGgOVg8ppJe4uFqHvnhr4,Midsummer Nights Dreamin',6,1,3bUwxJgNakzYKkqAVgZLlh,Travis,0AdoHVpn9I5bpwtRP6t5jb,Good Feeling,album,1997,234733,234.73,0,False,0.375,0.827,2,-7.6,1,0.0393,1.42e-05,0.00291,0.082,0.622,122.161,4
6irVhfnDcMWCoBE3o5JLyw,Tied to the 90's,7,1,3bUwxJgNakzYKkqAVgZLlh,Travis,0AdoHVpn9I5bpwtRP6t5jb,Good Feeling,album,1997,188600,188.6,0,False,0.469,0.648,9,-7.518,1,0.0348,0.0626,0.0,0.0908,0.819,139.166,4
6GaJiW1v0IX1Nn1VCUWZYb,I Love You Always,8,1,3bUwxJgNakzYKkqAVgZLlh,Travis,0AdoHVpn9I5bpwtRP6t5jb,Good Feeling,album,1997,330867,330.87,0,False,0.489,0.251,9,-13.98,1,0.0328,0.193,0.0101,0.11,0.0786,115.352,4
0TMKe9hXUBUDOsAMhZ2vIA,Happy,9,1,3bUwxJgNakzYKkqAVgZLlh,Travis,0AdoHVpn9I5bpwtRP6t5jb,Good Feeling,album,1997,255973,255.97,0,False,0.372,0.689,0,-6.95,1,0.0323,1.11e-05,0.0,0.0831,0.386,131.588,4
4ZqoBcuZP6rTTiaUvEF7vp,More Than Us,10,1,3bUwxJgNakzYKkqAVgZLlh,Travis,0AdoHVpn9I5bpwtRP6t5jb,Good Feeling,album,1997,236427,236.43,0,False,0.282,0.169,3,-12.288,1,0.0314,0.52,0.000217,0.11,0.0875,126.242,4
5NOuUGLPv0hTaEKwAzir6Q,Falling Down,11,1,3bUwxJgNakzYKkqAVgZLlh,Travis,0AdoHVpn9I5bpwtRP6t5jb,Good Feeling,album,1997,257800,257.8,0,False,0.468,0.11,5,-16.206,1,0.0338,0.868,8.71e-05,0.138,0.0946,111.295,3
4xbWpTpIX72ZiJjbvhchO5,Funny Thing,12,1,3bUwxJgNakzYKkqAVgZLlh,Travis,0AdoHVpn9I5bpwtRP6t5jb,Good Feeling,album,1997,319973,319.97,0,False,0.262,0.345,2,-11.544,1,0.0325,0.0804,0.000391,0.318,0.176,115.369,4
2MJrwP7dCWU3Eh3BKfum0O,Sing,1,1,3bUwxJgNakzYKkqAVgZLlh,Travis,18NWKHHNIupWIvXxsG9vHh,Singles,album,1997,228000,228.0,0,False,0.33,0.83,4,-7.2,1,0.03,0.0,0.0,0.1,0.45,163.54,4
4cQllbWlCyQ7saaWy3BvzI,Re-Offender,5,1,3bUwxJgNakzYKkqAVgZLlh,Travis,18NWKHHNIupWIvXxsG9vHh,Singles,album,1997,228000,228.0,0,False,0.31,0.74,4,-7.88,0,0.04,0.01,0.04,0.27,0.34,187.67,4
7D9g8UuoH8VZOPSsdJOU05,Walking in the Sun,6,1,3bUwxJgNakzYKkqAVgZLlh,Travis,18NWKHHNIupWIvXxsG9vHh,Singles,album,1997,178267,178.27,0,False,0.546,0.748,2,-6.509,1,0.0266,0.01,1.37e-06,0.343,0.813,111.306,4
6JIjHIAhVfYYk0ZoiCIf2H,Coming Around,8,1,3bUwxJgNakzYKkqAVgZLlh,Travis,18NWKHHNIupWIvXxsG9vHh,Singles,album,1997,187467,187.47,0,False,0.394,0.704,2,-6.805,1,0.0315,0.000151,0.0,0.18,0.659,118.403,4
26rJh6z9EMxkitC0IKpJyK,Flowers in the Window,9,1,3bUwxJgNakzYKkqAVgZLlh,Travis,18NWKHHNIupWIvXxsG9vHh,Singles,album,1997,221000,221.0,0,False,0.38,0.74,0,-5.44,1,0.03,0.07,0.0,0.14,0.46,97.96,4
6z2mP3dE272enY0nlITKNf,Love Will Come Through,10,1,3bUwxJgNakzYKkqAVgZLlh,Travis,18NWKHHNIupWIvXxsG9vHh,Singles,album,1997,220000,220.0,0,False,0.31,0.79,11,-6.72,0,0.05,0.15,0.0,0.14,0.53,159.42,3
0vE909ySKQYBgx7oACaHpQ,Side,12,1,3bUwxJgNakzYKkqAVgZLlh,Travis,18NWKHHNIupWIvXxsG9vHh,Singles,album,1997,239000,239.0,0,False,0.46,0.85,7,-5.46,0,0.03,0.0,0.0,0.47,0.53,90.96,4
1UJmpoCo4OxcslCG5tY73C,The Beautiful Occupation,16,1,3bUwxJgNakzYKkqAVgZLlh,Travis,18NWKHHNIupWIvXxsG9vHh,Singles,album,1997,225000,225.0,0,False,0.58,0.75,6,-5.04,0,0.03,0.11,0.0,0.09,0.67,119.97,4
0W7rFJ1P0d2YQCmwZI4d4j,The Distance,18,1,3bUwxJgNakzYKkqAVgZLlh,Travis,18NWKHHNIupWIvXxsG9vHh,Singles,album,1997,227227,227.23,0,False,0.472,0.601,7,-7.325,1,0.0314,0.0311,1.96e-05,0.128,0.449,179.484,4
036cibeJn7jq2aCXjhY8zT,Give Me Some Truth,2,1,3bUwxJgNakzYKkqAVgZLlh,Travis,2wetPdpZxXj6K3rhwrWkGZ,More Than Us,album,1998-03-30,197669,197.67,0,False,0.501,0.758,5,-5.287,1,0.0263,0.121,1.13e-05,0.172,0.653,136.023,4
4YHpksUlfAtqQa1PnOKfkP,Reason,6,1,3bUwxJgNakzYKkqAVgZLlh,Travis,2wetPdpZxXj6K3rhwrWkGZ,More Than Us,album,1998-03-30,208600,208.6,0,False,0.506,0.466,2,-9.967,1,0.0259,0.523,0.519,0.269,0.388,105.739,4
3NaoiN1h0pCffZFrAARcxR,Dear Diary,2,1,3bUwxJgNakzYKkqAVgZLlh,Travis,0XgVEUmPgltdT6NGKbGBaq,The Invisible Band,album,2001,177093,177.09,0,False,0.253,0.295,4,-10.759,1,0.0334,0.782,0.00241,0.112,0.0991,145.967,4
3QCWO93Ji7TqjJVggJ5OGc,Pipe Dreams,4,1,3bUwxJgNakzYKkqAVgZLlh,Travis,0XgVEUmPgltdT6NGKbGBaq,The Invisible Band,album,2001,245827,245.83,0,False,0.389,0.772,4,-5.372,1,0.0309,0.0231,0.00128,0.0838,0.333,79.119,4
2t6zCtV9pDff7lJ8i46vbI,The Cage,6,1,3bUwxJgNakzYKkqAVgZLlh,Travis,0XgVEUmPgltdT6NGKbGBaq,The Invisible Band,album,2001,185800,185.8,0,False,0.383,0.537,5,-8.018,1,0.0282,0.145,0.0,0.152,0.311,82.542,4
2TZz31Bhj039zbfJHhl9gk,Safe,7,1,3bUwxJgNakzYKkqAVgZLlh,Travis,0XgVEUmPgltdT6NGKbGBaq,The Invisible Band,album,2001,263307,263.31,0,False,0.358,0.499,7,-8.643,1,0.0334,0.00817,1.54e-05,0.224,0.157,80.632,4
4dFwEtgLGPAd8Y6e1VpCmt,Follow The Light,8,1,3bUwxJgNakzYKkqAVgZLlh,Travis,0XgVEUmPgltdT6NGKbGBaq,The Invisible Band,album,2001,188893,188.89,0,False,0.53,0.719,9,-6.449,1,0.0275,0.00012,1.68e-06,0.127,0.339,111.552,4
2S4QO98Cu9ARMUSaNWG8Uw,Last Train,9,1,3bUwxJgNakzYKkqAVgZLlh,Travis,0XgVEUmPgltdT6NGKbGBaq,The Invisible Band,album,2001,196000,196.0,0,False,0.399,0.476,6,-7.52,0,0.0251,0.554,0.000585,0.1,0.372,84.011,4
6DS7wRSTcMhNKlpcwbmc45,Afterglow,10,1,3bUwxJgNakzYKkqAVgZLlh,Travis,0XgVEUmPgltdT6NGKbGBaq,The Invisible Band,album,2001,245933,245.93,0,False,0.231,0.497,7,-7.135,1,0.0305,0.0783,0.0539,0.347,0.121,108.386,4
78SD2L5BStCj8chEHCxQAb,Indefinitely,11,1,3bUwxJgNakzYKkqAVgZLlh,Travis,0XgVEUmPgltdT6NGKbGBaq,The Invisible Band,album,2001,232800,232.8,0,False,0.495,0.502,6,-12.608,0,0.0301,0.192,0.054,0.0886,0.302,131.2,3
0igMgZBz0LmTWy712c4RbT,The Humpty Dumpty Love Song,12,1,3bUwxJgNakzYKkqAVgZLlh,Travis,0XgVEUmPgltdT6NGKbGBaq,The Invisible Band,album,2001,302000,302.0,0,False,0.154,0.423,3,-9.895,1,0.0406,0.384,0.0737,0.123,0.0905,205.361,4
3c1XHgqlf6BOpsdBtc58Xw,Quicksand,1,1,3bUwxJgNakzYKkqAVgZLlh,Travis,1rP5ntAVL1Zp504KrsSLkD,12 Memories,album,2003,159427,159.43,0,False,0.601,0.662,9,-6.566,0,0.0282,0.129,9.59e-05,0.107,0.415,120.912,4
4yXwz4z3xE1Z7jqlvEYxiN,Peace the Fuck Out,4,1,3bUwxJgNakzYKkqAVgZLlh,Travis,1rP5ntAVL1Zp504KrsSLkD,12 Memories,album,2003,175933,175.93,0,True,0.45,0.889,0,-6.551,1,0.05,0.114,2.79e-06,0.696,0.5,112.683,4
3wzRN8HzO8M8oUHC9VeRFS,How Many Hearts,5,1,3bUwxJgNakzYKkqAVgZLlh,Travis,1rP5ntAVL1Zp504KrsSLkD,12 Memories,album,2003,286307,286.31,0,False,0.374,0.542,2,-7.562,1,0.0303,0.339,0.302,0.141,0.307,126.678,3
64SKlZwr4YxdEyN9VjY3CO,Paperclips,6,1,3bUwxJgNakzYKkqAVgZLlh,Travis,1rP5ntAVL1Zp504KrsSLkD,12 Memories,album,2003,216000,216.0,0,False,0.393,0.397,4,-11.614,0,0.0304,0.262,0.000891,0.174,0.0839,88.96,3
5E8ubUe7zMlh7VmJxCEg5y,Somewhere Else,7,1,3bUwxJgNakzYKkqAVgZLlh,Travis,1rP5ntAVL1Zp504KrsSLkD,12 Memories,album,2003,193360,193.36,0,False,0.672,0.66,4,-7.451,0,0.0336,0.251,0.0195,0.224,0.375,96.987,4
6Jt03KYupPOSZSfa3PK33s,Mid-Life Krysis,9,1,3bUwxJgNakzYKkqAVgZLlh,Travis,1rP5ntAVL1Zp504KrsSLkD,12 Memories,album,2003,219040,219.04,0,False,0.531,0.628,0,-7.13,1,0.0266,0.00788,0.000107,0.209,0.319,120.062,4
0uWeZZIkwtN88TpExmNJpF,Walking Down the Hill,11,1,3bUwxJgNakzYKkqAVgZLlh,Travis,1rP5ntAVL1Zp504KrsSLkD,12 Memories,album,2003,234933,234.93,0,False,0.705,0.463,0,-13.653,1,0.0265,0.314,0.907,0.176,0.357,109.049,4
6ba7bgeHJULlizvuTXiCl1,Some Sad Song,12,1,3bUwxJgNakzYKkqAVgZLlh,Travis,1rP5ntAVL1Zp504KrsSLkD,12 Memories,album,2003,278907,278.91,0,False,0.414,0.254,0,-12.514,1,0.0284,0.976,0.635,0.399,0.147,65.96,4
7k078tosbxhiWxRx9sj4AN,3 Times And You Lose,1,1,3bUwxJgNakzYKkqAVgZLlh,Travis,04aKplbnlaVm4fn3FbjblZ,The Boy With No Name,album,2007-03-23,254760,254.76,0,False,0.284,0.665,2,-7.706,0,0.0299,0.00105,0.18,0.116,0.432,160.208,4
09v9oLEKG6WwSnLD89JlOG,Selfish Jean,2,1,3bUwxJgNakzYKkqAVgZLlh,Travis,04aKplbnlaVm4fn3FbjblZ,The Boy With No Name,album,2007-03-23,240667,240.67,0,False,0.336,0.963,3,-4.395,1,0.105,0.000379,7.52e-06,0.22,0.364,182.891,4
36llXP8zN6WynjQRMC3y4R,Closer,3,1,3bUwxJgNakzYKkqAVgZLlh,Travis,04aKplbnlaVm4fn3FbjblZ,The Boy With No Name,album,2007-03-23,239320,239.32,0,False,0.538,0.58,5,-7.812,1,0.0236,0.188,5.73e-05,0.157,0.268,108.149,4
1dLfHC4QzCX1J9h8bBSFcL,Big Chair,4,1,3bUwxJgNakzYKkqAVgZLlh,Travis,04aKplbnlaVm4fn3FbjblZ,The Boy With No Name,album,2007-03-23,247667,247.67,0,False,0.623,0.679,6,-7.936,0,0.0346,0.0586,0.0032,0.106,0.393,113.006,4
5R3GqoQAZ67k8h5T4gHFhW,Battleships,5,1,3bUwxJgNakzYKkqAVgZLlh,Travis,04aKplbnlaVm4fn3FbjblZ,The Boy With No Name,album,2007-03-23,251653,251.65,0,False,0.497,0.543,0,-7.637,1,0.0283,0.0375,1.01e-05,0.107,0.284,117.132,4
7wNVft4LuQj9RumJ2PzTUO,Eyes Wide Open,6,1,3bUwxJgNakzYKkqAVgZLlh,Travis,04aKplbnlaVm4fn3FbjblZ,The Boy With No Name,album,2007-03-23,178440,178.44,0,False,0.453,0.863,0,-6.51,1,0.0298,0.0168,0.00401,0.0798,0.625,92.261,4
5PCA2ptT4Aht9JSajBEuxd,My Eyes,7,1,3bUwxJgNakzYKkqAVgZLlh,Travis,04aKplbnlaVm4fn3FbjblZ,The Boy With No Name,album,2007-03-23,248533,248.53,0,False,0.503,0.741,3,-7.459,1,0.0289,0.0127,0.0929,0.147,0.507,89.961,4
1kCo8QOoiyWhaht0BeCxfv,One Night,8,1,3bUwxJgNakzYKkqAVgZLlh,Travis,04aKplbnlaVm4fn3FbjblZ,The Boy With No Name,album,2007-03-23,240347,240.35,0,False,0.404,0.635,9,-6.202,0,0.0306,0.0551,0.0155,0.294,0.501,155.174,3
6s6OymVOBN0jrTEuhwNuq8,Under The Moonlight,9,1,3bUwxJgNakzYKkqAVgZLlh,Travis,04aKplbnlaVm4fn3FbjblZ,The Boy With No Name,album,2007-03-23,240640,240.64,0,False,0.404,0.739,6,-4.356,0,0.028,0.0377,0.00264,0.26,0.699,173.103,4
0Iu90FkGhNIeORKigZanq0,Out In Space,10,1,3bUwxJgNakzYKkqAVgZLlh,Travis,04aKplbnlaVm4fn3FbjblZ,The Boy With No Name,album,2007-03-23,215560,215.56,0,False,0.495,0.458,3,-11.439,1,0.0282,0.484,0.00775,0.137,0.323,140.127,4
46vuWDxhzxN0RK3u9xerfv,Colder,11,1,3bUwxJgNakzYKkqAVgZLlh,Travis,04aKplbnlaVm4fn3FbjblZ,The Boy With No Name,album,2007-03-23,246987,246.99,0,False,0.361,0.575,1,-6.228,1,0.0359,0.0623,0.0,0.141,0.0833,118.744,4
32VnlZiozu4YDrNFUzSeCW,New Amsterdam,12,1,3bUwxJgNakzYKkqAVgZLlh,Travis,04aKplbnlaVm4fn3FbjblZ,The Boy With No Name,album,2007-03-23,157293,157.29,0,False,0.484,0.547,0,-7.014,1,0.0274,0.159,1.86e-06,0.752,0.235,112.264,4
3ZFEqtFtWfsWVnX3Kifr4l,Sailing Away,13,1,3bUwxJgNakzYKkqAVgZLlh,Travis,04aKplbnlaVm4fn3FbjblZ,The Boy With No Name,album,2007-03-23,211987,211.99,0,False,0.497,0.651,11,-7.623,1,0.0293,0.0119,8.05e-05,0.168,0.655,87.993,4
6zNBfrz72469h7UxN9vEyP,Chinese Blues,1,1,3bUwxJgNakzYKkqAVgZLlh,Travis,0Zdh0ApZ2K9JwfFBdtgnYT,Ode to J Smith,album,2008-01-01,224667,224.67,0,False,0.527,0.54,0,-10.075,0,0.0256,0.0352,0.0299,0.245,0.435,105.202,4
3ImtfufZ6lIEu97Bjn7Zhu,J. Smith,2,1,3bUwxJgNakzYKkqAVgZLlh,Travis,0Zdh0ApZ2K9JwfFBdtgnYT,Ode to J Smith,album,2008-01-01,187320,187.32,0,False,0.435,0.354,0,-12.013,0,0.0441,0.0192,0.0226,0.0601,0.44,119.776,4
4Rz9M5xQiwLnf04JREqEBv,Something Anything,3,1,3bUwxJgNakzYKkqAVgZLlh,Travis,0Zdh0ApZ2K9JwfFBdtgnYT,Ode to J Smith,album,2008-01-01,141720,141.72,0,False,0.535,0.73,11,-8.138,0,0.0621,0.129,2.87e-06,0.326,0.82,114.607,4
6IApEjxPSo70zzSTn45utB,Long Way Down,4,1,3bUwxJgNakzYKkqAVgZLlh,Travis,0Zdh0ApZ2K9JwfFBdtgnYT,Ode to J Smith,album,2008-01-01,156627,156.63,0,False,0.517,0.676,11,-9.659,0,0.0491,0.00338,0.0,0.0782,0.712,123.708,4
0G1tkpz50S09vROUCrmXQe,Broken Mirror,5,1,3bUwxJgNakzYKkqAVgZLlh,Travis,0Zdh0ApZ2K9JwfFBdtgnYT,Ode to J Smith,album,2008-01-01,189133,189.13,0,False,0.497,0.45,0,-12.402,1,0.026,0.00441,0.000411,0.125,0.532,97.014,4
58x4Ws5BzBIJgdRKixRBBK,Last Words,6,1,3bUwxJgNakzYKkqAVgZLlh,Travis,0Zdh0ApZ2K9JwfFBdtgnYT,Ode to J Smith,album,2008-01-01,249467,249.47,0,False,0.494,0.612,9,-10.042,0,0.0414,0.0113,0.00224,0.0768,0.83,78.661,4
3mgRypqxNAjJDirdtgRdzj,Quite Free,7,1,3bUwxJgNakzYKkqAVgZLlh,Travis,0Zdh0ApZ2K9JwfFBdtgnYT,Ode to J Smith,album,2008-01-01,238267,238.27,0,False,0.423,0.721,11,-9.505,0,0.0345,0.0153,0.0,0.109,0.471,129.81,4
0DIswLgw2IwpJ5qIeQ2fHv,Get Up,8,1,3bUwxJgNakzYKkqAVgZLlh,Travis,0Zdh0ApZ2K9JwfFBdtgnYT,Ode to J Smith,album,2008-01-01,190480,190.48,0,False,0.604,0.733,2,-10.25,1,0.0447,0.0598,0.000773,0.24,0.728,90.107,4
5t9oFovLJRf1oTP5PMnNR6,Friends,9,1,3bUwxJgNakzYKkqAVgZLlh,Travis,0Zdh0ApZ2K9JwfFBdtgnYT,Ode to J Smith,album,2008-01-01,201907,201.91,0,False,0.587,0.491,9,-10.382,0,0.0278,0.0176,0.0,0.167,0.473,113.434,4
24981ZyHQ6vkxS3csIipzG,Song To Self,10,1,3bUwxJgNakzYKkqAVgZLlh,Travis,0Zdh0ApZ2K9JwfFBdtgnYT,Ode to J Smith,album,2008-01-01,223547,223.55,0,False,0.421,0.768,0,-9.167,1,0.0446,0.012,1.57e-05,0.125,0.564,121.317,4
0tgj0XyreMSc2QioqQku5I,Before You Were Young,11,1,3bUwxJgNakzYKkqAVgZLlh,Travis,0Zdh0ApZ2K9JwfFBdtgnYT,Ode to J Smith,album,2008-01-01,198520,198.52,0,False,0.521,0.385,7,-11.605,1,0.0331,0.0676,3.76e-05,0.216,0.373,109.986,4
2mAtBT1U6icRA9li0INdgx,Sarah,12,1,3bUwxJgNakzYKkqAVgZLlh,Travis,3i42RUMHHf1J8A9isZWLky,Ode To J Smith (Blank),album,2008-09-29,263000,263.0,0,False,0.389,0.392,3,-9.136,1,0.032,0.888,2.11e-05,0.168,0.448,154.678,3
7nZMYj3hchQvINROh1vcbU,Mother,1,1,3bUwxJgNakzYKkqAVgZLlh,Travis,0oaLFs4K5P9tL6UiH4FET1,Where You Stand,album,2013-08-14,238747,238.75,0,False,0.385,0.755,7,-6.654,1,0.0322,0.228,1.67e-05,0.157,0.257,151.851,4
2I9CuquZNyuJmZgFx6b4pS,Moving,2,1,3bUwxJgNakzYKkqAVgZLlh,Travis,0oaLFs4K5P9tL6UiH4FET1,Where You Stand,album,2013-08-14,270093,270.09,0,False,0.617,0.773,7,-6.07,1,0.0301,0.319,3.83e-05,0.13,0.183,116.014,4
4AZ0biSMR2RO4HMMdxjIp2,Reminder,3,1,3bUwxJgNakzYKkqAVgZLlh,Travis,0oaLFs4K5P9tL6UiH4FET1,Where You Stand,album,2013-08-14,199053,199.05,0,False,0.671,0.484,5,-11.01,1,0.0273,0.411,0.000763,0.0911,0.513,128.038,4
1GMy5CNAprlZEgnEQrCh2s,Where You Stand,4,1,3bUwxJgNakzYKkqAVgZLlh,Travis,0oaLFs4K5P9tL6UiH4FET1,Where You Stand,album,2013-08-14,216573,216.57,0,False,0.603,0.685,5,-7.418,1,0.0254,0.345,1.79e-06,0.111,0.51,114.976,3
7yjYfMiOE1hRexwCwgFJBh,Warning Sign,5,1,3bUwxJgNakzYKkqAVgZLlh,Travis,0oaLFs4K5P9tL6UiH4FET1,Where You Stand,album,2013-08-14,230173,230.17,0,False,0.534,0.705,7,-5.936,1,0.0271,0.138,0.0,0.105,0.605,165.936,4
6MK2ocd4D17q2kONQd2TCo,Another Guy,6,1,3bUwxJgNakzYKkqAVgZLlh,Travis,0oaLFs4K5P9tL6UiH4FET1,Where You Stand,album,2013-08-14,218573,218.57,0,False,0.736,0.666,4,-8.83,1,0.0417,0.197,0.266,0.156,0.968,143.005,4
3fWFGH3XwpjCRKGgkckR7m,A Different Room,7,1,3bUwxJgNakzYKkqAVgZLlh,Travis,0oaLFs4K5P9tL6UiH4FET1,Where You Stand,album,2013-08-14,238147,238.15,0,False,0.524,0.65,8,-6.678,1,0.0269,0.0368,3.17e-05,0.106,0.35,108.005,4
5NyHP8BRWQp2kMwK0JlLZ5,New Shoes,8,1,3bUwxJgNakzYKkqAVgZLlh,Travis,0oaLFs4K5P9tL6UiH4FET1,Where You Stand,album,2013-08-14,212333,212.33,0,False,0.758,0.501,2,-7.995,1,0.0739,0.0843,0.00226,0.0936,0.574,156.041,4
31LkZkCDCbkNA3fpdb1owj,On My Wall,9,1,3bUwxJgNakzYKkqAVgZLlh,Travis,0oaLFs4K5P9tL6UiH4FET1,Where You Stand,album,2013-08-14,170507,170.51,0,False,0.581,0.884,9,-5.764,1,0.0287,0.000527,1.95e-05,0.122,0.671,122.992,4
5VwYwAlQ0wkoiBJlVVfH23,Boxes,10,1,3bUwxJgNakzYKkqAVgZLlh,Travis,0oaLFs4K5P9tL6UiH4FET1,Where You Stand,album,2013-08-14,260827,260.83,0,False,0.602,0.683,6,-9.73,1,0.0316,0.15,0.00924,0.0907,0.546,150.948,4
4SQgcbRvILGLBeGN4cGeKg,The Big Screen,11,1,3bUwxJgNakzYKkqAVgZLlh,Travis,0oaLFs4K5P9tL6UiH4FET1,Where You Stand,album,2013-08-14,255493,255.49,0,False,0.438,0.163,0,-16.149,0,0.0289,0.865,0.119,0.109,0.16,78.902,3
63gNpJzRw0ImbndIY8Kw2Y,What Will Come,1,1,3bUwxJgNakzYKkqAVgZLlh,Travis,5ETY1rUV1XSkPMGuqr5ssJ,Everything At Once,album,2016-04-29,176934,176.93,0,False,0.529,0.767,5,-5.987,1,0.036,0.0766,0.000143,0.0882,0.287,86.043,4
7dQOG3sMgU4GAcJU3WEmrS,Magnificent Time,2,1,3bUwxJgNakzYKkqAVgZLlh,Travis,5ETY1rUV1XSkPMGuqr5ssJ,Everything At Once,album,2016-04-29,170371,170.37,0,False,0.651,0.808,0,-5.2,1,0.0376,0.0338,1.11e-06,0.0958,0.808,125.962,3
5njE1scZ3uitC9vHJiwn4l,Radio Song,3,1,3bUwxJgNakzYKkqAVgZLlh,Travis,5ETY1rUV1XSkPMGuqr5ssJ,Everything At Once,album,2016-04-29,179729,179.73,0,False,0.42,0.813,7,-5.112,1,0.0308,0.00128,0.157,0.361,0.552,168.09,4
6hND8gR4EPVouzKlQ3apZs,Paralyzed,4,1,3bUwxJgNakzYKkqAVgZLlh,Travis,5ETY1rUV1XSkPMGuqr5ssJ,Everything At Once,album,2016-04-29,169045,169.04,0,False,0.617,0.774,2,-5.871,1,0.03,0.0733,0.516,0.0724,0.77,126.953,4
2ZTajDZyRMVXOOIizihhJR,Animals,5,1,3bUwxJgNakzYKkqAVgZLlh,Travis,5ETY1rUV1XSkPMGuqr5ssJ,Everything At Once,album,2016-04-29,223390,223.39,0,False,0.6,0.737,2,-8.292,1,0.0311,0.0539,0.000114,0.0688,0.497,124.002,3
6TDpp3yuKEzLlc8aupZo5s,Everything At Once,6,1,3bUwxJgNakzYKkqAVgZLlh,Travis,5ETY1rUV1XSkPMGuqr5ssJ,Everything At Once,album,2016-04-29,179090,179.09,0,False,0.57,0.894,4,-6.468,1,0.0309,0.0288,0.00013,0.0999,0.941,152.975,4
6FGrhiAXrt4qp5zueOBZY0,3 Miles High,7,1,3bUwxJgNakzYKkqAVgZLlh,Travis,5ETY1rUV1XSkPMGuqr5ssJ,Everything At Once,album,2016-04-29,166734,166.73,0,False,0.508,0.765,11,-5.862,1,0.0325,0.273,1.74e-05,0.0785,0.569,169.965,4
0eL3hWAlu7qBhxzx50esQk,All Of The Places,8,1,3bUwxJgNakzYKkqAVgZLlh,Travis,5ETY1rUV1XSkPMGuqr5ssJ,Everything At Once,album,2016-04-29,211890,211.89,0,False,0.424,0.69,7,-9.068,1,0.03,0.012,0.146,0.102,0.386,89.224,4
1GiDqiH167ii4v70xblM48,Idlewild,9,1,3bUwxJgNakzYKkqAVgZLlh,Travis,5ETY1rUV1XSkPMGuqr5ssJ,Everything At Once,album,2016-04-29,232490,232.49,0,False,0.648,0.528,4,-10.817,0,0.0271,0.179,0.00135,0.118,0.8,95.018,4
0lLulzyTdLkEJHgQZqGiNC,Strangers On A Train,10,1,3bUwxJgNakzYKkqAVgZLlh,Travis,5ETY1rUV1XSkPMGuqr5ssJ,Everything At Once,album,2016-04-29,292035,292.04,0,False,0.526,0.543,0,-6.963,1,0.0292,0.612,2.92e-06,0.184,0.428,154.04,4
2es8qAxNGOGFgCcKDg1tga,Waving at the Window,1,1,3bUwxJgNakzYKkqAVgZLlh,Travis,3N7W3kIljmalY4qHNXGKCJ,10 Songs,album,2020-10-09,208813,208.81,0,False,0.55,0.758,7,-8.316,1,0.0288,0.211,0.0488,0.101,0.298,129.136,4
2GgfaOb1ElDm6qYw9pn0ww,The Only Thing (feat. Susanna Hoffs),2,1,3bUwxJgNakzYKkqAVgZLlh,Travis,3N7W3kIljmalY4qHNXGKCJ,10 Songs,album,2020-10-09,212307,212.31,0,False,0.55,0.507,10,-6.746,1,0.0243,0.527,0.0428,0.138,0.439,107.018,4
4wwF0LN7WIkWynyBHrogEa,Valentine,3,1,3bUwxJgNakzYKkqAVgZLlh,Travis,3N7W3kIljmalY4qHNXGKCJ,10 Songs,album,2020-10-09,180000,180.0,0,False,0.281,0.568,7,-5.44,1,0.0421,0.0153,0.000196,0.0776,0.284,171.021,4
4UIqpAx0SVsIhcZhdIGBHC,Butterflies,4,1,3bUwxJgNakzYKkqAVgZLlh,Travis,3N7W3kIljmalY4qHNXGKCJ,10 Songs,album,2020-10-09,234840,234.84,0,False,0.625,0.813,10,-4.982,1,0.0277,0.232,0.00039,0.101,0.541,134.44,4
1ik2BLZ3Ik2PNj4i5xd7xL,A Million Hearts,5,1,3bUwxJgNakzYKkqAVgZLlh,Travis,3N7W3kIljmalY4qHNXGKCJ,10 Songs,album,2020-10-09,274173,274.17,0,False,0.604,0.63,4,-7.362,0,0.0366,0.512,0.00385,0.0972,0.182,125.007,4
1WYFG4DCZIKKX0BmHoRs44,A Ghost,6,1,3bUwxJgNakzYKkqAVgZLlh,Travis,3N7W3kIljmalY4qHNXGKCJ,10 Songs,album,2020-10-09,225053,225.05,0,False,0.305,0.884,7,-3.415,0,0.0729,0.257,0.0,0.127,0.635,189.95,4
0qYEkWS6Xd9QzUcdJ10c1A,All Fall Down,7,1,3bUwxJgNakzYKkqAVgZLlh,Travis,3N7W3kIljmalY4qHNXGKCJ,10 Songs,album,2020-10-09,207533,207.53,0,False,0.477,0.263,0,-13.027,1,0.0306,0.887,0.419,0.107,0.183,79.147,4
2LM5yVC9mfFUle8ralVfs3,Nina's Song,9,1,3bUwxJgNakzYKkqAVgZLlh,Travis,3N7W3kIljmalY4qHNXGKCJ,10 Songs,album,2020-10-09,270067,270.07,0,False,0.489,0.618,2,-5.435,1,0.029,0.356,0.0,0.146,0.248,125.931,3
5DJYJ8lysdCYPW7X0ADlyD,No Love Lost,10,1,3bUwxJgNakzYKkqAVgZLlh,Travis,3N7W3kIljmalY4qHNXGKCJ,10 Songs,album,2020-10-09,228053,228.05,0,False,0.371,0.0671,0,-15.567,1,0.0399,0.971,0.000323,0.111,0.199,91.499,4
4jZYv9TNSunsu0D0NP6iQc,The Weight,4,1,3bUwxJgNakzYKkqAVgZLlh,Travis,3Grn9dglgFwXrVK6A5wdp3,TRAVIS COVERS,album,2023-11-06,312667,312.67,0,False,0.522,0.438,10,-9.672,1,0.0284,0.0226,0.0,0.0957,0.147,135.266,4
5t3il7JsrNagiXEj3lDKg6,Killer Queen,5,1,3bUwxJgNakzYKkqAVgZLlh,Travis,3Grn9dglgFwXrVK6A5wdp3,TRAVIS COVERS,album,2023-11-06,189733,189.73,0,False,0.603,0.669,10,-5.161,1,0.0289,0.0623,0.0,0.102,0.478,113.871,4
0qVx7na2S5dmnU87UZJKDm,Don't Be Shy,6,1,3bUwxJgNakzYKkqAVgZLlh,Travis,3Grn9dglgFwXrVK6A5wdp3,TRAVIS COVERS,album,2023-11-06,159773,159.77,0,False,0.475,0.903,9,-6.173,1,0.0317,0.0994,0.00109,0.326,0.707,151.722,4
5iDox8PvRzcqPsO65LX9L6,Unbelievers,7,1,3bUwxJgNakzYKkqAVgZLlh,Travis,3Grn9dglgFwXrVK6A5wdp3,TRAVIS COVERS,album,2023-11-06,228867,228.87,0,False,0.624,0.709,2,-5.968,1,0.0257,0.471,6.18e-06,0.102,0.847,108.249,4
4woijC2Ja2Py9EPwsa4KNZ,Be My Baby,9,1,3bUwxJgNakzYKkqAVgZLlh,Travis,3Grn9dglgFwXrVK6A5wdp3,TRAVIS COVERS,album,2023-11-06,315507,315.51,0,False,0.167,0.549,0,-8.807,1,0.0303,0.013,7.63e-05,0.0865,0.397,87.846,4
6en0MFQMHld0PjY2FeAjYY,The Urge For Going,10,1,3bUwxJgNakzYKkqAVgZLlh,Travis,3Grn9dglgFwXrVK6A5wdp3,TRAVIS COVERS,album,2023-11-06,364133,364.13,0,False,0.538,0.237,10,-15.578,1,0.0304,0.934,0.0103,0.119,0.393,101.276,4
7yy3bXgnleUM6kCteuuYye,You're A Big Girl Now,11,1,3bUwxJgNakzYKkqAVgZLlh,Travis,3Grn9dglgFwXrVK6A5wdp3,TRAVIS COVERS,album,2023-11-06,285667,285.67,0,False,0.488,0.466,10,-8.955,1,0.0267,0.249,0.315,0.107,0.227,142.08,4
1rjKbFKV5ICxl3wxqaNXDV,River,13,1,3bUwxJgNakzYKkqAVgZLlh,Travis,3Grn9dglgFwXrVK6A5wdp3,TRAVIS COVERS,album,2023-11-06,238107,238.11,0,False,0.422,0.148,9,-15.845,1,0.035,0.896,1.42e-05,0.125,0.351,112.477,5
50FZC0TxQwpitGlQIufSfQ,Alive,5,1,3bUwxJgNakzYKkqAVgZLlh,Travis,7wYyR1xrLO0uWxBlanysNT,L.A. Times,album,2024-07-12,168794,168.79,40,True,0.541,0.801,9,-4.633,0,0.0253,0.000977,1.53e-05,0.335,0.523,93.018,4
7jwkwRAxqq8NJ1wJurGq0t,Bus,1,1,3bUwxJgNakzYKkqAVgZLlh,Travis,7wYyR1xrLO0uWxBlanysNT,L.A. Times,album,2024-07-12,203993,203.99,37,False,0.702,0.605,7,-6.31,1,0.0262,0.212,0.0311,0.1,0.759,119.127,4
0gkFdnSGtFuIsMUFkIH9db,Gaslight,4,1,3bUwxJgNakzYKkqAVgZLlh,Travis,7wYyR1xrLO0uWxBlanysNT,L.A. Times,album,2024-07-12,203628,203.63,36,False,0.548,0.764,9,-3.671,0,0.0422,0.00752,0.0,0.3,0.546,126.048,4
7dXWHT8Y4zwWS4NVgOWZNM,Raze the Bar,2,1,3bUwxJgNakzYKkqAVgZLlh,Travis,7wYyR1xrLO0uWxBlanysNT,L.A. Times,album,2024-07-12,185401,185.4,34,False,0.635,0.737,5,-5.488,1,0.0344,0.00733,0.00402,0.111,0.7,179.288,4
7AhFPaOvbWnQp3SSVAVCJ1,Home,6,1,3bUwxJgNakzYKkqAVgZLlh,Travis,7wYyR1xrLO0uWxBlanysNT,L.A. Times,album,2024-07-12,185646,185.65,29,False,0.553,0.908,9,-4.076,1,0.0406,3.04e-05,0.00631,0.451,0.683,91.01,4
1jcELM2dEQBRT1ZiHWa9mu,Naked In New York City,8,1,3bUwxJgNakzYKkqAVgZLlh,Travis,7wYyR1xrLO0uWxBlanysNT,L.A. Times,album,2024-07-12,263458,263.46,28,False,0.258,0.323,2,-10.353,1,0.0303,0.293,0.000497,0.225,0.131,86.036,4
1aYyukg2XcBuyRZEs5uoTh,L.A. Times,10,1,3bUwxJgNakzYKkqAVgZLlh,Travis,7wYyR1xrLO0uWxBlanysNT,L.A. Times,album,2024-07-12,248178,248.18,25,True,0.453,0.887,0,-7.689,1,0.0339,0.0396,0.859,0.101,0.903,174.032,4
6LES5kD4KqSEJz2nbepPQZ,Live It All Again,3,1,3bUwxJgNakzYKkqAVgZLlh,Travis,7wYyR1xrLO0uWxBlanysNT,L.A. Times,album,2024-07-12,203549,203.55,24,False,0.397,0.233,1,-13.775,1,0.0294,0.872,0.017,0.121,0.146,109.061,4
